Mint,Owner,Note
JE9axhfegSTrA47JXCaeVkga235Eamj38NdpSrLGyEFo,HbmrQCVNSxYbXjjHNCtfyyt2SNB1t1nGiCCcKAvEj7nF,
JE8CmwfjGEGYKr4Ed8xH9TQsRTrs3F8JxJXVga4tzwVn,Fa8TzVCkeQd7ZMcGNZEvC3kvSKtxMymdv1gCVZoPexuW,
JE3ysoBmPZzikzueXJ18NsMrArz6nqtrcUeAza4TPsxn,JCjCRUJ4YWeoW3TsH8ec6FuLwnEmwz4XZM41yqgW2Xtu,listed:magic-eden
JDuwxUj7r6CuryzxMXYrugbJEtnkou7aT5VifdzPzSz5,FYW4Ek1K9BhKrZNkNVDgVv6Z6e3Myjur2Xcj5j7o5qzR,
JDu3b8inow8t34Zm3RRt5xQ8v86u45QuN4S5HRbM3YX1,aumuHzMdUFiFCvJ7kk1djU4CViSzxJk3FjXTXgvdNZn,
JDSW9Rb1JT5ovepP1QwHCuppCvK8zVKuUxxPwXkecx8m,Hfvi411tTZfqENEnmc7jFSnV7SRZ3iHt2cYhWzXySLqj,
JDDZj71jnmr2rmpaoCXH7dH3KomSEFhMz3p1s5dznVJt,5wceam6f3i2PNykKQkomeord2dhxsmyTEaEFxVLVaegM,syncspace
JDAToVaSpt9Qg3FwNXh74SMQuXt9oV4ZYYdDfLCfnd3F,G43e2oSgeTEaxN3vc9iCKUg2AXaNhfs6KtRwoxgZ6qdP,
JCwkzGAYPPaV6wcWpqHeen68rgrzNmQX2uZut8E4unT6,aumuHzMdUFiFCvJ7kk1djU4CViSzxJk3FjXTXgvdNZn,
JCvMHCHEweua1Rn6tYmksxyxGav7BKxSXychhfDNp6Zd,auryHMdwKGnjU4ZBjtacvARm8DcAVgEzYDzzJvVFfE8,
JCuzzhKsqRNdCjsgUG2qRm6s5DBqAW58zdnB78c2Wqci,EeobBmxX9ovhFWW97jmxvzyZWtjGQSzBZjw1WhQictfj,syncspace
JCt56QPhQo7CXrFUNCSPZJf4DqjWLotdw2GRgPDiLFc3,61Vf3TL99ygS884JR63uZQsZajWvgaUfK4Wt5ocTt3GU,syncspace
JChW1Edcwc3G26or6KMrcFvxyEh3CRSzooBhKTH3f8if,E6MafktJ79ksKBG3uJDReR3pWNq3rLJTPQ3VpVs9UoTU,
JCfTMdAej9vuMNRVfGYPoMHViDSmYHhg83RvBVWJaTCz,5k15YfLg5TmTeVUAuxpQgK4r3Dzuu9ce6RwmKUdtDXYH,syncspace
JCa46EpJMer3S9AFJyDtU4qkMw4feKS79qwk75ngu5eq,2jYXgz5Af7Gk1dFryRLdvWvC7RrAQsrsJMowEVSwdUJG,
JCXooxU444Qmwxsj1TYP7jGEdTCXBNtpUnfRQAKMFDTE,eChU1NZZRNn6xiNYHx6as2Cc4ZNczJSr93YWesDz6CV,syncspace
JCWDna1uTkf1BeJFZGk8LFBBdgei7eW3VmPmHSj8LME4,6gK9EMCD8PP8w4ctxMcunrKUqnMy5Gr8T3sd8LspL1uW,syncspace
JCU8YG4w6y64yp65gUgT1h7wpYdmDL7VHb3Az7ahXASN,8NMcGCy6vYGY29bSnKjXszBMpre964oenWtPBDqTF8GF,
JCKH5xzGSSAB8ATWZs8V4eXHXhUXnR9P5kbnZhTx3YfX,BszMTsYVnPoHVQYN2kEnDP6gk8gcSBEMTD3DWDftxQi3,
JBz3UtXdTS9digk63oL4F79iM9L7T2TsZA3589qYYhbN,2Ga6hzy12f7oFvS1zSYvUmvA5fLWiNP9ep5q4NdruTci,syncspace
JBxxKe1Z6eiD9Spu6NgGyoxzvTC4jCNGScf9APEmVxAk,AsV63CRkoUxRFNrBkrjV1CTGBwK9sWGRjpYV31DBAdQR,syncspace
JBsx5x62e3kHpivkH7KFMnJDzuRvXm6GBUi7MkJAKGys,7RoKM858zTrqVkjMhohzmSBk2RRD1M6MmcaNuy5pT7Lf,
JBgwt8Aek1PtLjoXkgLYX3EZrWMWV255uUW7ZjFz1Ndv,Fzx2MEY6fuwjoL1g4Mh5D6dcxp24HEcdZ1QsrVxE5sfs,
JBdxahtHepHQPMkPDWewExSDYv7zgUMDuRh4Sp7siaCp,9UCS8LJbjZqVu4yPPsYVihc6FXwEjEqc3gySwmQBWiKo,
JBceX1g35j76fiTxpXT9wyYbYyyNkJb6EkRa5ng694wJ,GLXy5LwscvLKbEysdkDywyFg1rBQHb4EVQF9F8BQF3GG,syncspace
JBbxBNPGQ7Fv2yW1vSvDQmD6Go4kuFva6rxuK23sVPC9,CB8Pr9uzrrFw8BFnCqworH1wMa8DsmbSKgUNwVWnDGrL,
JBVYVQjgP2GmXBH4Gf4T2RMk6sMaGiu5kV5zi3J1Bjop,HWX3hK4pKBSQ8SKeUNVmcTaX69VS6uenCZASptfX2WF2,
JBSjM2HwGzGxf9wSjkjbbGbt76EK6dzuKABRMRnsFYcJ,2BzQ3DdRoxvP9YqkoHXBhNLqDLG5AintBkn91AYZASUH,
JBHE29DfViGA9uSrzGRacym2kCHsAV8nXoFS188kYFbT,2Hm3dbAYBCSdoYnofVYpLrzETTQt613bpaQ3SxnKxZQc,
JBBdWFzKg72mrDWLfVyF8ATyPoMF4gdAeAHbQUgAcyQ2,97hbGy2a6CNiLJdv6WdQf9EQoMWrmLP5CX84roaeiGGD,
JB7QoZRfBZ6pxjrFhCrDt6CmRZteGAdDcfjtis3m9DQS,2SvVrukVtQdzU34MHTXtboWoFGafSMW7Pyho88R1vYcw,
JAgsKEGBbxTcnGkq8xXxQB64Fyr3zz5keWd2v95fMxHp,Fa8TzVCkeQd7ZMcGNZEvC3kvSKtxMymdv1gCVZoPexuW,
JAfamMBhMhhVx2AGue4EpXFSF8A87qP6DWWPP4W319mm,7dKuMNcN5Jq3QLYibNuhNFJwxVaV6nnhadDxx9b7cvPr,syncspace
JAXFELbJWEmfdGFSKXMZzBHctHoYfea3V4KgbPNv9skM,Hg2gqbjGgL8NZDmJk6jfqskafuK2pPqccSq5FqamaTX2,syncspace
JAVowxXQksXRswF4Y7cCovsraeYtApD59kLXoqq8XzJg,5eh4Svgq7zaTg2mWNA99M2GMd3NfHfYViSoSCGLVUgcg,
JAUAAPABfmaieoEzZ69jpwJa2eSF13vXJEMyXbhQX8Sp,GYLpac1yyyYV1u2BkYxG9ZN7zUwS1n9QsprbD4MuyFV9,syncspace
JATmoKgQrpKy419S8Axp7SXR7QmnFnLz7PbjYWW2azvP,32iwnvXyqWinZzuHpAinZvamrqmKDj6cFcVVzjakMPZN,
JAMepiesEVyp9QFjh5abZqVs4w85gquPY9vYS9r8tw1Q,HTX9BkwYdwmH3xPVAyaiVC8pVusCp4gDWTqwLwzCM1bx,syncspace
JAJRkz6NbTULbrKnFeUYk8BngmLWrcToaEMNeBbTsQ2Z,3j55KjrSyyegk9r8gGNNr4Np7oQaktPr4wWh7DVu62Po,syncspace
JACEXqnkvxmm1ge7AvjXk3tjxwNnB2MThQquVcyvRr9v,ECrCEVZ9Bqj9EuRJr5wW1A11aV5ctrHbqyJXcEX7swwJ,
JA68SvPo12g4yRCqSHgVKCf4h4E1NgggUWnN3dJfae8r,13XccmdeRUwxSCE9JyJ1Ae6Yj64jAH1QGeKN8S2fdYCH,
JA5p7EkvVpDrAiHNEZyiReXcJHSxSjVHYgCZLveTtjUS,D6v6LPabnCVHGJ18JZw3JPfZAzuuAENFhpscAJTESStu,
JA4sw4EL8p1STmCAX4H9ZbgUXVoVfhHdGetWogqiSUCV,4extyCkgacZWyexKQ1W3857YovoEnKMrBqCXnA2Y2pyY,listed:tensor
J9xgiBp3xhUHhD6oy4EGztuTcqSwLXZUM4dLqeVdNQs3,An8qeogydFKBMJTVmyjbUcPbSEPLWeHx9B6abKEQQ1VL,
J9ryPMgqjdYvqPxDL2u9mLpFHh8Rq1z9kSTAEjyahFYd,auryHMdwKGnjU4ZBjtacvARm8DcAVgEzYDzzJvVFfE8,
J9noYSH1jipL8Xg7geZCcfEaKg6fR6WbjR6HpxbdYifX,HNHAvcYq31VPR5T8urJYRyza4t3viFfr9R4BhPdYmokL,
J9VD4hBCjTCKSjz3eoQZAUfVXyM3qBtzHNcy9ABSXzzW,6zuV4G62G3ViWa1rm3rL96Jvtik3ZbmjbjVdDxkoJb5Q,syncspace
J9UudzHCvz5q7UzYLdqdUPoAs3BCtUgCGRBsYnzdo21z,DyTwpbkk3eKMMKFv3hhUyGqmWBKamWi1TKSeaSBDQPht,syncspace
J9PHoVT3yBdS14nkDgL3hrPskcrbcemJezA477sdpiRa,6VJ6rrnvRXgajUrHSt2d3f1EKncwTCTBF3rtAZSMSYf5,syncspace
J9GXmA8GwJ9MMtWyX5iu7rfJuLLBC4L827hAS6pykGbP,83fPqp5fPCfPrvT7nNcQRqncNiDRmDq7qDJ1KYhBqX2P,
J9EUACoYS144wSAtMySEgxUHnCx3kjj28mcjFZeBUuur,9ZuAkjidZRDa9NHHrQAhrzJSvev8sPLBVv1j5Ye6M8Fn,syncspace
J9Dx2nHwaANgNZtov8fHRsJXmNKF2ct7zosoRLTNxpqk,AkHTrLH3yCgXJh31Tb8UhQJxJKJFDpUND14ZfUzvsRG2,syncspace
J98XcKC1PdQDZb8Z9Hov1ydRLz4BJBWY8PwPxpMVNumw,3R5yQyhgyCCHSKNcKPZvQYQzsyhywv3bXzg9hTN4g3LC,
J8s1Jk4tgoMfRbczQCGaiU9KyPxUH276wnuttRKN6nCF,5zmHu4Tx2j4QojRhQZNb7H6QfvKnC3xxmUL6D2W31Dni,
J8rHbXHXN1YbLv9h4XnJC9SpFSDF5vkLPs3sdHraHxMY,ARwTNvpgeyLvZbSMQeBb4PbqdaX6ny4nkeQAvhcECSFi,syncspace
J8pksJQ2TuGxxXJPYw5PZTJ1pPG9bCjpUGVaUAZxSWDj,5wceam6f3i2PNykKQkomeord2dhxsmyTEaEFxVLVaegM,syncspace
J8jusi1mg3TCjMuwW2Z1anFtRJWiUF3geqY18aqqNEPK,58R1bsLU6DFV2M5G2nCtQpneffyT3FptkdCjhY3hFdy2,
J8hB8Ktp5CCZRePwjZ2Fede9SyA3yfUj78ZbfXfPYJGQ,5hJJa8FtvRtYgnwSsExddFZpeAbVTA14s9D6e4aNmZN3,
J8NmafLYsNTPs9CqZ79xCZ9H84jhuKXZfCPjeLm86sV7,8A2vh4YicVc9TPbzgvZz3hn95t4MkWTn8RshR2i1dsfB,
J8NAHU6TpibjGbK7vM6bgXeD57nTQjwaSXsb7usPf4qE,FVM1AKiA8qoETjdHEQ6aUDsU7Z99FPGTtVeeQPkkWhgm,
J8L91uW1jvQAnNTT88UskW6ZieeKnGR1HttodhRq4jYn,CiS1udKWfC9tQqMLE2pDCryHMUyoCaL7PNWY3hm5o49x,syncspace
J8KcCyXqgBQox94bM1m5hE4uc8qqVwkTqdmNw9WKf1af,4U7tf3ChxC8mr3KHWnkV2bE2ogBJK6q8LHLvU1F9BhKa,
J7vwvM3rZcCbRb7n25JHBr28UbgCWAL7mvdyxKG7VGed,HLQQovWxjd4XED8vzCUyyz72eaWW7NJd5MdE3iv1L2iL,syncspace
J7odL86sJjjbpdTuxvWmxWKcXKzRg2JBoTVKd3dFYxnf,2inSYP8z3VFmQtGSD7LSxb99EBifaYxEpoH3bPpduzye,
J7LaUFnT2JCRa4Svtp1V3bY9WeE51E8M4TfdLugpKvxF,7ugN168HdpVVfLidU9rYDBkYedz5HDv9xYpUdifZSQsQ,syncspace
J76ETw9t4LrjL3GQWvWoXJT2e4wCAyanSZiqM22LLQFr,EXMPwt69N8nw2gnyWY6oxJ6WHUPCBrLFurxh8aABYbgD,
J75w2JqBnH82kgYtfw8t5LPY5duw82x5yxNYK4wxYP8a,BrcT4uNv1j3mYzkdMfaNrL3S8Ejt2TELdKrYhwHMcJEc,
J75gAgLQ2dyuAMtuwEkXSbS7pquMfyKzRbomNHrbAoJp,BnT4HVUGpsrsTHGJ6LUWwacuENbCSctxg1Xii4bmS1dJ,
J6oYmTAjcGYtBa5M39BdzFpwa7LcXzbR7iyJBQrQcjte,G43e2oSgeTEaxN3vc9iCKUg2AXaNhfs6KtRwoxgZ6qdP,
J6afZy1f4j4Vz4Q9XU9BjJip7XM2AbsY8Gzsa9qu5Djq,auryHMdwKGnjU4ZBjtacvARm8DcAVgEzYDzzJvVFfE8,
J6VwPGcJeezP5qsGTEBfUR3gdUr7dRDJLypivt8xEeGx,HRtwRVTmn6sbENbE8HPCyk8dJXURsLwBe6RMN9GnUpPW,syncspace
J6TrefNVAPdssa84MW3Mid5jwpakwM87DqZVKszkoeP2,ATzN9Y9Mua9z4QSr2pQBMPoF3TzRqQ7Z4ajXxEo2CDnp,
J6Q7xBfMfkH2G62g7F3Kzo29f4dtK4K9wnb3q9zauZ9X,HL81qSsskotftWTbvYZW44MoEcZy4UrhBSaH2squjPQG,
J6GMHA9cJWqHjEWXZLpAWUZWRBo3JEUk1ax6xAqyRG2L,4U7tf3ChxC8mr3KHWnkV2bE2ogBJK6q8LHLvU1F9BhKa,
J6DTgwHGBqmryQMys5SChoXnTWi8RmDEU5YJsd27By2r,88gNHWScPbq75QunYtRi84YqvKwJZ1cjmqrF7chp8VXo,syncspace
J62Qxgpba21Q7urVVBarAusRJoRXsqWmpa49iasfCPCL,HRtwRVTmn6sbENbE8HPCyk8dJXURsLwBe6RMN9GnUpPW,syncspace
J5vTzZK8wSbtQkXuNRoAR9nDXwumRXHSmXoW2b62Zac4,7NkjghEGHEuoLik9BWY4uUMDa52qZD7KgiCAXXuxvTnk,
J5oAX3y6eQBo1JJAkLWWSHZbLPgitCr3Ze5KpdfDr2ic,eLNe9RHsuAMgxtWkyaBQBkY7t1ckLs9FsGvjfEY1JWy,syncspace
J5f6azqjyiR1APZiPBz91pufVzeEmgxhU4Gm5GZMfdad,GPg1UBnaqBjZS2XiMfEpgWn5YBJmNkVd11HXjYrDmVsr,syncspace
J5amQji8FTuC2sHv7Bp3C2vsi5MtBzMDLjceHEZgGQnR,G1rTKbU9TwsvzL66Pevc3CwZH1sGyEJP9fyEcnVGZWUd,
J5SDM9yEeBtYc7nz6iJAPkZ9PcZMatVGcwCqZeSBzBtU,H62gYS4iaU3UrWfeEhMixKKjciwuRQWhiXSYodkk1ceg,
J5RJAKCnCRciyR2j9FHQWvmeswiPRPRzT1orV3KeRu11,GLXy5LwscvLKbEysdkDywyFg1rBQHb4EVQF9F8BQF3GG,syncspace
J5QFPCwt8KqTQQMt3sWTwvGFGrtmomvpzMSKwcW8fNy1,4ZReQgApEMXWKh2aBpGRyjzG94c8Jjn8mj5nts9q6PQC,
J5P9MQpaMabZYTDWJ73TCgPv43mwFRdvXoGKN5j3vsmr,4t8jDpouoYtXDT12SFADZ4iab5phJUtgRT4T2covPeVq,
J5KtEnx7nXbGcNFtznnifMjvwEPazXVCMR7K3rJkDc1F,AFro6PGXoqEZTH9ySHuTQ2B21zHWxHJoFjfzJdMV4387,
J5BCrkRrXvRBmgezcRzTmFJ9m7pq1gQVy7XN9Ct9x7fH,DcMsrqztdbWVhowqbm9iBPeb2Gj53WdPmQn3keuCvqWD,
J58EVbZnTdQrio7gTBuk51QaXkUTvtbrFcrzmUdpMJ8b,Fa8TzVCkeQd7ZMcGNZEvC3kvSKtxMymdv1gCVZoPexuW,
J4kJDJ8K5hEE3uG1kbc4vMpFyVV7tYq6BaFvthEwBtni,GbvFLZCSBg1MtB1LRtqhm7VoQUKuLuoCab5ktnT9mLuX,syncspace
J4iXrrned6r2HfpNtNxVbLhNSBfTGhk1nxXKmw5YjH7v,AkHTrLH3yCgXJh31Tb8UhQJxJKJFDpUND14ZfUzvsRG2,syncspace
J4iEh2FnWcquRsuQasKEGFvp7G8ifX6CM3qtcWZ69a7f,DH4fLPYK4jxJjCfpmkqFRRzmjMRZpoW1ASzA4Uqza6qL,
J4T6ZcSct7avWks1tNoKmHVDXCtMXnqCAsoCzSVvHxCi,HLQQovWxjd4XED8vzCUyyz72eaWW7NJd5MdE3iv1L2iL,syncspace
J4HSThQtmacMtptRccFy1RvXB4FiPya8vPm3YmnpMNi4,qstNWZCoEXK7Ro3kUbT7ujw3LUG9sxXHuvkiYX3JgHw,syncspace
J4ERaSdYZwyviScNJv7zYLcKjGdWcG4jMAS3cP63XMMQ,36A4JJKQrcqeD9VRQghVY7uysyPMPg5pC9CoRZ9GPJxz,
J4EQdcyoXB2ALL7TQCsxkb42kNZqP8JigsTxFBRvyrLV,8WMGuXs5piUru1enyFXdHSCLt6mHqyVnU4YkTiHbxhT,
J4BWjg32obp7mCXNSu4LtFstV4aZB7uSGuA3J6QwoKUk,Hq23RE564UaA9WNxMmT9Rtpr8RFUwaYoh6XrGnkMoUAc,syncspace
J3wpMAMFZTunmdp2BWwWftMtKX1Ht3RDkdRzaqnM976g,46eMUphGeUrQbznkFpeKGDcUT54yDHteFHum9HakyCn9,
J3s3KjPZ4ZP7x46xXt2Hv9zuvPbi9t5PzDptZ2MP3KR3,9vK5s36PCW1zAAJTDi3bDMtWf9HUx1NYtTHYv7DjdejM,
J3qfZ3fkJakUu3p8YmXZu1iSLhsQ3pUwRBpmypFuqtEo,G7pmyvyoiiBcxFEAZuyiMeaef3QZoBHRJwYZpgkJ7zXU,syncspace
J3nB7qNuRrfw1WZEYgQTZHMQsMgZ6UTMiGi8sEjNSurC,GpGFAkigFPG6cbPUobccKAVVD9BDHNpGd38yAuQh7N7o,
J3kXCYMtcMMP64y22oLAzgZ66kAcYd1nXBy9aBvjaxni,Fun2PPKZH6ZRwEG7Kzi7DXgpnhKF4UKKsjj5GAYDw26p,
J3gq2zZrzA8bSnXjaSyibNkG3MwvWdUAhYKc4xQzdLE3,aumuHzMdUFiFCvJ7kk1djU4CViSzxJk3FjXTXgvdNZn,
J3R2aD98PFZWqNwVNX4t6KxBuPP4nxQ3NPexXF1NKbDS,7R7n1WHogMCSdUNinCUSr6ASxpxaTsotxWz4GJQsUyu4,syncspace
J3LV6GCLATXz2gQXzy5wwZyGhD54uvRhZuCqs7H7PVQw,6wJTfEeFmw88em6Pd3EcnxzbjBK27hyWwdu75i5C7YBN,
J3HnaQFfsghcvbJU3bC3bmHtptuKAzshV9duTrYtXc13,DswKAiBZUmBXhtGmMgqFZzgtQLReRPL5UnMFt85h2czN,
J3FW2qeYJ8RPviXwZzC8H7uWbzcV1rzf23xCDYUWdQ1J,HCWQuh29WhHNkTam3vrV2DrWuBDyHzcSVDrLAgo2pph6,syncspace
J36fuVkKXL7uZpJQR3TAk66oEkUVsvB4sCFNHDGd3VNo,BbZboGu9FjZ3LDzbLhnAG2icm8EoVn4ABWhpaJMZQVUp,
J35j9GKAMcAbru7KKCGeo2m53Y2ri4FdrHWviBFGPPRv,EmjNuUiEGWasTUcmenEqvHuQn7MtNEvzFmYPeAbUk4pR,
J343K4yGmusdMMn8gGDrckqMiXG95pQoh4zLDsKk8z7a,7P6GNC8iwBSzpNj93VCgp7TNUr8DviqWLUFmmSSLipzk,
J2s58BgAkmXNchs6YpuxnK2665dCbk6asX8Pu3DXF4Z9,9X5mtNgPUMsd363a4YBPUPB5SBCHDQENBGfSXeLwoGt8,syncspace
J2p2TmNDxMLGZgwRPAAfz6R78No3zXuBFLJu2awcfGZs,HTX9BkwYdwmH3xPVAyaiVC8pVusCp4gDWTqwLwzCM1bx,syncspace
J2kSagd7sfx6KVJByw2p3y1F1kaRLdDsbKo2jVRNGN7t,9ZbjGVwvADQ8roWVYXywvut9Thmv5GwtZV2oCtiNuLqS,syncspace
J2cSbNPfW56VxorrES5BTK55CnhoA62iKJdap3RqnJed,GKskEYAwtz8963JitiS5Ph2uLgUSKyzU93oVxrSBNKuF,
J2ZwzUpdTkKL119BxTUDDKrHPVgi3VtD3tey5KwyPMXu,tZkriEBP3RMKehf4Eyv1sQ3vRoEoN4LNXJ9iiDFMLMB,syncspace
J2ZT8xdvVbcMww7QnxtZicgSsKRo6LPC1SUQhnkoWUTf,CB8Pr9uzrrFw8BFnCqworH1wMa8DsmbSKgUNwVWnDGrL,
J2YWD9EavKRdg3vvuutzGo3jsW1uqunRbonx2aGGgvFp,3Zfae8d6sE5Js4m67NywevUX3hPtyqU9GBcW4cypMFA7,
J2W4MVr9ed1SX9pNDuwVYoEFi9zNzDybQ1Jb2e1UxvCJ,AUrox7sHx1L8mxEPrNqkVjHa16CXQ73UbgZtZTNPNLjx,
J2Tq1wR8P6dtn7EkHfSNJscBY2ppr3zU1HJuaH5Zi5hg,25TqXN4ToREvj3CVYJcTP1MWbbi9Dd7uUeQ7uTW7pmnU,syncspace
J2DTYsuUoFeoGzA2RyHV6hux7KPoc5jPavTFdeitNSVm,8A2vh4YicVc9TPbzgvZz3hn95t4MkWTn8RshR2i1dsfB,syncspace
J27LgepThrSq67xhquGDfpy4PNeK6Lk8t28dzpLo29Bw,aumuHzMdUFiFCvJ7kk1djU4CViSzxJk3FjXTXgvdNZn,
J22gGXESAquPxQkpPPDBRUAYYjrpc1BprNGBgzomz2SL,B1VMDi9rw7QPvFfqUsSTEohwJee6PyAMJUimUyyw9rS1,syncspace
J1yJYnemFtsixEzNEnby32CPxaaWHbtBFAPJq6wBtPKx,8UdqwapnSHzfi1NARMRwExmWxxcbYJmSzdSpni6Kuu3u,
J1wC7qErJn2p185vH7LZySxfCzr39QF3Fbij3XC3oMMh,6erKQrjX85WFqyMmHK1WW6ss6gm8rAY4DX4SfjFbdv4y,syncspace
J1srnRWd5MTUZQKpNiiYNZrwaTcR4x3aW7Gk3CDG4vdk,8LDN97kENFReVtS7ynqgT2J6cUTW2mVTHbk9n7CTtS7L,
J1onE9Yvm9dEYzen2rtfGez2Kc1SbCmci5SxmsvLAA8G,HTX9BkwYdwmH3xPVAyaiVC8pVusCp4gDWTqwLwzCM1bx,syncspace
J1oVrwWccoKmS82Xbe51AXpxv6VFfuXnokkwEHfx6P7q,81MMZdtpDzevCJLcFLiSm61DFr8kqnrPVrwG9XGQnpqQ,
J1evfq1YMqDhb8mpTADrCSdp1merdtivfKxW5jswZfHt,4YkbzakRRsoLPCSeBVmwYvJ4Pm82Kc2MfyVxbwLBQsKo,
J1c9xnMcfLx146dTZHPhy414N4j8AXYa8keGxkEbm9vy,GPg1UBnaqBjZS2XiMfEpgWn5YBJmNkVd11HXjYrDmVsr,syncspace
J1aqazLiWTkAbjj7aAgptKCBRBKoaEAY3emrBgKfsgWH,CiS1udKWfC9tQqMLE2pDCryHMUyoCaL7PNWY3hm5o49x,syncspace
J1ZNaPjaFFQtDu82VyMLQ23dEFBR9e6Sx1RuFQFqsA8U,Hg2gqbjGgL8NZDmJk6jfqskafuK2pPqccSq5FqamaTX2,syncspace
J1PTiWRQMoBni5nxKnpdGqG6QdzYzG3tcwvXY4YMkzEi,Ba8FKZK7TZgnXY929Wg5fdyjhNQXJmCHyi92xLubkzeC,
J1J4zLHnFnfhoGDHNmpHYBqBUG1T9ddPSVWUZfJfD2sz,3wcuLnxQcrVUta1M1raxcD1jptwRwGxXAPBSZhdPnUSF,
J1Gy2a1dSRd5ukiNmKAP2vYv4mx9XwQFuKWVRRFUjbV1,DRhhLnJbiwDERdCN7AyYMh7aNQFwtFQqpnWzMsmMif31,
J1G1ZSc2Pdhm4yeoXqYcn4TijcGP7vTzEnHdbPvbdcF5,FJd1xSJj5pvVJdrLGNPCWjGzJBi4xFW3TVRSRX4CzCF6,
J1CBPNDy9wGaQioYd577QAENdLqyWMMewq9N7NnvJjc9,96r9ZHc8BQr8fdB83C129jv8sqQ1m4biW9SryTbontM7,
J13D7ntk4S6QBD7mDkUVtWPa4eVpyrP5sZhUj1WyEzGh,DKmQngAhJkDoW982UBaQnjb6jpG7XqM4UMwNJZTvFW8t,
HzxGGxvRPorhdM36UXiJACnhqM1ThTto9Wst4msd3p2c,4qYWqy7eVddKcykU7XtpLUrKYdF8VtPobn6tUuqKhWtv,syncspace
HzvLRowRCSBBh8tXXUuxPJDW2CLSMVZ5NgjB2MGsFXm6,CcXXbrRZM3s3tjZSfB9GKAny5oyCWpHBTkvV2G41RtnR,
HzqVBHiAQG9kFCii5u7yLb6jJRMVFra6TXtTE63xLoPd,Fa8TzVCkeQd7ZMcGNZEvC3kvSKtxMymdv1gCVZoPexuW,
HzqJghLXji69eFwvMXXUWnvksmMtyZZA71xEqF7XQxLH,4kHHoMfo2pMCLz3WsPMdxJRP3vrtbPuq2EjFtkZqZdLv,
HzhhypQMs5qWG2VSaVKvVPhmfYaXyRkjudCdBnVqGye4,5wceam6f3i2PNykKQkomeord2dhxsmyTEaEFxVLVaegM,syncspace
HzgMEVGHY1kNfjwV8axmz8JzigVvY1zVZnPeJfJahd8C,25TqXN4ToREvj3CVYJcTP1MWbbi9Dd7uUeQ7uTW7pmnU,syncspace
HzXEi2xmVmr7Lk3HDXTLw7ECzdFo3DjbdfRXJdPfq5Vk,Hq23RE564UaA9WNxMmT9Rtpr8RFUwaYoh6XrGnkMoUAc,syncspace
HzWUaQHtMFkzMtJVMJimTqg61Yxat44XDWekDvrdR3MN,HTX9BkwYdwmH3xPVAyaiVC8pVusCp4gDWTqwLwzCM1bx,syncspace
HzNUwPdFV3E4CUWAyaUXKxaFemKzCkZrjLGD7V68Lwbo,FHbVUUSthmyFC1vt87pVcN51GSirxy2NAu2P3cQvUs5E,syncspace
HzFCeN3mGfdaHDiroDQERrVuB63YQxsuCXrg4EaSHcbg,auryHMdwKGnjU4ZBjtacvARm8DcAVgEzYDzzJvVFfE8,
HytvVC1UhqWb8YUFAhUw89LkZ1Rfq3MBKjdEztr3wVZU,FGhpVj4yaJtiGeMY2X2iNeBSisA7WBEUjPdVXgVqcGQ8,
HyijRtVzu4vyvdJsK7Rf2biju16eUz3GLSfdw2j2JtBC,B7Unbxy3yUyG9g2tL2H6TiT3RJyWhjR8qSty1pDrJFcx,
HyLoXk9yndALiRTXRPs1PzUMg11TivHhERCFe8gR76gL,67jjjntU8M5SKDZy5gW4w41EHeBj9beVr2i5uFqPnMVu,
Hy9xg21crkkk4vgEbBAjiaCZySYX76jWgZJ27HBKch7s,autfyCR5psTc85smVAcGQajFT4TC8xxPPH1wvJu2Grr,
Hy6xpuG5MCQVf6CzZqp6LxFhm6CTYygeLjP1QPmCiKYN,CB8Pr9uzrrFw8BFnCqworH1wMa8DsmbSKgUNwVWnDGrL,
Hy2JeyMKhbaLvxpFu1oVfjT8y7MgDvx1NbEQtAEyVPb9,D65qKpPN2Ug5mnCTHPNAuDF7bwD8b6GEUErsU6RDMhhW,
HxzJCm77FXugcAY5h6tSxWHE3VSZF1LzYrChnEpFxY6V,6X4voaAc4tikvPW7qJvxmTcUR7KdNmzCPw25nheWwbaE,
Hxj2ZSaiLE7BAvk9815Rzy9zDkMUpkdCb5bFL2G9w39F,aumuHzMdUFiFCvJ7kk1djU4CViSzxJk3FjXTXgvdNZn,
Hxixw3TZcfARMMaawvpNnxHV2RRwEXw1HNUr4iGXakDP,Ev1GuP5JYsMC2z19WscQ8jDLFcYG8gBQ6EoRcqZZZvEo,syncspace
HxfrDuWsPz6xDuo4qEK6GZBdPsHfLzeXYUxBDev84egD,6bmmtgGZe5V89WmvJVFT1vhrWu4BwoM2yyYuv11ybfr5,
HxWhswACwWEWtFVGLFCUrB39cHBaYHW5GPGGGBHi7v7D,G43e2oSgeTEaxN3vc9iCKUg2AXaNhfs6KtRwoxgZ6qdP,
HxU9FYWZrFwGvCfVZcQGsFihDJsHscvgxevz5ZanVtjh,EtmF4zyoB9ycVeB1mBdEAS2tqaa2bibiHHeWkmjzRQDU,
HxSVW7aMbkX72z5kxyTJfSrgpcYNdUFpUFy9eUSHjwbE,2jCANQUeYxNEfJL9pUdPRGS1GJjm43LBvuxMAhpAnBum,syncspace
HxKSNKug6gv9FkAXsXqvA1SKgr4cdm7zWmUot8iSTRKQ,25chmKpA2ZDoYMqdPDjVMGq5G8wdvy1zGJhPSTE1Mcb8,
HxAe9cGLAwmQrRwzEzz9JzznQ8dXyifj7m3cV66pZ4Ns,FY9NAS62iqRVkjSwzbWkSLammaLLa7WMduHkKd7oc6Te,syncspace
Hx9S5RtCPCZuP9ED6NzDLvUdYGameBACe2icG4kiSjU2,Hq23RE564UaA9WNxMmT9Rtpr8RFUwaYoh6XrGnkMoUAc,syncspace
Hx3HarjVASDK4eg59qKdqWV41ZbdLvUkTptKHeVRG6xu,88gNHWScPbq75QunYtRi84YqvKwJZ1cjmqrF7chp8VXo,syncspace
HwvYsHiM8XJRd6RRC2gtGChsX9fu2vQ97PQadfoR8cXT,AFro6PGXoqEZTH9ySHuTQ2B21zHWxHJoFjfzJdMV4387,
HwbziK9aczLjf7EgwQm2MkbpteESGYGju7rYMn29DGQx,B9rxr2XdXoAYJWrdvpdoDr9xUhJ2yaewDTPm2CjKgPjq,
HwZy6hrD2G68nbZkawZjFNPKDfjb3V7DjWSnDXEkWotk,auryHMdwKGnjU4ZBjtacvARm8DcAVgEzYDzzJvVFfE8,
Hw75QYcGcvkffSqi8RKN5hAPHoXex78ZQjXGb3iKxZjn,4U7tf3ChxC8mr3KHWnkV2bE2ogBJK6q8LHLvU1F9BhKa,
Hw1eJuhFkQQ7fUAQnspXkGorSa6HrjpB6xaaw35FB8kK,B5hkR4iqacaTFBHXTWusNfeD96iTURRgJvQYiF4z4S8M,
HvxiskY8Qy6PkFgeApzUhjkXEEM1APSWoiP5PKhVYtH2,CiS1udKWfC9tQqMLE2pDCryHMUyoCaL7PNWY3hm5o49x,syncspace
HvxSGJcMdDMcWnK1F9doiTEzLUjiNziSJ9dM1WJJ6M1X,2Ga6hzy12f7oFvS1zSYvUmvA5fLWiNP9ep5q4NdruTci,syncspace
HvraeXBWnzX9FFBQg21fDpWtwPx6eHRgpKys7sCzkJbL,4eVcByLcXGavuwEBzJuyPGH6mUzrJr4u6kcdhy6ZJEno,
HveK9AufhJFgemRH968Hkji7ygdaUWFDZx4f67GjxJkL,BEncoTiyYFLhT3Bn4y7neuJHv8JTansZxwPTbk2N227e,
HvaRdeamUCjCAS5obgp2L4QVrpzgcwfDewqqhpVRs6KW,4qYWqy7eVddKcykU7XtpLUrKYdF8VtPobn6tUuqKhWtv,syncspace
HvVoyopU2aQ92AU8EtpxrfKqsvtEC2D8ERXkXK4kw2sJ,J9LLSCt4CGz3FJpzVZKHZAJM8d5vHghPw2oshEFriqYB,
HvVbRgEXRxGNi3Ms4YZTgRDJEBTSqGPcMr1sye9VbHAz,88gNHWScPbq75QunYtRi84YqvKwJZ1cjmqrF7chp8VXo,syncspace
HvSgq7R8ERawq9wcR4kUivMowP23gPmFFDCQQLrFHwxK,G43e2oSgeTEaxN3vc9iCKUg2AXaNhfs6KtRwoxgZ6qdP,
HvLnd8oxtzdPuYz4wNHA2PHr7nfpYMXCAcsNHGodWLsy,G1rTKbU9TwsvzL66Pevc3CwZH1sGyEJP9fyEcnVGZWUd,
HvKHsKUj8UWrKhCD5SGbGJAM1BtsTnSMarAiuWFgyUHY,Bnf97CQ785xnSxHsSWypXR7iUZaBQGmm9PzxSDGQam3z,
HvGdHhH1ffKgwbAM6AJiGJ7obFKw3o6ZWnNaJa3WkdyN,Gpcw4YpyQuFwHJ3iq8HeBS5VFYXKmahVgB1CFN88ntEJ,
HvEJZfs4aUmjSetEBG9JJouCfsYJgSK8F5hY3kyVbqYZ,BZ5fjb7xYenfwc12pVJV7A6aiot5SssKUHnxfx8SuBZa,
HurP2g2dJEW58J34Wpp7sMPimtux3gmomia8YyHJBKSu,8s4yBZdaikdbwJA3SSXGWDC8vACwghXSRArfFFwfBm6,
HunPuKyA6ewa4HerqrUAZ6g4285ntKpS2LtrK5xarZES,5k15YfLg5TmTeVUAuxpQgK4r3Dzuu9ce6RwmKUdtDXYH,syncspace
HufEbtTcEbGQ2tTp4A5BqzuKSLDXWGQriYeeyosotpTR,FTHaLGNBmwE1Ncygy6sGzgMWk4ZATUoXkxDHRnazkeT7,
HuTqRPTryuJowvz6UrB68VBotmDtFvFtg9A7z8SxMhbM,BAg5SNJK6qmyzoNCDrqMHFxna7Cj4yXAPMR2AQNvYMY8,
HuSt59U7BKER6sERKCyZXf5YqZZKs1kvxrFoNoJUuPSs,D4kd5WivaJa9UmXU6eDdHgQzSZ8PiVhLWSU6JZdq6BFD,
HuCcG9Rb2hAG12vVgtR1BiHsUagHgaSihXSF9wBT5DDp,nqtAgvv3wW4ZeJjvNnXyfPdB8FrtzMbtTmZy6PVtvgi,
Hu72AK7ZdmhpQwc1GTj2LYVSMNZZRaBkRX8F7jY3oYpA,2VQA3FT8tWRPgiwVPh2oKm1JTA44ocGspKn8yRZRvXiS,syncspace
Hu2y2nWWN6MNMR9yN6nZmKy7BBaJm9KjuACxaMZyXd1M,BtozKzZwR7BkeNbV4bjiafwsi1sq7M45KMu6kJbPhRSx,syncspace
Hu2UmPRn1XfnaHBuFJcuMzW1c1Gvsnjvz8rTbXTybNRJ,H8QPZJiAeDJ7ykdDTwaYrzjP7CRzLjFAruFXLBReVBS8,
Htya45j72egHu5PmRN9iA6RNE7BpAyc34J7KNc4NETzh,GLXy5LwscvLKbEysdkDywyFg1rBQHb4EVQF9F8BQF3GG,syncspace
Htxk32Ebm3xZHmVZGgRSJ4RLPuMdFKaQmj6zP4RwbG8V,FkjzAryaRGmRaHjYPpmqbD5vnGQxZUkDAKUMMs9DVmiX,
HtvGLRiNyr8WM4tppZMjgeHjE3MAxVFc79BRexNoFbdx,8WaK2tEVxV2wXJgWmKur9mjWEh4MUZgb3sVHZaCPN46e,syncspace
HtuyatdDaW1sNyssZsBBiWjUhms4EmNbrhAsNUxchymu,2CApC5Kt9WawmvvZNjHvedpT3adrrXKJBG7JQSSb6YYe,syncspace
HtmwcLWLjTWKszKcNJu1ZaM9MiBevt4UBAGcYaA8pRqD,9aFCWGGC5164kK1Dh5tXRjL2MWgTWqiDCeeE3s5C8iMS,
Htj3vjGjwz3rdakDY2a5wzC5sLAvjK1SR9RBKoJJb89t,AEQ4qTvKkV8BKgpYv2pRhwHHHNbKP34isp3bHZGSXUAq,
HthspsN1ZFrE1J2u9pF9Tgnf9p6i2tvG3Eb7ZT6KYafT,4TkJjtKCH9qcTS4TakRZBiZoz7qFasfomrnSWs5NazQk,
HtWkrV9EXwQPVRdwaU8Qh6FGUWAXYf3tEcnfZLnUmvBE,9qj66zMkDdUBFw4GaAwKBgyyLfYRt1Ax5nmQGjhV7Lya,
HtQjNjvSjU1oiRJ5Z8L5Zz45Up7DNq4kt3ZbUGX7LdrZ,3Hgym6wfjBrBaW3ti9a7WvVzmfRkrfBFKpKhuzVrFqHY,
HtP66wEPhPNJJ4duSpXuus5yoTW57VJQ6tgCXqMdKUmm,4eVcByLcXGavuwEBzJuyPGH6mUzrJr4u6kcdhy6ZJEno,
HtFEj47XvVHqXRjCrFSUT3Pg3fDXXQAc8QaCcC48DpSy,Dwjeqz1CsbrsRdMr9E4sapSq3ucK8v2fjjEWGNpagHUb,syncspace
HtF9KFFFw1AizDPJQPB5YgGGpEy9zHGv2U3dZ21hRQmH,DjruURKACS3VpU3yzeAFS5JRcLtW5zsrGrD8QN2gyVwW,
HtA7FvXdhEKxZXcLLM9XzH8NQaWpdoQg6aZQjr7sH9Fc,2nCGgkc3DdLe5U7xiaqMpUPqLXhCjfn4o9YXuqJReuEn,
Ht9UFi4KYj1uudTBFjUQ3C8vVKQYMgDmMqF9NvqYU9YM,FY9NAS62iqRVkjSwzbWkSLammaLLa7WMduHkKd7oc6Te,syncspace
Ht61mT9EvceZs7wYRYL4KMtvc512STHFnsfz8Vck55XE,FCe1QsCGAa9i5w9SuPabrazVic4VpiQdgZZxo6nyBPqG,
Ht1igUrS7fEUYLGJCXKDWV4N5JcZegjbUoPTQpLHaaG9,Fzx2MEY6fuwjoL1g4Mh5D6dcxp24HEcdZ1QsrVxE5sfs,
Hsv99DcirDndkk51b6cyzxzEP7j8xU6hSUE2BcAZ8J8p,9qj66zMkDdUBFw4GaAwKBgyyLfYRt1Ax5nmQGjhV7Lya,
HsueM89ifyXhXkFCdPSzP6xzcxsYktfhzcXkaMR2JbWT,CtWmShhjxjCfKHzkupWro7gcMpTw6paCAVAvLmW5JnbH,
HsUBSi5fy4XJnRseKYN1kK6CMbdExFdaXyQybfAxhx7L,BURymscxKK4yCFfGuYq2oizbsVQbhhRVHUzHZrXBpuXq,
HsSixGTYyK5ihhQuP4Szn2Veod9Tk8cufkjgwY9b6Ycc,Hq23RE564UaA9WNxMmT9Rtpr8RFUwaYoh6XrGnkMoUAc,syncspace
HsQVV7SqA2SDAueEyH2Xy9MbBhefSuEE5Ap7gprhu8oT,25TqXN4ToREvj3CVYJcTP1MWbbi9Dd7uUeQ7uTW7pmnU,syncspace
HsK4tmPJ3ExoZ4FNDrZrp8yfwZ8nv8heuMkTnxP5TiLz,FRnFVoakjCChVX5DSSfoyKtTqod36uQyB7deXqNB7XYG,
HsJ3RJNPUCEhLjoXrr7FD9A5PmxoB3tht2g3vvNRocGQ,6BfVHzmjJbb4nWjKRLzhcg4XPkKZn7iozWGHCKTscjrs,
HrmwA5rerB9ZiBKviSnWt2j2eRpih67NrvaVKDh28t3A,4QFaDcwahasA2FDgLWUck8uh1grmsqWB5cvVeobZDStY,syncspace
Hrg3DkSvhXCNogFgsUUd4V4i833tYyZ5GUwhK2Rmhyit,Ec2AQ9tQPJDqwrWE4AZVUM5z4MTZiCA4Yji67kPDwQzp,
HrfguProQyuHxaTv7VhpHyXbsekS1inYnEDBXx9F79tH,BxMJyY1EsNoWuPgfR3NEDZ8xxhYpn2eSERgWUjxcoztu,
HrXWjQztztxU9kiJQ8w1mZWJynhRXKeqRXQZW7Niw1mM,aumuHzMdUFiFCvJ7kk1djU4CViSzxJk3FjXTXgvdNZn,
HrXSuDsPWc7qETT3BH6zb4nNAqsjhFm1bzKDXZLstQYM,F9QHwfpKurHTg8fh4iLyssds9r1VXcvHPDBLnWNRukvw,syncspace
HrQeW1mSCNpmYCQgFDECuLYFi7rGT9uLnJvPVQwsNxz5,AZ8aGz8EKUNiZHLJrP6AMgda9jx4dgrBieLeEmkzKDeu,syncspace
HrJEu34wi4YEnKCZqThExGRLxzt1MhR6menCCfAiRiGM,EDuKpEv7j2oUxH1PZiAyajBk2VfQwR2RiFwE9YQ9mSzR,syncspace
HrCayPEztyJ6M4KCcGpcLPjmQQQCEWeXCVq7NRNbqTgQ,4qYWqy7eVddKcykU7XtpLUrKYdF8VtPobn6tUuqKhWtv,syncspace
Hr6AQGzppRoNfdjjHpMQb8S1KwZExgCvgTwUNsruzjSM,9J65AE7pu9mvJHimqNU2ZoNJYLQFUxrukpu9YPbvCVVb,
Hqrmvpo9LcWfcyYzGFnmMgDBY7RQAKHb59YTpuET5Fce,97hbGy2a6CNiLJdv6WdQf9EQoMWrmLP5CX84roaeiGGD,
HqnZPnx6aAF19EUM8dNDUhuGJiEr18rYAW4sEEjVBC9E,9Vo7wRs2hTFsukaC9MZk1WfT16MMcGNgXZ843PEdpfCM,syncspace
HqkMYLbKauLUhvhUBUMdU5aZ37NW2abv5tfWn7qPeC9K,81MMZdtpDzevCJLcFLiSm61DFr8kqnrPVrwG9XGQnpqQ,
HqbDdEz2VLZB5zNCGqeQ1LurzxTHtvyHNrQTdCSQdBts,44cQyMJU9D7dr2rW1HuMpssB8t8yeWizchEKva8DZAU8,listed:magic-eden
HqWYdCTmR9BTvuwwMBqUdhckUSZfbfgKZg4XeRDwXGDM,5REXfgbUbA7rGGcPp1aaTvSbbAWDEJF7KUiD5TgaPcJG,
HqTvnV5dk4A77StChJgvh9B83fXaZxxMwWUwRe6pKy18,FRnFVoakjCChVX5DSSfoyKtTqod36uQyB7deXqNB7XYG,
HqAyu89byB9jMnERNaQXomAej6cwwz4ckUpcDp8H1iXr,HMG7kzNHfikpMaiGZZBK5WNrMNswAoYMWLSYTbmu73hQ,listed:magic-eden
Hps5pCfbNcuQaP176HnZ7sgUTRDHqT87mY2jRNadeyoK,2f53nfiZoHjXPyozmYXSLD4MbajmSEAsZPvBbyQsieiH,
Hpr1spQuyjUGqxr3z8pRM1V5w3sthsboVRmWYG77AKsT,BKc7U2xwHPPNZhmmQkvvcdEKytUiMdEhtstZ7FxhSQfX,
HpYV7WgRTek8p8qk6HbiviMkKLbv5x5i1AMnHry3ywx9,qstNWZCoEXK7Ro3kUbT7ujw3LUG9sxXHuvkiYX3JgHw,syncspace
HpXheyDkS1FYxTF2G37aruSjcEzTmQu8rmVTXnaD8257,2jCANQUeYxNEfJL9pUdPRGS1GJjm43LBvuxMAhpAnBum,syncspace
HpRaZ2Hj7Wd5bmZmYR6CapJdmUc4vanM4KWoMRqgmFEy,G43e2oSgeTEaxN3vc9iCKUg2AXaNhfs6KtRwoxgZ6qdP,
HpJSfo7eBdRhSv12YKzK9PGKnGhzHQkRPVpWFjDm1XgH,9q8A9jnwbBrxja6JAPxnwhbS41arCyGqLJqnyRkWqAYf,
HpGwcGGmhY49mo1yj3hDbbHdTHbEu9BangciXDdLyk1K,8kEn9RKBcmzFYtLYGC3L2mds4miU1KG63vcrrFLhEa1M,syncspace
HpCTBGoADRP8BcgV7CB1mnrgKrxMfSPziPB3kQ8hqgtJ,2zHutfC4xpEDMHq1nG8ewBfhFDuphEX9KsKgDaVmdbSM,
Hp8BRYPagY99AfeCcqDFwrhDwXHyWPKB6bh3NwNJSo4Z,5kQxnZ8zvzkCSMjYYVAEUKnQv77RCeqE9LTCXpJCVvGC,
Hp7XLFA8STm26MoZGKVjKUFc2xCiN47j1CSnf9XQDqxJ,Fa8TzVCkeQd7ZMcGNZEvC3kvSKtxMymdv1gCVZoPexuW,
Hoy84HyGtjLLKpJRdWM9rgYZAxWu5FpJHHiv1AQa7BFa,58YbBrqkzdVUnb5k3hSuboHaqW5C5nBC1FZH3b9t1FLq,
HomhcixEP1tJkxLdNPbt3qmg4NZyA776LzoXbFHYkJ3S,2VQA3FT8tWRPgiwVPh2oKm1JTA44ocGspKn8yRZRvXiS,syncspace
HohuZ6ESmkcFq22Q7uyJ1eWxGujxp9rL9Wuew4r3Ygnj,4qxpyTsoAzHUyaFMZBGtkMaiMKdZ6KNjaFRAusDnXuze,syncspace
HoTTYg7YmkypPtpE64WmZfd6zkfmAXPRmzWyUE1fxyZd,2Hm3dbAYBCSdoYnofVYpLrzETTQt613bpaQ3SxnKxZQc,
HoNwXNYsr9EnfmqTvUKnapsnLrzo4Pqz6SQ3QXAn87uV,AFT6w9cHRcyZUNBLHwhKrLnve3wdGpayf32uborj8t6B,
HoJ6GjrQQJW4TSECrFiMFReMYqSpRm86fvS9NMhtgfyx,39zxZacsyvGxUHTnXBZrsZyRsG2cPK9dXL5kV37drR9v,
HoCBKSE33jFZTZ9Y6k1JYBWjSR7LnU4J8ds4UdBVMRPH,Cn9mrzVNzqaSv6Rf5uGa5ggYVDoeufBA9ZxjDxoPjwQD,
HnbvCuh6ZqBQNQJwBfLiWTRmNAfCEBNHMqC5Pau4XJ3H,48AwwafxVEM63t1ytXMmeJYUwhLa5iW82aqHpCmSiLQw,
HnDEWm2vZnmcJd6WBc7MFaPFecUrLuoGF5xav6R2emUj,6jMQrEn88MnHAWqPm3SkSFy98d2x4woofeXFxRW2tsUS,
Hn6juf9DyXiJPDkWrAWmTSXWkGtN3Dec5ajw8GWsxspe,2X86EP5wVnNamudn4c1T3QExiV3PNXUmEaZjumEJQrDv,
Hn5dCg47zkGQzYEViMEx473fSc2oRXk227JuLRoxNH2f,HTX9BkwYdwmH3xPVAyaiVC8pVusCp4gDWTqwLwzCM1bx,syncspace
Hn5BHMdnuw6PgYSgsd1G9Jgr7YLP8GdMXdQNATtYtoth,DFCsk3eC8c4VLMSqzzBNBwPsb3jHh562GnnMwY3jRsck,
Hmz3WRmfTu7a1qmKB2GtsbwCta18yWk1yLgAKSy1t2Bj,5wceam6f3i2PNykKQkomeord2dhxsmyTEaEFxVLVaegM,syncspace
Hmt6o9zJayrvh5vUt6WEQVy3Qc7yDfBQZznpx5E9coTo,FMz3wh2V3fhNbhYbcwiLdjH4XFfXScudN4L7AfAqjwZh,
Hmqu8LU9LAuzWGop56FzCNMnGQMU2BZWiHEqoyATMVkG,2UBYGU56E9cYmB6biyop5Fyb5Fsow2kdicDKvXZ7fRrv,
HmpgYsdErv94kxFvsmDuxSSeMZiLhagWT2GGpc1vWX4X,Fa8TzVCkeQd7ZMcGNZEvC3kvSKtxMymdv1gCVZoPexuW,
Hmmf8ZiJg6UhapiHS9Q5M2TVZgm49DA5EJ9JgzgxPSYa,EbBk1gr43GR2s4pwfaCYTB2oV2LDuU1rDabBVjWeo7kN,syncspace
HmNSsD4ppGmpSddpMcNhKJ6hP6nFFWRHQdia5gAXRVrs,2YXfWyXapaLu3oeqW2hQ64TdZRQzkEQVLpVBYpMFdeYH,syncspace
HmMdX7vgQJMDkMEbWYJtygH9zPhStBnuWyJSTxb45Qhp,6X4voaAc4tikvPW7qJvxmTcUR7KdNmzCPw25nheWwbaE,
HmFb1naUEvkUapEj1pvH68RGBF1S22c545GiRck1ywSx,5k15YfLg5TmTeVUAuxpQgK4r3Dzuu9ce6RwmKUdtDXYH,syncspace
HmEKtmHCUhswqNcjokpvJX31pzgYudyRdGZzDZEGsRM5,4eVcByLcXGavuwEBzJuyPGH6mUzrJr4u6kcdhy6ZJEno,
HmDx4wwcmfqxuCc1cMEFqwGtgGi4RR52AH1icTrj4tWP,9qj66zMkDdUBFw4GaAwKBgyyLfYRt1Ax5nmQGjhV7Lya,
Hm5bnkFzugeGvqGGfPKsFkSn8dUXUkSPnGHDC9RFaRE2,BEdNAeqmqDeaL1vfbDEYsSjcX9EmHHVXMxJuagHtk6Cf,
Hm4zLXRavawh2Pub9ajbu5zPq9KQWYauWFAvutG9w2kT,HTX9BkwYdwmH3xPVAyaiVC8pVusCp4gDWTqwLwzCM1bx,syncspace
Hm2pH5aBJSxddxiq1tysAKm7cA2zZitADH6NC41AigD1,FRnFVoakjCChVX5DSSfoyKtTqod36uQyB7deXqNB7XYG,
HkwHA9f5j5aCNzgST8SQF7phosm6qMTqGNzHUwyizjgq,FRnFVoakjCChVX5DSSfoyKtTqod36uQyB7deXqNB7XYG,
Hkkgic6Go926oaee7PdbjtYKZtvbzHRsdtwNqkwhL4rD,AkHTrLH3yCgXJh31Tb8UhQJxJKJFDpUND14ZfUzvsRG2,syncspace
HkiWwJzvsXVu7bL94d5oHcEoHa4PVvbFDGuCnTx7bFZW,Hg2gqbjGgL8NZDmJk6jfqskafuK2pPqccSq5FqamaTX2,syncspace
Hkc38u31hhcVfcqSVZ7yz6SBH6nUQwhmNJcbZ25WQSsP,2DtXE2xjUBbQMAJ1JMdTDmuRaMANLtThSzHm4zdfMdgn,
HkYjYsHtYYYDpCjwFzLZnJse6gFCx9QjAAcSdD5CCU1x,BcP94V9puoVeWQACXC9MsYNZFSV8Muobh2r3d9CZpqpW,syncspace
HkVV8kjQvdxFh85JmtgDnkXuno6YfsBZsug8vWHSGJ7o,4UKGzdBrdL3YbwSSgFz9VKV7ctiVZjB6W2Lt7H5KMue5,
HkJ495m9xPQ8zEYT4bC9SgX6AoMXPkBLdFQgkzCEGGm6,Fa8TzVCkeQd7ZMcGNZEvC3kvSKtxMymdv1gCVZoPexuW,
HkGZQZ5udrBTxYNHrC1reFg3jZmCfMMvB7ypmHTBfNuQ,AEahaRpDFzg74t7NtWoruabo2fPJQjKFM9kQJNjH7obK,
HkDdW4Gf84BEDVCEsypLUV7PRvfEeKY2wDxVvrvsV18D,G2aUt2MuDBY5Q5NCLJiQ3Y6SDufnJz3JdixAK9hdxxFC,
Hk5ivaemkksYggF5YqFqwjBAZyWzGXmCbCdWNP9K9CRx,8a3SnE4LyMyTNLsmkp5pto4YRup5YehvYVWyzhJkkPor,
Hk5VzyCd1BSroZz41dHXWWR2HABbqhsvWzAma1diWddD,AEaMxfnmSPNGCfvG26r7gbKiPVcBWdqoVth2AuYyLbry,syncspace
Hk1S35fAQii2idE11B3F9F1ZXCW87VvfFknA9sB4y64H,6C3okBtRVg9N5Dax9JFvvw9E7BZ9gcETHEzfSfUnGf47,
HjqDPbrgrtLV6dRbemssBcT7SuMJoGGxttrU7SzNbouy,C2cVu1e2ENb32NoQ1vsqKZ29ykvjoqXrytUqPvVzMCEK,syncspace
HjoJs2MkPsLJViMoRvY6JppvgBEezUfP3MHjsagE8Y3C,1BWutmTvYPwDtmw9abTkS4Ssr8no61spGAvW1X6NDix,listed:magic-eden|owner-unresolved
HjnzJ8e6wLtG1GmM8k5ua4xtzwSMCzQmkrL3jbcuG7RH,4wajsPRCMjEoE1djQ5zddzpBsQCyNauG4sPTvoiwhzay,
Hjgpa8DyckD6nRVaKDdpcqRNYS5mBt8WXZLU2RrWonYU,sLYSShjbL2qwG3EJcP34ZMSJJBK4BAtMNG6G62npMwe,
HjfQijdNfcmi9gGQGgDSzn2ow9nDXKmAAatdQSikHEnR,5SecUMKYpFc3LWoeswV5YPjJXkxhoV5gGfQ4vNbtrdd4,
HjZnK6zzv2zXhFwNeiMyhLyjnVb4jsgJCYRRxrrett4c,ACqMjB5WAnCF5KshBC1tiRzcVqLZ4YTwELN48J7zoQYi,
HjY3nZDtMmCgBDmsRjFoYLeBWxoEgCX8r5mTfZ42dLM1,GpfwSoKquX7akacTtMWoutUSfRZ1tEt7VmLnk9jAPm1T,
HjJ65aYvo71XSbQ2QdHeiptwj2fphrXQpqVsqYRhEk5Q,9MjruWb5UVnYPpZacsPN91ZzS5KJyVhG1JGoEd9kCHz5,syncspace
HjDBTGNPPodLd6hpDfWEqUrLqQ4m9x2XBbRvSYLB7YGE,AUHbE7HYjLSH8NwSHFGyBiToZW3nW1EbDUyo4WMkfWNM,syncspace
HjCoeMjeuBdcejRk84PduwUtdPsWVYujM5ddTtwLTiAs,HTX9BkwYdwmH3xPVAyaiVC8pVusCp4gDWTqwLwzCM1bx,syncspace
HjBUWKbrrYxBNtWKDoejdXDRdsWY1CS2teKj1aDyoj7Y,3g2TUkrZf86bfGQXcfJ7xMCFSmnssdpeTxe5V7y5GDpb,
HioJNGTsvWWvWzmvMm9Y7Wwphqto5yobgK2643VAC6Nv,4U7tf3ChxC8mr3KHWnkV2bE2ogBJK6q8LHLvU1F9BhKa,
Hindq8ZgHeC2RKQZoAYHQdCA8LYTxqPDFxdBRUeaF6fD,GXYbnMNrCyVSe92zpsHPC3wELNmKWKSKN8eHewgqxEUq,syncspace
HiTaMz6CfRdcgLdEGHaYeLnGXHuBcF54gqPmTS6TgCHe,EfBFiGNKceBLFZz3SzBQiF2x86ybcHC6aJ41sNSeZG4B,syncspace
HhvVrbW1qdGQhpqiPzqujFLFyetgppvHg78HTq4H93BG,DnkxUHYP9TTqNkEEjsz35VvZ3FfUg9tLEVicdBjmRMxk,syncspace
HhnbgRhqUK4FBTMkMjZk7rbqhVxTm6Vgs1tttVJxWjeK,Bnf97CQ785xnSxHsSWypXR7iUZaBQGmm9PzxSDGQam3z,
HhgvgXRt4T7baa1FsAerWwRxJ8rE6bm6gQkVDip4gMLE,Fa8TzVCkeQd7ZMcGNZEvC3kvSKtxMymdv1gCVZoPexuW,
HhdnYMwbX8uViD8HVnju4NoiyNTis9ZQm4gHxksXH6ri,EqKXkcr4TsvUPYqmbsnDdxLXWjZ9fVvcfJep7qyd8M6D,
HhYCU9csQwLy6rS1VXAqMpoAQYEVn9o6YbaesJaWMPJf,Fa8TzVCkeQd7ZMcGNZEvC3kvSKtxMymdv1gCVZoPexuW,
HhXu2BjkQVm7yZVtRpx65vE9Qadu4LwrKFUdJEmEZ4gA,ADqrk7MYjYrSf16cADA21mMkTTXf8DfkmEGbb8Vy6WHt,
HhUVrnqj8a5JNQV6wxuGuAv3CqVD4XU9R6fJ7GVM7dWQ,89zzM9oMpcbcfVNxhCdqfpxCPB2NX6M5Wn2izAGahvZu,syncspace
HhSFLfGrBZEtH93PUUDrAe6LvmP3dnUqiUEu4sM4NWtD,36BWr5Az1P5CPJAtSVM6DAqzBY4keMowLbEbLXxSnSyE,
HhRxK1AtV6T13tSHK6gEWREWpUDXmzKUNjeTc2Nv4fgL,AnZTZP6fQmByScBx7ZUYN7G62LJ3ffo49cUePVrBmma8,
HhN1mZVWkHuT163MZuXQvw4yaQ18ZUiFVum4oYapAmqW,7qwTUZqHtohZHYGfZZTyDV57QUZ4Lfx13LtDn9DfxuBq,
HhMzKmFxjeG8jB77ktdB3FqYKxoaQ1MNw37LaKcufTcZ,Guy1hGxNZ7qfV2C9ZbsET94kBigiXSVE7tuKZWwiXUdr,
HhCjXbJ3geZe38yeGKn9uNsK638DbVCJu7pCBa5iWFnE,9oX2sT2z6xHPjfz69eJvZ9HWBNkMYLJgG9DNHtXffNBR,
HhADezZnF3BHNUa2tavTyTaoqu6HNYgSxNi5UbdAXfR3,CqA42zXaf5zXk7EW7jtCLfL2uH1efuB9GtTfjfJ2hzoq,
Hh2b11zeGER9k49sxApLvPvLLTVfmnQR6LWC1UuaYigs,5k15YfLg5TmTeVUAuxpQgK4r3Dzuu9ce6RwmKUdtDXYH,syncspace
HgPsv8muHp2fmb93CndMx8xkTGDmZjumx8Q4ZXZopHhY,25TqXN4ToREvj3CVYJcTP1MWbbi9Dd7uUeQ7uTW7pmnU,syncspace
HgPNykDBqm9MnMj61QEcCXCJK1VQ5i3D5C3evmazaBSN,C8oQdPfg7wEHdeDpAxvsGdh7Af5bhzVKKU2mMTZjasU,
HgNR8m4MeYFCooPUVk4w7t5UmAKsS7t5u1sEB1QsBgpP,5wceam6f3i2PNykKQkomeord2dhxsmyTEaEFxVLVaegM,syncspace
HgJceVmhf7ZQ6oQ8s4bQ5cQLgtEqApGQ6EMFXw7ACvQ2,2CApC5Kt9WawmvvZNjHvedpT3adrrXKJBG7JQSSb6YYe,syncspace
HgHbafqF66uSo19hoyp8NHy86Wx3H9zEstFVhNk594cp,89zzM9oMpcbcfVNxhCdqfpxCPB2NX6M5Wn2izAGahvZu,syncspace
Hg9GP5eCPYtzVzUvrgbgy3u8Z8HFugDoZYvnBxJTERtr,AV4rHDh2Xd1MuG7QsVfH9YZhoYxo4Sfx21hyJD5Xa1cM,
Hg8bMPbY6bkM8Jgq9Xd9Zf2XDHcjpQJauBkZ1JYdFbDM,AtiBrooaXZjxyuXhsFFbRfTVTG1hiVpBK1XZy14coMPp,
Hg4BxRXPyNwHBN51F3Qq5ic8tpvEVGWr3PeAsVHmfhyu,Cn9mrzVNzqaSv6Rf5uGa5ggYVDoeufBA9ZxjDxoPjwQD,
HfpjkiHqTSA9cpZwu4eiR5ycUz4MVuZrd5C3fq3r1FL6,4TvZcAjr2XFc1tzu35omj9ckKkUESQ88HfBdeZ2StAQY,
HfjCBkAbhL5WhmKNrfN74zo72SHpX5hiqXsQZ4LRojQ4,7CQ6eEmgSMXPRAVej7N8uxtT7ATTvDvqeBYBdhHw53S1,syncspace
HfhAhsTnBnJ3ABiRez8fC7y3C9G2LDjqWs3BGunQxraP,H2CAfKakYfFuT5oEZJwtAmgy8ihPncv62iMYmQXFG3Y2,syncspace
Hfh1p6ttwqaQCiKrDFZfdKXXgrRDZ7UBfWgby4r7bJcS,4npbgYWyY6tZGLTyeeZVVcnr9rGkosx2i62D7KtVyJn3,syncspace
HfVkz26DsR86PR26soGTn9aoUB1xfDbTAkccgjFzxSJC,WnmWKrVPLU2unzJKmi9oP9piM6CSETdU3UpNgRaZM2Y,
HfSEBSJcBzY5neGaf3e3MoJzQubZA5nZxRpPzeVfPwDV,4BEzeW5krih9ijsqd8Ne53KJTc41xhR5VxjdunUevDJ2,
HfQdELHmWWkZJ5mF5f9PEWYDmwXd9GFmjA65JP2DikzF,2VQA3FT8tWRPgiwVPh2oKm1JTA44ocGspKn8yRZRvXiS,syncspace
HfFVhj8kXk5nCzT7gT1F7a4hPAqUm2fZFWRTHKRUxBDM,3ijwbSGhaDDU5jusKYU8dbm7GW8Y8SjQ43xjxrPGgY6H,syncspace
HfCQ84Sg378xKQpGAjt8ZwcJjNuGBpGyb6iCCKZCKZV4,8xaKTB4GehLc9nvJ1gLTCHrErU4TyZTHME4X9D1tjzry,syncspace
HfAzsJibNGrv8pshAf7h6nmeQjPBbuwo2vynTAVQ2sJT,Eua46y6tWTVVEDPdEyXAZmgajWYs5p7ibYFqMs6aFiBU,
HfAZEPcnCfJEKhhpTNpdMwq5L3tJyMqzQ494cEvev758,HTX9BkwYdwmH3xPVAyaiVC8pVusCp4gDWTqwLwzCM1bx,syncspace
HewWzjrnSKQDZVpVSQbPGNPZ8yDQKnHADTRCtMdxtj4k,H2CAfKakYfFuT5oEZJwtAmgy8ihPncv62iMYmQXFG3Y2,
HeurYKRFBZRWvvgJjVttMzMTdLVsyzMeF9CTty8a22iF,25ZA5DP6fzzci5F6CtbPCJt2WPpXx3cEWoC6wjJoqVZY,syncspace
HejQD21gBiJT2KyKWVcVX3kSKie8AvnwitKDofY8NL78,4QFaDcwahasA2FDgLWUck8uh1grmsqWB5cvVeobZDStY,syncspace
Heh2XZuS7YsiqRuBHuyfoMBbGhjVftKcNetGRZHM2HrC,HhcMjf1dg8ysC1AS7m84AccQEoXAsMuumnG41pt6vd87,syncspace
Hedy44GvEr6CjuVDvHKGPYYGsNrhceSGrxqK2DJuqfm2,HhcMjf1dg8ysC1AS7m84AccQEoXAsMuumnG41pt6vd87,syncspace
HeReVsyr3TnrzRqLMwrJf4wcgcDcD2K3Tzg8RMx5qsHu,9x3or7WZGexEGQqNVDNArL8dVFUw1WLTsFhjBPh5Dceu,
HeDUeyVCLLdoocmMK2VBEwcwuEcB1qEK1FkX4hruNJVH,HEUdcnYsFQs62NUFoY45s7kFe1GDCkvYzUXx1VZ8EV8c,
HeAuaNnE46y4Af7PY4PXsXBDbnt6TyuJQTRsFHbP8wyT,3XuTT35ACjJedbHA326mmYGxh1eXyjqUhzk5juSDf6rA,syncspace
He9aSAG9LbobQz2vkS7hf7agPoo1U6Do7czaevWKY4B5,2BZWX6sPJb1ETpEqsxfoDz7H2pNATCPH38Whx4KTfYSY,syncspace
He6V8fprT3YRGM27CJJp44ySaQkJx3nFgujeVcJ6xn5q,8kNTUuuqJqFgRhrRYSnZNz5MEqutYs25pPwJmNDtj5r5,syncspace
He1R4TnDazmHvswNJTdXMAMYTmei4Q28n9MWwdZbCzPN,G2aUt2MuDBY5Q5NCLJiQ3Y6SDufnJz3JdixAK9hdxxFC,
He13Y3vayhxuuJoVqnp1fgVCGUVE1gvBdrB4wL7wWdRX,BxMJyY1EsNoWuPgfR3NEDZ8xxhYpn2eSERgWUjxcoztu,
HdvHWK1eWEiBMb5XH2EkbAccwr14GhFqSU4nhqJSYvA5,5RyweKuSpNGrvwmLNc5QB1eG2mQXARru9mrbPd6LP8VY,
HdnnyeffBWRse47DGURu56fSbu8AghTuFzrxwWfsTVgN,2YsRdXQ6N4SXmC9LXoRUdNkFXWVDF3kW5U8f8AB5D8J7,
Hdj2FQ5bUCr9ywE52pT7nXMXEmJ4pn42PBvfLbkUVgMS,BkoPgJCiuCZQvwtJornY78bfe1o4rh4tfqqJkPVh3J7M,
HddW4s86gPkR6TF4W91Z7EqrafdiohhZtgpHBMaNnz3f,HCWQuh29WhHNkTam3vrV2DrWuBDyHzcSVDrLAgo2pph6,syncspace
HddTaki8jvQ83WFfiWMsHJygU2rDPWPh7P88y3Yaxtst,HTX9BkwYdwmH3xPVAyaiVC8pVusCp4gDWTqwLwzCM1bx,syncspace
HdaJs5y2SL5gqp68sXkfers6PJ6tEquLJBsJoFxLZtW3,G43e2oSgeTEaxN3vc9iCKUg2AXaNhfs6KtRwoxgZ6qdP,
HdR6MmV9wuWKK7a8XxPm78PztzxEM8mYLUGFu2nEz6Me,8eJUrzZnVgcrQVwYr48e9JqHZX6TRbE8WY4nzhBEmbW9,syncspace
HdQH6ScubxBPLepd69bBvuvQo5mgP6GPh41cb1NCpHgq,aKmo7KryFFaWicWKBHxJhjz7rHAQgdmjdJBjri5ziMm,syncspace
HdQEsjnYAVq7H61jKZJLPbtRcNaT7715FYLE9s7TSAiQ,9NgwtXjaHe36zM7cY14NLNyr4yv6aiYdBguP2Kuwzc6N,
Hd9f7LBtDpzuLPZsd4UZZq2aQshpwjnBC5ScnVsjXJE9,3cikjX6W1sBGAcgCx3auE9rdRo8JW5nhHpSTLpFJ8ntZ,
Hd7pZAWR1Up9wFh5Qy1ykjBodfmkao56UDJFnkBnvwXS,8ns2PbgbfhAQLKZ7T9wGT8MfsQcFTqPAyKiZHrco2WTF,
Hd4JQDihohS5pDv71K9J29z2TPjbGRevz5kZpZ3vfjcb,ADXgUVgTB2XfbghCeNSVCLta9SaWmhtHMF3M6Ah8uy68,
Hcy8nQhp6SUXiR5YES8Xw21QqouBRgzFAtpwLrbdTVtm,B2TTX23Ya26XMsKxoeenbs7sWqznfZghyWft41P6nGu2,
HcvxEv1dS5drQPReYKEmUTWduEXqE2FoCi1Cs9AdYwVH,5k15YfLg5TmTeVUAuxpQgK4r3Dzuu9ce6RwmKUdtDXYH,syncspace
Hcu7QBY2LVmTYN4VvmQ71a3tTCW8swfVhwu1997Yj6Yy,FBayq5hrtPerZFdiZ7ZNXrgoDEDunM8oAbyX9r1pMMp3,syncspace
HctqEAGAJo5RcBCgshkT7HuzqqCAETiwsjDffSVAL8SF,bbC5Da7V9gyzg2Awydwy1ZYE4ir6Mm1DB2JoHXJH1sL,syncspace
HcrrpNNJY4fiBFLrYR5FT2hHy5pDhBLUjeA8VqFmyxSn,7DrVR7VL5Mkd8f84whqxbbLjwWRaGBSsJ5W4Vmvh8iUy,
HcmKrGCDgh6YVZf2E8Hg7NxPVq4gtWMUH9TmzATsUDho,GBPE71gqTsSfmpvVCLxRtnVASYVxcYdXkdwJQ8Uzu1NM,
HcirvsBPeE6Riow7zsEqYcwaLfFFC8pBFw1mrTSBcME7,6LnH18SQsNqVN9BY76zCsNP8ur5XVQtKgb2t2iq9aZfs,syncspace
HchedqCm3cfiR7nJjxyVcvb3HvtdQwpYWk57xFBSKe4z,5wceam6f3i2PNykKQkomeord2dhxsmyTEaEFxVLVaegM,syncspace
HceoVM3iM45pYgbGBBDBrQf5PwNd47fmRLWxueNBrbjD,CtyBYvDMWDq6xSr68Bg4TZCSkWwH4QdSZ7duoSkAj6jR,syncspace
HcWx4k5h9va1wGacpSmKSW36UFrKxxHmEL6srke3toCc,HuYGJ3MT2dzPYjfAaUEtk9i25aeiWThHrmBe9wVtgQ4L,
HcWXEMc97eio5hDG44BqMdsV5r6HPtiQrFiFqPBjKkvE,FRnFVoakjCChVX5DSSfoyKtTqod36uQyB7deXqNB7XYG,
HcTpQQxgraCwQK6R2GKnMjzvZ3XZJKfQyTW41JDXKXiV,5KyLt4RCYFousJsN83FS1iYcSs86Sk2mv32Dyyr1zGjn,
HbwUvrLKrWemHTAMrPM6rt2DoYKv2vc2oR9nhpGwsChS,9Q6Djw2kvEwArLBU5K2SYSu4mxDWuTm2hAcxitCJVyna,syncspace
HbfyBpPvYvkKWYdm58hBJAyMQ1DMcA76zhAAvSWYfqeW,5k15YfLg5TmTeVUAuxpQgK4r3Dzuu9ce6RwmKUdtDXYH,syncspace
Hbdim51rZcyiKJ8sTv7775jx8H9H6BEDksLu1VeQ2sG4,J2nf8RRJUYsFm639jgsp4nztPSCLqaLcUK79oxQz3qLb,
HbWULzgeiSQwn8aUDD7Q2XSBjQJ1Jn1sfm8ZdTKrqx2D,8Swx1vcyVsz6nHASbXkSRqjWpEAwbrQN9Vsp26zEhWUv,
HbJNT54YuanKuKqPs9p27s4TfBCCjTRFbGm2sR8Ub47D,6tMR8UKEPPcKDbLx5F1a7poY4JV3vhmKN8p9a4DtC7LJ,
Hb9wwS7LRJyBLVkEf6eSrSDrz1gfxfX6927Nr6tB9wf3,qRYCbspKuaQ1yDiULh5mMvX9pzurcqmFLHPhDgToYYw,
Hb4dFvUcU3bMqUoNVm5UVK8pkv5F8wWnLoyGXTRUSQ6K,Ah8dANF9AwwZxixgjhMkcUKveCFLYPR538bnWrczXjJD,
HavmXmP75QRU6zZH934Uf353C1WLHtZx2oL4R8dRhRMz,98Z7LyqUe5xJDquCGqvyv5Y7kGBVX7c6jB3yeZzE63cG,
HatJmeRq4af4UkvcgcyMKuWjsj46iLdtoXz6zLDdFJG1,9euL1C8KWceUJVC2bchemGdWcxHBEYA7njiiBsqsXeBA,
HapkjMDAjuiA5pLaARSsTvoQe2ezsyfzJQjPuX2mCRDi,FRnFVoakjCChVX5DSSfoyKtTqod36uQyB7deXqNB7XYG,
HanZ6FZNmDvpnLNQ8owPJGD4e5UZ5qmbq8H6nG3wbZ2i,6ZV8Z9J4LC6uU4K6RqSBij9uF35vfdWwzJoH8AdDQX2J,syncspace
HadERkVQDUSM43gap2d2qB8RFTJ4vzE4uhXUKK518qi3,25TqXN4ToREvj3CVYJcTP1MWbbi9Dd7uUeQ7uTW7pmnU,syncspace
HacccRhnNnzYxumXDmNpnLNRfvwYuvDDQEgujZk9ZTPn,2yEw5qTq4LXZ3m2L9KFH3BBLzUvVEadyF3p5PwhhVGCf,
HaVvFEDgeyELzLyymdAzFFqPXzWBqnSsiXAxZezX9vz9,FSpBmBZ79i7hCeNJKgZWscqSkjf8siYwBRiuSgvSbTXK,
HaSPPXcemM8Nb7ihYxprc9dtBHZi2QcLaedFU3wXnPZS,7D6fQU9GJSaQMFMUfa6bjNZyfgMZrY8h55ZgfRtt3hzG,syncspace
HaR7qE9kTdJ7ESvc77Ch31K2S5hPokHJx2VugunrG9c6,2Ga6hzy12f7oFvS1zSYvUmvA5fLWiNP9ep5q4NdruTci,syncspace
HaECvAJior5XFEZPXsehobvFt7cDkuz72Q8RU9FB1woU,DzSaxAdupbjTYNJnNQqoBDTynMEq9yXiKz4AYNpZvkYW,syncspace
HaDYRzZq6oFFLEmLH4zmP8u1S1mD2QUWvGqWte3ysnR7,DFCsk3eC8c4VLMSqzzBNBwPsb3jHh562GnnMwY3jRsck,
Ha9ivPofbyUu9tL9Pv1caDyk2a3Cjy5JCzWXqoBYPciS,Fzx2MEY6fuwjoL1g4Mh5D6dcxp24HEcdZ1QsrVxE5sfs,
Ha4iPgQ9kQe3utFNfEob9BsRJQCwbtHzEVVko4HyRvKE,4qsJjdUsRyTHdguRp35zRFoc7jyUq3mqHsJLQ5o9yyV6,
HZnoc7AB93tTe1gNqpSoUmSL1gv7YdU4FAHoHXwPak9J,ECTFgR93512eYqKVwZm46d1ZdddMCK8JTEkB6srQpucc,
HZjVwsekhDTUthE1RqUmNmumKyRtgGE7c4S9h6vmU3hU,7xKhQVPN2K57bdZZhEtbABnS7btiQCyqQPE9cSGcS6C4,
HZZrWoNaP6qSQZtmMbc7HPKwxzPFBq3mspGcUNcShdg4,FY9NAS62iqRVkjSwzbWkSLammaLLa7WMduHkKd7oc6Te,syncspace
HZXduaFPaW2PruwcpxUWrt5yy8EfCTATzVM56pgPLFeQ,auryHMdwKGnjU4ZBjtacvARm8DcAVgEzYDzzJvVFfE8,
HZLoqxwEAA7wkYheGUgMuKd6iFc4mpqzTCK8XAH74gig,6BmnZ6VG8WX2QXzBasVEXqgXPutzxvwvHpUMg21Cpz5h,syncspace
HZJk5Uudp2uWjnvMHhEZAEzG5QqNCXrdVrB4PWW7mbg1,5GWJmyovv2hqK8NcuGqm5eBrmtEbJY7dmiaxW67vJqLQ,
HZ7B16L9wYdKLbQC6mQ35yweFGUNjDHamw4jhDE1bnS6,GkdrZkC94exHDfrbVY3TMGhb839Q7XzYPwJZBB6DfZZz,syncspace
HYz2NCz7Dh9qRwvfa8sNBamXvfepzrMh8kfXzoB97gp3,GPg1UBnaqBjZS2XiMfEpgWn5YBJmNkVd11HXjYrDmVsr,syncspace
HYqFVazLrmJQvqYhkUeo7dKAemiBELRyLEFa6n6ey2KJ,FRnFVoakjCChVX5DSSfoyKtTqod36uQyB7deXqNB7XYG,
HYigvPy6SXhS9gdEjZeGL5DKLBPznQN1cymB3EpcAcoZ,J1nEjunTT4NbyvWeurejmjRF1MBuL4RndJzHHzvGPkC5,
HYcdQrmaSBvkHyhW1AstF5xzE9pGSn97D5sMs1AYr3cc,27YrXR56VDn7EDaiivcasEbsVLgDXUspw5zv13APnLSe,
HYSVrTtsiykZgYVRJsbawEop68QTSYEtcE9YcaDTadcd,52AAHfukMSiuKm3rQrs7zMeg8zVDc5FsDd32zjLkeoKJ,
HYC9baVhyGAGysMMSWYBKUeHwKEnCLzJiAw41fRSmtZM,4qxpyTsoAzHUyaFMZBGtkMaiMKdZ6KNjaFRAusDnXuze,syncspace
HXvJvLJC5RDBCy9GqLcbBh9bfdJCSkYRMogHi6mi6xgq,CiS1udKWfC9tQqMLE2pDCryHMUyoCaL7PNWY3hm5o49x,syncspace
HXbDYtBUmvweJJLaw5EwJaiv4vXhe966Y5zyh7EFbkMx,81Usiu4ZdTAmNpcznbW2G8fPRWEy52Afg5mxkn3jt1WK,
HWz91KkLrfogGB1mjm8U5kCkWzPrjcbAZfHC1QrsqS6K,7nmNhmxU3NAnwRbuRpdLySQaxe2eAKtBhXkSwHRDPBto,
HWxGEYsADXxaaxW53RiiZjcoEVopyRLjxwnPpTckBdeQ,87R7p6EckR2iuFpmKZqUqdHxQxJwhyQdCnvkhZCW3gfb,
HWwyVYb2kEQpMwVkcND88BYYmtt1V8gkdXT3ba8y6bg7,HkkiSJhfpoZszt2tbqiXujC6LuehPDsmccvjBY6W8yvu,
HWw8WL2pm1JUmUdQA8HnGJ81kgzp6Cq8s8t59z5jP7Sk,AtB7FVn9wP9VXfdhFwcd91b5wDhkhWT1EPkhfigJsfYA,
HWmQPb2VdkXCsic6phDpfuVSm7zgL6xrxDUbKYq8d1Mw,9ofM9LVCvSsfnGNi5DovrL8jtcHCY5hh7Ywb4SpMAqo1,syncspace
HWkJFsxAP9LhJEieTazQf46zgWER8KWzKyJmy64uWrvC,E7PkyRsN77sw6u75tds1TBkyytzAbA1U7361att2jmdC,
HWkHJzBwDNAfEgKdYCUVZfU67hEdD3tSY5YHAsU54JDf,5MhN7HD2LsGgnE7BuhcRiaSbVcACKaTJuVGWHddkd3nb,syncspace
HWfB7DyQXZXr3h9JcFyttZFK7RV992uv23H5YNDRBjy3,Dwjeqz1CsbrsRdMr9E4sapSq3ucK8v2fjjEWGNpagHUb,syncspace
HWK8Uj5MRExNRtMtAmR8w7Gsu3vWp3bRsStrQU5GJzB9,9qj66zMkDdUBFw4GaAwKBgyyLfYRt1Ax5nmQGjhV7Lya,
HWGn4KsFs8xwucVFUFhuBSYKFTxi4GWVZUzJLdnc3JZM,GrLWVddiRrYyJRzzvh4PfnW4FYYJAKir4kMLQ1egzhXN,
HWFDtJQPFNGhwaf1zmH6pWpcAse1gG6HsDwo3Vav33jj,CiS1udKWfC9tQqMLE2pDCryHMUyoCaL7PNWY3hm5o49x,syncspace
HVuxUmBz8x5jvb61159bG4QrKudmEhNPKUikbKTd8cHj,BBynumVyTVyaMqGYSnZPj68GPFMDS4v8WUajwG1uAkyW,syncspace
HVuFxVARFAn129iun22EQd3oN4QC39TbMoaje5LdGsoy,25TqXN4ToREvj3CVYJcTP1MWbbi9Dd7uUeQ7uTW7pmnU,syncspace
HVeBt6iY85Syjmtmb2nVD2FgdJebDgyoUbPCKpPH7ejs,7tWxfKvdrzSjR5DD4B6NSfZ1FPXZPfEMcLLXFprNSjsh,
HVMJrvtgL74NCsSrAAvDMGhz4Faba4ps69ceBnNYgrM2,5wceam6f3i2PNykKQkomeord2dhxsmyTEaEFxVLVaegM,syncspace
HUzM3mMs5WdhQAR9G9PXrgphLVF15Lh3w3C2QFmUqo4K,4U7tf3ChxC8mr3KHWnkV2bE2ogBJK6q8LHLvU1F9BhKa,
HUxzZQzWcPDJjaejkSDDLHMM7ZZJphdWDiBwF4ALfdcy,733zvyZDRewmaC87SedmFiwdtmfHPyNNUNtvrecPJsZW,
HUTEmSqVStnUjkzR6g4oM8PWuVFqBKuGo6tne4mycKbb,8tL8G3neHQ1iFPCyhFobgtC6tucWKEaoGbstvZy6yU9P,
HUKiYbqRVfJCeg4EaA7mxNWBHBeiEnnvfWpZrVBC7T6U,HVRGH1MrGzHpNCRoTSW6xYWGy9qEBp8MwxBjht46HMG1,syncspace
HU9dPFXpmDF9xofscYwozksN5t4ZKC8gsXy5y74E8T8D,CyMxRyQCgGQyBR3BS7G26Y4c3vTho4nLhDwWZHR1xKDZ,
HTomYR5mG77tozJSC95VAAeCyYg3SQJoQa3H7HP5Fm5A,DnwwoQyVm6YCj5HipawpEizrBUoRgYzsgJDFJ9655fn5,syncspace
HToQPCzVA2BwNsnCanU3DsTyQVH167huzv9WToVG13mX,J5gD5d4SWAgrVzcubVCDne6En9K668ay2obtVmApenKp,
HTm8fbbsHB9aZYhMAXdY4FDnC9KApV8LvZwjYGbWxbWK,5k15YfLg5TmTeVUAuxpQgK4r3Dzuu9ce6RwmKUdtDXYH,syncspace
HTjR4kafXBTEYrp4HfucrbUPPtqkEjbMkYa8w4u5qGFw,FRnFVoakjCChVX5DSSfoyKtTqod36uQyB7deXqNB7XYG,
HTgkxbRLXY13gCMJA4kGN6frBTKTjTMQmmveL9DAkh5n,CqA42zXaf5zXk7EW7jtCLfL2uH1efuB9GtTfjfJ2hzoq,
HTgc5sppnTStf5Nr5ShPRPErNjDV7cNPxfV7XsZtUBqC,Fzx2MEY6fuwjoL1g4Mh5D6dcxp24HEcdZ1QsrVxE5sfs,
HTdwrSb6XaGAhXBdGgb2WV5t466DVzaorZkHpEyMQRCf,AA2UNJXhR3EbnhrxR2E5aAkgcXB7GzfieKp5N6EwWbaS,
HTVmFwg85A6ebtuGwbd4AH1gjv2oro669KczBKqRpyBU,auryHMdwKGnjU4ZBjtacvARm8DcAVgEzYDzzJvVFfE8,
HSvanvPnDxzTQYHcZQVr9X5CxHGGnVDvAgRaUAmNwsWe,DcMsrqztdbWVhowqbm9iBPeb2Gj53WdPmQn3keuCvqWD,
HSoqWK3cvrJLvDGSx7DCX7B8c6oUbaMPZozcjXrHY8RX,GDJjQaQcbkkEKSMTryQPXRr9PiXavNJTAEhVZcanhwMJ,syncspace
HSjuhLdnL6jV4qZayKTBZrg8PGDN8MSGk4exYQpwoHUE,BUtTtpLGo4ovEeXcwCGcduxWN1jUw34CbBmXYaxCqT1p,
HSihCbovY8LUYRxKhH5QqYo7Y21G97ALL8udc9ipESbP,83aiAHyRgBTKKQf6EKBUn6mwGR72K25qv43jbEdhoB8N,syncspace
HSi2yGPn8uAeJZWN1dXRCHZLK4yGAaGYhJ4zVcaQ651V,5GW1bZfQuECJN7HJ26cHToLaP6UvntHGfY7osHnQp6Ln,listed:magic-eden
HShWHbh8nWCYKSYmvs7zsBtjrjMWZZpmPFX934FNt5e2,9NA7xd6wK1knaqbELNXdfM57r54KWVPLepfkjAeYBakQ,
HSSWT2FpApzSeAhPXUj9nwDSp1iesvEWesF34dXDxvqG,4qYWqy7eVddKcykU7XtpLUrKYdF8VtPobn6tUuqKhWtv,syncspace
HSFcuF2R7ar1hWNrDDQcrcVkMvRwhbPbs9zmq4Z31ap5,G43e2oSgeTEaxN3vc9iCKUg2AXaNhfs6KtRwoxgZ6qdP,
HSDzAaTneVHZd29eTCbXQBEZaxN7XapTrVsnhTbHzqkG,5tMEejJNtJc4ccjcz7EYYMuEMbnkoSgAjh6vcb6gjsfz,syncspace
HSDBcwngSCTyZMQr7zJwQfQrvQUSj8sVvBUroSDoEmd7,BfLpyQuepjYHUsvfpQjH9jryd6K4evB3T28kVU4f9uyc,
HS8ZeZm9cCQi389cX87ZRBbvszzykBapSzG2BoBK6jBX,GLXy5LwscvLKbEysdkDywyFg1rBQHb4EVQF9F8BQF3GG,
HS52MwwV2SGzk4wAp3gYbabdTgUDNncfkorCeE2Z9s8R,89sVm3uCLDTEcobyjNNFAjBbrUbAUD6nP4yNGYYc2Evq,
HRqGBzqpKj3kC16G6LDP3YvzYQdfiJ8S4SNzgTG5ERP2,AjfzrEN1BS4ByH87t9Ng18E6zC39Dz2H1Agk2mE9cwM2,
HRkFvqSyFLmocgGosi8nd1hwsqABgSEqEKXHYxEFZAXf,6vVNL4TFAkUCdhJzxZt7EqjxLFsmbjBxhBgEbFxGuCXJ,
HRgA1U25MDsxZ5tp8qKAC8c5X25Pz8kgSNNJjVUPH394,88gNHWScPbq75QunYtRi84YqvKwJZ1cjmqrF7chp8VXo,syncspace
HRXBAuK6bursWfTmbJJQJFz1aNuvzYZDjZcAhgp1PQzb,HLQQovWxjd4XED8vzCUyyz72eaWW7NJd5MdE3iv1L2iL,syncspace
HRVQeYFzcjzwYYbRPz91T7EGp2Bwhugn9V88n2pYtYJ9,6gVnScehhrkPLW4Ddxer9k4NjPbfaRB63CxyXP4LcDMF,listed:magic-eden
HRQhGs2HSHT5CqN3kDbdUQ4oWWyDF7dGDfdmbWCLzc38,auryHMdwKGnjU4ZBjtacvARm8DcAVgEzYDzzJvVFfE8,
HRPd2uPnaxLghtzto5FqpTWw9WXkEjrzataHEnWxNTEo,8RvmwWo2b1LwyPdas4Du3xnJjo7h7WfAQhrFirQYR4nC,
HRB2cFiMR9Wm6N5qmrEnFoHXCzsvhCxg34DVL4EprVtR,DcMsrqztdbWVhowqbm9iBPeb2Gj53WdPmQn3keuCvqWD,
HR7e71skB1J7qY8yxjamZhhZAbCSLAxRSiCvrEULxpTW,DZvtWVXWfi9PaJU1zQYGpV3yJLmuoLwPbaCHL5799DyQ,
HR3xSVULRgUxqMXMLaGntAWYCzXyfAdNc5GsYVYJLb5p,FPNMQhpGtXRdh4LcMBQs35KZsGpwQYJDRicPgD63gUj,listed:tensor
HQz2PmU2ugzQ3VWYhd71mVUDcaFy6n3RoEBofY5dW2DC,88gNHWScPbq75QunYtRi84YqvKwJZ1cjmqrF7chp8VXo,syncspace
HQiqvNjfBv6weygU2yDsdthzSJtXyRzfacJxTQZbnKVK,E3v3UYxcXAG1uEFXPkUVvE6tvzeT1dqWhwbPzefexLSu,
HQdwcHfAFstEFriYr9ZwcAPQqQZPvMVrNFzSHixBu1LJ,Fa8TzVCkeQd7ZMcGNZEvC3kvSKtxMymdv1gCVZoPexuW,
HQUpdrNq9NHDMCppsUrDBPDYgtLKXBYaiVg8xeCt7N4a,GBQDZHHC2aHpgg4xvcxCxH6YeWP6dgZfWtGmqJMxgkqm,syncspace
HQPUBmoVVZ8HX2a8h4Pmuirr5BDV6D15ZpEzK8F2E6VP,GLXy5LwscvLKbEysdkDywyFg1rBQHb4EVQF9F8BQF3GG,syncspace
HQJUi4DWZ4Ttrnz7hkDuXEwcQdQ5xJPeTPknHYt4o5fs,DpBT5XMAs7WUwWzTPg5ZnPdQSvMmzgaVQmivM9r68Ufr,syncspace
HQCGpsdioGnshdh7JSu6VbK2nHnJ4zmNxteCoQDc1Moc,39YD5rZrsz8mSdtyVCfwaG2cAh5Amq4wDAgqZEtgXLRj,
HQ9pRVpZ3cWagvyVkvbKGcdFCi4Mb8Tdvs1xya5q2M5C,DZvtWVXWfi9PaJU1zQYGpV3yJLmuoLwPbaCHL5799DyQ,
HQ3fEUji9YEyG8ip6nDZFouyuixdYYW9batYQER3aZCi,Hejny8dr7VRYwuoTSrFPKYEHtvGQFLUfgo4SaEwhbZgv,
HPvWMuSqgeEo6ATcEqnNd1cbkWrE4jc745ctSH8eCRVC,EWmzVeqhpzmgdvJGND3MB6hx9bsX2stiRPJmN4iLjRYG,
HPt8DmapQ3VdAPDGKMYGkZQC2mWjKusD49CJ2H21zw5o,FY9NAS62iqRVkjSwzbWkSLammaLLa7WMduHkKd7oc6Te,syncspace
HPpPYHqurush54DjFvvAhgi33aQUzGDuN6LdL4zib6Ak,EVRnExw5gjmjpEre9sTFRXA1Gk8cfdp2rGtCZw896rU5,
HPkZwkxhnfWhxNHXvxACQp78F43bfGSJZ1vtdkxhztaE,25TqXN4ToREvj3CVYJcTP1MWbbi9Dd7uUeQ7uTW7pmnU,syncspace
HPk6VxfWdfQFmfwq1tukyUNt1NFoT2SzQBMf3VYBuEmY,auryHMdwKGnjU4ZBjtacvARm8DcAVgEzYDzzJvVFfE8,
HPP1tE3hAVntUY1ibAVW9DfMvqLAhUdSXoHwygon3tBP,GPg1UBnaqBjZS2XiMfEpgWn5YBJmNkVd11HXjYrDmVsr,syncspace
HPBv5VPrvXVi2KgL7PdJs92zEjbr2pCMwjyn44RMrf1m,A6Pp8U2RnDN1YMN5etqMMRfC8ZE3h5FAswbGWAZHc7KA,
HPAErNfeGdRfzNi8tDyr3gaWm33bDta6td6AkYDw8Ct9,autfyCR5psTc85smVAcGQajFT4TC8xxPPH1wvJu2Grr,
HP3SjjKnC2eJTnBoZevH5ceoFpiGyVc3bwvyXifBBr23,5ATCeko2WSEQ2EzTa8pg5QMuDy7KddHURvM8MzWiaQWT,
HNzrazAJKCFTfXwPPpKJCG4JACs6XXQbA2cYwNCfMRs1,H8QPZJiAeDJ7ykdDTwaYrzjP7CRzLjFAruFXLBReVBS8,
HNwtgBqZaqXgEYb1b1NbQt3dV9axVJb8JZ9AMEtDXVM2,FRnFVoakjCChVX5DSSfoyKtTqod36uQyB7deXqNB7XYG,
HNqCdT123FzH5jzViZpjz2Rs9iJJeoKEkiVbqbncUDdc,5wceam6f3i2PNykKQkomeord2dhxsmyTEaEFxVLVaegM,syncspace
HNcpb8fD1ERX9eDUQYZcY1eUKWnWhNABAxHXFhD8MT87,FM3QLvdGV9yjU7avgzz15j9ZcDSHjziUeQ499v4CYpeG,syncspace
HNZWa2wWE6ZbqvxRFoQmHXc3MvwaAKonTqntoWE9Fj5c,7A4kAAmN8FvNScRM841vHCUai725tJ98Ds2X45RM7kgA,syncspace
HNYw7nHUiTeZkZyfASPstvdCfpHjxQEeBLpbL9dMyZdm,BqBdapDdScQNbumSwmhs1hZHqTpBahTWgWaPCoCGK9zi,
HNS2NP9tybevspJJBL6pBeacd4tuaoSLx2hy7pSY4tTu,D8iwNWsfRkg6oNy7AyTevRxNPGUKZZ2oixoqLiinSSor,
HMxBdWB52Fc9b8XJqoptE9M5BPEYK2y1rhesjAEUHw2T,Cn7ZxMJAU5gV7HQgmq3iupPxpfc8shrDArYtWLdntgor,syncspace
HMtLYbJqPtpmmcxHkz2NryqKHkGyyZmCvmRPYzCj6mAa,HTX9BkwYdwmH3xPVAyaiVC8pVusCp4gDWTqwLwzCM1bx,syncspace
HMmRbaXicgJTiQANDya6Z8T6uy8zpcTfyKqo4K1jLiqR,CiS1udKWfC9tQqMLE2pDCryHMUyoCaL7PNWY3hm5o49x,syncspace
HMaZrckDMfus1fv89bXRLigaWTDSL5QFwQmbPjiQMvab,FLKMwtAACZgNwoSy9asWHkkvyNdtXQs4ZKdUzJAbzm4g,syncspace
HMZQYcY7erEwz2uUBK897wYAF1yqkrAUpgePeTGNMVc7,FdSmwfMtxfbzZ6A7TxsCvEhJiYeuJhVEBx4r7ANA4ZtY,
HMNkJD6DTWoxpBwA1WeMjLdupLs3qWzo6uF2moB4MnW2,FNXmUoYirKfhgeD3s9yBupHdxnMKXtkisNUmD78rSiuq,syncspace
HMFgwm9ZG6EWVLRyPGiw7jT5yTzAz75WZsCZk16Rpcpa,GLXy5LwscvLKbEysdkDywyFg1rBQHb4EVQF9F8BQF3GG,syncspace
HMCDiTtfgmLRQ4Q1z8dZWjkKzLMiKTV3xoNXQodT91J7,AkHTrLH3yCgXJh31Tb8UhQJxJKJFDpUND14ZfUzvsRG2,syncspace
HM2WuJaAJqdKCUJwaywSuKyBiXbr4zueLiukbYY86nVF,Tps787wStFFYudgKRUzQjzUSMoywDsjD7jArTgeQD94,
HLz5YBvBYoMGFgthw3MM8osSJwUC68HVqCVRzzQsJ77j,CguUjUZXNJJptxN2x4TMoHnx3cSFmBJH8b7zBDE1n9RU,
HLv56MeYuT3EDFJmAJXeSiaXB9GUCSP6Dgmx2BrpJ2q5,auryHMdwKGnjU4ZBjtacvARm8DcAVgEzYDzzJvVFfE8,
HLr8TGkA6rvCVwkYaxbFPZS3xf5JMEUksA2y428x394N,6pM2CnUtyjFpQz2mdYjk672sYNmYw1VqQKYVmet5wRan,
HLkwQAx93GDDAcKgb1cZSMXMeAzPXEfh12HJqphRAyQ5,2VQA3FT8tWRPgiwVPh2oKm1JTA44ocGspKn8yRZRvXiS,syncspace
HLi33MqYwpUezYgumW534d2sVX7GbwMVtpHKyFYC3Fau,ECrCEVZ9Bqj9EuRJr5wW1A11aV5ctrHbqyJXcEX7swwJ,
HLgGBttYCzHDTCXKbYvmWy5sRPDjgEvQ8Cxnx8DX8Ukb,FHbVUUSthmyFC1vt87pVcN51GSirxy2NAu2P3cQvUs5E,syncspace
HLPSWXwRXMg3ogbuWNxmRg2yykGQfCJFTLKwwQT6bKvX,DCepi3Ee4GUCpYD7rCm3cdsGqkyuR2VaGfyjNuKHmyM9,syncspace
HL4GS5YxFfvjdPGZHzt1LnGzWjy394GDrrbKcnK2Y2A6,2XLXnRPY659M9YsB2ZborMFz9bTtfyopjmpFovp57MqP,
HL25FgFc9YGUXoi3r4dvnyWgBaiVbrcyr3cwtFxefGS6,2tTU5Xs2YTK7c5SRqgYRNRvjx5fAuw4hWzPdLRFckKrD,
HKzDSRZJAfUVPyDEqcYgS7tGYbx9VPrun7W2dB6qmnqE,Hq23RE564UaA9WNxMmT9Rtpr8RFUwaYoh6XrGnkMoUAc,syncspace
HKnpYVBrJoSYt7YoEt3xpuBvrpkERAkrDBHbUYqpN5g7,5KayZdTWQSLMvd8i1VEp1dAH411BEAKKyjKSEUBjBGUc,
HKgkMysKuiy2dWQzP4VVmjFV4PZ8Yzy3oScxx2SLtE3p,A2VL4X4VDqrnGaVpJwFbBtM5qJ4Rpe296oLyffRRaHXj,
HKgjYskRrtk9kuXchJYPK8ZJksJXetJpMXTL51tYkSgc,DnkxUHYP9TTqNkEEjsz35VvZ3FfUg9tLEVicdBjmRMxk,syncspace
HKTk3oFJnuzLpr8CEEhopEyrciJ4Hpqp2zmArw9j7mfL,GeYRFAu56G3mB32QV8sV4UUYUpbqzvFAoEbk2ocnZyZw,
HKSdkXFzsTVYqtxCThcDs1yQmJo9joMCJ4zmFLahNxbW,CtyBYvDMWDq6xSr68Bg4TZCSkWwH4QdSZ7duoSkAj6jR,
HKEd9rmSKYR2ocRHvsQHBunwHFY9V9thFa58p98oAaBg,2Ga6hzy12f7oFvS1zSYvUmvA5fLWiNP9ep5q4NdruTci,syncspace
HJoQJ9m5rAju5MTpPDWdzRFyBP5q2keEZNgeWZ4zmM1e,4XWK28wbd445AHUeeVRb8fcmJMzANybzBPTDMMPktcpy,
HJdYpSR8wetV9fzzC1LbxutiyrTqPMG8CGHYwbxx2N3V,C7cNHfEb8W9sTTPHVNMtzF1y2i4558AWYcNkBpvhp8py,
HJcb4RcxDrwgPcYnHwEH9fPNwxfGdtJ1FLJC1Xt57uRg,iQfoXzxGf5UM9W95Duu4Xtm1kJuXzfNvShPRyq95xg7,
HJZxd348PV8nMidJnDu6CeeUVoLfNk535fV5t7qXgFVb,4U7tf3ChxC8mr3KHWnkV2bE2ogBJK6q8LHLvU1F9BhKa,
HJN22c9WdCUCPhFafvN1CPHPoetG4jbqsAmfyN9677Sx,ECrCEVZ9Bqj9EuRJr5wW1A11aV5ctrHbqyJXcEX7swwJ,
HJDJ7GZqFVrZNcdR4YBim8miot9eiuUvuzkZWddY3dph,GNugostzfZyMySdqfGhQcLj9AvJ6RwcmrEZMR4n1A4it,
HJ8wf1CprfrhfeAuCceuqXyX3gspTNKdzYnsxpMSFev9,aumuHzMdUFiFCvJ7kk1djU4CViSzxJk3FjXTXgvdNZn,
HHxLgWYVsRMgP3rZJZrVfhVGwyzJCfLeHF1apYbxhcUy,HBvKBYH8pT9HgvhEV4V7nASvAECaQUpKiaUiumKrJnF2,syncspace
HHw6xpK4fb6Y87EQ2raUWY6t59EBqVZavx233cefphdA,4tP583WDzWiMoVMepXxXKtkgjZzTc3Y7GoyBPB9cZe8Y,
HHnSVxtaikn2182ZLz8K4uPreZWnhiFgkAbiLD9vER4i,DuT4K2fXwQoApuYbR1oAoGFHmZgnaPjnGxoC7R9XJ4Hr,
HHi13TKwwT3XT7JtMUK3eMmWZJ56v2bxY4mHhESrUHuB,6nRjih5zCVkFpgP1ZQmzWRpwmZpDNArtoTp4Gd2VMxFK,
HHb2NZn5M8hTLgk84aFgxoqDy6oggU6vkDtGFvQhmChz,25TqXN4ToREvj3CVYJcTP1MWbbi9Dd7uUeQ7uTW7pmnU,syncspace
HHZ2E6QBn9SdKEDgTTmieA4vhuHi7emZHeHk18BmkPFK,HF9BZ7v7AoWiL8CGs4BFsFjrVZKtPs9y17Q3Ayu2SF3W,
HHVVjU94TPwoq1gbft81idaJb4E1f869MGqfWtvu71c3,2Y8Hjdxj5dJVJsfiKs9VUmHt1Gf5e6cH1yGd89JpdZdC,
HHTof2GEGyqQcgkaTBAipgtEcyW9kFe4AJCxpfRkFgGW,6iVp5mRVA3zeMNrWfYmoG2JgQccRFuWTEUEmu2D4S8xc,
HHEUsCKMEJLcMZkGRtV341ztsMjM3mn8xdwoxVZHZNTE,4M2QXZYq6rAMQZfHCnzFVjG6fu9RFd95TSN9yumZxhG4,syncspace
HHEJjfu9MtytsXpSiYyju8sxXsCEVZPguXHhjmufXGyW,DnkxUHYP9TTqNkEEjsz35VvZ3FfUg9tLEVicdBjmRMxk,syncspace
HHCqHZYehj3NU1CzyoAiaaDXZJs64ndFZwoJqqXBTsQo,Fa8TzVCkeQd7ZMcGNZEvC3kvSKtxMymdv1gCVZoPexuW,
HHArjuRGKKqEMDMrW81ZhGFA2PhxvnSMCotUUG9NhK9N,3qmMPyu76UAf5jY1RuGXU16qPshfMXrGVrepjckEctur,syncspace
HGyQzq9p7ALmDAsfoqRPpakB2rS5nRazbQQi1cz3Tahv,EbF23BqQLLRhhR4x4t7bAspRVDwmPPiyz85G1PRW1xVk,
HGmodJPBEVmvbmSwgeDY3rGuyRvJAtMzaPNYkyWa86bJ,autfyCR5psTc85smVAcGQajFT4TC8xxPPH1wvJu2Grr,
HGiEPshgmfd3ByGfC5UvJjN7ZrQgEQE5tHG6p9g1Pk9w,45UhtWS64egzg8TYkTk5GsAwy2uTiVamJhTvoLNnPFiC,
HGeffiUMGtUcRpLdvgoLQ3k8dahNyX43pTzMeLeM6WZj,auryHMdwKGnjU4ZBjtacvARm8DcAVgEzYDzzJvVFfE8,
HGZ5mcm4YDurBjcHtgreVTeJHLaEYe6AE6LbrJTWPgdM,ECrCEVZ9Bqj9EuRJr5wW1A11aV5ctrHbqyJXcEX7swwJ,
HGYiz2z4t1ckgj3kb67aumDN9kDzNM8u7SwYNsC3v8p1,GZCn9bLvGm9sYV9RLVi8gStnK7Vh9VnCb7G14ahjL6ge,
HGRLomi5ydMLsvCGazZK5qqdfsMyiqsNurZVLdMCiZtp,CA5BUDXpJwtXKYEjwCqjKiU5c9qNkj3eARmeoSPtJ6jC,syncspace
HGF7UtC9pSosrazGLhkk1yed7Y2eUL9HjrpuWnfVukGZ,3R5yQyhgyCCHSKNcKPZvQYQzsyhywv3bXzg9hTN4g3LC,
HG5Hbyucn4CfWN7XBSpYsDMKiM9H16jWNhHjZSvuBsYw,ECSJD55DczBSSJVLLs6aHB4Br4szXV4TNep3HbeQbtLQ,syncspace
HFvN6kgPWFS4f4WA27WuCCW2ENbAtUYZjjeeVJDR9e6b,BwJifz8FKeCDjQJAYK1ms6Kcg6Btuqdk358TPm428mJd,
HFrsN5epeSj8oZVbdXUBXMttbHE5YzEH3KCBkUagpArF,AK4vHgUWndTe9mPgGQtCAoWd42Nt1sjuaJF2fEtBLggt,syncspace
HFjPSFLiYbnkbVLF7guBntpqyCZfHSTrauoP2Kdnygap,Hq23RE564UaA9WNxMmT9Rtpr8RFUwaYoh6XrGnkMoUAc,syncspace
HFgFkHJERFmVyaoxazAyziWxBmiMTWLkofXM2BAbhN2v,8TAh9d66oRUtSPD3gy4GNPSjhB8eWRDGYYvRR8QHtc5c,
HFNAqrJ89gcfhpyXW1t7gXdihwYeeR3df5bsUvz6DHNT,mmGet8GExAmKnFRmzavtXmbsDggvm7aHZ1xNZ2VDfQP,
HFKM674dUydtEM1J2ia1kSpiXYbUqJn1pLz6Q9LBRaaS,3g2TUkrZf86bfGQXcfJ7xMCFSmnssdpeTxe5V7y5GDpb,
HFFcDsyaVK8K9Q6nygZ3gsAMVywhG3HfcArFgUdDRyQD,5JJXuC1YzZ1BA3Sn45whVh3b28LTnXuUM1RfuLnj53sW,
HFEgwjbDaGVhQNHCszdS2JWPuVBWVAr5RTQ6h2NX3kdq,AfJSgzrdXZS64Wxj2z4gDDhj4K5zJb5WaSJobPGRkduQ,
HFAxC1AhdcbQXn4jfBU2GZUTzpMhgK8TR674a77G2Hbk,2KkShUzeBGNGDnFNga4ZHfrFKPhmrFuMGzyU1JmdAQc7,
HF1qX8RvVVKx5ZipmahxcGozyzurdSgWHiRa5ateBkhd,4jvMY6Zee7GeD6hZpzefVFoHF8ZESwePtE5TSEd5AvKG,
HEzWq1UctJ3X34uda9fcTpqmHbGFtotiAu1Vk7n9aR5H,2Hm3dbAYBCSdoYnofVYpLrzETTQt613bpaQ3SxnKxZQc,
HEtRvPJmW9x3rYnTWvxS9zT6ZXDun6rXdHAhk6whvZJW,3doLabRydqompJA92udM7RuZbnLsfcFzqtpHRSDbDhQu,
HERpgXdpZrZ9ZX8ZD9yX3xcKLJoU7LMYR2JHBjkgqfga,GPg1UBnaqBjZS2XiMfEpgWn5YBJmNkVd11HXjYrDmVsr,syncspace
HEPReUJQvQioWEV9qabtVVPA4AJ6WMHRWst2PUgjt3x8,5Q6XghJExAymfkQz6bn6hrTG7ESarmCEZH3croJHD65L,
HEJmwgoYgyjdce41KAytrBD2AV47LWTZFesmmJwbxTfR,DNzbxjJBcWCWRaCSMaKcohzXnV5hZWCE9ySrn5WMQuP5,
HEAzse2Tr98aZ55TJhr5ULAC2igL34ftCHHJXQpbNnRf,Cb7Rzwo1EDx3Z9L6YAnJ6REx2NR1AwSjD6tESA6z6mWj,
HE6ufFZ622t9isfDPn7fn6WHmmKyMwattBREfLTgUrRV,83aiAHyRgBTKKQf6EKBUn6mwGR72K25qv43jbEdhoB8N,syncspace
HDvYgHxLtKfkcKirQyZzJT1tWWtimytKVBBirr2KPLnZ,88gNHWScPbq75QunYtRi84YqvKwJZ1cjmqrF7chp8VXo,syncspace
HDgmWKPfwNhkX6CxL71wEgnyDBtnFtfxdkRrAVQ9wXuA,EJxbv3aGrLuX733SASSsV9J1LQaCoUmrArXDoF8JAKJc,
HDdCpRLTaS11ZARf4m7Jd9L1Jqn4XNQbq4BMDkpYgHuA,BZ5fjb7xYenfwc12pVJV7A6aiot5SssKUHnxfx8SuBZa,
HDZMAqaGKzyPrW5t4YZZrzkuEwAK5L1ZF9pAPKpHkzbK,HTX9BkwYdwmH3xPVAyaiVC8pVusCp4gDWTqwLwzCM1bx,syncspace
HDK8DBVsGjcfAC25aQHtGYDfLqHrK9nDxxC8FfcykpcY,FKBtHAnp22DuLUX2p7hQ3YT1kXWbwDzVSQ4ghYEeyxLJ,syncspace
HDEQDxQ71JbaEztzLgGL2XCK7U8tue4RGpCrNY2Wh6Fk,HReHi384bqQQiTqPJaCf97jhJYDVts7r32jLF4otPjDS,
HD7W9vGEQrhnFWHtJ6sH15CzCDfQJU5uERzBPRcmmc6z,BnELXXs56gSYm31HjBm9z3U1iqv7B3DkFTcLDCWxtbwL,syncspace
HD7SAuHExzvxr86KyBLviLpPVCw8aGKDMDvxNHtBbs2K,Dj7SjmSGTPgxRTS6qBsZzKFMEq7CdEsA9H7u9cBLJMhz,
HD29dohK4WVZu2kfniZB4qr2DgSNiMWRFbFh6cMNmLgz,HgGv7119gHLywcBmWQRG1mHpDGMzNgQewYrv9W8xbzAZ,
HCx8Z3ayDodghNZZsjWwxNdAnBAuv6bR8eMnQJPQX91a,4U7tf3ChxC8mr3KHWnkV2bE2ogBJK6q8LHLvU1F9BhKa,
HCseAD7jDNn8yo2FyhEDmtpZDc4sVCg6BYSdLCtLMYq9,D7guTGvKZoDrtN1DqMTRnwgEKUF2DzysiaVrUYye7fGn,
HCqhevfgSE115EnZoHsGaUxnTHGQvJF2nyrEeEepKM2h,DTcHT5RW3kaJegLmzXqio7izX9zXePHH796G7qM7Q8fw,
HCnKxjuzeBJzK4sk4VHNdvSMP7vNX2mZgUtjYWfM1jwe,9vK5s36PCW1zAAJTDi3bDMtWf9HUx1NYtTHYv7DjdejM,
HCkuiLY8e69XJ42LxztUoXrmbupdxpemxj89Cpf3LCM6,4mHzkSQtRkiVBT51F2wyCJyMfH2UZ6UDuvVpk4KSchVT,
HCdDk7e9hwnvoC6Um6sAYAYYUSTMQX8Xim7V7dyBaqR8,ASK2fi4t467uC3FA3BWqfajTrzy5oGSceu35NeWJXHMd,syncspace
HCSqiXsyyJXDxFBJqAs5STQDnskTetiWQYCWHcGxdX6R,aumuHzMdUFiFCvJ7kk1djU4CViSzxJk3FjXTXgvdNZn,
HCRYKUGwavPfbtRkTmCwG1ejCHvHe2u4DbDBbX9phZ6j,7PGXHCEka3qvGVKptFLENN12dT4JVML5YTnnM4J1wSeH,
HCQasj8vDTYgReWSDFsS44tH13uiZFX3DNqNeuG3o3F5,9SWTh6DFAkGoTzNBpjsehRXy7Bq5n34ZHGCLSdvmrMoL,
HCPyBDZfTWjxB73eYAdzrsd6uvoK8v2yESvV4hncnKRX,2VQA3FT8tWRPgiwVPh2oKm1JTA44ocGspKn8yRZRvXiS,syncspace
HCKuuGXLJxq3hRJPuoA93mtd4WCdX7hdVg1JzENH3PQd,auryHMdwKGnjU4ZBjtacvARm8DcAVgEzYDzzJvVFfE8,
HCHGya62ctP1doF2ckcWALegtuSXSzt7tjA4PVeRTvxu,AXXNiowC7nbLViN4wJ9Z3HcXifsEkWZHzY1UJ2Bei6Mi,
HC9AUbrf2nizuw2kx1D5NYzc4kgswt8WnT3hnwCz9jcR,6ZV8Z9J4LC6uU4K6RqSBij9uF35vfdWwzJoH8AdDQX2J,syncspace
HBpC1dc2NRu7CAh1ZaNX35N5g9CQM9D4F4rwFzKcWvwL,Hq23RE564UaA9WNxMmT9Rtpr8RFUwaYoh6XrGnkMoUAc,syncspace
HBnqnEpEGkubzX1D4GjTdtJPtQmQGEup4VzGbQkaG54U,Gj1DCyAMoQnFPRWNYT48CNeLu6ShsFboZbvMDJ3FwzMR,syncspace
HBgcMo3CrgC4JHYP97G76u579avA1FZ9cCWi3ueWNGJh,CQ5fQi9J2EB4NyzbQVuj6GYPbh5yCDJPmfxQVHEKzD8v,
HBbp5aJC1eHKJ3g9y3JqL57xdfvsWkAUochf2LLRXoQT,DK12VEv9ZrJvNapdAAT2BZrLag5jCxrRHA4NPmQw3NHz,
HBafBE4qE4caQDkm8nb9HJQZCVom7ByvDuNsfwduPcND,EHuujbKShgCBa5dGH7S5HtsvGqPdGjMrKZ92xDiqJNat,
HBZSuyWmFrSsj8NXbhibDDRscs5VbSEbGYBrGwdLHraJ,3xfmPayAefmDToKruJNFrtEZWQwGLEWQSGJ2rBBb1xMV,
HBUP2CMxroptxoPaWqUsKEL6bEQQ9R4KM5w76JvbnkX4,6NSAMJ2gGuyiqXgeuTEETpqqRTuEb7iqnuwF1jCfrhsp,
HBLWdzPAxCAvp1eTmXn12FiH48byY1UScFp2JwP7Xn2C,2eWkTF8tSBp2si8Z7LDgkswJZ1LNGi7DPU3NNjV1i3VJ,syncspace
HBJQoiqqzJqgDzk2A8ggYrWANa87Ke4ejbngGhwHPmY3,3qefLZrChEdHPZhdT8cuxVuJZme1kdT5U6PQbDpTFdWG,
HAz5YdrCunED5u72zkCm7WdA1vUdcmBwJZv9AgDUuEps,9qj66zMkDdUBFw4GaAwKBgyyLfYRt1Ax5nmQGjhV7Lya,
HAmcfbdnpuPTSeDLpdwxNb8uxYcVEsP8A6qB79UvUwMv,256Q2xXsbSBLrjr8PCkYUbVibpfDtepLrszWriNBdoyb,
HAeXhvbEXQNrfGdE5QbVh21Lb9qDyeZuq5Q6tG84wrwz,HTX9BkwYdwmH3xPVAyaiVC8pVusCp4gDWTqwLwzCM1bx,syncspace
HAcqeUsMR3cuE9zr26buC14hib4dhKpJWkuZFJqwoVs4,HygcNLWeprpVHybDFwfnDvFtMCDTsBrhtHPuFVvUTxLD,syncspace
HAVh3d8oEsgW3HBwBkJK53FSE1QhHzxuCSiCkaxAjpBV,9qj66zMkDdUBFw4GaAwKBgyyLfYRt1Ax5nmQGjhV7Lya,
HAKx7SAVVRDtkKmAxGohDS6rQNvdPaWKVcCpMYMkCZ2X,88gNHWScPbq75QunYtRi84YqvKwJZ1cjmqrF7chp8VXo,syncspace
HAFkNHfBqyqVhyZCLBfKS3vpu4xTDvi3d52xoTxphvt6,9ZuAkjidZRDa9NHHrQAhrzJSvev8sPLBVv1j5Ye6M8Fn,syncspace
HADZGZLpmwayYHbWREh1ebyDmgHUTUYhj8C2AE8V8juy,G43e2oSgeTEaxN3vc9iCKUg2AXaNhfs6KtRwoxgZ6qdP,
H9zyC82q9Txh9RYiZ3KmfY916ieeh6B6tpuBDCcdifnt,CqA42zXaf5zXk7EW7jtCLfL2uH1efuB9GtTfjfJ2hzoq,
H9rFDX7XBwaZDAdLBEJTgbdhp7j37X9eyCyx9Dgujfyw,7g8KvqNhQ7cDndt8apCqbjBdLk3sDSnSm5CQzgB164Ki,syncspace
H9obdG3r3FGGFb2SpFNiZAYQB5CWrtZtpLMQ7U8gtp7H,6tMR8UKEPPcKDbLx5F1a7poY4JV3vhmKN8p9a4DtC7LJ,
H9gDC8AqHECk5Q1hA2FCt9Ka6WHRT7S4BwyDP2hETFfV,J8j38DAXs4dPJjYeuAyWBmgAWnx4sua73w1EP6QQh22f,
H9WiRYqyRF5ZUMMMMWm2t35AooUaGR5QEgAGE3nGj2Qh,CB8Pr9uzrrFw8BFnCqworH1wMa8DsmbSKgUNwVWnDGrL,
H9W8qGU3XbHryCVW9fwia9ZiYqpjrzqgR2nbhr32AuEN,Aoohxfu3beTjyVs5kEVwSWdeUSdQvFv9b3dYEUoo94Tz,
H9Ust8XjSZV83ftWhsigbRkgYrxYBAUt8WHmmnTFDFTw,Fzx2MEY6fuwjoL1g4Mh5D6dcxp24HEcdZ1QsrVxE5sfs,
H9LUURMncUjtCrgMnWZaG8GLfzPRyQR6EGgPy1Hhkxp6,5rxYfsXyfSd6yzutGXj6jdC2eVBawasTMXaRqAenFyWh,
H95xMTTzKjEJMC7bLRrqLmC51ygh9EJDiNVTyPpiReqF,3LZhyofB2EhFSXDSuJShxj2Yit45noPdLLfAzbL56rMj,syncspace
H8goFT67YVt8s3W8k6DH3SDhyFk9E8YEUnHTQVtAWpFk,GoCBT5ddmwu3DiDJfHrgXRVUhdVkkeNGDZ6tb1TDDiwM,
H8Lk2AHYJuy1EBdijZWSaDKvY9YKA7eh5Jwzjt6FbAdm,EUyibAYTCLkPzt8YjqwegPcugfdHHGNqEs66aQPMYAUd,
H8G9kihVkwowVmSXKEbayMz1M1eLQs5vfU2buGHejSCd,auryHMdwKGnjU4ZBjtacvARm8DcAVgEzYDzzJvVFfE8,
H82ZSYFRaVL8d2C7hZryJhdshCkV4xKGpnvqdqYFv1Js,Cg5G1SZC7FQ26hs42bTZvAaGTVLjinSEDi7LYsoa2ye7,
H7RDeavi58Q66YcLGo2jNKHmfsghz8iNW3xPQPp5btaS,HTX9BkwYdwmH3xPVAyaiVC8pVusCp4gDWTqwLwzCM1bx,syncspace
H7Kma72eVqWpMhBg9WWbPDSu29djxQUP21BN4g7gnmAK,Hq23RE564UaA9WNxMmT9Rtpr8RFUwaYoh6XrGnkMoUAc,syncspace
H7JtxFCBwBWfPejFzo4imzxU582qd76w38y5m3A7pMKo,6F49KZQJBJmZ6Nn7JnxheWQa8xPxu37x7FYLHM2QiX1s,
H79wpE7cxkZfFjWCNUGLfujRxcmVefN8xDMt199hkSpp,CJBza4gwyo36DkjcGgbZxssMnzXqhR2LtXuoEib9CRAK,syncspace
H75yemPuUtCDbaXHhi7tSvB38s6kAFKgobyKqVwXSFoF,5SxJHtXSQg1KXGQx46asiSYPLeaELvoifb34n76xEXSM,
H72ruCqpEd8kxXGGGhzv16V6GaZALntSoCYZQkKnuZHE,8mdWvYHTwRdFL1af5RzzoFmp7Z3tXqRXFZrSY5GJXC3Z,
H71zsDy7EZYfFtBsBSokvvxRv3X52tyJoLiJcGPKSbX7,DcMsrqztdbWVhowqbm9iBPeb2Gj53WdPmQn3keuCvqWD,
H6ys8sMCrcHdogb9U45autUMwEtbt8XAnpmSE3ha9NBm,Hq23RE564UaA9WNxMmT9Rtpr8RFUwaYoh6XrGnkMoUAc,syncspace
H6nh3WL48VCBHsAxNzUH6yhpruffZbuTXbUUHPqJcdLj,HBu3bL1WktcKJVdtboTcDB2h4PXrDnEhNqb7GYVMiSA4,
H6mGc3ex86cuBHNUnZtUZFp7rZVXfWwVLpG1aumPRr4d,88gNHWScPbq75QunYtRi84YqvKwJZ1cjmqrF7chp8VXo,syncspace
H6YoUh31jfCfS1w4TBLsfXchEbZsV6y4dYW7uJfhe3ra,4eVcByLcXGavuwEBzJuyPGH6mUzrJr4u6kcdhy6ZJEno,
H6VP3k2TVbsR6gAGrwmd5KD6yQkyL8eku4S3AESaM4CC,CdGsHCTUoTa8qBUJbPUA6VMX9teFB35XnALYpyxKDM1n,syncspace
H6TKYXbBraL3UfpKxnFmSpdXoTjacCc6B8FXdABFK5N1,61QXAxJJLHxrF4cW6QMbrkRi6rauN1agn8VGxKJNge8a,
H6NobHKC8b3vKpqoQMvq3q71jnXdfXCTiLsGPzpu9fKA,2FsQJELBKsjgcHmdkvMNZLnNDajepB2WhyJoboi6Yq7f,syncspace
H6K7h3HgQJMCUf3sobMscaYCfscyVTgqRF1eCywyPSRf,5k15YfLg5TmTeVUAuxpQgK4r3Dzuu9ce6RwmKUdtDXYH,syncspace
H69oWgzxAvF12tjnET1fnEb4o6sWc2XMpk9rDA6ZpWv9,sUdKzUd3NYDEXZzNF2S5tcPJt2nPrmmaS5WMAx3Zw5H,
H69FLiET2UhyJCFjoJphjysyJEtbN17pGcCzJz4mMYGT,AEQ4qTvKkV8BKgpYv2pRhwHHHNbKP34isp3bHZGSXUAq,
H6856D6vSTrYKbv8neWU5BdGNZkxfsp7nEg6kaZonvKt,CbSAFCFsNQvx5Qx5iqew8LMNLUTMtefY56gWXVmqzMYT,
H65ztWWbikAGcsSTdDYy9WTuTyJoAW3wZCBw47ZkSFbJ,C8RRHEXRe2yBJAuRd7kgC1pT3uocMJB5ot1yoVAFLeYL,
H65gez5GtYccMURPxsxqxAkP6vVqocgN9aUGtbzjPHAm,8rkuSRiskiEbYUs8JrcgStrWPPbjK5CnNvtWRhnWG22r,
H62Q5kjUE3XyrLonVszHhKNjXzoe5TbR9WzbsE4phvS2,FPNMQhpGtXRdh4LcMBQs35KZsGpwQYJDRicPgD63gUj,
H5yijdk3j8Hzmfp11Y8EJ1DtRAxNHLaNxeL2Sed7g2yR,AbXEyq6WFQoaBZTdD9wWSFcKXfPNiC9rETYUsCXpUy5T,listed:magic-eden
H5jtCQjABPmV6k5bSPiMpvoCVpYnD1guVYLBJVd5kvZJ,Dav6suLg6CwdTMqn1ZYCsJfpbeUgFqKcG6AeY3th2LrV,
H5eZXLAMrvaqT8Nz4bQaZbXg4VVv42iyTVwjXwQ5P2rX,39zxZacsyvGxUHTnXBZrsZyRsG2cPK9dXL5kV37drR9v,
H5QqsZzk4HX4jVra9rmP9tbsHGMRzrGdJbH8VBuakAVk,BcrtK6QqwCjVdEZAVQh9xfAh51GPwbj6jRm3iX6MbXa5,syncspace
H5KYVpnDckLeqvtUyDuLwrYd9NBkHp6K9R7YswGqr16Z,E5ETMpSXjxXVm8TXPrEdTuP7hrXQSdXN9e3HHkNJ9UaE,
H5JC36xGkFYezEs2Zw2qSa5uDG1B3CkW7TdtbYT6jYc9,9XE3MNmqGzHveUahYSvTVtBQzvdRVWGjXdgvgBYuy7Ma,
H5J75uX3a4dz3f4FGHRcyJ7JnRJgrTxBdkFwGVjhMcL3,DnkxUHYP9TTqNkEEjsz35VvZ3FfUg9tLEVicdBjmRMxk,syncspace
H4kPxgNydmtLwAazjmieug81WreW9dmB49qhFvaANjfd,6m2VvLE5UZgQc7ERYjSXJd3SqybeUcFbRBUP3gRLUE9w,
H4c5ZV2wP3M383bGCRGhDwQH9bAHw7kSdcv1aa7CGZJq,DZvtWVXWfi9PaJU1zQYGpV3yJLmuoLwPbaCHL5799DyQ,
H4YMTwgEGTGAQqMsu5D9KzAxWfYWLhj2HF9J4fwRw248,aumuHzMdUFiFCvJ7kk1djU4CViSzxJk3FjXTXgvdNZn,
H4Vbu9N9mjvpvAaoFF4QvLp9FuUEcdgzCzCqahjbUWJ7,aumuHzMdUFiFCvJ7kk1djU4CViSzxJk3FjXTXgvdNZn,listed:magic-eden
H45GsPyUBtP72aT5QStfrq141Lc7Y4psvMm7n7RoniQ8,24bVze2hFjNeLHd1DdB5TnjkRWZLfBudN8XXDGWwySCE,
H43QVNwoKXnVmQk1ZGkv5qCp19EZSrWj9Z67rm23dPc9,4Kut1bgYAeWcMTjeMAJzmpdG5E3gEzxLtXuyj7BCzbgW,
H41beaTYF52mkuxUssUmRTY73V2CTfbafeG3kM5o8vhf,FY9NAS62iqRVkjSwzbWkSLammaLLa7WMduHkKd7oc6Te,syncspace
H3xQafHgCUrg8UnaQt38deiz7vfo6KoC8cZsxy6HDbbq,H4XnfU3Sr1J1sFUTcdE9jfWxvbLAomjC8UNZkNpzScDA,
H3wGEapoPowzMUjgzQLdguGNqX7Ym25y7xT3ZknRaBKG,5pMXp8atTUxtJ4f3AkV7yTsDE23xwojpsC7MJA4CvqSq,
H3idmvn7EanhcP2JXtPdjnfUvxr1VxBfoCtJvvXxUPbc,2YiSkUtEe8zAKnBK9YbEMeaZoEQ3PnThDW7vFcBtRDbh,
H3hwMxRHokYMbwY7uGzbM8BBr9pWzoY4PmBpomjUrZXT,aumuHzMdUFiFCvJ7kk1djU4CViSzxJk3FjXTXgvdNZn,
H3hBa2HEK4nyxQRFAUJVnxRyYZBwKZHn3wqwhwsrSzRC,5AysHo5vYHYcqNaJ4zrKKf7aRFfWXCCtQ9gdPLfpudfA,
H3eTrrWnbQLveZ3aFxFKzBoaJs1SXRz11m2mbbMkrEmg,DTUVLn3orb1TEpkBmhZvjJ5fSXFU24RAnyscu8p4ELsg,
H3Zw3yDyZy7fXaMtRWk9BkTvSvVjXcLpESamntuyhMvM,4U7tf3ChxC8mr3KHWnkV2bE2ogBJK6q8LHLvU1F9BhKa,
H3YTtBmV3MpTT2BoZ6WZ7aZW2ykLkxLjEoo4GGmYpzcJ,5wceam6f3i2PNykKQkomeord2dhxsmyTEaEFxVLVaegM,syncspace
H3Se7HippsAmJLJkeoQ7crYK6oKKcA41y9KmQ5quCP1r,GBQDZHHC2aHpgg4xvcxCxH6YeWP6dgZfWtGmqJMxgkqm,syncspace
H3Q1qLTUNrGnAxgUmCB2PLnhEe68TL6tG5gQ7oUCp3g9,G43e2oSgeTEaxN3vc9iCKUg2AXaNhfs6KtRwoxgZ6qdP,
H3J3yubpdAYkaRaBpUWkgw1JKST66aGtkFSviFSRaLHT,FPNMQhpGtXRdh4LcMBQs35KZsGpwQYJDRicPgD63gUj,listed:tensor
H3HzcM7yeTrsr1EoU63JpT7gXBsakiupLHqSxRXCozpC,6C3okBtRVg9N5Dax9JFvvw9E7BZ9gcETHEzfSfUnGf47,
H3EsxYQyjyPsjgV2JykEzDX4PkhAXVBcFC2VAu8Y7Cpc,AkHTrLH3yCgXJh31Tb8UhQJxJKJFDpUND14ZfUzvsRG2,syncspace
H3BmTYiS7G4V6H7XMtkBaUx6DJG4fwq1ronMdMakn3gm,auryHMdwKGnjU4ZBjtacvARm8DcAVgEzYDzzJvVFfE8,
H38u3KAhMBsnevTyWt84TQZHiAwhHhChfcqbH92Gvs4P,G43e2oSgeTEaxN3vc9iCKUg2AXaNhfs6KtRwoxgZ6qdP,
H36dJXcScUcEWzCG1D2xQtt8wYoCZdpevRh6tDCxhvTz,7RkHqvgSekLwEPxprm9MC8dmtonZV2wmsrirpFwFXcGH,
H2hNWTsPqMndTDb4hno8VG8u1bM2agoK651pZKCMV1Sv,HXb2YB3VjGMZiTbZiqwgKkcYwWzWcvhbSQNwV7c6HbZB,
H2UXgGkVbh8cNDRFrXwXsktf7an2d2yTXV6pKyp5c5D2,GWuAeuRDpAwKDxnVEDRW3hYn87dw8K91ZLrhhZUCftnM,
H2PZsduqXsuxzhKt4UfBxsLkrP6sWriQLkJKsjb3Ee3Q,HTX9BkwYdwmH3xPVAyaiVC8pVusCp4gDWTqwLwzCM1bx,syncspace
H2HfDUcUL5ujarxn8dY3rRZPfWzkUS8KAvami3N5MFkT,5cmFsgeoRQygL8F6WqUt4DHHU8CaPc1iSwoFMfWcxdkp,
H2GRVMouWD6huPGsbafmujj8i8CGLiJK94LcjAxcaPCu,5rBaN14mCzb3x6BQd1qayGMFT6vGpddjzNr9KRFW7UFP,
H23bVfLMBXogEx618KQai4vbijyaDAHX5L9nnLo9QK4c,CiS1udKWfC9tQqMLE2pDCryHMUyoCaL7PNWY3hm5o49x,syncspace
H1uPZRvHZfV5if2GPYNT5Fouf27KcaQDxBMZ2ULfC4gh,BxMJyY1EsNoWuPgfR3NEDZ8xxhYpn2eSERgWUjxcoztu,
H1sBoKRQq6hjtVTyYYpDeAF77TWXRs8XnxvrvzRenk67,HBvKBYH8pT9HgvhEV4V7nASvAECaQUpKiaUiumKrJnF2,syncspace
H1oLppLBqpULwmRP4mjW4T7vaKJq3xSJZh8ZnXx5nQ65,Hg2gqbjGgL8NZDmJk6jfqskafuK2pPqccSq5FqamaTX2,syncspace
H1ipGNeYG8Smffz6jQwHYpSTAK44Xwubg68jsnf1kstR,HTX9BkwYdwmH3xPVAyaiVC8pVusCp4gDWTqwLwzCM1bx,syncspace
H1gLapyKE7wdSrJBB69smuo5MSWsAjgkSvwkp6MR7ewZ,auryHMdwKGnjU4ZBjtacvARm8DcAVgEzYDzzJvVFfE8,
H1d3V3EUEyGxaBtHGdGa4tvhAmJqxNdg3UJLgLBtvGyz,EdU7ntVoPsVZPv9bzvuHq4UaqEtvCdHzxfnc64qUYtg2,
H1FvzB4ViGccRCfkvusM1NuXycLRQSr56fLHTDpKomhP,BU1EeLrGUJzF8u33GSVmh2tyHtq9Z9G11WBAtrpunAuS,syncspace
Gzt2F7h7knTNFcnCo6Y44MtdZrQE7HUwkky6K32hnWaU,B9YUdZfqNcbiZayBFZpTi9L6esntZ9FQVqyqFUFfhx9T,
GzqEqsF2wA6PZxV4rAqBuPkHXP5vv5UQDx87M4HNw6BT,Dfc8UPuSpYtPaMLc7UjcUdMXkfW3X1yojDLzp26WVzWH,syncspace
GzYoExHF8ecPmNveoS9KBFtB1JG2EUCkNNPQL6aEjqKP,auryHMdwKGnjU4ZBjtacvARm8DcAVgEzYDzzJvVFfE8,
GzFP1JYGwX1evDT3FUhm7NGkdcUkQ131YDqhZ6me6iwZ,5k15YfLg5TmTeVUAuxpQgK4r3Dzuu9ce6RwmKUdtDXYH,syncspace
GzE3RTpa5shrFFw5ZCPjd6ohQ9PC9Lkotjfi1Vk2wwz5,Ba8FKZK7TZgnXY929Wg5fdyjhNQXJmCHyi92xLubkzeC,
GzCb2cKVZwgftiiEQ5zhzpAaEqrBDvFnDCLSevxPeWZP,CqA42zXaf5zXk7EW7jtCLfL2uH1efuB9GtTfjfJ2hzoq,
GyoRfwbT8EMF6iWHTJ3q1U8BEgwSUWQYCwiTB7GaiGR5,9D1NDR74w4G4AmduyfAR9bQm1sPc2P4nt1EKHZi5Qu1Q,
GyjUypebqbNL6CirgDSquuTTZEgbrc7qfzrQMLEZtsKQ,5D6BKue7GwNFp7tfSXyDykUz87U9s6EQpU43jASXCibK,
Gyfq1GKYgsRqsiGbKGGTEZo14UBErFfhfEmp3ctZApvt,EFRrTRCFgYsLXBgPabEYLkoiDEBpzNHy1j8QTFLC4JYw,listed:magic-eden
GyfLNoXCkFs9WPosuEhnorvvkd536YJ1324ibB2Nb9uM,CCzz8c7FoV5w3QF54mchtzTnPNCpZ6ynyCUA9kxLUUaz,syncspace
GyaVGL9D1PKZYBJ7Gqu2m11GgeEyeh3bJQK4MbhjyRsF,BHv5sd33NdvmCrWP5Tv2y9dHU5HMMdY1TW281dtBou61,
GyX2TSLM6q3JpWWYec2kf1UyUxvds3rPn3iSxdpH5JU1,BxMJyY1EsNoWuPgfR3NEDZ8xxhYpn2eSERgWUjxcoztu,syncspace
GySCcGCZ3XkiR3vLcL3k7YReFxAugCoG5k3rF6Phsg2F,5wceam6f3i2PNykKQkomeord2dhxsmyTEaEFxVLVaegM,syncspace
GyS4j5tWxFgPuBAjwdLsVu3Q7dxdda6WNn35Vhn7G3e7,2A7AezBv2BWAptTGdVAEsC7kuVMQYV7MsBEE7zFGfAx8,syncspace
GyRvjjUVcc5YZTnE42o81akom81AofrfyU4uS9xfT3Tb,FRnFVoakjCChVX5DSSfoyKtTqod36uQyB7deXqNB7XYG,
GyRo9hzzutdjBaGbmbikHvH71gqbx9Ew66UQgAvHYGx9,CeWoFkf9waPcsu4BcLnCLLJMf6ABjeueo3AgFFjP1HQf,
GyNjkuGnPv8uJYCBXdAkiHAkcRza4g9N7Qj32WvRq6tZ,FTwADibN8jnndAFM7iJDksYqfioPBEXBUxoZRJfSi5KQ,
GyCZFEEPzt2dH9JJDZJFMDFSXL3Zp79LzpQZiwmSdYtR,2HmfE9G1XatY68JaJg5m17Lwi6fijxmzdm5RrtPaKDwG,
GyALKkzeR6hmgH5vFhFQBWrkN9GgVPm3XyqSTu3DFcSK,8BXx8o9QfJ2CSC8DMynxmTQuX6xyMtgjwBdWKf4UbrqM,syncspace
GyAJ3myV46jx4YZX95T4hJDrUUn6s4fdLsvKLdeSw31M,4qYWqy7eVddKcykU7XtpLUrKYdF8VtPobn6tUuqKhWtv,syncspace
Gy83q1RFr2JBHd4FQsCijoXwi8Ewm7WC7yJTxR185BnK,7WKriygzyHVThSgfTBvVjmNPiHFeJD4C6pB1PoDWCU3K,
GxuxcyVwGgxZkmTEqEQRkU6oCmPety8HXABZdhq5MicU,HPY26ZQcxt6TBNHsWN63LPF7vX4TiPxZGSmvXxcwQQ6B,
GxpM63XE3DPqKDoPTzk5CDhQct3BBLdC15iXpKdheQGG,BzEtEY7wGRcaGiHxeeazZPszJ5iwggGFAGv4Lqj6oBuh,
Gxhxgic8AQfmhMckSV4oYYd4GxARvrmNiAGEGXciX9vi,9S1birKfRJnijto4dseiN4omQNGV4iWKFfKZdH3FZDjt,
GxaD6nRBjASHNbfTJmhbhRq8AGNRPoULyyvjwNyga7AM,9qj66zMkDdUBFw4GaAwKBgyyLfYRt1Ax5nmQGjhV7Lya,
GxWTcnnuPytGMktNXn2n6UgaFVtaZGyTCGcRbF3JDpWm,3j55KjrSyyegk9r8gGNNr4Np7oQaktPr4wWh7DVu62Po,syncspace
GxLUE1x4KFeUbom4tj2ThKimVsPgNKeCUAP1t9VEjXyE,2tV2t9ZFrEZ6uu8MmVcrkQUKL8hekFWhTxXfcJTYVTgX,
GxGC5JGHNZv8QuEtMkH4dtBKMubpgnpZEP8oCyvCg6Fs,AEaMxfnmSPNGCfvG26r7gbKiPVcBWdqoVth2AuYyLbry,syncspace
Gx2bGXtbqkuot4NXzgeoHfhcnZUEhma3uGgEU8y6dawx,FRcfhfbffT6qyHwQRWAJAK2PoiEQS9AEgURtXrbYexUB,
GwmSe22C63oZXTVvHsFVAndaxLzhpo4FV6HCHDnQq7Z7,26UgX9WSX9vadYdgfcp69nkYK6mjgfkVnHkfkGCyyqGh,
Gwh91LecijxrNuG6W3RS3FtE7Gbg7vsS9sm7YUySPMpe,CqA42zXaf5zXk7EW7jtCLfL2uH1efuB9GtTfjfJ2hzoq,
GwYDgC4YeQ24DsiYm6BhhUb3UGtNuV64Y4pzubYNuodd,9HhasHnFgSWKbFyWZaau9kYeiUSXRo2FRfLDgVQcjCR2,
GwVhSXWiU5PCw6nhWNgfbVGQgr2aPXx3h3rLjWRJ9quS,HWXBnUThH5wH4MM5fh2y4mSDUwhEkJaHci1G6hW5qiLB,syncspace
GwH7NADWuF3Jx2sbSQ2RfH18i5veygGetGFc5DnBpVt1,Hfe9CUfeeLbc6xP6yAFvsjs7oEn21hALBgxVdmLg5UrS,
GwGXBawfrsSbqGe7oN1ymoRA4bm9q7ACGDqyVXt7rDRC,AUrox7sHx1L8mxEPrNqkVjHa16CXQ73UbgZtZTNPNLjx,
Gw68A8a8A4HLSkGjjmBXhxAMo5omas2Q3NgwMtgKByM2,auryHMdwKGnjU4ZBjtacvARm8DcAVgEzYDzzJvVFfE8,
Gvk1vajK2AkuEf9ZUkCK1SRe7yW8FJh2GQV2SBgXX9Jp,9oX2sT2z6xHPjfz69eJvZ9HWBNkMYLJgG9DNHtXffNBR,
Gvcx5HaaBnztZBMF45CEmebtHaAhN8GnDcyFavEVUbZ2,CnTkAQdqLV6CYBfxEgzmsuXoCZiTfHR6x4SM7DeN2HcT,syncspace
GvW3LuP3irjvWt1ePQeys6e8vDq3mEs67TCDcwd6iEkx,GZkuFyYWttzKBPqELavti2dFJuZ5jGyw3pfXDCY8GxRE,
GvFDnTiM3sJuuL47pqeP5NRrGZ28yAi5m9wCfmqu3Mn9,ADqrk7MYjYrSf16cADA21mMkTTXf8DfkmEGbb8Vy6WHt,
Gv71k79BBz6HtxAgHoGJfCCj9fJahLyzbZVcGy4EyQ9z,FRnFVoakjCChVX5DSSfoyKtTqod36uQyB7deXqNB7XYG,
GuxCqEoZmJp8DULXBnaiaURHzDS42LChnZ1VUaZw4c1S,3hcgRwBE1gWGNsTGQXMvmM8Dip7wHh9MGZMu75ARGhPN,syncspace
GuoxwwX4niU8pQLzd1TGvrzb5vh6PjdgPAhYgMN11jmQ,DBzW5t8Dy4syHYxxkpFweFvPU1cd4p4Jv7qyRcCSbbhx,
GuBsNRmYEnwrjeqGaNdzaeMZwjxuEYSURMPbmGqQ2M9W,ANUkikZTPfEoBrqtveRAeNkvVqZv335H5Nvspm6u9Ghh,
GuBFCNaFyMerEw9qFP4jQDoEQvS4rH4xamRoT6q4GY5G,2kp94Xg1qNh4rdfTYCudyM1DuPGCiHMu2AE8b3t4hzyZ,
Gu7QYn8NEp2Wm8UdH8umxKNQfcVkL8kTCwFKApf4zVgM,2MqkKWBng5Rrc5kUAqzn2bdKW6MW9UNP9xsp4HY4HuVk,
Gu3C319QezrEurRBNp7AhSbimyTLHSeRuSBKMHdydoXe,9arkxbiNqDLzMiB8gKqRd9QyZkKToJhMnZh66E9kZ5RF,
GtzGjj64HG419ZFywPycYRjtRJfkqCoTqYi5aVofttKX,3XuTT35ACjJedbHA326mmYGxh1eXyjqUhzk5juSDf6rA,syncspace
GtxRwrctDP98vqhvv7Ln6qvPvVuNYeqkzfcWQ5CADEZ1,3j55KjrSyyegk9r8gGNNr4Np7oQaktPr4wWh7DVu62Po,syncspace
GtudkAezmJYst9ZUtANiqkuq2fEEvGTk7ZUWAckzHdid,aumuHzMdUFiFCvJ7kk1djU4CViSzxJk3FjXTXgvdNZn,
GtfbZmnhfTt2Tx7U2wLHTqzwLNY8Cuc9i4psWgge1ghy,ArEVZBhB7Rf7BvRwqu7p5BWg7GHREfWdrott5tJUPs2D,
GtWgvZs4caFkEjwsPSEZNbvhhncUBmYdUHPEg9d7U4WL,G1rTKbU9TwsvzL66Pevc3CwZH1sGyEJP9fyEcnVGZWUd,
GtVjQEfTL6pGtzpgyR1vamZnApEFDRxSgqmAtBqyrbWx,Hg2gqbjGgL8NZDmJk6jfqskafuK2pPqccSq5FqamaTX2,syncspace
GtTF5pr24xt6tpcn2C53ufjND6ypcowZmkrWQQbVn8tK,88gNHWScPbq75QunYtRi84YqvKwJZ1cjmqrF7chp8VXo,syncspace
GtPegAEawa5PKFXJuNGnSjmmLZesTDDzqZphVDMm8tTP,F4B7vU9URtWNYYeSbJxMEFEDDgpzi2MG1oduT87b1ffm,
GtGcQe4PNHeVcYr1msV4kri7t2Ab6E6c6Te4zzcZTQ1S,F5vaA4a2dZaUnJD7vUx6CuMnTqYEhmZgYTQ2Zf5Fw94G,syncspace
GtGJqPiEAFrbLC7ZzQB6eaTpMLdZx5CodnMnvpWFqvf7,9t4ZfjqAta7Y5eGwb98XDfsYf7dY2HpuDdx8TwNWPfrr,syncspace
GtBduy3mz9eCoo3y5cvhp3dSRjyhvffGHMg4XMYbTkjT,QBc89PdYVbTPZXvXEuA9b9wayLGpJ9ua5amqE6LPrwB,syncspace
Gt9hS1TL9B7X3jS1Nf7tRbr9GGCA5PbZZxxQ4WKpSP3q,Hq23RE564UaA9WNxMmT9Rtpr8RFUwaYoh6XrGnkMoUAc,syncspace
Gsw1PpEeruv4gmVUxRUwhJBCPd5w9Je8XKqvk8q2QTTy,CzYv2YAqvKdYqVnGX967oFiANBLtZF8awjpm9jTewVfx,
GsqGy9im4n4wvbF6fBpEmxEPzEZLZBew9j7Zb82Pvc5f,3ijwbSGhaDDU5jusKYU8dbm7GW8Y8SjQ43xjxrPGgY6H,syncspace
GsnTgNH8XtpqdytRoWkm8PSHax8v1WRhdcg6ZwMvyper,7zUPXe4VqdZaXDDJLrdEs27No77CcV7j7cxHq2YqB2HT,
Gskcs3HS916bzof3E2Y4Y1GTgDotTbec4ww1N3oTR42b,2nFZ7wmYTRHmQTJC8HrisvD22nagw8KwHJ83Xjw1zwn1,
Gshid91SCk7Uh652BCW9WPbHN3yoJXP8YzcsVv8fe2mD,87x39Y3MCEgn1TvDP5h5DjYMbuTJm4B2kNTZxjeA8jf8,
GshXGmW8iEEV1Qoso6EmDuTFjGMkboQrVhW9Ef7FNK6J,8WaK2tEVxV2wXJgWmKur9mjWEh4MUZgb3sVHZaCPN46e,syncspace
GsYChx4DvQ5XzjCN5J1RMfptT1e2GuvT6xaEKVWqcN8b,DWB9VFQUfd2H2LXgToCw7hGQidm7vLGiCDpGoJ2LkdJf,syncspace
GsWwdyhrTEZ3E2YJSwxoYeGp7aq59RegVbsRjFc5BMib,HBvKBYH8pT9HgvhEV4V7nASvAECaQUpKiaUiumKrJnF2,syncspace
GsW1NZFDce9afHWyva7p4tFWjjgXdgWyKUpmGEg6VCNX,HTX9BkwYdwmH3xPVAyaiVC8pVusCp4gDWTqwLwzCM1bx,syncspace
GsVE5hj7mgjCiS8AyqZnGcVDEJXqvnJ48FHbQtu3mBNp,PEr9tdkSvSVsi1f8n6Kg9CeeQRmxKctoQWGmy9sSQbu,
GsNMgHgA3STc7LJ9D729QPwZWNN89WYe4wEukTaWpUuG,FY9NAS62iqRVkjSwzbWkSLammaLLa7WMduHkKd7oc6Te,syncspace
Grw1SvKW3om1eotcHduqc5Lk8PmV11EeyAQNUuYeMbwS,5EQR7VxdGynkhFJYPwp5nopowVaiq9umxHw55rGFrA1F,
GrikwjcLgMq1vYes9jRhvVsC9rDE7cy4BFMUZXJ6vVjj,5RWPEBjv1onbqFoA1uiPoCk2iXhSvwkqEpbmo38KdXmY,
GrdUNsbLKvYQ18n87qCSppR8wkAkdqT8d2YZMZswEaPH,5AysHo5vYHYcqNaJ4zrKKf7aRFfWXCCtQ9gdPLfpudfA,
GrP1RmMkwuweUkZrPR6tLYZBXJeRbtbLR4ttZZvFYTBG,E6MafktJ79ksKBG3uJDReR3pWNq3rLJTPQ3VpVs9UoTU,
GrNf1mZSSjTdUVCd24mHbTbd1iu4rsNMk592jrCjGWRg,CZyv4ABaadFKK6DEMEF8UbZ852scVApk5wmhMMuPuRLE,
Gr6f6vBmcMtxuTz11K9yXD7hSzTaoFT6Te3sn7n1D7Zy,3xfmPayAefmDToKruJNFrtEZWQwGLEWQSGJ2rBBb1xMV,
Gr65xh4mBp1aRBr1uS29cdbbR6FmTv7MuPkkavtKfd7y,HTX9BkwYdwmH3xPVAyaiVC8pVusCp4gDWTqwLwzCM1bx,syncspace
Gqsgf31UPAFvWmzo47gfTzoUJEcgFE5fuwZ7RwVxkeNU,DxVbWgoq4HBXyr8KvF7pcdcqi5jCJh9bUZEefZgoiExn,
Gqhndy8vLQthpZbcv59cm6z45BUmuv4zKRXxgGVMXR35,4AR2Q3xMF9zXMXWonz5BWLS78Xzs85c8kV9trotCUJiP,syncspace
GqTeohenwj8rMnSCZSERodcyutJ7FBNLrgqrWNoBSNXj,Aoz5R1fWe7hDwFbUgpt9xq5Jxo3SbPgdS5tQHmR1QLwh,
GqSLs4vUVeee218E4DtJ18NF68UvFJte64D5YZXabRnN,Fa8TzVCkeQd7ZMcGNZEvC3kvSKtxMymdv1gCVZoPexuW,
GqQVcnnfAejaSLCaZstLBDYfiNetuJ8F8VoEkABG7one,CA5BUDXpJwtXKYEjwCqjKiU5c9qNkj3eARmeoSPtJ6jC,syncspace
Gpz1KENoXkX7ezNkYVcdeZ5FeYM9y3sP7cFRmxXJKvkP,G9LVrn1hatSKxLeZtwojcWGzhEioaA9bLG8oMbyfAic4,
GpvB3uHT7mMTvspnTSiWsm7CWqSGxT2Jcyh3K8hZbrHC,HBvKBYH8pT9HgvhEV4V7nASvAECaQUpKiaUiumKrJnF2,
GpsbmJYKn8Aem8Qd1Ad685rCmJmJjzQxqtSLXUvMKKKW,41TWfPAsKway3DK7mK5LDWY27KTtXpHbpUQXCgwGh6Sx,syncspace
Gpp3p5TLfMTK83R5Bnm14g374Yjq8s9un7ecgExPf7i9,BU931pwy6gcLdcmVcACR2TZDrMawKiVGm8yutvJiPGzn,
Gpn72oCT676eB3KwbNiACDYLC6zvBFM3UkFugqqikWb9,9qj66zMkDdUBFw4GaAwKBgyyLfYRt1Ax5nmQGjhV7Lya,
GpZzWFEMbET2AfiPU4BSBCrc95p54H8umUm36viD7grU,25TqXN4ToREvj3CVYJcTP1MWbbi9Dd7uUeQ7uTW7pmnU,syncspace
GpJVbS9NzKRqNo69KmtRf9iTVu2ZSYw7aYFywQ12D4R1,Cuaw5b1dc11T6G4Rg2AZQPL3riiz8P3JrUDKAJ8jXqSM,syncspace
GpHncpYw4BVG3B2fWkYGNqanSNGjxBuvyoppuQX85xob,5k15YfLg5TmTeVUAuxpQgK4r3Dzuu9ce6RwmKUdtDXYH,syncspace
GpGUqopmNTiEBHsozfQKdcDWvdCJVox3LeFw4GqrA7MV,9qj66zMkDdUBFw4GaAwKBgyyLfYRt1Ax5nmQGjhV7Lya,
GpDjUYj49djwJ26tVKSMaa2LSPzWYxkMYDXeVzZ7K3un,G43e2oSgeTEaxN3vc9iCKUg2AXaNhfs6KtRwoxgZ6qdP,
GpBnCeAocbNWVXGxyFwVLncqfhGiRgiiiKVTF5fUDujg,aumuHzMdUFiFCvJ7kk1djU4CViSzxJk3FjXTXgvdNZn,
Gp8wZfQcjgo3T1Lohu22hJq13PkEzxEkxXshAtC6Z2Jo,FRnFVoakjCChVX5DSSfoyKtTqod36uQyB7deXqNB7XYG,
Gp4CEJ77kt9ir4ousmgdRA29XedRLq9Ru389DuCdNeru,7vJtojhnNmMSosV3iC99q8pue48TncSnr68UFVDX9qxw,
Gp2r9XF5hM94bSdHpccP9rHj9NCnqKv8QrJMVr6GGPzA,5sWsediccJMsGTayzXtKWKkAaYLN17KBa78otHRrFV2x,syncspace
Gou1Va67UJ9ETbaCDk5z2kjvriTaxHiP4D1k6bbti79V,EgE4Gn3FoV3X4oC4jNziFpSbzThUUeEMBYjDpiUzcsFo,
Gojb73ro13sMs5tMCsrsfaic7YiEWxq3NXJcR4YHoRbF,AEQ4qTvKkV8BKgpYv2pRhwHHHNbKP34isp3bHZGSXUAq,
GohfJ1YHWwzPDJ6ZJjmPG4tNDrebFEDFFuNsCGNWzMDG,Hq23RE564UaA9WNxMmT9Rtpr8RFUwaYoh6XrGnkMoUAc,syncspace
GoJSEqFcsoDnwjPEQCQaoAi2QZLTdy73D2gkUgtB8p84,ADqrk7MYjYrSf16cADA21mMkTTXf8DfkmEGbb8Vy6WHt,
GoGgWjQ7FF3gqWsxTZ54ne1y5abFzpsca93dqMPLzxgi,FRnFVoakjCChVX5DSSfoyKtTqod36uQyB7deXqNB7XYG,
GoEeVNvrT4UProp9AxSAfKYeU1UjLbyfGaRNqZQjLacD,Bx75xahYNSW9G14EnjKntV1KnBWV7qWEgDneFZqWbHxn,
Go97os2vMFtestMffea6tQrn3cWVpXfKMs6nyuQwNou8,7ALqfWWLmNgiBASJzdoSY3z5K5AWURYTyfXmztWpr3yL,
Go68cNvkFdVTCFReU5GJhzBUYfzyF37U4Mpb1FX9rUUQ,aumuHzMdUFiFCvJ7kk1djU4CViSzxJk3FjXTXgvdNZn,
Go5D14uN8AnCwBAs9qtASFLQ4R6pG3dWBXNKvULKLjWD,Fzx2MEY6fuwjoL1g4Mh5D6dcxp24HEcdZ1QsrVxE5sfs,
Go24ZK7QMtn1zexta1cGV8T4Mz3TqM6zk2z6rasrGw11,ECrCEVZ9Bqj9EuRJr5wW1A11aV5ctrHbqyJXcEX7swwJ,
Go1hwSUPXn9vr5g18VMdFzYhqLg8Nndew5oyG8oqAh5f,2sGRVk5C3q5fMg86L5N7oW1ukeQQBF5BpCm1Q6jETq3J,syncspace
GnsG76mG1YB7QtqUy7YbSrP6bwbdnPaziMqLp5HbDUq5,2R1EUei51xAX8UcDGV4XLh3vQNXyj24cme4BQ87K2Huh,
GnjnMvH8ebxdEkwvs1LPA5fJdf2x18QndjsrVnn7XFKn,autfyCR5psTc85smVAcGQajFT4TC8xxPPH1wvJu2Grr,listed:tensor
GnjQbAZ6dXUF5fU4hiXHcBUnEuKsAx63pXaWcSRmswDL,94LHFYVPrhcYae77WLxoKajbSzCAJnyZbJNnmKiWyG5e,
Gnim6AVhaFmGAKZF5J4Afn1LKHWq7MWR5aku6jDXkZ8f,CiTqH3c4L7a6ywi6ndofkFechzujFD5mBdQ4WQdQcAPQ,syncspace
GnSQMSp6bEaA8CtFrBfVNRzKYYWTjvz66e2SBEr8khAU,6aX94x2Wt2vuTATanQpwiuNxw9pbZqTUdtywJgdy7wrR,
GnMh1qF73YiPDaYNGMKQqzbtz5otbeKzZLe2Y9dtcssW,6BmnZ6VG8WX2QXzBasVEXqgXPutzxvwvHpUMg21Cpz5h,syncspace
Gn8WdTYg9uc53qjvvFCUur5Qocbfi8ckm8qYki9n7HVN,3py8w6WyJJNX7aBxjA7tGK8aTyUK7fr67BK4bFJJrCmt,syncspace
GmyP7MFy3EUgzKzPPfrf7m6vqj2d4k9jvcstTex5j6yT,8DUt4hCibfHYGx51R3AJiKevfay7iZCsSemU4NQo86en,
GmxokMpBeB3FUMMqArsNK2AxTc9X447YQFQNbjfDwNRD,36BWr5Az1P5CPJAtSVM6DAqzBY4keMowLbEbLXxSnSyE,
GmpiaV1B5Ly2qWtbnqaJV7qXp1wWtACVdDxHv79TaPDE,D9egYmfGfdMamJ2ochKNnp5EYmhBHmd561apb67gPeN,
GmnQKdtXKWFRE2JgMBDWKeemjxKJdQbkAAyX6jKK4H1V,H5qH6sUwmigdCdR8WmRNFM8HBvwaZwyErQ7kMVEaTHcq,syncspace
GmgYCgZtk1XkxkPE6ykZ8r7mnV2vyvodcW29X3shxHAX,4t8jDpouoYtXDT12SFADZ4iab5phJUtgRT4T2covPeVq,
GmcqqAJrMZ7yh8xGkE5APCDtHbpWJBtdyvAHkJ5KYkuw,E5ETMpSXjxXVm8TXPrEdTuP7hrXQSdXN9e3HHkNJ9UaE,
Gmba3WTSrchUfo8dAV2wqnPbG9byDUvJ2ghwroGHp26f,Fa8TzVCkeQd7ZMcGNZEvC3kvSKtxMymdv1gCVZoPexuW,
Gm64w2U9FxzekmsWxgPLMfVU6C4eqKmxouPRcgVxss3M,8VcHiYLd6V5fMFZzPF5zoc1gztiav4apEQvFSzHNbYm5,
Gm5Ru7rJ7vxLBFx1Sa1DNcuw5LH8fmALmnbSNPmkEeie,HebQ21s525nBZivR6k3whbamo6CLhNNkYQW473M4oL93,
GkqWz6GYWxhcFmhRJXcg4W1cgrKTfTmSc8UZUSnoUknV,4t2Zz6Mat9jQbEB1ZeVvnsUDM6SDTTTbqw4dSvh1mCuH,
GkkqRJr8yubahutdviY8EAXKY1rSyUwcx3a8kSdpLDZV,Hgag6fSReSwoxh1f9UCWCLwBhPWMXXZFGFjLjM2q2Lhz,
GkjytmoPYFWZqxHshiCdFh1hcH35HGrVB8UmiCccM6cp,DL3pJtGYBCaoTh6UYzddZo2GqMAiZFiwzNj123ogWbEy,
GkeL9pxbhP2c7qMYi5iXPGWYrcE2fpwCz8zmupP6FkVo,DnwwoQyVm6YCj5HipawpEizrBUoRgYzsgJDFJ9655fn5,syncspace
GkZQ622maGCULZettopE5d7mBr1tZeG92xHpdsKhvLwH,EDEsA7yPr6TzDciCWfjQydR6quCfWo6aAFs4A2bRsjS4,syncspace
GkKHZM9xkaAqAfym7M9nS2eKrEugJUqgMPYgn3BLQ84d,L5ufLMsfMZXWpZGpcy7U75E14bDJBkShw9VFkGTWUts,
GkJRsWKy5rSy8QGZZZFBYFjFHopxUKbi5koA1LwsSc5i,7LAjESa11JXDQHfPye1JC7jvVjtYhignL8QdL8U6VCgn,listed:magic-eden
Gk3U9eAYn91vR2xY86EVgBzXNALk7mH13VeJPQDWDHYT,4eir4ZRC8tXGJEtWKziew4RFu5ft2cV98ToAGdzXGsPj,
GjyP6hGud53YSWkMZF1URGEkh9xbSoHRrAEpncvhejE1,AkHTrLH3yCgXJh31Tb8UhQJxJKJFDpUND14ZfUzvsRG2,syncspace
GjbUf5rk8ZHv4rZJij7qT4DJMegrjdM11A6a5quMx9PH,B1VMDi9rw7QPvFfqUsSTEohwJee6PyAMJUimUyyw9rS1,syncspace
GjbMv8AA59i5qXQfvoQPc6f7UTf61RiXMzGtLo1b1SDZ,C5qgfywmdMWo6CjfyVRtCjJ24LTgHvGtzV8PbjsVcm9s,
GjbFdY7fg7vbMNmyycYArJZaPDHmsiqo4VYHGvmNTkyv,6LnH18SQsNqVN9BY76zCsNP8ur5XVQtKgb2t2iq9aZfs,syncspace
GjZfp5vNCN4E1AvQZ5QJD7uHkyznnVWfqGhDAbDqDnvK,HYfzNhjQpiqg6GF9U7uzhHaBY9rEQicgsH6PqFTVRmfA,
GjKtMmJ7Tku5W5v8DKiLBHVDjuptELEdhM8TxBszBxqx,21tWJvbo5sWaRhw1EHLStVvv257RDRwwUqeip1BDuUT9,
Gj3zFR1yu3UztFwUSWqtwz7x2M24xYtXXVVSg6eE4Xa3,autfyCR5psTc85smVAcGQajFT4TC8xxPPH1wvJu2Grr,
Gj3S8DusojgHApVWZjAd9XZEnBK55vMdgLb8amUCfkd6,5rxYfsXyfSd6yzutGXj6jdC2eVBawasTMXaRqAenFyWh,
Gip3nTzEkbvVmuBAkTPNPbFKrmHkDtT8Z68XWXEciax7,6bVDt9vaBNJ5AMtRHeVhypf8uEG1XqzTyyUgaX2VCtCC,
GiogAXdJ21nkNmrpKcyGxApQQRE9jgZX4Bc62F9ZsV4K,4eVcByLcXGavuwEBzJuyPGH6mUzrJr4u6kcdhy6ZJEno,
Gic1Cw5RjnLSLE61rEH75D8BNq1KL4zjVVJUEADghKN9,G43e2oSgeTEaxN3vc9iCKUg2AXaNhfs6KtRwoxgZ6qdP,
Giaf4nqhfS3XRyWnB6UDubouG9iMRE9f2dAnzxvvdEB2,ArofAQATEN4u8jRFjKXETSkgGJvwoDXqMw51ZAe4xLsB,syncspace
GiVzEXEGqxhft6sRdyRje3m994TP4PZiNTsGTDXNjKfu,7R7n1WHogMCSdUNinCUSr6ASxpxaTsotxWz4GJQsUyu4,syncspace
GiEjXPE4Vad4bdi9JsTF4nXb5Sj7yWZbUw5YRXZDeJm1,4U7tf3ChxC8mr3KHWnkV2bE2ogBJK6q8LHLvU1F9BhKa,
GhyncFoX8B4k4kQo9S1J18va7xu18w8zpMpKzdvcHUk8,86NZLFteDbjg169USzAb6zF8pjj1qfarWQQ5iFafBX7f,
GhuGWXTHUxNvWQJsTZJJiVrhkX4bURY16KTRyYXvA3na,4qYWqy7eVddKcykU7XtpLUrKYdF8VtPobn6tUuqKhWtv,syncspace
GhpUWxvFuBSQEfzb5Dn7VXPrCeRpA2uVQH95fpGvszZP,aumuHzMdUFiFCvJ7kk1djU4CViSzxJk3FjXTXgvdNZn,
GhfxXKCvhqagK9QxFBiHZwP1QrMr2wCR8WYoBRvnSfku,8tpsUHn1AFZQTA6fzC5qmv5rAPdWESD2pGmNSdmYncYU,syncspace
GhdEpPt4PkXRBziaqrUXZToTELxZCFU3H6XALVAGUxTK,HTX9BkwYdwmH3xPVAyaiVC8pVusCp4gDWTqwLwzCM1bx,syncspace
Ghbrd9jog1onqsdNfEFMdDmLRmXooZoXgtMfr1xRoo8d,AqZgiYG5grHj1oivJwgs5XpMQZRgiJPf3wnqjHtxZtBn,
GhVn6uBawftPdwTsWj4tiUq2GgupoSWiGwVufCnAetXY,4Eb1o8qr3m4rgxYGiKeRBUn3u5cXMEy894ndrjagdYyw,
GhMyqxrRMGPjidD7R9yUm1JzaA1zNsvAJ9axmrhgk2vZ,Bhcrg1TDm3EGZ3MibzLuFz5DYUeLXtpymb7yfAuDxQro,syncspace
GgpWN7k5PgBv2ZUjyqGzpN6p1ngUK3SSp1uHUQ26P5SV,2Hm3dbAYBCSdoYnofVYpLrzETTQt613bpaQ3SxnKxZQc,
Ggmy5x6kR8TreVJY6VXX3TzKyEq7qSX448WoKJk9b2ab,HegbXqdSjyAarH8HQ8N8A8WVoQF1BDLRiK7GENaZyUCw,
GgZVtAnWTS8LKa7HQ9XarvU5GjMGDJAouYMH1mJFwkDL,AkHTrLH3yCgXJh31Tb8UhQJxJKJFDpUND14ZfUzvsRG2,syncspace
GgTgMUwJwyacBxrKED4WfwDWk8zf7wWvwnSCWFhaCuZH,2Ga6hzy12f7oFvS1zSYvUmvA5fLWiNP9ep5q4NdruTci,syncspace
GgEdNtEVUS5B5b4ndChHrMtxxHLRMLGptHZSxt96EC6T,FdSmwfMtxfbzZ6A7TxsCvEhJiYeuJhVEBx4r7ANA4ZtY,
Gg5k94PTtgbtwTqpbg4zBCZ9Z6Ft2yyPHu6a3aLTj2YF,GqntWzGadxh13JuEiPdvLLBBcayBYhKZNiMmXoBxA5wh,
GfqtHouQyQW3WwDwYKycwtMFhtBLBZJ1KMTenNict3MG,Cn9mrzVNzqaSv6Rf5uGa5ggYVDoeufBA9ZxjDxoPjwQD,
Gff9TaupRG1i77ReJxUkByityF69hxfV9BRqnsC58SYv,ANNYW7MzjGtoU9EHPth4inxtKHCRR6uuGEHYZq2QoFzr,syncspace
GfWCqHsLD222zGEFDEmt8hzsDqgSq5CJhNzS9nrLbuUE,DnkxUHYP9TTqNkEEjsz35VvZ3FfUg9tLEVicdBjmRMxk,syncspace
GfSguNQjrEzGAm4az8GYboDZ9P73p4zDWb4zxgbf3e8N,HEa1ovPLw4dXd6QtYANGr3838wqRABt43mFXw8v6c1jD,
GexiE9HmQbQF1TYZKU1A3qAV4AL1kjskYn6NkDZQq94r,5wceam6f3i2PNykKQkomeord2dhxsmyTEaEFxVLVaegM,syncspace
GejDC7Nc5oB6kyWpQGVxNMjjuvQHfkmaxfUoBYse2ciz,5wceam6f3i2PNykKQkomeord2dhxsmyTEaEFxVLVaegM,syncspace
Ge2d5LnMN3ntw7FqLwTNVfZWfiynx3ridF2Mm7sV4HiV,GpLyGGQ1L8mAGByNqivhjhTUT5NzUAwpoG26mYpSks31,
Gdsa6xXd65ytgUswtwoS8QZxmbWdZq65bTrre6SYtepA,D8iwNWsfRkg6oNy7AyTevRxNPGUKZZ2oixoqLiinSSor,
GdrqeXsGNP7ACvqUoyKX8cexv5wTaUKWktkfEnXY2vWy,5wceam6f3i2PNykKQkomeord2dhxsmyTEaEFxVLVaegM,syncspace
GdTspWSgxfuAMACNfs6crX3Su7TmvwMeSdTWQVKLAg5u,71HtZCnRRWaayEg9HrSoSmfJMwjsBdNiqGhGShCBNLpp,syncspace
GdNhnkhNU21azgMhAzEXjbqqA52soYnNT1pDxSv3FfQb,4U7tf3ChxC8mr3KHWnkV2bE2ogBJK6q8LHLvU1F9BhKa,
GdK2ijqj9rVbKEduxM4sEg1jqbJutP6xRAa9EcfRhFMf,9ZuAkjidZRDa9NHHrQAhrzJSvev8sPLBVv1j5Ye6M8Fn,syncspace
GdDfWhwMAhGkXuvDA5TUqPaqK6TpeGsM2rEf8fsnMUCL,hh1ndnz8yRNPuGVvMToarHG4wUcTQoYMkBdyWGmMYiG,
GdCxBzJJDQqQD48AnwgR4SDm9HVaTy7kWcwWgsfLtuRN,2zeUGUzgXgVCh5XRryViDQJefwamHXQWKTXvG3GbesmN,
Gd9TTgjoA8ZmJw6dqLiTULK4fXshN7LWi6vRuViggSUw,Gi4txvDxingESDeMfB29QxLM4ZGCVhDQGT7PAwqpRQe2,
Gd5BBTV9AwX4GFEj5kKPAPmkQ36CD7Q5tCQkvHW4wp7c,Ba9WfmSCASFg3b35ZkioG9FrhBqzZ2JQhWcArtDhMdNT,
Gd3gt6UmUremSuSW11PpLFzrgtUS8KXJFReSGmeXW3PN,5aFcYHuJWseJP3rGxXwpWm8FLUJcK35yCjMmXcipkBeJ,
GceJ3REtk1W9GFmW1LsokN6x9Ze5e3Fg4SrWRnpnHAXu,GLXy5LwscvLKbEysdkDywyFg1rBQHb4EVQF9F8BQF3GG,syncspace
GcXq3Yn7Kq6q4ZNGeT8kFTtyR4WhzShwPNMVMcwkA4BT,Fa8TzVCkeQd7ZMcGNZEvC3kvSKtxMymdv1gCVZoPexuW,
GcQhDFezaCLp1mnDkahVMH4d5C94Pti4JvJWVDnUk8qC,83aiAHyRgBTKKQf6EKBUn6mwGR72K25qv43jbEdhoB8N,syncspace
GcLQkrEHHmfxPjWv62ZDz2YFneyrYYAVz4Y4s8UWCkHH,9GvMC2zTKyK9QHFMzSDYWbSiaT837XXNaGzqpGqc2fga,
GcE5iRf96oKtfFX6ZAYxLMQ2tpoYL5ibZSw5JaD3tLet,Fa8TzVCkeQd7ZMcGNZEvC3kvSKtxMymdv1gCVZoPexuW,
GbystEiGZWc9kCMJLztvt3j6QWxmeUgY2T5FTy4Ph5i9,Ax8ety1gKFQCyCK8YDpKPjogx1Y9dVFsCXsT6e6URZo8,
GbwZeK4j2ibWeqm7M4drMjoumAuT3k8JRtzE3T6Yv9eS,5wceam6f3i2PNykKQkomeord2dhxsmyTEaEFxVLVaegM,syncspace
GbvN8EE3VZ4oc61mEcd27gLCRusCQEXqQRfiCVz27r22,FHbVUUSthmyFC1vt87pVcN51GSirxy2NAu2P3cQvUs5E,syncspace
GbpyXAY3ri9baHh8mzDFHQQBDh76QTjPf2a7XieNVEga,9g7U1Tne5dmnE4oT5dnF74oGEZvNvCyWKJgHKhVffN5q,
GboV5kgJSZSuNpAbBbDiBsiResRhgQPzpB9d92Ze8ueE,5wvpUfFHp3Qi13qssiG1nqiKhUdjBHrFaUhtVV8Bcv7E,
Gbkh1qTrhcKLbNpMQXiuURbuVnqW7phh7cTTKzcytMpf,3xX5v7RP8vv4NoCr7JWmAV6tbJ521WFFp9xgF65nFgZh,
GbgUUANjRMdr66GqfoEsse29iWNsh2TqdnaGdQhDEyYH,7L1CkFHENC75Z7ZfZFWwDwaxJKxYdeaJsQ4Kx9NK8L2X,syncspace
GbbncFdcV8TzEzApzZg1DHXo7yrxZvxKS1g1Z2abKEor,6tMR8UKEPPcKDbLx5F1a7poY4JV3vhmKN8p9a4DtC7LJ,
GbbSrcM4DNQXUrpWJuMLV1F49S9Dk5UKkyQFAsotqE94,2FsQJELBKsjgcHmdkvMNZLnNDajepB2WhyJoboi6Yq7f,syncspace
GbVr235J83Wdi8c9uqAxGt1CAnorXUtqX7tSogUFw93D,5wceam6f3i2PNykKQkomeord2dhxsmyTEaEFxVLVaegM,syncspace
GbHHPiFzipE5YYJT4LxzBjuNCvvEVMGFF4ZjMBuoHgBq,7Lz2vngEa8M41DKf8DAXHWUhXx2x7eYcGHgkTxQ9Gqhd,
Gb1n5dH4mERg5M6uEzAnxdW1nXZ22jBAbfqr1A1wUp6d,D6xGPb9Trk2UZLXY934bGB7XXt8hkL2gePd7Shq6HYqf,
GasRsMDeN1mFYSdpmY5gKyr2WR9U83vb7AyDdXfEYZTE,HvNnDkNEfTCiBUxJPWKGQBXFWQptM9P54aSCNLDTQxXH,
GannYWNkf2uakMT4M4bdwLygfbSvyCMHKroTouCr5t7a,jxoB5ULXWGQEos4d3DdqFPyyyToeZdmggiv5mjN77vV,
GaetrGAWu7wgEzDxxgsizyfSe8mcCzczEYcpFZuYdmGf,25TqXN4ToREvj3CVYJcTP1MWbbi9Dd7uUeQ7uTW7pmnU,syncspace
GaeZF8bPgz5dGY9tknrP94N8EpW3TJCmkjct3w12VYy1,BxMJyY1EsNoWuPgfR3NEDZ8xxhYpn2eSERgWUjxcoztu,syncspace
GadkutSpc1nS2ZEBvZ45Q9aPbpMEMcG24eZwPQKSF1eT,CjosU9s9MVJqRGxf6huALcHQr8xYgHipiS7aXgMAGvZ2,
GaXFK3VDyGY7tKtmEwwXdriCRtKYc5dhfAYpeRAbX4rW,55sR22utKeTRsADVVNtnmMgNMMnak5ndQAYVDFcaZEZp,syncspace
GaDNAxBRpimcsXMMvvenrE65Q9139jssZmxcSc3PqfhC,7JHRxmmizrnqsWjYdQtEy4qTRY6D2cUY9DYyHS2tMSQ7,
GaAvc8v5dmboKppNQTF6a4JfCzgCdth3DdSRMGhVESwf,HTX9BkwYdwmH3xPVAyaiVC8pVusCp4gDWTqwLwzCM1bx,syncspace
Ga3yniZzsM2jbwwbw2yWjF8NqfQRFjyVBwreR5jh6CBs,7LAjESa11JXDQHfPye1JC7jvVjtYhignL8QdL8U6VCgn,listed:magic-eden
GZrRd1Wtdmj2qf6Ky6sDCrUJ4X2qtVjqCsnU2C7JS7jM,5k15YfLg5TmTeVUAuxpQgK4r3Dzuu9ce6RwmKUdtDXYH,syncspace
GZrJP7g2MobqKnqw1D6uswaCY9euFwiACwHtSZ3N9dXh,CJBza4gwyo36DkjcGgbZxssMnzXqhR2LtXuoEib9CRAK,syncspace
GZrJJpX8abYS94QX7tCNeyay45zfkiQe4LZ6tJfLnJ1k,FRnFVoakjCChVX5DSSfoyKtTqod36uQyB7deXqNB7XYG,
GZn7e9cVgW2kxsq39xR6rdLTdxzK58ik4rA6frCguLci,FhMZMJHUSSVC77ZuYNRAPctxkrRZsLD7LoNxGyaXzQUu,
GZd4qy4zuDJvTMd852ef8N3TUqmtBAXvuKZptVT71s1d,3g2TUkrZf86bfGQXcfJ7xMCFSmnssdpeTxe5V7y5GDpb,
GZbiuNPh4ZUvM7qJTNi11r8HrMTF23YFF7sMnKVu37S7,Hq23RE564UaA9WNxMmT9Rtpr8RFUwaYoh6XrGnkMoUAc,syncspace
GZKBUMvUFPGPYAshBMfrt6D1dQ6AixsraKY8AYLdzbbA,AEQ4qTvKkV8BKgpYv2pRhwHHHNbKP34isp3bHZGSXUAq,
GZHi6YVUa2VME4iPLic5oR8dyvruELUpLX4aiXWjrFDK,9Caq582Ec4a82WLgq56SK3KWJQGjGFekaqkoPehsA6cL,
GYxzfaVeSK2S8bfyrMBWzPbmYJkVmZcu6j2GnAC3ucDA,4U7tf3ChxC8mr3KHWnkV2bE2ogBJK6q8LHLvU1F9BhKa,
GYuQYiB9mfLRE6yAM6oA8DuURdbZig5uzs1YagVKGnEW,DGyMg5xZsBNfEEv55XEYwwecMXmNSEgCocNnBqMJwR3n,
GYrz6Azia6pH2AZfmNVQH84ZkwvctFD8M9i63UF8WNWG,A4qqbUKM4hezA9bytPnuBVnrECFoYuDm123gbfJKo6H6,
GYoAQuTHvyV1CDR3uoMCD6hNsVfP3PNzroqwEnBkzpt2,924yfLMgGgJLEfm3EFHeSTvZUePwkWJX6E6sWxuwE5KN,syncspace
GYgoH9KpbzSUQKihQ3xShnNVJTmPVHdbEQhH3iYsVg4t,GNAukYQFieUryRnf1TPrEVXRwJ4NAXeWzhLAgBmv5Yjr,
GYeJghswMkyVyfJJTEorkPrpczBHjMbEKmajNbBYaSuT,37f1vxpfdeYpaNm7vpoEchiT4rcEHjpUDffJU64TtP6L,
GYUEWpG287vwMt52hGa6YX5xpEF7KLDavEBLN5bWbZK3,CFpdMJYsXkJGE4YcCS88dfRXsoFRctnQhSUC2tnqCtnM,
GYR9WEnTWxa9QRHWd8SqSxmmcqY7ZXna75Dx5Nsg47YX,Fa8TzVCkeQd7ZMcGNZEvC3kvSKtxMymdv1gCVZoPexuW,
GYMSJAGh16LRgfQtNC42yzfPvXyhUQxvDhfRnLfzC2PJ,GPg1UBnaqBjZS2XiMfEpgWn5YBJmNkVd11HXjYrDmVsr,syncspace
GYJPg5wjXSwPMUdmNedJTNMPkJGuaUmawseuyHhZJ8Lc,3cj7EN6LNYZ5RRUwDrW5RX8s8SH3iTjpDosx9jZRdApG,
GXhZNUWtERVyteD2Hxy3Jw3jdSBpADuF42HcoNtmpuWC,CJYnzkWkoz9krHAsaMNvyiBcStbBMyHvbxbEDqJVNjQT,
GXgiJqg1iUfTkrTwngoULLAgSQFXZWia94MbmH1iGhYa,5wceam6f3i2PNykKQkomeord2dhxsmyTEaEFxVLVaegM,syncspace
GXgWgQybWHZPXZU54nNCT4Zerf1SHj3Do4GwTo75pwPs,Ew3j7a8k7GaGqZfp5nc8Wfza1Wx83PuVykTtQBF6j9ya,
GXZN24HG6WbfEMDCowcYDththGartaEM2g66AjqPym2V,AwcbpyGPiNdPrtoBd8UpyLNF5EaszrhXoKqcqqDoHYp6,syncspace
GXP254721boR97GG94mB3PhJtrrpNQoT2Kt9ZmZF4JeE,Hq23RE564UaA9WNxMmT9Rtpr8RFUwaYoh6XrGnkMoUAc,syncspace
GXKYuX87WvWZrTtN7Qwwx1xHbo6dxB4Bn27CWnLchPKP,DZvtWVXWfi9PaJU1zQYGpV3yJLmuoLwPbaCHL5799DyQ,
GXFGEGa14CcnraP8HzD11sBT1EJYin1dwVUNp7hiFL3F,BVVHpdBiLMGNoBrx4nvSni6pjeZJq8ofjzAgvk3urptt,syncspace
GWzXWajhU985FSnhgwimS7f52zQkoUhZtqnSHjiNfvyt,FBzw5DpjmvhRWF5ZgxP1F6nCrgaYXkx2q92vwr172dit,
GWeuaSw8xBuJLEVTwxvs1yxX39y7FsR6SLnmqEGGEJLu,H11ARRHTw3mUTxRHruwQrDLqhJHdWTnUQypirmtBiPGJ,
GWHcgN1u1xgZ9dF5cQNnaR9WDSUN9c5AJPwo17mXVFSJ,3DCcx51VVMzwx2a159uCvuNHn6z357fyb3NbhU1hiuP9,syncspace
GWGYZKGHHB5NxeEfHYe2jwjt5NE38NeN8F181Lr1HMAV,6zuV4G62G3ViWa1rm3rL96Jvtik3ZbmjbjVdDxkoJb5Q,syncspace
GWCXZdpA1DbpZjVQ5YD5ZzT9DYiZZ4MVpETEwv15p167,4U7tf3ChxC8mr3KHWnkV2bE2ogBJK6q8LHLvU1F9BhKa,
GW9ui3SjxXLG4ZRr9XeoRRy2UcRFJBpY9g96GAhH5Xkg,5QxR9QPTADFys9VQNm473RgprTikCXC23vhsBc9ojyAQ,syncspace
GW4Q5JpyQfz97bfUQmtGnbj2q5givDkj6jxxHPv6VyH2,autfyCR5psTc85smVAcGQajFT4TC8xxPPH1wvJu2Grr,
GW3VG8568SnVhHNgtEGmPK8ipXrcWUhNsFiNX6QMAUJ7,HCWQuh29WhHNkTam3vrV2DrWuBDyHzcSVDrLAgo2pph6,syncspace
GW2yMCwYyTDDFoSRSUd8iLvuqjKJ84zYr7oMQewb7zM8,DMUX4vr2GJpqehcLqxZoW3t3wDmcLTBgHQTUSmjfBZ6a,
GW2JFgAu7EXFdZB2BPY5C2iZi7V2nVbJouHzLrD15wke,7AnZsdKwn8e7qPpiJaGFQsDwpAxyuw7EooC2P78D4VTV,
GVzSffQELxAP244eZiJvWAvzbj5fyp9wcW7yLbLNq9BF,A7b5JoSpdLjBiC8mnUrXtKmWfxFv3gPgB2E1Ys2PgwB9,syncspace
GVwiFNbqF8afgb8Wub423Xm3Da26MQqdLB7TozkGasbr,12s5oBszRsixYi6wD4hv4EBozjVTV5LZcrhzrFYyy364,
GVpBSfCYzGiJjmt9wTh7GKqh2WUBsNjk6pHe6upJC9RG,6j8KeRkFhZQBzPnSbaEJP1Y2M41GbMEsojDNmyoGwbQS,syncspace
GVkS2HjFikmF1Sx8T8dS7DgjhJd7XPJ6PgkqYfZ1pZpP,7XopJZCEdB1fzDQGCFJ1QC5dv5LC36AEMQkEGfHaMoRj,
GVfqo3RMdUvmkZDHzGwNieFchkfxPiFmgQu3s9epBcaP,9ZuAkjidZRDa9NHHrQAhrzJSvev8sPLBVv1j5Ye6M8Fn,syncspace
GVSagS8Dfg2bY6fPWZ4FZNN92Hfe6q7gvUhdFdFDbVn4,ADqrk7MYjYrSf16cADA21mMkTTXf8DfkmEGbb8Vy6WHt,
GVFs7Nx56xRnPCt4nDu8RFLwsxcwcpXf576BV5GuV4ki,GPg1UBnaqBjZS2XiMfEpgWn5YBJmNkVd11HXjYrDmVsr,syncspace
GVE2g66utzEqSN33fgQVLyxsMiyKw7xV1iqRtP1tUybD,aumuHzMdUFiFCvJ7kk1djU4CViSzxJk3FjXTXgvdNZn,
GV7UfqFvTaccq7pnZN2AzrvWGm8mG9iFZTSGPueWcVvu,AEaMxfnmSPNGCfvG26r7gbKiPVcBWdqoVth2AuYyLbry,syncspace
GUuvT2d4WKH6y4ZMSCnzDQdPCFa4KEyazTgCq3r4sD4Z,4ft2nSEdv9f9Xkv4sftm5wWgppXMCRjeGCeEf8iz8Ymk,
GUrNJ6k9BQaCP8BEiaxVYnnLWXfqGC3mK4BwAFmVBmp3,7dKuMNcN5Jq3QLYibNuhNFJwxVaV6nnhadDxx9b7cvPr,syncspace
GUqx2TMCLkggdvisLxjDmbprJxGMyLSDvHdWyY3JKsTa,HSozDxXQsbSedsaCfXf2jjCkLX5GGzqd4fFiXtNoJH7u,
GUnXDyqLQs8SXThvmQCarbThjHHjZiuimwVgpSCp8BTB,AacS11e55RboHMgWtHG8YAKZ8my4rr2zgJXLUedW6yDx,syncspace
GUekzNHmLP9TVDFViqyRGHnkNPqG7kdgzXS49fAJ3dbz,GtszLFh3rkXvGDRNrQcxi2AZRA4QShNtnNg58quX5i2F,syncspace
GUZuKgNoafRbYSMvB7joq87KdVsE8WQYFJaySNSdeRX9,H5qH6sUwmigdCdR8WmRNFM8HBvwaZwyErQ7kMVEaTHcq,syncspace
GUS3aHXaUzjJsmPndq5W88oTEzKp9eo97EcyXw35oB9B,aumuHzMdUFiFCvJ7kk1djU4CViSzxJk3FjXTXgvdNZn,
GULGxpgcH9LuJufiAx7ii8PjZZxAWcKu3EK48k54ZJyb,2VQA3FT8tWRPgiwVPh2oKm1JTA44ocGspKn8yRZRvXiS,syncspace
GTrEKNCAEJCxGf3t6t8UjPjoWG2smtHp3qmMvAg3ot2Y,auryHMdwKGnjU4ZBjtacvARm8DcAVgEzYDzzJvVFfE8,
GTqsDE8bKZdd4uhf8VBHvtEqz8dvmCauYfKwbBZRLzZE,Fgk8s9GnxvVGp2NDm37BdpyjNfh3ed2coLKABR3Y5Yuy,
GTqGuhvTvXbzoktdpaecW9YoV5ypmYuQbzY1uixrq9rF,H7vbEEQBARVaRwET7WdqT1SQQejVApc6pYhQQuybQQvj,
GTpCusu7zeee1WH6AnuBXYYSd4K8hDYf99UHHXhNzpND,aumuHzMdUFiFCvJ7kk1djU4CViSzxJk3FjXTXgvdNZn,
GTio4mswMrjK2X6HnpgeUBeApLYaB6nwoLhu4EMe465Q,qstNWZCoEXK7Ro3kUbT7ujw3LUG9sxXHuvkiYX3JgHw,syncspace
GTe8QocFZJgyfdxTpBrLF1ruzreuNY59Q8Q3PN5XqYAA,Ew3j7a8k7GaGqZfp5nc8Wfza1Wx83PuVykTtQBF6j9ya,
GTbGoDP8Dzh2vjhCBshoS5XpoXbTTyuEv6shzRWCL2XM,FCLqC22N5UsM9bjqnfvnnL4WSfARAZyPcbrkM6HEA4NY,syncspace
GTPvQEXLuuT4ZLvywY9B6Ja5USQ7KWtPNoWE3ridEuD4,CiS1udKWfC9tQqMLE2pDCryHMUyoCaL7PNWY3hm5o49x,syncspace
GTK1wHmdL5Nx8TN2bQfepuHMRsZMThmpLV39cM6ppjQV,DL3pJtGYBCaoTh6UYzddZo2GqMAiZFiwzNj123ogWbEy,
GT1Ht8qAmWZimCqLNUeJgVSFvL3sXob2yQifaKQNV8tj,4LDMZGZgKRRvtyfFBaZPouwKfcegdgHG2Jj7PujZmsTw,
GT15HpUCDKUUkC2Rh4ErSnxJcpBrih2zkg7to26RcR63,HBvKBYH8pT9HgvhEV4V7nASvAECaQUpKiaUiumKrJnF2,syncspace
GSsKt16ZuUvwyzf2d4qJEB6uadwchqwTCQp7J5UycJXY,HLQQovWxjd4XED8vzCUyyz72eaWW7NJd5MdE3iv1L2iL,syncspace
GSr7pdYANKhGWWFAAw3NZxbFVWrm8sAdfstdVoyeXKqz,5wceam6f3i2PNykKQkomeord2dhxsmyTEaEFxVLVaegM,syncspace
GSpC55JRJd6zig4qpLh9Ep7T1LJZfSddnhKVorTFZnEL,7vkPTzCDFrnNgxem7bn47U2ezZbbp19yoBPcuREdi3b4,
GSHUuzM1Uji6oPDoyKTMHJo4mJAnuwbnpKsCr8dxfqmb,EhrEhZKgstqHHN8VNxBGQMUE9EJ6qtitvwPN42x6LXus,syncspace
GSDPgUYdj1BoS4MTDj4im4QcWMDq4hNZw3qNazFoy6cq,BZ5fjb7xYenfwc12pVJV7A6aiot5SssKUHnxfx8SuBZa,
GS5Z2VqsjypohAFfQLj75zTWZnviqUrMMy8Kj5yqE9wg,61HbKrunkrNguhAk2LbDkTaDrdXLPLbwmLMsXNZz4M5V,
GS1NqjZ2eEsjeGUE31TBg5ypQap9zwVbmT9odj6Wnzbm,4xwgXxB4Tjn5Vet1pjCm5Sz34iibWAjV7wNGvBisyKeF,
GRmjykYfjHLC1gSMWJZ4YNkbjrCXSiHMtV5miGnzfFkp,87Q72D1jUcfUEacDTFpARveS72arkMqPSqAnq2krJf17,
GRkoKe8wPa8KTU1Y5EEKuQPiYU8iygStf6ErzKKWJzrQ,H2S89LGUoKUSsVTmRKdm2Vvm2gPMEAvAhpTUQEj79x34,
GRJyERxYHM1EAM234aQmLomULWYq9GFzRD11F2mJJZu3,7KFzNahrKGGVTv1Nj6pom8f9pDP2UTPMPTdP8ZbU35bw,
GRHpRGcus2Gy5gGrGPFTSc8cRK9zMt1jVRmeyQUUmuRp,ATakg2kwXBFbFbzrKgMhDorBd88VNpvPEPvDtfuwWzXz,
GR9FPCUB7DgfbmHNumSNDRrXdipY6NjRB2atxFa6D1Sw,CanQmHtxkuSwKPcn7k6XYrZyEfRJ2heDXDwQTWvrzs1h,
GR3GHLaNRQkCUeTwUfPCShWfrb5bYZbkYaxdb9SNZN5K,5wceam6f3i2PNykKQkomeord2dhxsmyTEaEFxVLVaegM,syncspace
GQwJxdWdT1LAHvYKiNBWD6Aes9HTWAAWB7f2cDmBL6G5,6LnH18SQsNqVN9BY76zCsNP8ur5XVQtKgb2t2iq9aZfs,syncspace
GQfLCQBHQ3tFbhAc8yJBhZTSPkuwXNsjhSuALvC9A6xU,HPHwmNGR5BHZQtwXxWfSMrLeyqASpc72miybBoUdZ78p,
GQeFy7gyXANjrLSPPoU6vBHDxq3z5dHj7qfcs7wEEiks,5k15YfLg5TmTeVUAuxpQgK4r3Dzuu9ce6RwmKUdtDXYH,syncspace
GQdRHyVHCh3FFQMkRMoqi1NanbsxnSbJ5MdP1m6C9omq,2eWkTF8tSBp2si8Z7LDgkswJZ1LNGi7DPU3NNjV1i3VJ,syncspace
GQczvYzAjKLc5qbMGjL79rsVoodAdpr5jnK6GAK54KhR,DfjuDsuN9RVh2TpwE9iAezrSRrKBWZZH2XkYvHmKEjz1,
GQapi6UVwuDbUz1bqcCFBSNJhX7oj1CPQMLAoQLEWpzp,5HgCS3rFUHptayfWZvSuiiKDYxpqBoetksDoiqMaSFY6,
GQF3hZx8p1Z8UoLab8ffQP8BYUvrifB2bFQ51R2wA6pL,Fzx2MEY6fuwjoL1g4Mh5D6dcxp24HEcdZ1QsrVxE5sfs,
GQArZgw497XqboCiYXwFLpbFWRedu1xh32wdeRaroNYq,51qStJd9LwRhBB5jTDdsJGMzbGhhLekboxitzz21ZYCQ,syncspace
GQ84379PxzAVZ5kaGfdVaDdahMrt1dyAoCsvGzWtgQbU,5aqRD3pYWuQ7cWVpf7xegaHxZizw36giH1ZGLReVwAK8,syncspace
GQ5sNh993E94vKMsUsGJSuT4FyDyhixcSWq5ymQTRJZm,7DnqWV1732auGkzfKgNxzcEHJfapX2GbwZ1w3aqoAN4z,
GQ5JVeapQ66cKHzHhEBh7UzofJDwpiUscrFzSg7kajgn,Damtn2iyxD7vuAx6CaTichE3P9LMwWDfxXf33nnN5VwF,
GQ446p3RCxnrjL53fxvJ9yUwJQeiVgExeUA1kwCPJrcX,D3DVofA22ChpSVkyeP7wsGGAiz8Sq3JWQXRHB6ZX9ZgX,
GQ1oXmYVf1DtYPaVGg74dHwG5eKhj8MbX9om6ecdgAEN,26H7X6dUMfdoZaCRiScVkE2R8DwFGL8FK8AohpfNeBDV,syncspace
GPzcq1B7Qe9hE1W4LaXE5cZp8FsboR3e3yu4STsMbpwk,DnkxUHYP9TTqNkEEjsz35VvZ3FfUg9tLEVicdBjmRMxk,syncspace
GPyV9dWB9rWWQPi6VPL7g1f5b2M97rrYHvxtgFoteVws,FRnFVoakjCChVX5DSSfoyKtTqod36uQyB7deXqNB7XYG,
GPuRvoVERVmMaXPqBoH8jJfQzQSMcyaJS2AP8NHVQbuK,F261Mm6sKutpmmkMAZWhs766CtzhEVQqkEywrTgYWxna,
GPsF81qQS7zYPP8GgGiFrBejTsjJpo1ZwTMHKi6n12W8,2yEw5qTq4LXZ3m2L9KFH3BBLzUvVEadyF3p5PwhhVGCf,
GPr6ogyy1sxAhdTxGjV8CQ8Nd4nKgGVNoRBLQA3zE6Zt,D5NVo4BcTXhs5cTmvUruNsiKcd698c12iphy5MpSGFv9,syncspace
GPcVRnXCgG7iRwjZdJkNZKKZmEa41Z9ELJtcoLviGdPX,6LnH18SQsNqVN9BY76zCsNP8ur5XVQtKgb2t2iq9aZfs,syncspace
GPbsVb8fKcicdMoW7VSyWymnDGnGTqUEdakArV55fM8y,2ZbZ3FDXH8DSWGF2GHyqoatvatwkyd9cMuQKPEeRtWz7,
GPXZSQBpvE63St481uA73bcdYMHYpkmBf7YW4pSsAnzL,FBzw5DpjmvhRWF5ZgxP1F6nCrgaYXkx2q92vwr172dit,
GPPzrDYhfyhrPYR2CtLn2oUdt4e2opQuKSSqCSEW3xJ4,autfyCR5psTc85smVAcGQajFT4TC8xxPPH1wvJu2Grr,
GP8CmRtBRJf7vrLhikf5mbHADTYSNSxGPZVPXxJF2Kxw,AtLhoHZMQZmZT4PEVaCLSzAZp7CHPWf7FKMHdYPQf5sT,
GNXgRsj4UdoiKN3HY6bdRSbs4L8igLNno4F9HpkDEh72,EheaCLTifC8u72FVKtQGEbYVxg1oX7sSs8EU4T6SKgYm,listed:magic-eden
GNVrE4nXMqwnLJ1ynztiQcyzwz7MT5EPe26sL8qLNC2N,CiS1udKWfC9tQqMLE2pDCryHMUyoCaL7PNWY3hm5o49x,syncspace
GNVBvzcDXYjG9P13gdYyiok6PhAH14wkS7iXqPfVoVSR,H6EJ2qXYCTVPyLfWrHhBLjF6HYc6GCxg3RSJ7g2oJ4yc,
GN8s6Gs2pkwAkHBWbtZNZUVjBzbhYR2GZYrM8M2W1HYh,FY9NAS62iqRVkjSwzbWkSLammaLLa7WMduHkKd7oc6Te,syncspace
GN1aeffMJCK2zSyVjeN9ptnF74QnCos6Nxrt5dvqKAdU,4jvMY6Zee7GeD6hZpzefVFoHF8ZESwePtE5TSEd5AvKG,
GN1L6kS1WdwZiwBwj5ZKkAuowSP44BuXdEcUAoiHvZyV,AUxKf4kynQCcXxn7MkzbwRhdAoChwLcVaAFEPqRmaEyT,
GMwyhbXqsYWSzbWwgGVmfsDkJ1YPcw5y547QdE21pD6H,H1L4DjDqrgYWj7SdTNP57ezxNChkeDntnYJTA2ZYZBro,listed:magic-eden
GMsC7u4kwxVU2iS1iPXPoLqrpTBuDnhfVWHKrq5uX4Nc,EApcfCjVeAs1Bd5vWBSc9nyd2uj4QG59rLp7jxNVaxoo,syncspace
GMnQHX5qgsURLw58WxES2No6GpM5H8jqrEFVZWWqKndb,C9ApXw8ZoqzLqj3kJvLUu6zLmQURteRBGMUvuMP8vthb,
GMcAv19nTMxp7KXtaxYEbqE7kd1msHfETwCvr9wD6TiH,hh1ndnz8yRNPuGVvMToarHG4wUcTQoYMkBdyWGmMYiG,
GMVAM5dyUTa816pA2S1E7LzR5YWxR11oXz3zDEvBvZbq,25TqXN4ToREvj3CVYJcTP1MWbbi9Dd7uUeQ7uTW7pmnU,syncspace
GMMKBs3SsiVSExzG4WqVHYE8fgSwPsrBdnrKKeJz9n8v,4U7tf3ChxC8mr3KHWnkV2bE2ogBJK6q8LHLvU1F9BhKa,
GMHSZfKUbhsemNGwo35iRdHhNnzZy5tGi7EU5MZB7TUz,HLQQovWxjd4XED8vzCUyyz72eaWW7NJd5MdE3iv1L2iL,syncspace
GMDPArVfdApzV1QTXqL1b15SRLtfko6dTGCVwEyhjWTF,FRnFVoakjCChVX5DSSfoyKtTqod36uQyB7deXqNB7XYG,
GM8krqDATNAyQpc5QFo5592MWCuAnnjG2rvwTMNviMxY,6Yw1tw96bVLdqWJiaeCFTJp5Uvhsno9a3pHTcLSz9tqk,
GM49tMSKv1fm6EvtYRgMo6awPCfWiGDnZdcCzKarHK1T,FXeGT1Akb1G3FbAbMp74ahMYEFwcUXXK19iVEysA9Dp8,syncspace
GLvVztH3psLsBzfjmSzRYwcevprkVhcy6KvsGrgzw3Ep,88gNHWScPbq75QunYtRi84YqvKwJZ1cjmqrF7chp8VXo,syncspace
GLr9gYbr8hSu4SSCKa7DLLZxgUSvTDiNnnUk1qcXZgxq,5AysHo5vYHYcqNaJ4zrKKf7aRFfWXCCtQ9gdPLfpudfA,
GLmvAVCSFCskxXgzpFQAxJQStzPzbCEB1b3ty6wbRcWM,9qj66zMkDdUBFw4GaAwKBgyyLfYRt1Ax5nmQGjhV7Lya,
GLTifrzA1vfWMMqG8csrwnRv8LKst8eKKiFLf1eSy1FC,3N4Kvo6ZqzpSDEpeWtj4jZEntKeteZHiMMNT69hy5s6q,
GLM7aYQVV3n4euLPbDUWzYCsx3eGvcPsrrB9QZT6wz9u,DYZxsmm8wm6a12azp37UFKNsyCrekk2iH7JxARLXjmaz,
GLADMGGKL96SaYWoXTJLtgJtdZirDbQcKzSEwJ7CyYtX,8V15KtUbzQrt3nip9R8SXakrs3pwJq55gxYYMh1pUP2M,
GKyCTYmgZTSVhTqGNDkjxAjGdvPnWWS9HknBjf78q2tk,3KUCM5rdZaimwXMZSyjMVNuzK4m7wv4SF79edgWJTqDo,
GKxooChbxypK9uxRuVy15RqF3y6dBGzUTbjmuZmEfxAo,DCepi3Ee4GUCpYD7rCm3cdsGqkyuR2VaGfyjNuKHmyM9,syncspace
GKwy2eugsrrFERnUVZN5egSQDcdodncTZhUiSzMXkpVR,6tMR8UKEPPcKDbLx5F1a7poY4JV3vhmKN8p9a4DtC7LJ,
GKqn3iFdDiFFNzb5Mvj2wRR1LQcdGLVpv4qJQCD3Gv7a,BxMJyY1EsNoWuPgfR3NEDZ8xxhYpn2eSERgWUjxcoztu,syncspace
GKoFAgTRkPh13wg8y2SUYVxFN9sqr22XPeR79M5TsWFd,CiS1udKWfC9tQqMLE2pDCryHMUyoCaL7PNWY3hm5o49x,syncspace
GKUXFA9YGdgBUQGpWo62V2AiidqT9jm9SNwiM4MWHJyY,7y5PKJkgMBdVsTy98mTaNf3PtAf2e7xt1FBQ3SkzJGK9,
GKHV891c6QHMDgyykZFZKZR3kEbQ8vydQzPhk7Mj6gzQ,Gi4txvDxingESDeMfB29QxLM4ZGCVhDQGT7PAwqpRQe2,syncspace
GKEMmBUgYc7znage8BjE5eL9KsTsuRj6TSBK4LAFGcRR,CqA42zXaf5zXk7EW7jtCLfL2uH1efuB9GtTfjfJ2hzoq,
GKBuRukxFLMT8eQDTSb7TPKvh3PdHro1orbAdwK6j79T,2zMUB5aGqETtp3ECosGo8ZqTYvByM8ZhiTdsFGP3VLfg,
GK8kUsZ1zgv2vxXtp6xXi3zyUtNWg6ZKHq7F7GSFDqzq,DzSaxAdupbjTYNJnNQqoBDTynMEq9yXiKz4AYNpZvkYW,syncspace
GJqQ7HeKAQcoi96aF1rPGS5ipRYrHVsCmxXsEbV5yPwj,Fq9gQ4KNxYh7rkjcPKiNRLu95UnKkfWxcXDLd1FgZnrU,
GJhB5B3DegXgZNTE8mfdA9EPL2iN9EAoJjdEhJAVnpfw,G5HQvkJvzEY5sPrzSK9ChKJnnrY46wZmLjeVZZpP3d6A,
GJbwkmLZK1SZNLNapYUpHqkQDjM4kSK2M9LHtC6YDahj,CKRqJtTSNoUNf5TSCrYhNf4gMxBTuxDsKNpkkDkE75zd,
GJZfhZGPVccZUph8Bgdt7Sz4uCrH36iJ3g3Z93oKNwt1,7ugN168HdpVVfLidU9rYDBkYedz5HDv9xYpUdifZSQsQ,syncspace
GJTZeQg1McUSbHKMhuk8A6yhqrpkvH7sTB93MCirFboR,BjqvKChL6sJ3JeSKdC6RLyJjjvDrWcMXwvWxSye2uBzj,
GJR6HsfoB2XXXppeEcxfMBqwuyG7MGeBgNMnusN6UBYh,8fvG7uUPru83hqf6YUbbftqWf83EcGiyVbbDDTwxtRF9,syncspace
GJNHATFowSmZZiJ2TzRKiQn2JZKe6NLGDExm7RPRCQKN,FRnFVoakjCChVX5DSSfoyKtTqod36uQyB7deXqNB7XYG,
GJ8zHLfNEhXq1dFTWJCak4VHkjkv5YxXcnjcRbyXXzVJ,CguUjUZXNJJptxN2x4TMoHnx3cSFmBJH8b7zBDE1n9RU,syncspace
GHuzEmDYNykYgeRFiwhYQpr4ExnVoh7XngverXuJfiXE,3UEr6TVhqdFn5grpRhnCy18rRhS7rFfjxxa8H5KEgWCZ,
GHYPU7pgEW5wNJidTQYk8uUGQP3TAMcNyrCmR3JnuHD9,8fCwf5V7WRVnLuawM8DbodPZYYaEBE9mQP1nUQvDA744,
GHPrmokJBk6mrLy7icbu3GKxcLd4vj5dXvXtrUxEtMQv,5Q6XghJExAymfkQz6bn6hrTG7ESarmCEZH3croJHD65L,
GHPYt1cu6ezY1eZnAWKa46ZQ4ZtQuh8aVqWvY6r79Uz4,J29hEkQdjB9i3kxAYSHS3uWFeKgrnTeuJBBYF8GWGoGd,
GHJ1pypFdqocw6AmsSirxWvm5tCeFUcuNQaYMLN4W2TR,auryHMdwKGnjU4ZBjtacvARm8DcAVgEzYDzzJvVFfE8,
GHGh43hC3NXMCeeW4jLNAXARmfyiNyfNkLDzrYNzaHug,2Kx5GNpXYWrsbNx3cYup4hWdUSB6ymazwi7swJFHnV6u,
GHBe5GivYoSN3k56fJU9qpHe5Lx4WrtffWTjrcYX6wLT,FY9NAS62iqRVkjSwzbWkSLammaLLa7WMduHkKd7oc6Te,syncspace
GH6MczXrWowxp5TfyHqgcJ5QFBknVwUDrLCdbMadC7iP,CqA42zXaf5zXk7EW7jtCLfL2uH1efuB9GtTfjfJ2hzoq,
GH3pgW72njuK55PFA79WqH3B6w43nZF23eCabWR7auPJ,FRnFVoakjCChVX5DSSfoyKtTqod36uQyB7deXqNB7XYG,
GH2pfj2aMdNZNkGfuDwg17UrKQ8kqKcdboBYBS6rHLmt,G43e2oSgeTEaxN3vc9iCKUg2AXaNhfs6KtRwoxgZ6qdP,
GH1nZRxvGfnAsPnKNuxkfVWjjyCpmSohqjkfdFB8oh47,88gNHWScPbq75QunYtRi84YqvKwJZ1cjmqrF7chp8VXo,syncspace
GGxtPySqN3q1JwEExrmaeE6BBSz81Gn1JyuTF33cuDc5,G43e2oSgeTEaxN3vc9iCKUg2AXaNhfs6KtRwoxgZ6qdP,
GGqoKqpSgnxkZCskmf8qM7zJop14PdH1hHDzfdp4hkdo,9RYqvox3dScSWPcbiJnFQ2eXTnvYv7rYdaVgxhLN144F,
GGc3JRDQXB5YFHfZ5RDtfiUFFWgEeBMDkxjt9cpzPg3c,G43e2oSgeTEaxN3vc9iCKUg2AXaNhfs6KtRwoxgZ6qdP,
GGa6zsEBa11SESqs8nmxAJ8F2XzdGBi2Fn3RJkveE36o,HkALdjJnj9Mpt1Q3Bon99Fr9HJihD3Y8WFs3HGrkafHS,
GGFix1CPyWmq251KAtLNZ7oKDw9E5KC2tsbEEUYj8yUj,Cn9mrzVNzqaSv6Rf5uGa5ggYVDoeufBA9ZxjDxoPjwQD,
GG6id3qRSspCHz9f8ZppjiLPtMhEugkwtwhQ13u4GZ8d,64696WFwq3t2AzXipAJPcRzAgAqfJpeNa6bnijV7hVdS,
GG4XmyEr2N44VfhQRSaYBo7eP8kGeQ9t9pFRGqAVTw3a,2eWkTF8tSBp2si8Z7LDgkswJZ1LNGi7DPU3NNjV1i3VJ,syncspace
GG2KkPPi2gxTe3DvbJ3EkqKm6Wr2rS4QXys2FeaUQBJd,2poD4rFW3UBCtto2VoHgqmxdvpEGuWfTe78ED5yhUC42,
GFpAaMsP4TyydCMMbw3jiP83YUzcsoXwCSdo5BjnArA3,bFszkLrkS6N8JMHk9QCHo417N64F9R6BAF2oqcpU5ud,
GFYdYBU1aSddjxt9429NSH3A6JZ2gupUffxWG9VWfRgf,9S1birKfRJnijto4dseiN4omQNGV4iWKFfKZdH3FZDjt,
GFXojnESFYahkqgxTVTiGD6XWWNDCG1fSTAtiFTDrrc1,D8iwNWsfRkg6oNy7AyTevRxNPGUKZZ2oixoqLiinSSor,
GFMw2CngXmR3rFphTywyi473JemxgBn43nX1cUbDHnYp,7R7n1WHogMCSdUNinCUSr6ASxpxaTsotxWz4GJQsUyu4,syncspace
GFFW8uErNgta8ssagoCk6qoUEkG9SEkoSfWmBYMeAqqe,Dwjeqz1CsbrsRdMr9E4sapSq3ucK8v2fjjEWGNpagHUb,syncspace
GFDecLKMn5MEyBquncttKyxGDJvLSUSPLMXTi8xoYDqb,8KGQLPkwaau3MeqL1EBrp7NatT5kq2of2AVpGngvWewc,
GF9hHNeEtke1qVfBmk9ThJLy4bKSp7tJ7iT6MTKG8Jrt,BHv5sd33NdvmCrWP5Tv2y9dHU5HMMdY1TW281dtBou61,
GF8szL1xrQBMN46ZMyBj2QZweQgCXzARYBeEvndxGEiF,AGo47Ho3Uvqr7iSP7Mp9uQv339Sqy6YTwgHQBeittktz,
GF723X42qJTRomJFqfY8ynBoLDCUooiWrgFjkngCgv4Q,yeVBmKSSeAgpYrnhDK6j83RP9WCgxnP4FXZHhLND5nh,syncspace
GEmQNCWfk4mNDtcFiavdcXgpyeyd3VYkZpuaRS8CewGD,4eVcByLcXGavuwEBzJuyPGH6mUzrJr4u6kcdhy6ZJEno,
GEhTbPKt8rXAAtQiwykLCzd2WCLRsxWQGDmz2yWfUMTr,7p4ZNBEYSvfNuF3JxmbdgtXsmdXUSXouEbME1pY99rSm,
GEdD7PS9Qaj7H7LevigrQbYacnmwW5GGVcdvx5M16dTZ,HhcMjf1dg8ysC1AS7m84AccQEoXAsMuumnG41pt6vd87,syncspace
GEd6rSvUFwjM5PbkqGRQX5cvCZhgrbJ4DVpitAipXc5E,5wceam6f3i2PNykKQkomeord2dhxsmyTEaEFxVLVaegM,syncspace
GETNjvN9hz71VC4eqPhWUnkDAhc2fD9sXFbKTGqRanxQ,DcMsrqztdbWVhowqbm9iBPeb2Gj53WdPmQn3keuCvqWD,
GEKYQ4GPpMezZ9bJx5We8FtFZBY4HZVXuyi1vqb85TtP,CedbbaCddL1V5YvCRnis1DX6zxqRu4M4QZfszVftQ6xb,
GEBhdjrnrmUy4J4Pm6qPgvfjQZLddx1Kqdt7udSU5X2s,DnkxUHYP9TTqNkEEjsz35VvZ3FfUg9tLEVicdBjmRMxk,syncspace
GDvEUeXugAT6t7gxJPQjHjFzE1SPQox5CUihurkgHYRN,AE9qHZqhuezYNhw8XvYVk2A4ZoEPX6ajygLwcsz3eNEQ,
GDoqKXqA9tsp5eVLEkh3TMnq6pMdwacBnhAgRavi5nDJ,qstNWZCoEXK7Ro3kUbT7ujw3LUG9sxXHuvkiYX3JgHw,syncspace
GDdX2cZYjNS7ChBN7iXYT4ed3rGTKmmNudNgrYhCanmZ,Fa8TzVCkeQd7ZMcGNZEvC3kvSKtxMymdv1gCVZoPexuW,
GDUKat7E5BdZTwxEsvxUCBqCSDj7WRAsp578gDiSm65r,auryHMdwKGnjU4ZBjtacvARm8DcAVgEzYDzzJvVFfE8,
GDSwgudWiehJvVL5ihYkusS52TzzpFhhipnU7CSBW739,2i2xwD9y5BcwPmTVvRSSFuxGihB1MnFEvRmUAP56BvWB,
GD5qbo7do6Zek6MT9J7HLDEQxybwQLgX9G5AxNHa9ybX,4ft2nSEdv9f9Xkv4sftm5wWgppXMCRjeGCeEf8iz8Ymk,
GD3GVxG2ZyKsybQ95bBbtq4TGkDqxL5Bn1spS4uJiK23,FCe1QsCGAa9i5w9SuPabrazVic4VpiQdgZZxo6nyBPqG,
GD2RQvgQ9Gn3BR3ndkP1ZvvxPVRwgYuWYZa3rN4tY2qZ,5wceam6f3i2PNykKQkomeord2dhxsmyTEaEFxVLVaegM,syncspace
GCzZDYaQqk3DuxJK2XoCf6bVmCLAf4Qd5UVDphxvAdeg,CiS1udKWfC9tQqMLE2pDCryHMUyoCaL7PNWY3hm5o49x,syncspace
GCwxpfEkB7AbDPCR4DexLS3diAkDBJfXHabChFAiRfb2,CUuKkbHcLx2BM5MD4ZJu8eTEZRzeP677rkQnDhznkCm6,
GCuwocNE8XTbSWiZZvNumjQ9Li3nGxmqU5We9zYLJdeo,563rNxbGkZszWhxWR32tSsYGF915C5KD4Now8aeqbbyy,
GCo65AdgPReeNzGhzW3JeA2zMw44MtzdvXzPDGPXyidZ,ADqrk7MYjYrSf16cADA21mMkTTXf8DfkmEGbb8Vy6WHt,
GCVjCA342q9nDn15j2jLzdwvLqJtj4Ld6fgQP6LEGB6V,DnkxUHYP9TTqNkEEjsz35VvZ3FfUg9tLEVicdBjmRMxk,syncspace
GCSHzDXpopngNfAhdXdQH6gNw6cMdjJsh4mtq8qhhgQu,63MaPruPrw6GmsK16QDdinDG1NMfiHvwvzoabdo3x3CC,
GCJwbJcR79cqpKg6U1bXHTQJarqvDSmsKLXWmHvbvaE7,3MmUSy6ivvthYYkbX7nn9T9bLiZZa5UonYGhjZvuDrk5,
GCEsGEpkdUw4rhaom5RsvwJKxpbxs5gZrpeuouUkSqP4,D6BoJ1wfWkBNFSBQUXQ3Fn4G1smQVCqpDB3EiAieKwMh,
GCCLETp2H8AWMmfQUQdZrGBqzELytmEMSYsMDxq1q9dU,4nBcwU8p1rHRakMu2KpBNTKvAJ25ztd8V2L2a9gbZ9M3,
GBxDhso37SbG2GciY68CTyUSTQ42bsr3qWNSa2sgF1GX,5icvF7hP3JDbRVCKU1FErtCKr7GjrZuSL7Q2MY5TRpU,listed:magic-eden
GBszjjs5rRCTXoyiQ1s8k8jnRhxsRvsQ4sDRREjq9nmW,5k15YfLg5TmTeVUAuxpQgK4r3Dzuu9ce6RwmKUdtDXYH,syncspace
GBntz66HNfSUrFCtzfi7XVaWoPpPRf69FVHaqEghn1b9,45gQ6tKpyeDEod6ugbzVjF6yd3uBXdo4tjUcXd9iDJSX,
GBZEAze2RxBQVvr9n1BWnjsP3PNTYzhhKtdxB1jAE2Yk,4a9TFJ9yW1w5Qcmk1omA8cAutu2QRaBZ19EKr4VRc3Wx,syncspace
GBZ8Hb6RsAeNJvzQBXaBhzKV1QYY8mw4huMXesdsCi1B,2tTU5Xs2YTK7c5SRqgYRNRvjx5fAuw4hWzPdLRFckKrD,
GBTFPgWTwLPXRvFanhJBS1p8u3YvYcEmEGVxVZfegpfb,DhbWj2LeELe4YYuL1FBLKjshAPCkjgZsZA2Q7HcThyo4,
GBRSENPA6PQ1iZN8VNSD8ncyvTpPo1CXEapahjPiwYW4,Bnf97CQ785xnSxHsSWypXR7iUZaBQGmm9PzxSDGQam3z,
GBQ6N1V6F1Bj6bHu97QFjU4oMaYwu6WZikzzH8FUxEsN,GLXy5LwscvLKbEysdkDywyFg1rBQHb4EVQF9F8BQF3GG,syncspace
GBN7HryHz25mPNwztffjn5b3sQHgT92xWVwZ6oau7yXR,6rCPPNJuscVj26GDVYVRzAhTqiatWiqnkWuQv2DNiSiH,
GBCY4EqWcNP978FVo29UXMBxa4nNByg7uAC8b5wupxEm,EHuujbKShgCBa5dGH7S5HtsvGqPdGjMrKZ92xDiqJNat,
GB9rQJZMkssTeLfHqzny65kv7xtGfFVL4eYgqTw2giTe,EGrxM1YEc9cjJQj8AeDmQJh3LRn4FrS93ZQUKj3ccjrA,
GB6JjP1MjVGbo4LNwwC9w5TwLfD4aD4bv2mTj16rqZ55,8tpsUHn1AFZQTA6fzC5qmv5rAPdWESD2pGmNSdmYncYU,syncspace
GB1BHeQnSrBjcq4QyZxMXjQCtgTz2otWy9CJcUYsYqnC,autfyCR5psTc85smVAcGQajFT4TC8xxPPH1wvJu2Grr,
GAyFuRG4TZB7w4u9dJpcRdJqNNbzLDEfRyfofZhmwn8t,4f27WNrJbC8mz737wQuRtqLVvG6fqAo2aeZX8s7dc87D,
GAxwsPyBxcMApZp5XCAHpRtdmyDhSc26hBzVG47quyH5,9AUnNjAvZnzcaBMVWMUMLdKAWVrGWngxuE3eAcCW5HoY,
GAtyGesYX9FpLWUxSNQUVGr7qkotnvwYVUG61ungyTnX,5wceam6f3i2PNykKQkomeord2dhxsmyTEaEFxVLVaegM,syncspace
GAT8Sai4TvEyPHTZAVQzyKoCmfXtLVEk6vLte1gjmwMb,aumuHzMdUFiFCvJ7kk1djU4CViSzxJk3FjXTXgvdNZn,
GACt2Y3pnQ79rCF1SUZMWcQBCvjDCTC2Twjo549944Vf,G43e2oSgeTEaxN3vc9iCKUg2AXaNhfs6KtRwoxgZ6qdP,
G9yyuNTjxHZVgvUqzoUAdjiWAX3Ze2ogh2o5DfQ6qHa6,DoKHtufwbi5jGQwby7DPeD73j2suxyg8qGr5G9PjLCMT,
G9bynXbEwHWGNfCmhcu8N3Sn41aRz8UwUm64n1DHbkeF,8mdWvYHTwRdFL1af5RzzoFmp7Z3tXqRXFZrSY5GJXC3Z,
G9Zdgr27tVz94ZRB7fQaM9qMjWQER1cMdNPdpKRT8WD9,DQq9iLmUw9bYvis7VhnUrWffPutzrTaX333xSVFSHQzk,
G9YgwCWxoytBPbKn747vFGvC8Dmbog23yTwbBxMDEwxx,7Sc6J1L8fzReddFptjg8CWRF3irEMBnPiD49wnJrPuz2,
G9Xy2ikFDtqw4ZK6C7ezJVRhJVx8gnpqXXQQQkJyRZV4,Aoz5R1fWe7hDwFbUgpt9xq5Jxo3SbPgdS5tQHmR1QLwh,
G9HRXHmCp9v4iDTkUq1Yn3QTqH4twAcjeHrzhr7cncLj,9Ngb4UJjvSm9zbTN4RYRFWBzTPVWQh7C2hFiDvwPsDBd,
G9FZzH4JWbM5iaHuixN7oK7JAebTsyjvCB6uwDZxfJpH,H2CAfKakYfFuT5oEZJwtAmgy8ihPncv62iMYmQXFG3Y2,
G9AhdtqwF348bcm67PLmR6qZ7czPLzype3mppy8YC8wU,8d333AWdyiVhvkAdiKCTwhgzaPBMbn8mtucwUC1SAbZZ,
G95nVbcDeMF2mbDMLW5WYLmvJneUw2ziGPxj36LKh4ye,G5idJMtqTBo2S8f7t58JK44DwgWa2YwUvhrB56sLZ8NX,
G94mH53JwBgHPr8WjGM9k1expFbma1Xam87fktktVYjv,5sacJzFDXEZqStVE7cR15gpq77hy63LWF2ofHuZcq6ve,
G93LvgLGciTVro95nQS99ZMRFMEyWPTNbyqGzwi7nHgk,HwDbffgRdgtQeL18TwyAV4zFRrA7GHwqYCdNvhx31wSu,
G8wrwKNWGsrbMCdpBx9WB7fZ9C8D9juvg5EEMH8BWjbD,8DS3KXcN5BPo2NJXzqfGZ78xNwyXP2BEq94Einb6cfgW,syncspace
G8qqshVpsaT8yq779JJQ5rHktf1ZnZ3CCYAQhtLZhBVN,2Ga6hzy12f7oFvS1zSYvUmvA5fLWiNP9ep5q4NdruTci,syncspace
G8qTFSUR8mGdvj6xqo9CzVT94vaJLxpExUzrEoe44ynW,AUrox7sHx1L8mxEPrNqkVjHa16CXQ73UbgZtZTNPNLjx,
G8pTGrv1B2KroGnxjbXazocEytLTaGhT5xz2f87mJHxK,3935KxTT9PrqnQJjCjvkpDKDv59SZDDxjMCXR3N3Phac,
G8H7QVrkt8pY8HXDg2cJH5UVDjmzaEUe2rNF8HEjB51F,2Ga6hzy12f7oFvS1zSYvUmvA5fLWiNP9ep5q4NdruTci,syncspace
G8GFoGRG1DhyiZxu5JfiH3z32SMxjjkWiymVHNC1S6KX,5k15YfLg5TmTeVUAuxpQgK4r3Dzuu9ce6RwmKUdtDXYH,syncspace
G8FqWViGsyeqrN1H3aXyP4CntVeQs9ceAaUqJVhYLE6R,Hq23RE564UaA9WNxMmT9Rtpr8RFUwaYoh6XrGnkMoUAc,syncspace
G8116hK7m8SNNJZiVpgSYE1oWQDZoAwpD2Nc7WECWR86,G43e2oSgeTEaxN3vc9iCKUg2AXaNhfs6KtRwoxgZ6qdP,
G7z7xg6zAqSnBb9s5Rs3pRbNNTb7r8jbAFX9u6Rxrniz,3hDhDsJvC4ThuDunUzGuffCS7SbKDvD7KLDM91XqmhEw,syncspace
G7xC6zqEdQtq3Dq8yFkW6vtYzaH8t1aRWRJc5wHHxYJs,9qj66zMkDdUBFw4GaAwKBgyyLfYRt1Ax5nmQGjhV7Lya,
G7uE9XxNjhApBwsCC3wfL83QbUYVfzaSnEE1wyY2Zrey,qstNWZCoEXK7Ro3kUbT7ujw3LUG9sxXHuvkiYX3JgHw,syncspace
G7jgjoojcFKzMC9NqadtCQMvYJvhgyRjL3Nxf85yBFkx,2FsQJELBKsjgcHmdkvMNZLnNDajepB2WhyJoboi6Yq7f,listed:tensor
G7ijydz4FJFitkguw12Kvq3nVHQqZXYrFsQkdnwv4tvc,2rUGEzCaCuySr6CUUiHty3oNusg4wRqVkN8n2RxKe1pE,syncspace
G7geN3h7hooQH4pVnjMbMyg1BgaCyKg9HQ5raxXJLTeg,EUCguwDiXL21HNVHV1JQZAXvoiryHb3GL3vXqFFWrH31,
G7QfRgzgmssdRhAFhYpGkPAoNZCGZxhbLHpmHfqQNM9c,5wceam6f3i2PNykKQkomeord2dhxsmyTEaEFxVLVaegM,syncspace
G7Q5MDKfTDYpPRmCJCwbAnSpHU197MCb4ioM7R1g9zcc,D3sBcExcavEiEvEXxa8irMXsMxp73A3dBVbiAWiDeFNs,
G7NYGAeoJ2PhsfKZWL5AZD1p5xmEUQYBsDJJCTG7Z5eD,4qxpyTsoAzHUyaFMZBGtkMaiMKdZ6KNjaFRAusDnXuze,syncspace
G7NE5cYqngq4k5qgkKrVoHYsrKmzBK96ULAaWhbeHmSi,CEqM8AMo3LqZZE6e2d3vaJsDHqcG5AWt7rFycPXcoSZD,
G7K33fDMinKMCXVKuzP5FCfutUrbypjAXtZhDA9AdDiY,9qj66zMkDdUBFw4GaAwKBgyyLfYRt1Ax5nmQGjhV7Lya,
G7F2ozStPzBYvLvz8ecamkGB4JqpMPuAwqK5QeBH5Qm7,ETARb2pXXdg6aFC4cdaogcEzGeYU2askpokg5WhjPrXF,
G7CRssF8UZDhWk11evYHwrBUeJq9PaBDoMnFP6UBfsmL,A7qxn9HQDo7skGXYSwthYqNbPNLsokyG58zba96QBcLR,
G7CNevc67ANV19CHTCSzJ4ztYC5J2y3Z6eccBELEGL9j,6LnH18SQsNqVN9BY76zCsNP8ur5XVQtKgb2t2iq9aZfs,syncspace
G7BWLfHyz28i31NPjXFwdm2y4WZRRZ4oCpZJgHBxwVs1,EEG2hxXminFAgtj21KwxrTeyTYKphKz6ofwaFgJVyGLm,
G73jM8CduUzMTwN9EjhiUGvyvmYy1j9FJMeznfg7EDTA,MsxLCwhaPpsECSrdDdC9VLfqWfbjRRF3pK1SEFMrhFu,
G6tE8gPSRZ2ygLNtd7s5y97B1Jkxzwnpgsa9vmduAjK7,7ajKJAWsGDDr7e8sX8D1YPuLSfySY98uShpTCWNKBSkf,syncspace
G6n2RiSwemhBNHqcYSnMUWcHLjywdp11GX52toCy3MkL,EGrxM1YEc9cjJQj8AeDmQJh3LRn4FrS93ZQUKj3ccjrA,
G66CgN9LWVVK86DhvSLQYmgkaWSc9ajWCfu8gNUVNfVP,CqA42zXaf5zXk7EW7jtCLfL2uH1efuB9GtTfjfJ2hzoq,
G64rwN2BZ2b5kDPcTxbicdxqPjzix34eP4iS83v5Cumx,3ijwbSGhaDDU5jusKYU8dbm7GW8Y8SjQ43xjxrPGgY6H,syncspace
G64WVjszm5xnkmwcpHuiXGGL6DWSfuzD36nVbEBNqHJt,B8abBWLKCfsJkEBVqSjEWYfuN5tJ8oibKVNBZJSzRju8,
G5wUGFnr9Z9Na8c12jWAKBHVq45mL2bfwxkMpDt1kSKT,auryHMdwKGnjU4ZBjtacvARm8DcAVgEzYDzzJvVFfE8,
G5WmtVohGxjPKCZCzT6E7XnxhsTJSWTEG2iJFEyBoMpU,AK4vHgUWndTe9mPgGQtCAoWd42Nt1sjuaJF2fEtBLggt,syncspace
G5UjkpmcPBZJo4HzTP8bZTtuTApkxA8jKX2TMSCYSFvV,Hq23RE564UaA9WNxMmT9Rtpr8RFUwaYoh6XrGnkMoUAc,syncspace
G5SeZN9qedZGaasATeMjLyn4WcqW41WpTktgohLm3ohW,CAPpj9WEKz8sDX8fERGgTkVQ6f7DggcL8uf6C59a4sC4,syncspace
G4rsvHY5qWn9tRMJK3A5qQTy7Kn6EEF9aEuQBNHhT96e,auryHMdwKGnjU4ZBjtacvARm8DcAVgEzYDzzJvVFfE8,
G4mAWD2FhzRmY9yhuDaeou6CLceVA5YgR2jRGoHnoyMc,72YN2aQgtE3RPuv3Z26wMDQZukYuzysPnqVjnhe5Aqzf,syncspace
G4kLpWjAtu5LN9QvgCeKSCNaWUuahHFbCLkHTPuYSBN2,CLJBHLmDz5NNUmRS6LhMTLk99MWKoiBarnTSiVE2SiBt,
G4cjyrmSpyfwQ3MCCeRQUpdRSwsVUG6GFNjwZj8uUvWH,DvcY2B6vEsMUYi8Xt1aGLsuBpK5ELikJKYkKRMEKabiV,
G4SFbj6n3UtBujWCkhsxk3zxtiCH6F53bgt5FfWZ9fFX,Fa8TzVCkeQd7ZMcGNZEvC3kvSKtxMymdv1gCVZoPexuW,
G4MHT3nFmeLvcxkMtNnsSATbdEyGH1Q9eZf2SByH4jQ4,AGSuhZQvLCT2C9sxHcNTkaBnmZYeuJUG4ngeKGxzp5dK,
G4CVR1m3vPb1Bg2PHGf5915ctuo9c99EW9qu8GXJ5FUf,5k15YfLg5TmTeVUAuxpQgK4r3Dzuu9ce6RwmKUdtDXYH,syncspace
G46ueojjqTsn5FVkP6c2UJhCviP57nhhkBVvtLQyovSs,AEQ4qTvKkV8BKgpYv2pRhwHHHNbKP34isp3bHZGSXUAq,
G3vo37Hxi45nD13taP7kcmXpqBtEGuSfBvknjHj8sCQU,G43e2oSgeTEaxN3vc9iCKUg2AXaNhfs6KtRwoxgZ6qdP,
G3c5KC2t4mnYxRzFFuTZKvetXVPMUpFreCHQXLzpgHXh,HcQraDDwYGbK5jzYwVPfnuizFd2XqYvBcjXg6PJCwBRd,
G3T6ryZfJh5sXMBcp77D2Th96r1dLLjnYrEencpj9Rgv,FY9NAS62iqRVkjSwzbWkSLammaLLa7WMduHkKd7oc6Te,syncspace
G3D5Uc3piejZGRnk4WhDHHwpsa7LVSRnwy9gcVtTBJh8,9qj66zMkDdUBFw4GaAwKBgyyLfYRt1Ax5nmQGjhV7Lya,
G35rrSGKvmVbFzdRr5iCYR5qvEGCGt9YtC2WwUzd7v9D,5eh4Svgq7zaTg2mWNA99M2GMd3NfHfYViSoSCGLVUgcg,
G31MV4Yp2YqhB42GFSjmPmqcTf1cA6xZVbwE8imbdzV6,EkM8oqfox4jGZ9TTyju66xmf94s5scHba8EJYJ4yPLL8,
G2ixPfrUMQXtcwNT13zHMVZEeWAV5H1WnqnkJ7k8myVX,HJgGPkYq3C99B53YVXMKhH4SMZWwWpwB6cKC2UhqrQTq,
G2YP1bB2QikotNkxfDeb1XcXP7qBRchPyprnnt2yb48Q,Fn4krHKgpkQP48A2VXTkegC4j5HRVWrbVrXs7a8BD3Gz,syncspace
G2WMnup35LnRqRUBcZBPck4RmppzRLe9JwrSb6CeHiUA,83aiAHyRgBTKKQf6EKBUn6mwGR72K25qv43jbEdhoB8N,syncspace
G2RwUanCKLUGx3wFJXJrQoErdNuddQp7qrAHH6omrfyH,auryHMdwKGnjU4ZBjtacvARm8DcAVgEzYDzzJvVFfE8,
G2RG35yinmvr9HYJroB6aFDgw5fhnsrYXmGm4i3EJvWW,Ge4TZf5EhyhucdZmzwAauzAAhGSadjzq4UKF3f34HXzu,syncspace
G2FtBr28NpgS6beBjskxd6P5E8AY2iWJLtJb2fe7vbDC,Hq23RE564UaA9WNxMmT9Rtpr8RFUwaYoh6XrGnkMoUAc,syncspace
G28sBQvvkXJtzvC5t8nwB5CCGcTzFCM9xAfPdp3kC9Tc,DnkxUHYP9TTqNkEEjsz35VvZ3FfUg9tLEVicdBjmRMxk,syncspace
G23Jgdzy7yPaDXWuZK5L8tEjTNSMbiz4qdWdbM9cWtxB,DKmQngAhJkDoW982UBaQnjb6jpG7XqM4UMwNJZTvFW8t,
G1q4qkA81cM5ohHsoCJGR5pUhhHdUMmcuK9TJoJUc8xR,FjMVzAN262TZatXSvLr3qxxCVyD5yrrAkWwbJAxckWTt,
G1p4MehGbGBP538cZvcETsdQYJBE4ATYhajtkHqYavgd,3J74V6SaBRuaEshNX9syi2Vs4KF9EXVAMWpNkZtKCfdQ,
G1oEvxdUJwTgg9t9oR64kMd2hbRhRCQQKoJEN4GUz7p8,G43e2oSgeTEaxN3vc9iCKUg2AXaNhfs6KtRwoxgZ6qdP,
G1dydKhfgPj4eLCX17376cvgYTLU9SEGkEW8XiJ52Qob,HTX9BkwYdwmH3xPVAyaiVC8pVusCp4gDWTqwLwzCM1bx,syncspace
G1cpqJT3LFiHjUegCrez87JzZF3DUg76nyhBryxunLar,Aoz5R1fWe7hDwFbUgpt9xq5Jxo3SbPgdS5tQHmR1QLwh,
G1WrndKyH6kViK8mg2jzbec3LsGkf5tZfeFPLXf5HL7u,A37bSDtebhoaTsW3k9x8NtmonwghL2bWB9BdqtJhiC21,
G1QcZHb3wLJhpnZyzFyMKrnXfRLyMn7cVsMweQQ22udd,5wceam6f3i2PNykKQkomeord2dhxsmyTEaEFxVLVaegM,syncspace
G1Q6NDhXsyc3pnNAQGjdAqu2MieADdeZR3qurbma1Est,Hq23RE564UaA9WNxMmT9Rtpr8RFUwaYoh6XrGnkMoUAc,syncspace
G1EdYJiw4LpAFxtyW1QYh3saKsVd4Yq6SzRRm2a9Pxn1,3nuSThxskE7H5vGhFtCttCMdkpjPAEKh6Edd57CiW5e2,
G1DRKaPUvfgvVeHcZn7Rhvhv8nYi2W9mxuPSu9dnXisT,HfAzevJPAaB7tpKq7HoKK9Etr6obJ6QUM3T7ffnDDhdM,
G1CpquqDUQTLtnArtSHBzUjUPG7Rf4CzHbkUkRKoTytn,6VbnHtUw3RcJfKZ6jg4gWXpwUgzs9b6JuvPKEhnLe5EM,syncspace
G17joTrpxiX3yacvnVhNScDQxyH9JpvH3sQkRG1RnBmW,6QbNvgEQRSTRDHHxpt8Vwe1kUeNiatPYUsiWHrvP2Pf,syncspace
G14QWRf6ow2RbPWKfFzduD2RNNpJV2qRXe6qHPDMX6uP,G43e2oSgeTEaxN3vc9iCKUg2AXaNhfs6KtRwoxgZ6qdP,
FzorAvxmqY8PWkgGE3J9tATpEY3DJUc5qgJkKNqG5Y5E,9XWuWKZCqT4SaWGDYzD2wSHE4KCaNzLCDCK656qAizzR,
FzoP4Tgu6BbNyTSJDhPZ32usBdoYSruowotj6rexTh1w,auryHMdwKGnjU4ZBjtacvARm8DcAVgEzYDzzJvVFfE8,
Fzn4ZQpWbfze4hBXr2mX8oKeDAd3mFqLhEDzh7WTefPo,6BmnZ6VG8WX2QXzBasVEXqgXPutzxvwvHpUMg21Cpz5h,syncspace
FzkfwHwauGGYBGMMBQeWVQpEbp3Aj7C9gfMYcHT3d1ns,HTX9BkwYdwmH3xPVAyaiVC8pVusCp4gDWTqwLwzCM1bx,syncspace
FzXWQMYmCPXbfoRxjyKPG3SumABaM6EPyj6Ai7JsAh3L,FeFggTfanAM28oRfVh8GqKKzHHx5snknsu7XxW6sdm2r,syncspace
FzUFkevpfb6x4K7rrS8jvYRTCyN1EH8W8nkBhqdmMBfc,GPg1UBnaqBjZS2XiMfEpgWn5YBJmNkVd11HXjYrDmVsr,syncspace
FzTnsbCt7qu5gjC5kxzLLKELFJmTwbf8Lz4KNMD4xg4h,AsKJjkfzDSVXL2GUbJHWg8Kg5b6caXgnxpahoS9HNCWp,
FzFCR5T73hNrVpMGCwjiS6x7j1KHPG6ZP28aVgo8dXYb,88gNHWScPbq75QunYtRi84YqvKwJZ1cjmqrF7chp8VXo,
FzDuFPHcDFQsK5ywn7YmCLnzuJQhpbo3tcEsvN3jMLwx,Adyg43dtm1XGCU1CPrEBXguJM5WUimqv7PhUQ7wmm3qk,
Fz9w56SjbpLjVdLqibx9eEkXzhz5r3HSSzPHFXbYtE7C,5kZpFb736ToFzgxki4gFt8nWTBjmMetAL67bAJVd6uz2,syncspace
Fz8E2UubZrrGobQ6qeDYtRqCk6o44HYeedmzAdvg85F9,JAbSDQQLtUpfrNnpXpbVeeU5FCprNe3YWSkGgnvfR2fL,
Fyun5hvuZPSrrpvhRCtm7vCTgvXjHMBXVJ7ajAcZrJmP,G43e2oSgeTEaxN3vc9iCKUg2AXaNhfs6KtRwoxgZ6qdP,
FyuDRFCe3FgvDshti6AVDrL5hBJY3AkoQ8oUpnaQkDuP,2FsQJELBKsjgcHmdkvMNZLnNDajepB2WhyJoboi6Yq7f,syncspace
FyrWc4c2j1SMCjmgtMapv54y66AtRCxGCZQPHnmf2nTp,2rqkZ5su3wrNNmgtR7Y49tCzZy283G89mSkRBfTL6jP5,
Fyr6seQedLP4jkkg6opP8K95ssvtaEX6hFyJuUhsyWDx,FLKMwtAACZgNwoSy9asWHkkvyNdtXQs4ZKdUzJAbzm4g,syncspace
Fyps6zytKYWnK4dxEanqhRPs1xtdQVCXsF7EafV8J8bX,auryHMdwKGnjU4ZBjtacvARm8DcAVgEzYDzzJvVFfE8,listed:magic-eden
FypQETUQHg7Zv4AhztCVmfYPS6MvfciYdboVLKXwhtxE,ECrCEVZ9Bqj9EuRJr5wW1A11aV5ctrHbqyJXcEX7swwJ,
FynvRyCY14HPbYXAvDX3as16LUXYJTxutkkMBPSHM7ko,EgLpgaoTobhceDQaR81muNzoGBTUVvAmB87dHJagTs8K,
FybfpxwJLXyKSGyUUSvQM3hbfaE1sytwZtFUV67amEvQ,DJkfLahhd5JtLvExB5cnAFjMPyXvsjkQC97vy3295NVH,
FyYTgtcJ4PWBN35DubMFe7qiTxkSJAqfVrHAVkybEZpC,5wceam6f3i2PNykKQkomeord2dhxsmyTEaEFxVLVaegM,syncspace
FyW1rcYDGseocHNC6W3EttFuakNSTcgSP3EfsJR91mWG,K3womhcTG2jhrZNGAobuF7FQ7uypkK2RBhZ2B9nQEeb,
FyGKSCxjLooMHH6dg7YLrbeaLvPtfSUvcM3GVvw5UTEJ,HDzydkf3ZaRyvr8M1hJYjNQLFnYx3BFsWRt2wEFZRyzF,
FxxBPByydxg3sbK2ccw2jqCKeQkKXy2fvfabmPtWHYGg,Fa8TzVCkeQd7ZMcGNZEvC3kvSKtxMymdv1gCVZoPexuW,
FxrX2C5XRcjzxW9oQp5yV5hWM4CQEKszE2JeqZZYeRu9,XKDJPHqwYEA7nevkJqXXyAE5tZaNovJ8X6XRj5ZzjMA,syncspace
Fxmjoqm8i6LDXNjWCgzSz4DwTGkp2te7aE5pXKFa3ZLL,5wceam6f3i2PNykKQkomeord2dhxsmyTEaEFxVLVaegM,syncspace
Fxm2qAPs6assGn4bR7DUiRvX7Ux1QG9JU9DsDhV4ZPAX,A4qqbUKM4hezA9bytPnuBVnrECFoYuDm123gbfJKo6H6,
FxgawiwGdtpREYY6TVhseNfdBfgVwRXFfMfzwY6MEnhG,3esy59CaDNLz8bN7YTauexJW6Rn69BAR4hAbkJc44GGz,
FxgME8JAgYw2e3gzBc4fhXk5qRC5x3taR8wzBKgbNk9P,CiS1udKWfC9tQqMLE2pDCryHMUyoCaL7PNWY3hm5o49x,syncspace
Fxfzw3qMcTzq5QuY6RHqXG4f9BoWx4ZMW6e17rC4qspn,9ofM9LVCvSsfnGNi5DovrL8jtcHCY5hh7Ywb4SpMAqo1,syncspace
FxS531GBEXCBF8tnHhCqGxT4AUdW9ot5TBG8rsP5tFNx,CgcU64egDxkkoYvVZYeEGQvt2Qgdkucd8MRSiTcXnHyR,
FxFJPMY6YQ7BDVAzPbm2rFW8pPThPUFvAhrZCTtCJA48,3j55KjrSyyegk9r8gGNNr4Np7oQaktPr4wWh7DVu62Po,syncspace
FxDHxLSbBidEAfzjw7uxeWgB5PQQ8P8iPJqeYWcG7Dz9,DcMsrqztdbWVhowqbm9iBPeb2Gj53WdPmQn3keuCvqWD,
Fx69nPRVB4PqR8mH5UcHhJQKKG1KrU9vAxew97Em74iV,8B7UAttazy2PhRN7sFCHcQz4LzUW7aWUWLjiqdmJzyem,
Fx5d1hHHJXMvkUPhVz5Gdy2QqsUwh5rJF2GqKNxAZZ9D,82nSiALCykSZQPj3PAZFrVSSgkHqDUTj4vgjqrwnHTW6,
FwnrtGyvxKB4me34BJjqHDGjB9H9948yhnnKJv53jQ3w,Hq23RE564UaA9WNxMmT9Rtpr8RFUwaYoh6XrGnkMoUAc,syncspace
FwgRWFr38zfvutCjygawagwGGBA1FgmoLsr8AFcjFeQo,4eVcByLcXGavuwEBzJuyPGH6mUzrJr4u6kcdhy6ZJEno,
FwG7FiSR4mToxdXtdimeybr1etkqDvJ8nBJYCP14gwZZ,BApJjAgnZGWkuPaxiT9fgsJW3bGMKRtXWeSGnreMCXub,
FwE1nZiriKVt4JevZxhWLFZ5Meg8aVLFUfeBGsQzDwQU,AFu2RKbKTspkmkt7vZbYHrQnFpBcCdoRCJCshu3uxPhz,
FwAK8HCw38BpR89gYFHxnTfcWDTsqf5Aepiub7exwEGY,FwSVpM9s2chadBTEKW9xDy8JWxDifEmy6T1cdxjbHSiq,
Fw2xEjXs9uoRcL6pqMEZg8ShPcrKXrYv9kanWNBT6dHc,5sWsediccJMsGTayzXtKWKkAaYLN17KBa78otHRrFV2x,syncspace
Fvv8SZxgfmMorkzwsxyUM8QeLkdQx2vmxgWEXuBvznDZ,HqZTctR8AUzUmV9W4F4xXVEv6KQmrB1W2GjNsrjuxyDT,
FviTByVW6xLtd4nCgq6FBfF8x3BXwK6kBHxwuVzXfAUQ,AVbYF3UFzRcyvK1mhrCeViK3obo13kFjXPMzZtR7iQnL,
FvgbYBKQuShs3Es2SdvLHwuoSftBhX3yFG62mtTMGQ1G,tZkriEBP3RMKehf4Eyv1sQ3vRoEoN4LNXJ9iiDFMLMB,
FvZk7cpUdFB5NseSruN4hESe7YyUcAYeGAd69Af5pNLj,6jT2BJgkmSdiLDgVNPCr4XNJegB6PyNc3h1qY65PQXCF,
FvRaxv28HqTqEmU8SsaVUKMmvSN35Chha7tPobqWEoW3,6ZiVtPRrkXmNHoYLn7z7Qftk2K5PwfsdYWrm2h7v6ma2,syncspace
FvRKoezN9yQUe7ock6F6pBYg67fjCNGnZVSG7GcFZvGH,12VJiWtGocPVb3eGw6hjoQMTh2CYppFZ9GfMPcUHKXQU,listed:magic-eden
Fv9RQBQkEAQ897XWYpk6dTx5o1X4jo3bpqABveZpADZA,HcRPggeCefBoqDxWWpSr26qJ9wxqQDzhd8rLcwXXsxy9,
Fv4a7vSY886uFeYG8udCoSeaiELJVidxrWuswRLjXjFG,FY9NAS62iqRVkjSwzbWkSLammaLLa7WMduHkKd7oc6Te,syncspace
Fuv27VUApsHArBTrPUWv7hteJVJqX2HHxCCCnbpz3HJS,Hg2gqbjGgL8NZDmJk6jfqskafuK2pPqccSq5FqamaTX2,syncspace
FurBWZCJzGNmPTJNVoGECKN2XSPuCHGrednQyj7FdkGe,DKmQngAhJkDoW982UBaQnjb6jpG7XqM4UMwNJZTvFW8t,
FupBLvkSWXrtV1sEMX2URoKU7QGmBDgqReLnZPHGqYnP,HJgGPkYq3C99B53YVXMKhH4SMZWwWpwB6cKC2UhqrQTq,
FucR1c4USFRWfkTqvZqTdvKszbWSAdMgjh7CMAtgVFzF,7Sb3KBN9pDiBopFtfzV6XHCNK4gMF2Mkysw38eXEjrPb,syncspace
Fua2x49SfvPkxUwT3HL9LTwhFAucouqMMfVBtgDeAup9,FY9NAS62iqRVkjSwzbWkSLammaLLa7WMduHkKd7oc6Te,syncspace
FuTogGcUPRtMazsMKmNjnmwTYpgYDAwBim1XYN13jZLx,2XJ7vk85bYis2zE1LMFSY7Zbu7b429Gy2qyn8CgVb9By,
FuKzYDf1QyA5zVhbPZoEsvE822VN8yQQoxVWvi6YosiR,7JRGH6YeBWK1Pb7KXxS4WF1JrHqP7VmRD5u6HC18nHVj,
FuKT3EEDHAbkdQYbTYiyW9KXK5FHTnwLgNsNxtveZP28,FY9NAS62iqRVkjSwzbWkSLammaLLa7WMduHkKd7oc6Te,syncspace
Fu8ZuiQhiBf2LbPPo1MzLUrGXTuWb1t1jV1oZSUCzp8G,6QAJZc6DRC2eej2DnMCuwSoZpoJgcXzS9KsLuAKyERYi,syncspace
Fu5hwkh5BEkCggPfMUFGJanJ9jpdyKuKGU9ETWK2Th3W,G43e2oSgeTEaxN3vc9iCKUg2AXaNhfs6KtRwoxgZ6qdP,
Fu3E7ry9oU2BZJ2NYG1NrwifswnPnSyuaf1t97asEpDo,4qxpyTsoAzHUyaFMZBGtkMaiMKdZ6KNjaFRAusDnXuze,syncspace
FthKcTWTydFKHjAgXPJ6JiEoLZBq9RLLbQADQGqVrCTC,CCifrdHLtV9CvTmeLQic9hSfaM1CVMDi6fn7bb1DBRRk,syncspace
FtgPSk7bA2j1CY8Vr2TDwj4e2oqVKeKsQeuLiC1X2jh9,FRnFVoakjCChVX5DSSfoyKtTqod36uQyB7deXqNB7XYG,
FtdK3THZvfHn3c3nhE698HF39RxpKJRJvZby4wxo8X8X,88gNHWScPbq75QunYtRi84YqvKwJZ1cjmqrF7chp8VXo,syncspace
FtPN5DCDFKssKDLiHTDbctdbSGhHRaAHCbYnrqNZM1LZ,Hq23RE564UaA9WNxMmT9Rtpr8RFUwaYoh6XrGnkMoUAc,syncspace
Ft9fby3SNNti3bAHbJL4gppLvLPoPAdqv8gbMwG6SRHn,DJPf7edEb9ZC1WoP8TXuCn9CcMfZskxvwE468wt2GmG2,
FsrYoBMRHVLAfchijo2Wn576eP4kL1hVUT4ijscQToQD,EvtbVMy3FhhMPv4jLmdFk2vw6hnW7vswNqHMUdDgyCcV,
FsrLxQCsGYGyJSzs5VoHxxd1KQcJbfbDyCGeVPSF1cWc,4eVcByLcXGavuwEBzJuyPGH6mUzrJr4u6kcdhy6ZJEno,
FscXxpoUCt6yoyhBs2uAW7MrVHCxjdFVhb6mgmeAzqZb,4bTm3opxD2JVAwfGpAvowG83Xsq78UiyANM33iY6GVh9,
FsaKtyWXYdmy7iRcJC9CNCF3Mp6kUYHPAseLzi2SG8wN,7N3gyzy5yYKCcDMst5cbugR9SYoU3kRiCjunEJKnfcFF,syncspace
FsRMT5HoUUwftUrZYea2GFtATzYGowxSdoG1VJDhz4GC,9qj66zMkDdUBFw4GaAwKBgyyLfYRt1Ax5nmQGjhV7Lya,
FsHCzLaDxTLLek9HrvYAaHCiduAhZUv58T7c68MPFXFs,BWziABcKtAeoZxhrXijDcWq4Cq4xwPWM71CqCpz5EVaH,
FsGZ9fe8FcBmu6QtBCvfADWQp945DevP7TpB9Do1ziMc,6PSaXGtgMcm1GtS8eFDMcpbjd2UTqdQrKZVrvbZeHeW2,
FrzK1KKke3tgyUannHvkmQ1z3rWcjxCnZcdCoi2uLRqJ,CqA42zXaf5zXk7EW7jtCLfL2uH1efuB9GtTfjfJ2hzoq,
FryCQBeyqRwPxL6WBMzNocB9MFezPBijHm9M7kdQzWVh,Tps787wStFFYudgKRUzQjzUSMoywDsjD7jArTgeQD94,
Fry3JMWc3kmiU6e5xnF1KT2PuiynYXJAsX2bwV8uSvmp,93PQuLZzpTCFf2VQdibMQyzBuuYeSg2YYNjxQ4JnVHME,
Frwv6HZhmy8p7mUTSnYAKdzqmc7F4jdPw8UsMS7Y8cSG,Hq23RE564UaA9WNxMmT9Rtpr8RFUwaYoh6XrGnkMoUAc,syncspace
FrvcCDTb1G3vshmyrf6TP7k53Gq1CywPrrmN4Rj6QE5Y,CqA42zXaf5zXk7EW7jtCLfL2uH1efuB9GtTfjfJ2hzoq,
FrtezvRY5wYZRnNJDC4zxwiKcJMVEEe3CCKNqNqLVQHN,HTX9BkwYdwmH3xPVAyaiVC8pVusCp4gDWTqwLwzCM1bx,syncspace
FrsmXdtySHs2pwVvcrrkuZDssNmFPkQXS21ju66Y4qwB,6BmnZ6VG8WX2QXzBasVEXqgXPutzxvwvHpUMg21Cpz5h,syncspace
Frmvz9z6T5yz8pzUoqjqumE4e3jv3SNE2RLMTbj5YE3s,HRkGWe1wGSsNL8BLPnPfeuZ5UpViWRRWvmWn2E6kiaV3,
FricGg4hXYQzG4HiDZojjFKkBwdfVR2ooByBckq7gH5P,25TqXN4ToREvj3CVYJcTP1MWbbi9Dd7uUeQ7uTW7pmnU,syncspace
FrcJCa3k35RMSA6Avs5y8sfxJvgGLTaj4FSvazzVk6p7,Dwjeqz1CsbrsRdMr9E4sapSq3ucK8v2fjjEWGNpagHUb,syncspace
FrQXuU3UpjSaw17Q2p1eykGAW2hTVWKvv6XFGQsNGLMg,auryHMdwKGnjU4ZBjtacvARm8DcAVgEzYDzzJvVFfE8,
FrMbWKuRGCtC9dD2tt4LrjQ4hkdXUr62DK2BPGFUzYx1,HTX9BkwYdwmH3xPVAyaiVC8pVusCp4gDWTqwLwzCM1bx,syncspace
FrLYaiC5WD2HsBCkCPCr84BBCLGsdn2o5DXhp7zmQcrK,88gNHWScPbq75QunYtRi84YqvKwJZ1cjmqrF7chp8VXo,syncspace
FrC5jWwtqRCzrKDRnuNRmhPS6YVgvXyPkehbPu56iVYP,HxHF3LQ65CJVTcri2cztiftM3KcXuDCfXgNmpWvvd2gg,syncspace
Fr9doTYu6yDu6QGSc1LiDDhN2Gzkyiv8qe9WHQ7RfaKX,7ugN168HdpVVfLidU9rYDBkYedz5HDv9xYpUdifZSQsQ,syncspace
Fqz1C8zc1Gm4U4BrVMgPdofhWS8GD1TKWA7ffBqhxhv9,5AysHo5vYHYcqNaJ4zrKKf7aRFfWXCCtQ9gdPLfpudfA,
FqtVDryySGb4sCzgVdoq3zo7GRNmHH7DPK9WdF2rXNH2,Hq23RE564UaA9WNxMmT9Rtpr8RFUwaYoh6XrGnkMoUAc,syncspace
Fqq5T9omECRabU6NxSttw2HhrPn8wAX8e3ZH1Qpv5CL6,CfNGKrk4uKHxVZi6wQ1Sb3cRobD2V7Gp8yA2mPm9XdhQ,
FqimsHvdMSLjKv3WjiD3qcxGahFbR4bSeayzEgnETKCT,G6rZaKxnusktP9JFMSB1iytkycVpbZ2Z6oevfWCEDxGz,
Fqb25THeHev2DUryR84K2cfxZfuyF3ufLLk3H7PH3GYQ,tZkriEBP3RMKehf4Eyv1sQ3vRoEoN4LNXJ9iiDFMLMB,
FqZkH8mFUjDJurbLTiWToooYnJPN2GrZ6JD7vzmDrX2q,2X4QtnYpnwJJk25y9VLUhii8YjPwT84oJJJ5boJgDC15,syncspace
FqL3Ke6Fuy2DSXTtZDjQP2kjdMnCXMqiNNRreLM7xSua,CiS1udKWfC9tQqMLE2pDCryHMUyoCaL7PNWY3hm5o49x,syncspace
FqJhL2uvi98KHgqP7Z8FPGfbAa3197KiBsrmN3v5wRN3,DLubrJy4qL8KmpvAXcj9GQX1aW9ASFgBrS6PipfLdds,
Fq6JbH5Q2rBTA4Jo644KWRrhhxn6FoowCeEZzNdPCDg5,EgSyR2GSWFfjb5MJLrhSZ81tQbWJ8C5ZzUnn5cchpp3U,syncspace
FpsjvCtqmFr8dyx3LSYKzgqNNQLb67ALQsYaz2CyF9rN,HLQQovWxjd4XED8vzCUyyz72eaWW7NJd5MdE3iv1L2iL,syncspace
Fpnz84uJ7edFDHKy75cH7DAX1epmEVzo3Rd4sYFNECRe,EZzd7fxQ4dyhtoAvhrizr6hUEx3QdnTpuiospzy9XBZY,
FpjCBu6QmgsJ9q5T19ckYaeuJXauNJnC7X8UmAG8Jq6D,Fa8TzVCkeQd7ZMcGNZEvC3kvSKtxMymdv1gCVZoPexuW,
FpXa21F7cg2rikQJxdbzjZWjMNDo4KHMpExC17rdq4NK,7DnqWV1732auGkzfKgNxzcEHJfapX2GbwZ1w3aqoAN4z,
FpUGSr46a1HSzURixHRiYB6ETYrtfhVESW2X3ms1b8MW,R2D2MtHDrnvUVoiVqxbe7rK8u3QqzcdsCQ9McXZNezN,
FpSQ8dWbsXMzazZUA88jiopyUeoECvWs81t4zbAeRCKt,HBvKBYH8pT9HgvhEV4V7nASvAECaQUpKiaUiumKrJnF2,syncspace
FpFv2tBd9aUtZiKjMeDQ6rWF2qzxL66RbqP4vDWRuius,CiS1udKWfC9tQqMLE2pDCryHMUyoCaL7PNWY3hm5o49x,syncspace
Fp92cCyisgA8EAhpB22D8bNxrpbqfVNF5JZiLASfeq5C,4QFaDcwahasA2FDgLWUck8uh1grmsqWB5cvVeobZDStY,syncspace
Fp6YGSvEvyPYYSAY6a3RTG6Qy5PB9PHu9m3q4qJ3cvyZ,AKY3ReZtgduR33hK3F6cZ4oUUiEeNdf28RAYo4mV4gAN,syncspace
FozonuMhVjpPdaHA9dDdxWV5Ri5bR77DvYqMKbY4FEvA,CCK7dHyuEpixZpeRvnWMiNV6rRYDAcCfJ5GVJdkUyVQB,
Foyf3zDS5GciKKieVuN16Lh6H7BkXkNS8hDnjtCpQJng,FY9NAS62iqRVkjSwzbWkSLammaLLa7WMduHkKd7oc6Te,syncspace
FoxN2Q67h8bbifSwhNBgfHGNzUCyqPbjRXUb8Ywojz1n,9eHGaRKSacU1nnnaumRUPognRvsjcHqiaF5wRUKRSz1,
FoonNrhXVVzcRDUCdrC3Gb5bRBmdibUfKpuvxTjfPauj,7Ncfm5YCT7hY4io4tXpZsYhVcXqTpyaxE8st8VZRQJNr,
FonpQZtVprBY4yFVkkZZxtbDxT2JRgtuTZnsYEGtP49N,8hYxFkcGgeBN32atnLymRkEGP3uMYMz7tsZRWU1yezJg,
FoUnCmh5fKju9vrJBPfYNF47Pf6kRnkURcYvnWx6PjkL,27qwdrf2tE3YMdtzkXpPJiGmATVuryPJczd6et7qiLPB,
FoPvgFpAGrUuUZmTYRQMHYTbJyVu1JBR6z8GvVdqd94g,DsAEQysq5msVHwxXYg8v6iLzZWjbhu85NvU2jsqm1GB2,
Fo4FWy4EHkPSht94SE2J9VEKJBQWe6dnBog4pSJ4iSAT,5k15YfLg5TmTeVUAuxpQgK4r3Dzuu9ce6RwmKUdtDXYH,syncspace
Fnnv3SjQiY1nJa2qWJvbWEaEihaMn3shE16m6TSzdGVP,GXfcVKNzVuuxSfmE7M5oawHr7fnQxHk3G6HTfGbNaLDT,
Fniey1EDnaPFok8TmogfD5CRvyJXEf6RWA2rzKodgNGN,CCK7dHyuEpixZpeRvnWMiNV6rRYDAcCfJ5GVJdkUyVQB,
FnbrnCBkbm83WLbFjDpAeRy5bYaTq7igBdVitUBzu3wS,auryHMdwKGnjU4ZBjtacvARm8DcAVgEzYDzzJvVFfE8,
Fna191sYndxfza5eDyc9yBQjBqdHozCc54nt4FUL1zxC,DMVPHzfcfGA6592KVwvtiUyPsnRyMYFzrPSy42hyqoYS,
FnLsEt8ChS9QJnPBLa8QAgchzxwS6bfC7ynyq6PaRxn1,3nSbnr7fg3RWUyYaq97smY9A5zFbwc2DDXTVfVshVuRp,syncspace
FnBHrqYqK3tt6eBLtLdTLRFwXC1AXmWczmmZYRzhEHRU,4eVcByLcXGavuwEBzJuyPGH6mUzrJr4u6kcdhy6ZJEno,
Fn9Rtc5NQhWNvdmU5VxvUUzjh6NtfMNTrjmWm9eoTirL,5rZHaLDEaytQaugHj9dfUQgysskofaSJNHgx6xbRTzpv,syncspace
FmyxcYMU2GxvjqhQRdUEQ3iVeixnFnK8CRvg3dGFSkbi,83aiAHyRgBTKKQf6EKBUn6mwGR72K25qv43jbEdhoB8N,syncspace
FmoRyr8Fmbxwjt78UmMd3awBZNceiVovFdtMArKVoBgD,8b9Z8BFShhX7stDFTRjU7SLiVNmkuFeQbHVSzMqfS6gx,
Fmg4YWmLkVhzzHSPhvQ68ech1PpHtVtYgPMHhN2YWAKx,7gMTbTk3y57etM5rXJsfxo6NfTvMkUwhX3mKV4Txvq9U,
FmQpora8vYD1DJ9vn4fxMppj7Z5M52awGCc8RGWt3ohY,4eVcByLcXGavuwEBzJuyPGH6mUzrJr4u6kcdhy6ZJEno,
FmNRX2VArXujGRg64ihkMJuxrsQtwTivWpJCqToK5SfT,5vS81ajXAsoqQxskz8kbrZpqnV5qu8JFtJgesAUiA9pE,
Fm7Ui7rmt22tfRR1hHY1BSeE71rEJqn5esYVzkon8jDn,auryHMdwKGnjU4ZBjtacvARm8DcAVgEzYDzzJvVFfE8,listed:magic-eden
FkyhNNudmWMeyMeWSaeYYiToe25HtYp8Sy5Rf94Uisfy,8HnrWxZP6DcUbfNQzaaqoaq6bFD6nQFW67Lty5kDgDDm,
FkuF5x48ZgjupBPaEmrZPQSy4GshA3AvaY8ftsbjm8ca,4qYWqy7eVddKcykU7XtpLUrKYdF8VtPobn6tUuqKhWtv,syncspace
FkpWjgNCKUNf9rDBJpaMcyopRCfwM6KAvADS1ToG7KpC,8LjFeu8Ey6zoCDxm8a8ygonaTEpQMC9yDU4gBMreiycY,
FkgnqnfcUneih4PAbUfnpE22QKrQjJhjWJ4CktcrsUxy,5eh4Svgq7zaTg2mWNA99M2GMd3NfHfYViSoSCGLVUgcg,
FkfWZ5gad36UyFjWPSWDw97x9EppvEZebaeLfw5x4Xd9,5sWsediccJMsGTayzXtKWKkAaYLN17KBa78otHRrFV2x,syncspace
FkatCd5ZwP2G4RfunAjkaNoJtp9AaVc5G88kuZTvykg9,7oYeenWrTsxzU6dUPeMHJ5vcAqatfeEATXtabuPhtSvf,
FkKSzp5wPM12UX1qy3zXK4EkkCkJM7tn81PSHFa8mLsH,4U7tf3ChxC8mr3KHWnkV2bE2ogBJK6q8LHLvU1F9BhKa,
Fk9qrozDjHGHLwsD64kkpS9Kajn6hj4pj6FeZx7AVsEx,4U7tf3ChxC8mr3KHWnkV2bE2ogBJK6q8LHLvU1F9BhKa,
Fk9NfRovpqkuCx4HVkzUzVe8D2eSPRb9f9bMvEoCwWhL,FRnFVoakjCChVX5DSSfoyKtTqod36uQyB7deXqNB7XYG,
Fk985urF3eDoaGXVaFSibdnPGbsoh9jzSDnrbUwkevbt,FHbVUUSthmyFC1vt87pVcN51GSirxy2NAu2P3cQvUs5E,syncspace
Fk8tZKyaukToviEfprz3TmqrciumJjqucT6FtJJGCKuM,Bnf97CQ785xnSxHsSWypXR7iUZaBQGmm9PzxSDGQam3z,
FjkqrLahtj8vXR1gqRaCn815gQ8ibwXd8iQeb76TNrJ8,auryHMdwKGnjU4ZBjtacvARm8DcAVgEzYDzzJvVFfE8,
Fjf5jSbM89vuZg3WX2D1n8nZGjc2oUsSXAZw2B4kqqRc,EHH3PJoP5pDrjqBuafubpv6mxRWJ1GTniNGrEFFaUis6,
FjRpsPN8usm8r9RwXpN5eJ3H25sr3sEPBK2e2Uif4Nbi,4Z1Gf51SduZCK8bkexunHLR7VzJwwyoch8SUujDytfQK,
FjPGuYbjjBR5LkKh7Prnb8xCV5uTmV8DieABoAK8hbYg,aumuHzMdUFiFCvJ7kk1djU4CViSzxJk3FjXTXgvdNZn,
FjHh7XAi96q9Ndyd9Lf7WaEtgAyJGVF12RMT64SHK78m,FRnFVoakjCChVX5DSSfoyKtTqod36uQyB7deXqNB7XYG,
Fj8iRgJK4UqDkJv7kuWeTLtMvs2wsFPpEvqNsdXfhPZG,5eh4Svgq7zaTg2mWNA99M2GMd3NfHfYViSoSCGLVUgcg,
Firce5LovQQXTQYztWcAgQacBYQMu8iYt24MPJM6WjeA,8YcdZsPRxaKFjARM12f9VBGzxfbrFkUspZWFBWAindv,syncspace
Fip4Ngro7RDyQVyJ4veQScrkUrYBCdSRPkGtAo7P9Q1U,E4mXnWqCM4LFoUKz8kykaaeBjXabswpQnmhmkHktFTnM,
FihVegKrLBi9GErYYb4BruBf2uBZnn9EMVwWxAJg44M8,3aMwUDGuxhWDfcB7hXmTAmNHiDgLRAFxfbFDmXgK5okX,
FiaXDTd1AHRVu1uVCNw2SV6fq24crpwPZ7MNwSEDEjmD,CCzz8c7FoV5w3QF54mchtzTnPNCpZ6ynyCUA9kxLUUaz,
FiTrSiGDVfqN4VWWqiarj3Lzai9w3kiSDszJZpLBuWPB,6vU87T6LteSCgyUbpge7ZjTPfjzcXAyCZcRiX4pimPyC,syncspace
FiLNgpe7NZnukqqbLNaFN43yE9jMXHUxyPe9CkuKjfkW,BLRTtXPM7ZBLqYDWF4yLnqopXtXK75GdkQBQAiiEdr8G,
FiA6f563iGxWkHBEYjWV65wZuWRUC6VE6i23JwW4u7FF,FRcfhfbffT6qyHwQRWAJAK2PoiEQS9AEgURtXrbYexUB,
FhvdaTyFiqAyooqUU3NAFqiW9sWkERsGqpJGGXdwNiPB,H7vbEEQBARVaRwET7WdqT1SQQejVApc6pYhQQuybQQvj,
FhnGN22y5JacfqyGGGVyoLZwrP1FTgjAx7468S23a4kV,33Uzg6A7Wngu56AuGRjiqbUTrpSKx9zryG9UQQEz82SF,
FhmWYVkFkkqyBmPZVwE1JSzvrDoM4roiqxTvwGXeoLNE,F2i8XDT3T7sN9MwqJabV9rdNKbKRn5cjXJMWE3JgPBxQ,syncspace
FhYtKVvcu9JVFMRfnU9GqtgMbTCFxRpzpuLd6QR2t8vW,Da6NhHbxWuahePazRthG9k7odGXnGarp1TUSLKWASPqD,
FhXpzYa7EQHrLKGaWZvrYFQ6XbG4E2iwWT4K13mjd3Xt,72gkJscUw7WYK4H6sevY4qXERi9Zn9FmLWZiZbqmW2i9,syncspace
FhSBDhUwLmYfwhLA32jcthKbxkNMBVJjXYBkCE4QS29Q,eLNe9RHsuAMgxtWkyaBQBkY7t1ckLs9FsGvjfEY1JWy,syncspace
FguDPt1Via1Ubd8guS4tqoZLi2cT1Rzfj9z8ZwPCqyyN,ECrCEVZ9Bqj9EuRJr5wW1A11aV5ctrHbqyJXcEX7swwJ,
Fgu2mBmoaYndaMuZLGL96nEis6H1KLFbns1ayTCrwRkD,39YD5rZrsz8mSdtyVCfwaG2cAh5Amq4wDAgqZEtgXLRj,
FgXrsDiPmZjfDwwC98CfCvY2gFGAW2piL5nxxHjk9otD,88gNHWScPbq75QunYtRi84YqvKwJZ1cjmqrF7chp8VXo,syncspace
FgVth3YoTpa8VijQ1n51zeSuPFpSsorKat4Xp5rvmgke,Ew1moBpXE6bCrPkkHHhgEFGu55SSGLPcj3Xrd74XDkmp,
Fg74SBsrF877bBhKCEJjXLJUYp1Pzz4pd4GgQJ2d4HjM,DF24HwegAJAppEdMNnA9Wh6Y73E3JNjH1GkdCnTBBWmL,syncspace
Fg6vCRswQ4xuXdeFY2jr5AHq9arcNmPsaarbtp84vRQv,7qY3iMziEBHf1aeEHb79BKcgALgDh7xLEFMq31N5wL3F,syncspace
Fg4oWeQjheUtxqcMchLb8gmbtZWsR1pT6bhKequsZgsr,5k15YfLg5TmTeVUAuxpQgK4r3Dzuu9ce6RwmKUdtDXYH,syncspace
Fg17Y8HNHCfb1j81EfZL8widqYwU7t18YYycMQ2i8gLj,3j55KjrSyyegk9r8gGNNr4Np7oQaktPr4wWh7DVu62Po,syncspace
Ffz6GCGFXyQhy8BNjBQJjkkQ6SLpvDq5Z2fqpraZ3eEo,6X4voaAc4tikvPW7qJvxmTcUR7KdNmzCPw25nheWwbaE,
FfeVhWHLwYe7tbyuZHzEFPyapwJbkAbn1ewuj8eQDnnJ,4qxpyTsoAzHUyaFMZBGtkMaiMKdZ6KNjaFRAusDnXuze,syncspace
FfdeghozSd1dy7bkCcVGKnf24wYdZnmwUn2kj17CBXMQ,EMZdCprWrsJp8m3Zv16Vd1EUqgeimJYqePkoeXBDMqXZ,
FfbjjxjzeJpdqimD5yPRHRHquSpHe28UMK8232N6QEY4,Hq23RE564UaA9WNxMmT9Rtpr8RFUwaYoh6XrGnkMoUAc,syncspace
FfVNtxyLVTShU23fH2Dzfo76QeieFJdwCroFTTn5QMvV,uFwuN1C9J6Pr94hLUPo3PUDEMfpxryuJSEeV8DrwovG,
FfT2rVxrKsmxr5KgoH8DmP4A6EKSKZe6XgsnBVSyfC2f,7eRfmnXeiigkvgHsYu4caCSuFZco76GXTWVvaaevAYrT,syncspace
FfHG7UELESKigpXRtKsDkrEj9eWQLPoUcv2b494XuD56,FHcbp8UHJhekcHDKsJ3G4J7X3V6EpgDU848QH7xRnPAm,
FexGfdzeFP1QrjPTcaa9RiK9rXMUrnZQoFh1Ca2r5V9f,HxHF3LQ65CJVTcri2cztiftM3KcXuDCfXgNmpWvvd2gg,syncspace
FefWTu1XqBa6LWUEHoWQDDuKPBVa4gouBG92vr1xJCkH,Fa8TzVCkeQd7ZMcGNZEvC3kvSKtxMymdv1gCVZoPexuW,
FebRaNrioXe5vCoC429yJLE1EZ8jLQb2svsqWW7a6vRn,G43e2oSgeTEaxN3vc9iCKUg2AXaNhfs6KtRwoxgZ6qdP,
FeTivSssQAxfLXtzSw9gLtiW7sZ2aBL7HXQbpLXkDFGB,81MMZdtpDzevCJLcFLiSm61DFr8kqnrPVrwG9XGQnpqQ,
FeCWqXs5rmD7RzgW3CMgNhr6xrQjtYyb2JDeRoZtaRyz,CiS1udKWfC9tQqMLE2pDCryHMUyoCaL7PNWY3hm5o49x,syncspace
FeC35kXx78eML5QtLdYPvmWj6xcxEBAFkPtLeq3KGfL3,AwcbpyGPiNdPrtoBd8UpyLNF5EaszrhXoKqcqqDoHYp6,syncspace
FeAv2ahLxLKaCBCsm1FADQ9dKELaqxCmV2omTdbiH255,5k15YfLg5TmTeVUAuxpQgK4r3Dzuu9ce6RwmKUdtDXYH,syncspace
FeAm2HXmtXrDxqeL4LQDqvms3sMS5d58uz1gT6xSDA1V,GoZAbNWQDsWEqvmy8vZGtc13VVVsJbpg27ghQ3KBQJ69,syncspace
FduqesT7z2oY5LQzNwkvuNCVf115WpZKKDNgiDpoPynE,2VQA3FT8tWRPgiwVPh2oKm1JTA44ocGspKn8yRZRvXiS,syncspace
FdthDfKPvVGeKSkRe8Zm46z5E91WpLpRQCRtDtG1EdSi,36BWr5Az1P5CPJAtSVM6DAqzBY4keMowLbEbLXxSnSyE,
Fdq6NG15hTBGucfBVRSZgbc3pxAJ1ECixpJLQfJxfjK1,5Yr566mbU4TaS5s8V4QmoZxo4K6bpwkFSsvRjfauA5pN,
FdegmvF94Ndi9QoAfNPi8DZ2xHumPiRkK8eLFnwLdt9A,9RuZzjKmpb8wkPR3uXQXN2fn6VtifZER6uyfA2Gg2v51,
FdeRrhz6mbzYbMw431ZZNMGbuoNU6SYRWy4Cyatohhg5,9VNc9BWtBb959bawciDdqr5zU6dTDPwSzB5PxQeHBL9p,syncspace
FdT3kW4xfaHiceR4a9RHK7PXbHH2R2Yoge6VcThtSj6k,8NGWUn24LPkjyAGGHPcN5ZyyKuQmQSYARXH29Cb9633K,syncspace
FdP1cmrvdmiAiUxfRgAfWtPXvfxy2NjBUG4gj6Vs6Rur,5wceam6f3i2PNykKQkomeord2dhxsmyTEaEFxVLVaegM,syncspace
FdDwioBYwnZtEuVpK2ygAthwoJPFRjy1a56HcQ8yfPoz,AoQxX2XfWVPsD2jGqUmaRPXDFUGmyj8aTP9meF72XC4F,syncspace
Fd6MjbY9Exp4MijpkJTgtZWx8no3kbjt9YRjPPaaBtMy,ECrCEVZ9Bqj9EuRJr5wW1A11aV5ctrHbqyJXcEX7swwJ,
FcsCtnYU4M93eeDB6LAYSyhmDoBtQoBtU8fHqP4dp1u3,FRiKTTtBFCraXxAdN9WbE9gHsJHauHzLKf2t53xiyFRR,syncspace
FcrrBn9QPgHmWX5fbrXLd9dqmcezJ14bm4qqWbMB1pSe,7XPAqHLti7ZjipM7DMjkRYyWdiSE43c78X7d4QGeQXDH,syncspace
FcpiB3b86Px3KB8GnHmd11Z7z2KrLf5BzX2uaUeBEbU5,FRnFVoakjCChVX5DSSfoyKtTqod36uQyB7deXqNB7XYG,
Fcc5ygaNrXmZexCYXuR13PGYxUvu2M7hGhqFF1ev7w1x,5wceam6f3i2PNykKQkomeord2dhxsmyTEaEFxVLVaegM,syncspace
FcXTi9mc2dzWUe1EA57dek5Q7W4xsCzNLzni2mXucgkm,Fzx2MEY6fuwjoL1g4Mh5D6dcxp24HEcdZ1QsrVxE5sfs,
FcTwt6oaebeergPUme8F6WyN6mymU3tajCRygkgifUPs,FzFVvoFtwxe9ZfrQzraPmrYNxGKUGsgjD5Smvi4BDtTu,
FcP6K9DHqBeWkEViUdNHvyighfKSX7TaMKe56v9tov4G,CvcP7RVR3kQNBdCUFbwZTs1gygqsKFjsmfR7ZvWY4G4A,
FcJei2AtMAbgqeW5fj7X39XXJVD8qmmQY7sAf4Rx4Nph,88gNHWScPbq75QunYtRi84YqvKwJZ1cjmqrF7chp8VXo,syncspace
Fc4wWpGaSzG8BB3VxzerGGFWsj78quvLxweD8zXTzqay,6Bo1tFfHVzawU45VQsVhMZNdxs6FdVfTX6YxLcFX4bKc,
Fbp57oPWDnZ1932NkQBLYwzWZZEXMQKPbRsoFp72A75A,4eVcByLcXGavuwEBzJuyPGH6mUzrJr4u6kcdhy6ZJEno,
FbnJxi8yB7a5pTiwxYhSXVcH7gcST7qjc4yCzJENwNxn,Gg5Fg5oVBCHTkxRDQbcXTva4DzLRn8zqg1XsaoTfH3xc,syncspace
FbmkvB2YhPqQa97BsaoCeNmiQqVMxHd6qLGBLco8BDer,Dq88Y6FtPdYuqMrcLzgCHR3hS9D2hAhxiGFyXHHHwp6P,
FbhKyFfnDgg5aDZgJLPwVNiz2rapd7VMuEv3SD1XQUeP,Hgwa7586Q9wxFoBMCYDkWMAgEEHwhhPyPeZzW6RKQUof,syncspace
FbLoUqA5fHtWwooKEQzQ1CBE28HBSmjybqhRu3gyNBEY,EHuujbKShgCBa5dGH7S5HtsvGqPdGjMrKZ92xDiqJNat,
FbLB44aQ3MFGUT3zy68wzPkiw8haTEeqgYKW8ectK5v4,9yVbFMydZbXHWtUs4J78a1DzhW6cB8KAL9mQ1gv6Vc75,
FbCP9PVsf7VmXVmJuwm45QSRGNwox4CP8gMmRmMmQmBL,5k15YfLg5TmTeVUAuxpQgK4r3Dzuu9ce6RwmKUdtDXYH,syncspace
Fb4FnWiSA876x3GGy2gcdmTPCKYg8CvLU9ugd6hQ78og,auryHMdwKGnjU4ZBjtacvARm8DcAVgEzYDzzJvVFfE8,
Fb3SC6Mezgiein7MTaLgnPZWckAjBryG6TdwXMRfL71n,9t6JyWV8ds4JNs6phaCJU6xhhwFafwcwnhqq9QXi667J,
Fb3LBcAcwf8sMjpXJuZ5QF6mAtp8JDNU7k5qoUjzn61G,5k15YfLg5TmTeVUAuxpQgK4r3Dzuu9ce6RwmKUdtDXYH,syncspace
FazMj33k3WtGYQeZPTyUwy9CD9Z16FLxAWUec1sAcQrv,FRnFVoakjCChVX5DSSfoyKtTqod36uQyB7deXqNB7XYG,
FawQfowKeZmnoryZaHo89nDq7URc5ehax8HjgEcBLDoX,EuPgyJx1rqR7um5GWTSbPprUQV6LCvqXtnt5pw1KvKPd,
FaqNVGjZSK6LdQP6ogFrnpXWnN78dd5Gp7P7pJ4uAjFW,4U7tf3ChxC8mr3KHWnkV2bE2ogBJK6q8LHLvU1F9BhKa,
FaegCukPkRzuic5yh2jZTaVNS8oFhVxueppYZCphDG84,7VgUP6U82qT6MpTHbSePN9KFZ1TjRAKS47YjQbvSjn3B,
FaaEHsSzvsrKFZxHQT7kXtDG7Aj6fvAQi4w6H2vH63je,5hmC21NZeTJmN9pA4jPfCKqW3Ff6JdbxwHUh6NXZHNAA,
FaXCrP9xsx67NEEYvoAouYb5YthbNYkNphzeqPcTM1ET,FkQQhuYTu9Pr4ZQUt4PqNrHdUego83LPAqB9cUonC8HX,syncspace
FaVcQoqDWm8WKJSuARr9Txcu1U3P3AYkGFNdjcHLYqPx,HTX9BkwYdwmH3xPVAyaiVC8pVusCp4gDWTqwLwzCM1bx,syncspace
FaJt4qbJQEywqBSr2PUhRRm6MD9cMgXGUCwhZA5Vce3k,DnkxUHYP9TTqNkEEjsz35VvZ3FfUg9tLEVicdBjmRMxk,syncspace
FaG8Ga4jutgW16R9HxFFZZcC937wNVg1RzudZp25rpKv,HxdqFdD5uk7wL75xBeAgepLubqWj3YGCMq5LLfyYoZqx,
FaF2VQ6XjkLeJfVkWFGPDUfYA5i1uGSxnnwmNw6Sw1dP,3FDL8YwuAwCgwY5mx9CnZjiBXkxZv1v9U8AAfCV74X68,syncspace
FaDbCHaE99egJVGiN16Xd8aQiXRfaqev12tP5P9EACdo,3fQnCnzXiK1TXSR6ah5G1A5oG7LNY8kNjczeAVdabRaK,syncspace
Fa8oQ2vvjxpzWVCyJeYbPEKuqL7TtnjEy534AS8q45Eb,HtGCSsu8WudMuw1WTGW3WxXnCB1GxrYXbiFiNPnPpoBr,
Fa29hczN1wFDdM8v6eeijq7hGThNs825U7YxPPByjeYe,A37bSDtebhoaTsW3k9x8NtmonwghL2bWB9BdqtJhiC21,
FZwSayrWtWXynqt7wsn5JeBmacwhNDfvkWCcY5esoQWG,7LqCUWLNQBc1MaCKXF2mFetZfM35fDQhyBqMYhKTTEME,syncspace
FZuwN2qDJZidbBHQ4bq76PmZXEQHHriBngUZ1wPHWhRw,3j55KjrSyyegk9r8gGNNr4Np7oQaktPr4wWh7DVu62Po,syncspace
FZrd8JWjnzidUY8k8Tw7rzf5BGUatySkpxjoAyCkoDxz,H7vbEEQBARVaRwET7WdqT1SQQejVApc6pYhQQuybQQvj,
FZm8BmCKb3zoCjUcLPpXo1PcqA1bwgHyzLzZFMzbrSDe,5k15YfLg5TmTeVUAuxpQgK4r3Dzuu9ce6RwmKUdtDXYH,syncspace
FZkh6P9WHf4dptcDVbRX8dixXNYLFvyzHZ31fGfvekaJ,8kULhddEe2uQwa6rqAqJy6J6RjLo5yNLGyVYmsZenNns,
FZfJUhT4bsxXtUgasiMr9qMKcSo1YicCcDTGZYTr7WAz,25TqXN4ToREvj3CVYJcTP1MWbbi9Dd7uUeQ7uTW7pmnU,syncspace
FZXm1aBJq9sAG2oS2c4oi4UR8tbBX28uzrReeCTTGzS3,3U8FL4HiJHygn5Dv6mQMpswqYCt5r2jr7Y3KLJ7bdeaS,
FZPqXJity8ZDDVqgahzptkJzayaH8YmDDZahTRxXq2cg,GZkuFyYWttzKBPqELavti2dFJuZ5jGyw3pfXDCY8GxRE,
FZNQHfnQDddoJ7gHy879uyMk3pPTkmcdxXN6ifgVdXYs,9vK5s36PCW1zAAJTDi3bDMtWf9HUx1NYtTHYv7DjdejM,
FYsTZAbs7VKus6czJ1c6Gae4XqVJYFy4xCQxpdGYXuKB,4U7tf3ChxC8mr3KHWnkV2bE2ogBJK6q8LHLvU1F9BhKa,
FYkZ5MmEKgLMQYyBEb8qZvDWnf779aBiY1k7P12YYH8L,CNAsZPDtMUSsKt6cGLcPH5nB3wZm7EEa5b9KX6uNs1w2,
FYekJvYzUWKe6z4RSJgbLBnzeV48FABsMZsjLH8Cmz9o,FQsAt8wBQeBWeAfWMDhQiEeB7wRhStBBBeaisd5WGum6,
FYNxfve6CRLVXm4CLH8eot1eGwGKp5BTcuDbwtENFo1F,HRtwRVTmn6sbENbE8HPCyk8dJXURsLwBe6RMN9GnUpPW,syncspace
FYNKr5huBTWqe7ezzKuHzB8RBq3wEyN9NwF1FwHbmM75,25TqXN4ToREvj3CVYJcTP1MWbbi9Dd7uUeQ7uTW7pmnU,syncspace
FYA1yBqnLcpokWG7uMFNCLogX3gxnNvUsUW4rEQQ1bs4,9pRyBoTvsekUV3ycQmSJtqULrYb2Dv8HFcSdLWNpzGdj,syncspace
FY5wWMsB94tfwji3NSkpzeaQyAyRT7RJqV7U9QuRp6XJ,5k15YfLg5TmTeVUAuxpQgK4r3Dzuu9ce6RwmKUdtDXYH,syncspace
FXxyHNuVzxPxJdgDuA7oh6V4chc8NVnD26Axn5N5qv5t,GDrQ5v7GmQLq8dMdz3HHW35sbTYZiV958WXRSoTGjwxA,
FXr7BdikAXgt8eqrrkejz65qtEaqW4xSzEZEMNVuk9op,2pQvQF2WAZ7ZVx78yJpHyw3nVHM2kKAoZzve29yFrqRi,
FXr1kxBF6JHX6d34Kz4DLjgQjR4a3gk1tq5jPAp97x33,7qTdPSmTmFnRoL2RqfJw7Z76PrXYLr3z38vxhHXJuoXz,syncspace
FXqa7syQD4NbnVEWLpo6gCav8MWaixaS6Yxo3ATym5GB,4U7tf3ChxC8mr3KHWnkV2bE2ogBJK6q8LHLvU1F9BhKa,
FXopzp9iF9TmmQhaae6VYKahVJGa39AfAhYfu1woW2Ko,9q8A9jnwbBrxja6JAPxnwhbS41arCyGqLJqnyRkWqAYf,
FXoH5LWW1xReUVzRyubfW16ZUJG5cYnwFfRUsFMdMgGV,GZCn9bLvGm9sYV9RLVi8gStnK7Vh9VnCb7G14ahjL6ge,
FXicCfMbvCHDhMpnmQ7io1Lcd3eGZBo9mjqs9SjUsJy5,Go5i2wJKeHDz3snvmTdVRWmKyKgTQSUnUiq7WbeM91RL,syncspace
FXe14PMJvBYTimEARAUjztSdgwMZXwvY9wGaBuYhpyTj,EHuujbKShgCBa5dGH7S5HtsvGqPdGjMrKZ92xDiqJNat,
FXSF87piMCr8BHrhca3wWLVMsgiT2ggCXQRJRFLMS8xN,2fQyHz8wkNzwQGzmzTag29KArb58cqWNPxSqbjV5jNdd,
FXQUFCAYREg4KtzcaVYiJ8P2TQV4DYPSvPy3PbxjQqYh,8kbUPep1NqXTcD8U2qyrQFAzNqVxXy7Gn1KKcqxqkTjC,
FXLERwcUm15sGmNB8ouuTnPBKASoTwcPhdqgpn1T48DX,5C3vbG2LQ9tr5acAtWvxyjuQo2w62EYHHpprGYkUBoQh,syncspace
FXK4WD94zNmqDw9Aq25UWJgd82AoTqRQEtfjNGMc7q1V,CB8Pr9uzrrFw8BFnCqworH1wMa8DsmbSKgUNwVWnDGrL,
FXF6CdPFbcGPFkz77DCMfN2AkN1qyz8c35M9XGSG2YcY,G43e2oSgeTEaxN3vc9iCKUg2AXaNhfs6KtRwoxgZ6qdP,
FXEZSbehnBZZuuYWdwc61ACw68Hh9Vp1xsXWarDNNJPQ,Fa8TzVCkeQd7ZMcGNZEvC3kvSKtxMymdv1gCVZoPexuW,
FX8EvxACVNrk7ZnQRYY244kPoE2BB15uAkFJZScxD3xE,BUN2LbXVFskgBMU6Rj3in7nHyTgcm2xohQUckadwEMxt,syncspace
FWyYmMxio6r8tncrKcmSeAnNmKhKhZ9WyRV1QTJMsiVv,GPg1UBnaqBjZS2XiMfEpgWn5YBJmNkVd11HXjYrDmVsr,syncspace
FWt2ELf7Nu6mVuL455p2vvc89yS3QhUfmPdvkcHBgc9R,2VQA3FT8tWRPgiwVPh2oKm1JTA44ocGspKn8yRZRvXiS,syncspace
FWrhWBpDosyJmE4njtaQLmD8ZviwZ9Y6FQk2GoozdXMG,EFBVPqrimZA5nE9Hh9jjfEGo17AKxD6GUxuqB7ypxXrq,syncspace
FWYifSFtBfnxis3m2JJxpW8YEr6xDH5PoK5VuyPW6tc7,4eVcByLcXGavuwEBzJuyPGH6mUzrJr4u6kcdhy6ZJEno,listed:magic-eden
FWWR1BsdzNb2fzpgnEmdZRfRV21zNRhFB5nryTiA6Us7,G8YnoLiUE8pH4N7kEmZQ2365LbwPpGtBgRkXD467csHD,
FWQS2LYBhG6JaXNKwrj57ZYaZLiA6ikLHu8LS4Cyc39P,924yfLMgGgJLEfm3EFHeSTvZUePwkWJX6E6sWxuwE5KN,syncspace
FW8byV7uKkiKkbMu79M4Hof9S1vu6sF3QTAhft98kGwy,4FzcExazMcR9ZXxGVX31xQDiCJAKVr5NqVhPSzBbycBc,
FW4hDaJQESbiezV28JpHgAyHKxqGNFNQ9LQ321K1ksdQ,Dnp1DUxkaq2vTURiuLqYbvMzyBQGQtRPYSqmLMpZgLm1,
FVxM8oA3YBP2jB3wGNdrBqnhS7NhFXg592qXVc4JqMd8,5HTmWp4VNfi76wumU2ug5DMdJYWVLHLXM8w7prkeH4vh,syncspace
FVwXRQ9SBdXSaNWgQEnaNfnWqrp7PsY7jPagn4JaXzuf,bYFeHydgPWRCDcB47ZGUHsoYWu5uQSxqptmWVkbs7rQ,syncspace
FVsm6cVGVbH6PECgn5uBSMT22ow76sinNapKm1FSkcgm,9Bg5V5862h8NhEYZ8K3z5BjaKvpwZu96DxY99GVuUtPy,
FVrwFuvkWGcGuz1Tu96sVBp9QSStxrPxsBcSHyCe5V7T,Fa8TzVCkeQd7ZMcGNZEvC3kvSKtxMymdv1gCVZoPexuW,
FVcQs2r7CrcLmE3VTMKZcC4Vksq6Z9aU9LTgWGcVSjc6,G43e2oSgeTEaxN3vc9iCKUg2AXaNhfs6KtRwoxgZ6qdP,
FVP24Qp8v6w9kPYgMWf2KfXDq1yyDE7chRvD84QyXUCx,CqA42zXaf5zXk7EW7jtCLfL2uH1efuB9GtTfjfJ2hzoq,
FVFkcwJZ2kYXruenPgoTpTdiAXaxDY8Luk6MEKtDYuC2,J1nEjunTT4NbyvWeurejmjRF1MBuL4RndJzHHzvGPkC5,
FVBdUzz9ovoQvFXP9TSQJPhPobMXcMG8fgBkZ1ujWcT2,7D6fQU9GJSaQMFMUfa6bjNZyfgMZrY8h55ZgfRtt3hzG,syncspace
FVAtaoUDv6SkqhxesnEUEU2oPkFZiZTzoo8bfCh7Rvv1,9RFpLxiGvKfupJJiKyxfJa84aC14W9guiLhynexDgzEW,
FV92vEzrVeiaFefVfFRW6X1HknKcosvHBS9YUiFcb9Hi,AUaeHCdYuj7x8EbNrd9gDrZ6vWbKNbrXpnzwzugeZG53,
FV7nZ8Z1KtbBtU2GiyPgoRB2GN5b4mC8RsWiAm2PB8tD,At3RNrdpV3VL7w8KyjwUfabfKZV6Bcq3Mtf17kThHux8,
FUtTwB3GENzKmBxRZaoQmszZX57vuE1ZUzoipBs13fB7,6erKQrjX85WFqyMmHK1WW6ss6gm8rAY4DX4SfjFbdv4y,syncspace
FUqo1uR1nJkp4HpEqSCp5YE1URZvHi1knreRgCRbaHYB,Q5v3oEhedzdNtZ8xtdo3BvmLVjsj1WQsUX6zde2BamH,
FUVgZPSVmgPJLbLTFt7iwh8B9hged7a9qYuU9NuQzLNG,Hq23RE564UaA9WNxMmT9Rtpr8RFUwaYoh6XrGnkMoUAc,syncspace
FUMqWvGjS6xKkzhfpHUR9xY76UjpUsXxAdGiz9bSZp7K,9qj66zMkDdUBFw4GaAwKBgyyLfYRt1Ax5nmQGjhV7Lya,
FULyyorTpt2siRJXHWXMer9N8fAcn8nHQ3gypQWUWA9L,Hg2gqbjGgL8NZDmJk6jfqskafuK2pPqccSq5FqamaTX2,syncspace
FTvJJ8mv3RQe4dWh4Giuje2izqceAy7e45kQSjwfYugP,FRnFVoakjCChVX5DSSfoyKtTqod36uQyB7deXqNB7XYG,
FTpZWYqEUn1jQD9J13jzwrDYH37n1KdSD4MsB1EGh4oM,Fa8TzVCkeQd7ZMcGNZEvC3kvSKtxMymdv1gCVZoPexuW,
FTmh6MbHFvyepUh9J56Av74J8pikCmpEeBLEvkGNesq3,5wceam6f3i2PNykKQkomeord2dhxsmyTEaEFxVLVaegM,syncspace
FTXPi9wCVRLpNmjeLWkHeaAjnibFbs8ueJ6mvy4J4t6P,2oNgREE9vA8j8eDkmFqVfhvWCzUyz8yrxmckD9L753Vm,syncspace
FTAZ3x67PwYjx2aALZtLaTFHVyyirUcRgJun9Lcqj73x,4eVcByLcXGavuwEBzJuyPGH6mUzrJr4u6kcdhy6ZJEno,
FSzCeEzBpyFLieXMZuHDjrVHEWx5pDUWfkfSFy4dm64F,8JKMbMHgF7mPmt8d9QK9NHJFZU2n6TuH8DofykdSBptc,
FSaQ9DH5yUo3YkAWY9Jc4bvptgMaV9L9kDkr5YyKmT5n,6LnH18SQsNqVN9BY76zCsNP8ur5XVQtKgb2t2iq9aZfs,syncspace
FSS9yrQQxn9yWxMztb3UWUeyQ1FCTLNMUfg153fBjH8a,9qj66zMkDdUBFw4GaAwKBgyyLfYRt1Ax5nmQGjhV7Lya,
FSJas9FCP8vH3VG1jUWyGqVKku8bf2ettc6TQhQ1GYo3,88gNHWScPbq75QunYtRi84YqvKwJZ1cjmqrF7chp8VXo,syncspace
FS8MbWk3Sy4fgSnQ4FCqvVEu4MPpSDwVfc875CJTJFEc,2AdTky7RD3MjCLYR35nxN28HM7dvBjoWxAhm5VtTYcSh,syncspace
FRugM4J4fK2rR4ZCshAQtd9sL7sSJiyFJ7U51LZQicDw,Dsmwsfhy2MqU9FHz2DwuYdTRo8munzUbjPCZpYXHm1qk,
FRroggKa9cER6SGK3gME4GpSfcYmMkfT6Y8qjLo6b6UF,DrJfmnMuqo1uYmnYKUTaR75Jv5Hbjj4YuY74LNGjoUv8,syncspace
FRmyCRutYNw7V4Uh1YjDtSV6cjDiJQGzGA2PibtXU3gV,GPHRtjJ8bGfoADKQoC7Va2PCyvQgbHDodp9NzduZLL89,
FRbhMpooyki2u1rTHKNATt9iLYpaw2cqo89RR2uU5LQF,4KyV2fjRTVzcHaksQ5jtT5wyfDzwv3MgRZpXBD1MsoYb,syncspace
FRMGWBhzxVMwuq5nwdF4KMNLA1MQ3CMTPi5HCZoFAr68,G9M33xtMcP3W2yX1Tvwg769bvQY6pkDpDaShTU3KLS51,
FRHJrk1wKQj9uGcNjEiCdrCn9Kx84EcnvoBHtCuJb2sP,FRnFVoakjCChVX5DSSfoyKtTqod36uQyB7deXqNB7XYG,
FRCp9s4tz8o7c965nGb8AqEFkhhJKFfqHuitMLX5yxX6,3ijwbSGhaDDU5jusKYU8dbm7GW8Y8SjQ43xjxrPGgY6H,syncspace
FR7x5AV4BcJZowhAbkT1HT3gqABV8PQWpJwb9ukBSZLo,CtyBYvDMWDq6xSr68Bg4TZCSkWwH4QdSZ7duoSkAj6jR,syncspace
FR6W63yyiGfeeGHqDpSG4EBVZUF7Au3YtKkRWtNHJKi7,7opL4DnyDkUkn9mSZ4hBBQq9AqU15n2uqnQbePYV1Nsh,
FQy7HuS4Qazv8Kq7PLNGu9mj8U5eHRSf3eTSkq8bZNdU,AUrox7sHx1L8mxEPrNqkVjHa16CXQ73UbgZtZTNPNLjx,
FQn1JfT6XjPajCGmqjKnPRYJ3zMMZVeSCTAFTYpRV1PE,PGD5SRigr9viqiX7KYbyksfBxEqqrVGCQg6AxkbmaFB,
FQZFGVsJ6pHVunfYmcnDEgVnUfW8sRfyLp2xothsZNHA,BFaJuSN9SYQrDLF7PdV8NjsYf6jEdxKt49LwMCBwkgwc,
FQUL1mj3eh5qC4eHcoxuPexCxAZhieZMsrRD9udhmyLd,9iVHgu8EbvAzdMwbak1nBMbsBs3UothBtzenrXmAGyHj,syncspace
FQUHH5PA4VuanKJaVcTEmWdZss9x5BKQoSZEJ2kkcRAG,HTX9BkwYdwmH3xPVAyaiVC8pVusCp4gDWTqwLwzCM1bx,syncspace
FQPEzN13CdbK7yXgHADfVXUJ7SEFZ9kTa348F8qMCbAq,J1nEjunTT4NbyvWeurejmjRF1MBuL4RndJzHHzvGPkC5,
FQMZ8nTzZNTRby7ZKrHhMtexWkkdarrkiT9bSF2C2hZ1,3j55KjrSyyegk9r8gGNNr4Np7oQaktPr4wWh7DVu62Po,syncspace
FQFY8qti2ZMXXrZkJLRKRQoW2TGHQ57UXJiBK25GMyqp,9A4qqWioZRrLZBheag3LUj9PKVjprkADxLkySNLdhfTx,
FQE4gFxa7f73QiCGu7y62c6eCpz1MaAMW6gaFyJrSMhb,87ftG8ySf1ecQ25QbFMcUcoCzviACnEb6qyEaFRNFzsC,
FQCRwCGf9V7XtTkkQjsvJhRExpQT93mk1iEoF2QssPJV,BpvbaZ7GrKt3Aq9TQC59eNfZKco3UaM5fscMjkkHLmmC,syncspace
FQ5Pwyp7nkaXUx3yAP7eWYQuRjDcPLEtHT6JWJNJ1254,HAaiittoGPuswzyH2MPWRJbjS978bHsWWYy81uwEW83u,
FPvNm2fX8upX87bHxudRo2p1KmvfP5gZYnA8SwKW4koS,GcRtVx2BbdK5sp5dqpauD1C8xZ3p18oVmYKKnRXoz2Bw,
FPtnHBHW9Xyc7sKBHTb5sSCKXXBpSSCW3rYfYGxZKY2X,6cgsDmpmBtJfw7GN9kd52DWNz69e7ZCDswLPrqCGyYh2,
FPoe7y1ubu7NCQpuSek3Sh69CwCVJnV2tQh2Lmk8tGUN,5BXtxJH1SDEPcBNiuSswDVN37qqpSa19arSvWPWcG2eh,syncspace
FPhBUR39ifVGZeyv1pifuz1B2sDPDpNogxPywhqHuHnF,FRnFVoakjCChVX5DSSfoyKtTqod36uQyB7deXqNB7XYG,
FPaG6nYe49yswoKQaH5zqH4VS9X7xZzLhJfeHxcutwBo,7eRfmnXeiigkvgHsYu4caCSuFZco76GXTWVvaaevAYrT,syncspace
FPUWkVWXfUedidh3tUjn6r8DaMWU5a8fYzJc65DbJWuA,CqA42zXaf5zXk7EW7jtCLfL2uH1efuB9GtTfjfJ2hzoq,
FPJVn9LWk2wDZTPUPfQxZwGpJf5aZjmJUS99hSDfzQhQ,HhcMjf1dg8ysC1AS7m84AccQEoXAsMuumnG41pt6vd87,syncspace
FPH8gKepB5snnXCyrs25JrPrFqc1CnNAxpu7otCQ6rGU,H1uD1BRM38YxrXR8W34J87Wp3kg1ejueYuuRhtsA3TAe,
FPFaEiD9q2F3anRoq5fUCfjPhfZUDn3Boa3eRMppwAiN,CiS1udKWfC9tQqMLE2pDCryHMUyoCaL7PNWY3hm5o49x,syncspace
FPDeZ85Kg6hvSTUBqaCPjes8T4jzTzRswRZYgYST2Uba,CHmEjmHUwJqezvVuXpUrXVgzs4eu7fn8JJbvNJX3vbe9,
FP8EfB6GqhCbBo9RY62viFyLYFbc5a9w3Fo24fHcageH,GRBjC59aLeyZaZ7qswmeUgoD9cgyMJCsCNqEQGCNeZ4j,syncspace
FNrMnsf1ZwjXbFpfTrv6Tm5nKxwAyFvSKj8mYYSLFWL6,Fa8TzVCkeQd7ZMcGNZEvC3kvSKtxMymdv1gCVZoPexuW,
FNoeHZSwkcHJTyZJBoN69Gj2WF1pwiUFrNNNVfQZky6V,BtozKzZwR7BkeNbV4bjiafwsi1sq7M45KMu6kJbPhRSx,syncspace
FNnnbmSseY2kkY3sBFqem6XFF1g1FXa2kcPrnodgQCVN,FRnFVoakjCChVX5DSSfoyKtTqod36uQyB7deXqNB7XYG,
FNmdjEsnZMjUFx1B9QyVQ6fJVJdgSmNx7bMnfrwyHV9G,J5wJuywZtANvuXA2FgVcrotGZdPJiVwk1gjRUZ5FS8fR,listed:magic-eden
FNkd79EXKB174N46xUJNJmukbp47biSE4jYTt4Nx9QEd,ECrCEVZ9Bqj9EuRJr5wW1A11aV5ctrHbqyJXcEX7swwJ,
FNgtsqJsVDQiFCcfWoVqXJ19uiV5vVEdfZmY1h9xL4A8,EGrxM1YEc9cjJQj8AeDmQJh3LRn4FrS93ZQUKj3ccjrA,
FNfdALVwy1C5rPbY3AY3nWuSjyvm529sYyZK7HykVkGk,9ZuAkjidZRDa9NHHrQAhrzJSvev8sPLBVv1j5Ye6M8Fn,syncspace
FNdAZwhnpdMYe9tBtjJnhFEMBpfBzKnJCQSVTTFMEejg,G4oLCY4vTHBQv4XruUU7gm21MPbp3zDmo2LZgtxadrYZ,
FNWnJBE6VBv8B5S2TtKQ8xyG3BQZisyBBjJWvQxoorHM,EjRNY2FQFAVNJufkxXgkUefgKry8dWt6htGg4Qpau761,
FNTomod18qfUn98qGnF3GvN2jTqfHaxo8ss3yfSqa5oZ,5jHcwjL6mmvgWEvTkPk3Ps6Fu7M6moiocASQuBLmbX4f,syncspace
FNQExLMdyFhJrhqbRU44NXBZDfTkCuJ9b8ApZbwBCmVw,BxMJyY1EsNoWuPgfR3NEDZ8xxhYpn2eSERgWUjxcoztu,
FNPrH9fxigkV6GPqXXCmX4JoDgQEPnp8DBSTRFWvMg9y,AkHTrLH3yCgXJh31Tb8UhQJxJKJFDpUND14ZfUzvsRG2,syncspace
FNGiJpuDYtVDPmRg4tv2eFveAcFnAHXU5xpJhoNcRKC7,FRnFVoakjCChVX5DSSfoyKtTqod36uQyB7deXqNB7XYG,
FNA5ofCyvWCHsWm6eLeybg67d3TjSEDtfwXDsgk3wsXE,5k15YfLg5TmTeVUAuxpQgK4r3Dzuu9ce6RwmKUdtDXYH,syncspace
FN7pq7NRQiMmX7WHU4JmbVrAvPGTmx77mL8uoSFCPX6F,4qbfuCaJTunEgpPvvtmThss23gBq8bLqZc4wm4CMSFi7,
FMtDTWSmPp74ASvTWwH8v4hv56V6cvjo4GAUymiyDnvm,CEyACxUyK7CDVBWGhSTYoUErQmGiiNCjkNkYcVAfg3aE,
FMsYBzgQca5skphffjPVmhamMXK7vdAybU2woAyBgAoT,7P8SRCwFpVCnMp4rabaYa7kabSMYmkkCbNnwDy6QRKzp,syncspace
FMr3wkhyvtL5CKpKRcosQHPwjrMRhY1Wq8ChSLzrS6Jm,AJrMvmF4ABGAR95taXdJXCXqVAJ3ezE3xnN4Qn8CPwZ5,
FMi7SnfsrbMmaRXAUnZuCDeV9BJkhM3h3e5S1yh1GzZc,5uCaNqPTebms8kmBw2vb9NMshmeX6eLj8y9JfRzBRnwM,syncspace
FMeU978hiYAPwUyReoe2W6PvRBhDSimWHzJHw7ZwDdMH,auryHMdwKGnjU4ZBjtacvARm8DcAVgEzYDzzJvVFfE8,
FMbmDXnt98skTDuXeZFZpJmuGC2yxmGm3x8vgCbDfNaF,5C3vbG2LQ9tr5acAtWvxyjuQo2w62EYHHpprGYkUBoQh,
FMXhxhQpwwLRsXC7jiAxFnRjN6yo9GWHqsJnJwaumBJU,7P6GNC8iwBSzpNj93VCgp7TNUr8DviqWLUFmmSSLipzk,
FMRS9XBG57Pfqj7KKzz5pd4jQogWSg7Pf9tPqs2YahX7,2yEw5qTq4LXZ3m2L9KFH3BBLzUvVEadyF3p5PwhhVGCf,
FMNZBdFmX4NYS26bzrVA5mboCzyjoN4ZGoKfjLTHHdyp,7dmdC3uJze4B51nnVEQgWc25dUHW9BG8PtfYSy1iDkQS,listed:magic-eden
FMMynrw2sjFqw8Xsr8DyiCDjfw8cjT8WynduGPAuXSx6,5D4N3T7KuVDJL2A6LPNWjYTz5YVP75vuMS8ocDNVycyq,
FMLNn93PWFv1CbVocgDxCdqpsVbGjtZt4wkVWgy1gWoE,FY9NAS62iqRVkjSwzbWkSLammaLLa7WMduHkKd7oc6Te,syncspace
FMJvy9nLATQkRP6sJo7okNP8TZyCJmRDZ7WCKEdG5ScZ,autfyCR5psTc85smVAcGQajFT4TC8xxPPH1wvJu2Grr,
FLo9TRqRpe6TfM8MjFuaAjSVwF3HuqvgwKejgFH79Q1L,CB8Pr9uzrrFw8BFnCqworH1wMa8DsmbSKgUNwVWnDGrL,
FLmKAPHR5bS8MMb9FJwFGWSq54y1tTSBJQZ1vXAtxcyz,2KeBXMvRHM41XGtHZbUqE6ioVgc6G4b8E2qGyTyvoPnZ,syncspace
FLeere3kNaREoXjG8c6NqongNq8gU5c86tx6zLzxccXe,5wceam6f3i2PNykKQkomeord2dhxsmyTEaEFxVLVaegM,syncspace
FLduk5a3BbJP2tnyimY1uzpLtquQ5AxCUDQgP82kwEQm,Cf4usNc68PgqnEi5gfjRZAFvoWaP3u1MDV9fa2RALvCL,
FLJgXTri3t7tGqVLFqP1A5BmBnkH6K7eL2UWs7rHPFvj,CB68hdYKjVKv1NWG4xpAiWHbpTeu3oExPry34XcXBQYQ,
FKypoFs2QZX9rixkJgNNureqECMoLtjmNGiVaPHPtHVz,72gkJscUw7WYK4H6sevY4qXERi9Zn9FmLWZiZbqmW2i9,syncspace
FKyiDYSiHm95Yy7amDuR5PMyurM49stBrThmdtkXQjZR,GdtmgYPv6WPQ4jgWb1tgPz7mEKmadsbWgSjfNA8oWchC,syncspace
FKqo3vgW85vtfyaey3D2zJVvNn3nhZF7iZm6ugQYNHXi,74g2B6EMKmtUUc5NG2bfL2uEq6ccGmYNWNPCjBqUzPi8,syncspace
FKjYH7UVoHYbjSNTyV7HDsXQkj89T9XCUifCuyXU9Q5A,aumuHzMdUFiFCvJ7kk1djU4CViSzxJk3FjXTXgvdNZn,
FKcyi2bdYDEWb85awxBRdYitvMZHNYA7gmGqrb2R8VpE,83aiAHyRgBTKKQf6EKBUn6mwGR72K25qv43jbEdhoB8N,syncspace
FKcy7aVtXeQ8HBcbhqpxx1pct4bxotsgASRJbYe1yMQu,2UcpcPXD4inrYt7xAS6sf9P3ucSh85evs5kAQHbDXVcW,syncspace
FKYPMZa3a4NRpQpNP4xv5K27aVNMk6FMiv6u5ex3QfkS,5D6BKue7GwNFp7tfSXyDykUz87U9s6EQpU43jASXCibK,
FKWr4NF7meFKjFV6VYUEt9JRBJY2kHJTEtYQ56YBLZyL,4NtdkqSLQURvwnYzvxyg7hszE1HZKzU4w6ddXmF3tF49,
FKNix6DaLYe7x3U7aDhWbQzeFd7WJm8YtcMoXboDLsf4,5wceam6f3i2PNykKQkomeord2dhxsmyTEaEFxVLVaegM,syncspace
FKKG5ieJvvshfVLp99NAqst32heXT4GtwK8CZYFA73wv,JAu7hEKtTEyiZ271BUskRjkNxcDuncoQwgd7gdXWGZos,
FKK6h1LeF8g4e71eM83dBX5ULbZFaWtwCp866J9WnQ1r,9qj66zMkDdUBFw4GaAwKBgyyLfYRt1Ax5nmQGjhV7Lya,
FKHV6dvCTYvHghkwWCL33DR3cJmjaSaWch7aqr3B61Bq,Ew5TNwdxpHbRSFGCRMmAcm17ZFzZmQU47B5oGcXbW8we,
FKFwSTFGJVqrnWFv1qc5VT3CatUkCpdgZoJTVx1rcDu8,5wceam6f3i2PNykKQkomeord2dhxsmyTEaEFxVLVaegM,syncspace
FK9PwfYAJgqkMxDPFWeKL5QfrZvGReaqt4aJhwuJba9Y,4Ld3w4AuhUG8DqUkDqbc8edBShxvnWqqQW2wV9fGFP8S,
FK7FpxXL29Ah5L3gqQESPc93TLcmePT2qJMkw4ZAuvYn,5SSZ6YR68jD4GUNQy5h5Wdig3iuyPLN8XQKXdesLYZ63,
FK1GKkRT3YfFdRs71RMkjcwLPtdnwZ31bXT4Rqa5UhCc,88gNHWScPbq75QunYtRi84YqvKwJZ1cjmqrF7chp8VXo,syncspace
FJoy2DZE4zuxLqP1Mdv5E7EkCvDTybk3RjnMufpg1wML,59yVRtU5XiH4YUJd9PL6yznQQx7gGvB3qYGZDMzQGddW,syncspace
FJh8FPQmUgyEf8ppX4vFVkRwFTF6LPFiE3acTK4UQN5t,DVPKpcJ4moPNQph2xmB6axNhbhYeeUp3UTJ6o8C7wjxT,
FJM7o49iDuZmfeb5AsJyE3Wu5SMShUL3QJeHYMxrLzX4,3MAsDBEw39Aa8EocwqAFsj1jUDehf3ZH3j7kg9Vrmcz6,
FHywhiHWWkdsUXkCE2NKuWea7DDebUv3tfY2n7K8CGN3,4qYWqy7eVddKcykU7XtpLUrKYdF8VtPobn6tUuqKhWtv,syncspace
FHuxTMnPfcbpMCoM2gQVpcdLVDUsm2VSKRSiHnpT9toT,35RXquHjetEKi7Bp9gbej3FChUEdveKDpHwGfwYPra5q,
FHgaHCZRcDDeT1GLV2xttw3iyWe82cANAoHQ9m9wfPEB,DHNHnQowiCFmX8MeL9kzuqPM4MLjSDnhCRRaFtVx6wfV,syncspace
FHf2oNmjXnBWTtNv6BzRbqHwDPQtU3RNR2cqfRh2TFkf,4t8jDpouoYtXDT12SFADZ4iab5phJUtgRT4T2covPeVq,
FHcc2xNU36H5oE8h2YNbi7Ad3aDTGW2mTCnNvJEBbrvL,8BXx8o9QfJ2CSC8DMynxmTQuX6xyMtgjwBdWKf4UbrqM,syncspace
FHcKra2Neus4sCH8YoEK3FNawtUXPstzaL8nKEY5rtQQ,hh1ndnz8yRNPuGVvMToarHG4wUcTQoYMkBdyWGmMYiG,
FHbCETM8GPi1fhrZHk8si95Q9Ek4Uprf49iZfXkhBmRj,CB8Pr9uzrrFw8BFnCqworH1wMa8DsmbSKgUNwVWnDGrL,
FHXyHvXNTM48TpRwJi829pC2vRsEag1btTSBgTzecZPc,6p8hucgDPZBK8oYdTFj3tmvogK7yvsEuBxv23ZaxoAMb,
FHLdz36zfusGfo2tTFt3jFwuxZDDsg6UN5WEXED7zBLW,FhjaSC8X6dZBoM4f7gzibb36Bd5B2bepoN671XoMedKQ,
FHEdFB1zZGTV6XY1kgWRUmgaQPbCS744d6Yr3HRZkfBb,6BmnZ6VG8WX2QXzBasVEXqgXPutzxvwvHpUMg21Cpz5h,syncspace
FH919rAyX3R8TS2RVcM9JpkpjHc4BxZ5d16eJBKkwQ9x,9P7UbKqV5JqDdhoJXQLPizGnJnbRLTYFXVtUcSBvwdiB,
FH83tFueZHrQMj6p7o9MuGYdvdHxEFhjbENAuMHy6GvQ,Hq23RE564UaA9WNxMmT9Rtpr8RFUwaYoh6XrGnkMoUAc,syncspace
FGzi82MPFeHhm4DMdVGc7e1CuU9U4dE5i1FJ9c9bWKBZ,5wceam6f3i2PNykKQkomeord2dhxsmyTEaEFxVLVaegM,syncspace
FGyFmFeLtEQ5daT8vRuDEZBqjHZBK5cctTz7AtvLQFie,39zxZacsyvGxUHTnXBZrsZyRsG2cPK9dXL5kV37drR9v,
FGjQMmzPtEtRNGbwkwWoMUx6iDFrzJvNJwkTVxTBy77u,G9ifPRPjobGNu7tJDGAe4bXubjypBj83ntdybFe4GoZi,
FGSxDuMjbeHNbzUUChCy4h75fL6sk31tLTRectfiEyEG,CuSyhNRm6CBQF3SwYnsfLXeU6yKEFQ6KyMdNFZoLKBQh,
FGSiYwguY2DZ9vxFVBBvuVzt6VQqPZGZaC8UKXQNsZ8Y,HZKtfmmt8YvCCUgaRH93zJyUQGPUGDXUJpjaw9RhdJwg,
FG3t7iMstTs59VMRBEWbYTDT74zxXcMQ5wya5sjXQVnu,u4RBPUPQajCtygqBUHXchMTNXGC92yghfaUPrJsu8KS,
FFzCd9NU3XnBGvcWCPimtsT5D3VJAkGnJ4B1nVomkEv1,598kivRA77B4DazSayPPqdYEanrY73SJJNVdRx5fFtWj,
FFP7W7cRrr2XtKR3jzivkLwbE6pP8NMfGznhecwN9Hrb,6Ewsa8gHBsXpELxiusp2n3Qo46RGUDfZmDcARNcGrM3J,syncspace
FFM5TnPuF2taTuXVfunnPNQRwB1j8NtJzeRWBv83QoxT,64G3AfF3YskyVkMCyRPxirahEPjbmx5WnVmNGXqVPBWS,
FFLNYJek7BveWw9wNcXg7aUqEB3obkiVVBKnQtvUUyuX,6QbNvgEQRSTRDHHxpt8Vwe1kUeNiatPYUsiWHrvP2Pf,syncspace
FFAM44UEGaJuTBivNYPQz14dRtyrBhENcqqMpqasS6RX,5wceam6f3i2PNykKQkomeord2dhxsmyTEaEFxVLVaegM,syncspace
FExMgtBKStvFy1jeghRVHn8F5i8N3Jc8D4tPKXsr2xCL,3j55KjrSyyegk9r8gGNNr4Np7oQaktPr4wWh7DVu62Po,syncspace
FEiqWvCP6LNA8rCeBhqCuJihxixrqoY8nMAbZT9nu4po,HtG6hXqM5KZ1pyLADGMZLtu5hmrWeDoDFUKtRnGhb4UV,syncspace
FEiGnBYKdHXfNZWA1ohoMyLB2zxUwziBgBEZSvembZis,8RV5nZAYzT3FS49JxWmAMj4GnancVKUwJqBPjZkQP2nm,
FEdtRxBJMZdNowRgxjeGP2u2Wy4J2QyARB4SaPWWsmyB,5AysHo5vYHYcqNaJ4zrKKf7aRFfWXCCtQ9gdPLfpudfA,
FEVx6WJWBTDhKsA7ya5eCTDfg7ZV1CTTqFVX3vnnTkV5,3cPD65UxDMj5JeCdVugtuqve2Sebojqg4XgZX9Lpb2tN,syncspace
FEVhaNrN562u2FTv7d4Wp7749CmMY99o9R9jsshErKwi,8EvjXrYrMDM5V1Uz5sbjyufswV6VdyL5MmQbz8hDceqv,
FEL4KDftuPvvaGEhK9zxvk2sMi8ASa9nxXsx5tUf2Con,28691xqS9Q6fJgMFfoC4k7Aha4RCxSrAKXfgcArBPeZu,
FEGHoNJBxp3jGv1igHnbNz6fbwMiNWntTFRshLjbXNz8,4SbNZpXetjBPdiXrUKMWJ4otLtZAHpdq82RpkNVLRbv3,
FEEqGs4Zov22s9HfmowEPrkQuzsUNdmqMjpum8yqLvXq,5wceam6f3i2PNykKQkomeord2dhxsmyTEaEFxVLVaegM,syncspace
FE86jvK6HSP6BgUZnnG3srLQdyhqgWxiXMXVFBqp2kCr,36BWr5Az1P5CPJAtSVM6DAqzBY4keMowLbEbLXxSnSyE,
FE5jQJZhBJUjt2sWCvrnS8aP9cCtfJUdyGfPgXmFDFXT,BcP94V9puoVeWQACXC9MsYNZFSV8Muobh2r3d9CZpqpW,syncspace
FDwRnGNgMGSAi2f2XEibfSSX7ZCJYmjBgCdmiRfwEyHw,CAWxDvAgQrCcwNAM6qPpo4Af15sL6rzYyHHMC2EZL1ys,listed:magic-eden
FDuY25pF2fT7BHY9ZWG4v8bqG4nFPDZ1rNQjeUkEw2Zs,2yEw5qTq4LXZ3m2L9KFH3BBLzUvVEadyF3p5PwhhVGCf,
FDeeqRRrHyboTUB8AN9dk2AbuFAaaUc1gb5ChFkBvBeC,Fa8TzVCkeQd7ZMcGNZEvC3kvSKtxMymdv1gCVZoPexuW,
FDX6PSWHLrXeMf5Us9A25PY4Qv8WX22W9mPzBw5VjnQL,6SnJ6wHrFZkVxrXovfvmhLDHhu4BCfYyceaE9v3GE4jy,
FDVNRgnZim7d761GBK9PH1tQVEYRJXd3E8geqFdqh1FE,AKsqG3MgJZKERyVbWPUAiTAvUkAZG8W84TZovxxsw6VR,syncspace
FDUPvNBxH82UgBtm8gJHtp72Wcho5EftWW49tCmBMXyF,3tNev2tUtRAfsZANFTyV6SfRVZfECr9oFJKD6i6VvJpS,listed:magic-eden
FDNdCPGhoLvq7QViBjuuKWqSqi5V2FRtLxr2Ryct3Frx,7DUKAdcZF7HPzDFtgRYEt4NMRMBEapL9xSGQHQjRHAYp,
FDKnGPLtf87yGnmns3YoS2jjiqymhsoTfZMRXk776VYr,autfyCR5psTc85smVAcGQajFT4TC8xxPPH1wvJu2Grr,
FDEWYoToCUovFHVLz1DxLxaYWRnEyAsGQ1PwcTJhB5Wj,6VewYYXBzM8GgCKgWyoQpimc7zNGJsM6zqgrTvYxXiZY,syncspace
FCuMKY4bgS3pa8YjPmEHodsjxHuVyvs4YK9ntPKSr2Xc,B2gauxtDHKLgEoL7i9qFhM9MLMT8ek73rxEXFvVrqD4C,
FCpCw5KYJeLEByWNnHsretvwmrE5LwpEhqnBVsTDY1ai,CiS1udKWfC9tQqMLE2pDCryHMUyoCaL7PNWY3hm5o49x,syncspace
FCmBKEcMLAYgERbfSyNQRcgYGYivjj4Pv6zDgmSsJfaK,2bpeYe3U9pYyHBZx5ohbwF4XEGqrhT7ybbLE4djFbJTD,
FCiXcKTF2fyAZuquXPe2KAkXVuNXWEXWZfGYZ5ERq7Fo,9vK5s36PCW1zAAJTDi3bDMtWf9HUx1NYtTHYv7DjdejM,
FCHig2niPjGnFJMce3jQzEY59PLLs4vCs93EEBPZYSn9,5k15YfLg5TmTeVUAuxpQgK4r3Dzuu9ce6RwmKUdtDXYH,syncspace
FC6bUNH5fdymJrEWFvQcqP8WxquVhRTgJLwbG8Y7jFx1,Ea7U3A2BmHVFbu1Ly9uAdY9EDeo8JersdW6W8q6QaoEq,
FC3BfYsc8tqmG4KjfwHibqZkQh8CwDyFHBSSSHFd6fXc,3j55KjrSyyegk9r8gGNNr4Np7oQaktPr4wWh7DVu62Po,syncspace
FBb4hF3huTZdqiCWCZuu6VbcEVm1HTKhXj98Z1Atr4oR,ARJC7RU7vYcgZ2HPA2dANyD4pcNzQmMaLFKYSKnsAZ6B,
FBREmazY8HwWZzo3jnhuFV4CXoz6SiQej3gN1E4h3MGT,BUN2LbXVFskgBMU6Rj3in7nHyTgcm2xohQUckadwEMxt,syncspace
FBLN3HjyfA8QkzThUEaHo7wANuMYWRxvssBCqSMPKxRv,Fzx2MEY6fuwjoL1g4Mh5D6dcxp24HEcdZ1QsrVxE5sfs,
FBHC8bZuu5C22uP7ZvhVmiFjxmQvxysrFd7rA3Y3t7Z4,GuyyUGMJ1YM57m9t8Nf9EMBRTJa7fkAhyjraf5pwFKzn,syncspace
FBGKbtLwcWTKMEnuySiyYeLzWfpXMaSKjdvn5tYJFF8v,HTX9BkwYdwmH3xPVAyaiVC8pVusCp4gDWTqwLwzCM1bx,syncspace
FB7a1rnY9ne4XAy8NegNzuSF61Jy4D5MGRfKab2pg6jq,6M76XPjafmesV7t91UtaztqfEiwEzDABHQAuVmdrgY6T,
FB7KoQypm4axSCk9pmqPgQygATWfDGcq3BYjpH5bpMN5,25TqXN4ToREvj3CVYJcTP1MWbbi9Dd7uUeQ7uTW7pmnU,syncspace
FB6jpsTnDaemyoAJf1DBGwCNu5C5wzE6JFJhqFuY8je1,CjhiZaC6XdAxweJVb87Q5nDSLAq3US1t2EvPM1bjREwJ,syncspace
FB6RhYfZjiCBP7DRtg9CEmafnmq5RziZxdJEAqpeEyLg,5wceam6f3i2PNykKQkomeord2dhxsmyTEaEFxVLVaegM,syncspace
FAvRqrjQXjN8SGZLg61UQkFKML29LaDcceN6fy1oARVK,4g78tPfXRuFLa52SEEY1ABY8E4mHDkkdjwRMThbKYTKA,
FAtzRisvFRQaSQjgGnQVCDdFLmhjaZYukii6kTBbrFuL,9BRS7c1XQMir78CYqVzGvtLJUuSd7JxrRat7xMN9Gxy8,
FAtvcAvS7GEdiHyXwSgT9WK17x3EyqAF6WtzDF65WJFN,Ar3pGA4uy7aGs9woLu6qvogbyPvrq7dpo532JAAqFjDt,syncspace
FAg7XUxzKt48aUEd8GYGk1JtyQVjTpNQtbLoNE1bkzxV,8rmoHX5SJH15f4Ly3eibVjneEqjt7YFDAogP4WQURdBx,
FAbb35Vq5CTFp5WkyHuG5KmJXLypBGdhUhJfkB1geVvS,89TBBjSprJxQoSjN3CfE1BnS1n4F9s57soyqeTQ88u16,
FAYLYm9RKaJyDenUpi9aZZ82RL8RMWpni2XoLmSAixmy,8xaKTB4GehLc9nvJ1gLTCHrErU4TyZTHME4X9D1tjzry,syncspace
FAQj8n4utfq64qeGhhf7ZpSsHQ7h94P1JEHJc7eZA68D,5ffREb952Gi9apxr62XDNhKUAUy2nTEExaPYyTnz9YFm,
FACvKLSvF2NDh1xHPWzfDVCB5Ux6ce7Jy2ZvSdrXP9PZ,8Zs1geF79GZ85XnDkX7ky6J3pGgvaHhCNprpvXJnG5vr,syncspace
FAAcmAwXhTA3YCvpt76vF7ceynLvt9r6QoB5Cdzc2jah,5eh4Svgq7zaTg2mWNA99M2GMd3NfHfYViSoSCGLVUgcg,
FA5rBvLzWh489R8QaeJZnuFxkoa3XEQZfGwrL5Eq91L4,ECrCEVZ9Bqj9EuRJr5wW1A11aV5ctrHbqyJXcEX7swwJ,
FA2fds7bWBs91SN4JDANHi36icrzfh6GVaVySQyRQLMT,ABpGxdtJG4BGTKVfaMsA7kaiLhhEAPzWhGAtMXE6JG42,
F9wyPV1auEEhgVsed8HLpM9rsWtHbDhGvtZ6yZQHQuf4,9qj66zMkDdUBFw4GaAwKBgyyLfYRt1Ax5nmQGjhV7Lya,
F9trDXeo1HDbMUediHQi3x1RVjurrReYKzLFgjrDQjaw,GqntWzGadxh13JuEiPdvLLBBcayBYhKZNiMmXoBxA5wh,
F9nikcivw8ZT6Dkg7cCNm2M1KHLqM3JEdZzHocpSQkBY,G5gw1QVbmczi8q1QedJ9rNBUR4K24UZ6WC9mCFuDqsiV,
F9n78wma4jR3xDFpqxQBoPbeUYV4jQiKekrUVTbzgSwG,4eVcByLcXGavuwEBzJuyPGH6mUzrJr4u6kcdhy6ZJEno,
F9mbrJYXBX51SjA1Dtm5FvjTAdjZMJtVmdPNzYFTZrRZ,6JP6yRoBPYWzhUwvDAq4yND6Aq2kUhPvn5ciLxkUiRzz,
F9iueNtWgYTPdxE9GbNCKaNEjhZ5AQmnQM1QPHzroUKN,BJBVAyRRNW2WzYQr8DgHSLamFE76KpJGMgsC9QatfhSZ,
F9dpQkiwERtYP2Ax8a19Csg4VHiHnNsjEvZAio5q8CUz,81MMZdtpDzevCJLcFLiSm61DFr8kqnrPVrwG9XGQnpqQ,
F9R86eXkKqKjgKR5Tt5FizBCm7MLqBLX6ikdicvRBsJW,AQRX5e2J7V3mrfpoEAmN36yKhMu4kvTkUapvzkjDNnVZ,
F9D1T2kHcfjY8P4xvZAdEWzjjS8VD5tQ2vnd6nLnvnEq,AWMzw26KHVTaVXS76WHk8RHKsxvRG68nJUeczshTunqH,
F95zdbsmB3fAP3uT4g3DTgim5Dm91EcP8suSYLCpLDKA,5wceam6f3i2PNykKQkomeord2dhxsmyTEaEFxVLVaegM,syncspace
F95kF5RgnfYUvg3rLgmWFurhRp17KSERkNcM4Jc7NHMa,6LnH18SQsNqVN9BY76zCsNP8ur5XVQtKgb2t2iq9aZfs,syncspace
F95bt8xdzKHgaJsfeWTTQJTcRzbEc7qa4aErA2mqnsVN,4qxpyTsoAzHUyaFMZBGtkMaiMKdZ6KNjaFRAusDnXuze,syncspace
F94s6XUFjtYAJAXyHa4HJr2343AoLS7jDQVmYLpL6YLU,5vwnTqTqdjmcNivT4oW9bGKmN2JuPJMS1SQBC7BCNUqy,
F8zypbj4pcM74wugLtAtUJL9gpvmtmbUHjt2gKRVkVD8,CJV1hUs8osWWeC8idGPJu9SaBFqCjyPSMrmQdEW9idjb,syncspace
F8nxGfTJrpLKbp8m8XjGaQP82H7AEKgzMyHGL6G198Kp,bbC5Da7V9gyzg2Awydwy1ZYE4ir6Mm1DB2JoHXJH1sL,syncspace
F8W5bVcnUtLQ8sxuLZQFzc1CBhfEdGAoA3kkBcWJSWaW,CiS1udKWfC9tQqMLE2pDCryHMUyoCaL7PNWY3hm5o49x,syncspace
F8PXGNcPvGNr12HvkzgbGhEhyxeo9owWYZRRZHQH1MXb,8A2vh4YicVc9TPbzgvZz3hn95t4MkWTn8RshR2i1dsfB,
F8JGWJuv4Y5izeetgwn3WgR9UmQQaoj3F1cTfnXrEdee,Goexq1HgBSGTNsCPB6mtAfgFVhu5GDGMrwBQLmNRrQxi,
F8GWeYgCQp3q5FJfCKLckC3rF2troX3XYHZMtza1TUW8,4U7tf3ChxC8mr3KHWnkV2bE2ogBJK6q8LHLvU1F9BhKa,
F83Cq2URoNXySGrcrZceq5TUXaEDWkCfBGqXuhJjoH8r,2A7AezBv2BWAptTGdVAEsC7kuVMQYV7MsBEE7zFGfAx8,syncspace
F81VkUom4WFWGBUYzXFBDHe67Z1pkQe7YLYMZZQEsRyQ,HZuCRrgZfSSzy3SCDEmpgrGw3m3GGeJrMv2ozgLjB1CG,syncspace
F7rP3LozvKdrLT75ENBPi7Ux1DEDBCGS7kmzzZfagaPk,5D2GE4Nb9w4weeFLjh2rhfEkfHKXBNaziAHGRBNGKoZT,
F7r4SiMu6WPX1Jc9uzfzDNX56YcV2CFiKBbp9vvc78oh,HxuM39kGBnHzFLavGFFNF8J1DpsKmdZ41mNkBpfG2VSZ,syncspace
F7oWDyTARs4j8GTwZx5GGPfARd38o6xJpiFY4XVXgE3v,5wceam6f3i2PNykKQkomeord2dhxsmyTEaEFxVLVaegM,syncspace
F7mEv3SqAMKY3ARUJG3pVvY2AoUpK3xz19MhDV7VvyDT,HTX9BkwYdwmH3xPVAyaiVC8pVusCp4gDWTqwLwzCM1bx,syncspace
F7kzwN3j9tBWKxhaDELH73dkD8KnuV4oZu4c3KrBud2w,CU2Brgasr3PvfDsPikwWTUCksfjBMcuSPf4SkPbBSJ7o,
F7ffoT8ujeWwEFzGRQPnRkdQiC79S2TNz4KJCT4eexaW,CKRqJtTSNoUNf5TSCrYhNf4gMxBTuxDsKNpkkDkE75zd,
F7XMVGxrwqBd2usWXsn7AcLV5RKtiYv8pQkgTVgU4bs1,AwHBGDpPLnBSKtdzWujP1JfZxmSF5FTHyDYM5GC7t9r9,
F7VDoRSK93QJoxQQ7wBstjunHFMdGWuJjiJsXgP7UjjD,ECrCEVZ9Bqj9EuRJr5wW1A11aV5ctrHbqyJXcEX7swwJ,
F7TfVRxJVSzCY6AGxRcAQUz7fukq1QggTgH2HBj3XjMJ,9qj66zMkDdUBFw4GaAwKBgyyLfYRt1Ax5nmQGjhV7Lya,
F7RPYuaPwRwpHVn2p46nb9PHyND9aefAnJcpKk6kUoPV,5ANs2kzLVhU2yawLyrmRyGNxJorwqgbnYp1jAL94KbuE,syncspace
F7PbmA1pPZ92b22vHAJWnkUibqcXxCEFk8YbxJnSbuu1,BPaKbgwoBKRsMwbSV8FSncjxVDXXH9Ta5YRgxjar8EnJ,
F7PDRZ2Sqms21fqNME22cHbosx2uCp1y4YUC9MvjbFNd,2CApC5Kt9WawmvvZNjHvedpT3adrrXKJBG7JQSSb6YYe,syncspace
F7NzBPhXg7W95FigQv3kbPoJWg8RUdGvK8khxuV2vvbc,GPg1UBnaqBjZS2XiMfEpgWn5YBJmNkVd11HXjYrDmVsr,syncspace
F7LLwtyjzbyMaEAPmMbBkEi5U2ePTF2WUTze85eNVxUy,3RP5quXatfxFy1MgfByc5NpFLLycYjCLJ34osCPf8XVa,
F7Dr1KesCmLS9aLvYrXuSK7PvX5KY3sKDQ9HoHZYX2mt,Hg2gqbjGgL8NZDmJk6jfqskafuK2pPqccSq5FqamaTX2,syncspace
F7DaxCfhbDpjT8qDXm77GV4zfyYssY3BF8vj3PyKwuvX,36BWr5Az1P5CPJAtSVM6DAqzBY4keMowLbEbLXxSnSyE,
F7AgnNUspmLueW71VqwBZVZw3qQX8GgNordLadN5HyS9,4LjojFuoPkQiWSuSve76aoRCj9JG6LJ1JBVP2kujgkEh,syncspace
F7AMh7o7Ro3cLemr83xAiG8VU4VNiaTe6MhSuKeJ4Fx5,AkHTrLH3yCgXJh31Tb8UhQJxJKJFDpUND14ZfUzvsRG2,syncspace
F747R4dgsJPXPsm4ATT8Hp4MxctVebajnNjyDGHFE4Ms,6bVDt9vaBNJ5AMtRHeVhypf8uEG1XqzTyyUgaX2VCtCC,
F6p2AH5af1n4k6auxjQ32bcv171EwFzA2EXVUuKqg6eF,GHAzzBHB744TLpQNBwuiyceSgWrnsuNgCVwNiBt96rVS,syncspace
F6exKLmndFndXSGJHifHkQwMQXKm5HfVN9NHgwsGELh1,jrsb1B8CkaDoPvEZ3seYnQbY4oG84kzyjkWVXTBKJPG,syncspace
F6USq4nSkLA5JJXZJR3wYX5ruQB8P6wpFN1ugb54kDEs,FRnFVoakjCChVX5DSSfoyKtTqod36uQyB7deXqNB7XYG,
F6SyALdWStEp7Ae34EChNodAAQYSzeNraUedUAewyi8w,GM1Lp1V9HVdtfK4L7DsNYbFbngxy3cZ7h5WN1bLaDm5J,
F6Bx8seBVJvnrXvdXufR8uhuGZyR7amJehfHAiLokrjt,ADqrk7MYjYrSf16cADA21mMkTTXf8DfkmEGbb8Vy6WHt,
F6BkHLnGjfo4oxQZNFbWH2gZofJRoGq6nmzprsw4WeNs,G8MNdTyHMBPmgyoBwydoBvYJSxnY9g2Mi6JAEFAXcEvC,syncspace
F68vxJKBbTiLpdPg6N1JnimSP6AM3RR6fxV1vGC95WtK,aumuHzMdUFiFCvJ7kk1djU4CViSzxJk3FjXTXgvdNZn,
F63MWsTXfEAy3scyYVUtJqup9a3wpuyqZEfzVLSBCxgm,9ooJEM43cLZUZpn6hdL71tjbSxrcQZD7tk7u5dRZJkVg,syncspace
F61KU2mXPjiaAVAQDFvnXRQhrNR2zTTe6rhe7UZm124h,5wceam6f3i2PNykKQkomeord2dhxsmyTEaEFxVLVaegM,syncspace
F611MDEGMkpsxuErnPF1tMq2XwnPmp1WCKm6TnmAoB77,5sWsediccJMsGTayzXtKWKkAaYLN17KBa78otHRrFV2x,syncspace
F5nsBK61AY13KT8gNKUn9wHTkS3KaW56RHQZVRQS9XFs,CguUjUZXNJJptxN2x4TMoHnx3cSFmBJH8b7zBDE1n9RU,syncspace
F5no6MxFGsGRLwcNFVnArwyPf8zmuaAQBuqB29oBrXzL,CqGaC7SkB82JbYFa2Jd3GprepVYWAUd1538f6i9y1ZXB,syncspace
F5ZFW8NPVWGZPHoc9zC5B3WPT4s6PZLmZXhC2GUYHry4,8KQYqr4uxCvzyvAfTkeSAYPdECpvKvDd7pvDYfRUEsmh,
F5X3fvK6sctdyrXBfjdYo18fqKE4ENJjph8qTrzXsWd6,EevdRXzMAfEK7HfG5k4Y9csduwt6MWr7FBtDf7zD66U4,
F5V9QAbcVSa2i2gi4G3u5VncBYoAovQ6FsdcdwRM2bDJ,HTX9BkwYdwmH3xPVAyaiVC8pVusCp4gDWTqwLwzCM1bx,syncspace
F5QDmAyxjRfAm8T1yyTbW3iSXvwVRbYfPmGF3RDs4kjH,8eJUrzZnVgcrQVwYr48e9JqHZX6TRbE8WY4nzhBEmbW9,syncspace
F5JEgXLhh8xocJzRgNGmZAvZVuwrXZ8KNFJUy3ZuDypG,3nywUeM4PwsChqDk859bGxNzcN2cDx59iKVYaUwqsPCH,syncspace
F5FavEcU1PWTcrtTY31E4nYXA5YRR5WEkhQQxAp56w3t,6BmnZ6VG8WX2QXzBasVEXqgXPutzxvwvHpUMg21Cpz5h,syncspace
F4qcP3y4YERwJJjQ9JzsusDrAZfPNsnfW5Bx3CUATtxk,DN8HL36NodvbBUJj2Q5gYMWCcLgY78UXFZfXGG9BYSSX,syncspace
F4ptyAGdFzvwM9vk9HarEQpJWhi8Wyw7Ra5P17gSCjTJ,5zpmMe6yGGN2TDsBp3Xazad3JjkVYSoUizSK83wx81gJ,syncspace
F4oDssPboH8bk9aNKX4xJFobcmuiqZoNrgoCZAL5mKeV,3FDL8YwuAwCgwY5mx9CnZjiBXkxZv1v9U8AAfCV74X68,syncspace
F4itSoS32ophDhmNBKWJEcb65X8ugcfE2Xhzm21ZkT91,DnkxUHYP9TTqNkEEjsz35VvZ3FfUg9tLEVicdBjmRMxk,syncspace
F4htuEpn1433xfkCK3T4gyhsV6fSjgJnUkJVpG9vTa5h,Hq23RE564UaA9WNxMmT9Rtpr8RFUwaYoh6XrGnkMoUAc,syncspace
F4T6feL7e6ZHEQQaEmwdbABrAsyHcEz82J43oiHCYwHh,4n4Sa2oyfeWocxcZZ9dgeMmujEosHCd5RZZEe6Tz5sYK,listed:magic-eden
F4ST9apW4MmLqAD7RNcefDg4UsJD1HSyo9P5DL5homX6,AZL6xVTDkVqUeDvpc1Wd3qxJv43hr6KnsT3kYet9L9Dv,
F4BaLjrpyYyQMfS8eveqzxTP4SUr4zpg9MynozqdJ3i6,28q93SMQKptZVZLqnHyakP15DFywM8gBmAqsohNLpYQ4,
F431xQh5w8sQJJRsbK5zPqhETnFLvSMaEmmuQmwZvrHQ,2iBbhhaXewPfCCoaaPxN7iVkM6v8EzSHidF5h1DNpJED,
F3c1fhn27jqvnBsUEy7zY9kBxnBUVqNegigyWtEEM6pH,6rdaXpWBVinqcYVjemKBA1nteDQoHS3Nt23RPWX5MQH4,
F3TjL5R8h8t7UTjLRRqwd1GNhTXJzdYJebJHxqSVYfRN,DCBHyKXjPa19qsR8eqM9HCnUiQbBVPyJWT29ZjC6bSJT,listed:magic-eden
F3HamRfUuFtWwgtXaX56WM57ub7sBLEoHXHQro4RWn5H,HRtwRVTmn6sbENbE8HPCyk8dJXURsLwBe6RMN9GnUpPW,syncspace
F3HCPrHVuxgFrvgo6iLLPvwgAh7hXdY9QnNsSjCLWMPE,BBKEc7oqpLsmyx1HTvHg7tiwmAifJexc7udXxAZUR9ee,
F3FkJof6D7iaypPQs6chqdXbogssFXKVprwasjRkjtdD,auryHMdwKGnjU4ZBjtacvARm8DcAVgEzYDzzJvVFfE8,
F3EcVBdCqtFn9vSMokNZWhKGGeVA661B2R5GDfzKU3kf,auryHMdwKGnjU4ZBjtacvARm8DcAVgEzYDzzJvVFfE8,
F2xBoXF51GpWBjoEjNTVtkfF8k3h19iHtvMyqLKErmFJ,B3kGrxijtrb8ywPZbZvmEZtDRWnnLhAqcUj4tGJharjj,
F2q2253UDGvk2BaLhyEUL2yGeS6xQLRdtopiCMHPHvjt,BsuFmWuvC7yf46NRqhiebbaDwkqaY7Bz7Y587yAirYd5,
F2hVD9Pq8DtifhTHSTJPTcgnWN1afVP1S26aSvcqwFAr,FRnFVoakjCChVX5DSSfoyKtTqod36uQyB7deXqNB7XYG,
F2fCMm1YnpQQwx9N3sNbTad9wCSqbbWvvQzhLwP7Lpeu,DPC6SRbP2xWuoUSii9Ji86RWs95U2jXWps99hqsr5EEK,
F2VKTEKVtwJ8FsgVfgtnQSmjQZDbmShUxDQT95E5BgPg,GDJjQaQcbkkEKSMTryQPXRr9PiXavNJTAEhVZcanhwMJ,syncspace
F2STVMUmXxZ4Xd6rQiFiVv8MAj8PN66pQGw7Pz2eTckN,FHbVUUSthmyFC1vt87pVcN51GSirxy2NAu2P3cQvUs5E,syncspace
F2Rxz4xuNzHe7VHbSeWZse3uYjibHMnKRhRoZDFk1uF6,2eWkTF8tSBp2si8Z7LDgkswJZ1LNGi7DPU3NNjV1i3VJ,syncspace
F2MjCDQSMWHJBdVLGhtvdrr77iPy9w7oTke2nvdDGKgT,9qj66zMkDdUBFw4GaAwKBgyyLfYRt1Ax5nmQGjhV7Lya,
F2Aj4FmWqDqLW2vN8wcajNzNCkpN5gyFMC6YSYdCWUMq,5rxYfsXyfSd6yzutGXj6jdC2eVBawasTMXaRqAenFyWh,
F29QPpbmtB9UBu5eGsBtfNBurNNNCEijmVrEyux6oVrD,FRnFVoakjCChVX5DSSfoyKtTqod36uQyB7deXqNB7XYG,
F1wktFqu2SyA96ynfLUCZck3mZXCVRPRRnpL1n2xKhJV,HSozDxXQsbSedsaCfXf2jjCkLX5GGzqd4fFiXtNoJH7u,
F1viVZrsLCRT9iGostW7tZqrwzd9ufKK8Jx6vBdATBKc,HFPaT6WKk9SkwtYVZ5m5Sqw7ZbyehGu9GHjsctigm49S,
F1XzoBsfNrnQbg8kjQtrVjj7afmWSeKKSSnQNVRVnwKr,H6EFCuTq6LY5bm7SXFMXAq1oWk1xDSzdEB14Civ49QnY,syncspace
F1THXKocW42PBGgkdbsJCqBtwY6A8TpnUZXgUVRUHbUP,9qj66zMkDdUBFw4GaAwKBgyyLfYRt1Ax5nmQGjhV7Lya,
F1RsSea1zMbMFwQjXdF9SVH3PRtsuzarb3UqdgHSnEsP,8hYxFkcGgeBN32atnLymRkEGP3uMYMz7tsZRWU1yezJg,
F1JsxX8R5caEDGTnmoqsUTShxbmYKYExiKvSY7bJNS7G,6fuCGsdsydJXLEtLdbbjaVxmrEc2XoeuFMT6mFBLRfnq,
F1GkX9tgEAZ6h1dP97J7EYAkd2g6iLh7tEFNSZY2uqST,7TRhLpkhYmGY9RC8P4zgDpbkdqYhaardD1q1wyDWE2br,syncspace
F186RT5y1iQBfTWSJd7GLKdPHzTUyhoK8BSUCChNWUVu,D4kd5WivaJa9UmXU6eDdHgQzSZ8PiVhLWSU6JZdq6BFD,
F15wLaUw2tjBwj7Aa4CVk6Mwsfq4DSfnaRUdZAhVsfmS,2Yh58PivY2JyAdV5ESrcyj9xEGJ3p2oSNTWwNAGotAfB,syncspace
EztK1d8qxH3o9DedtJPVymk5UBrCk24vqRiNJdohsf7g,6MVSLX1t7D3h5YHmod9uKTX6HnczsEKhonCn8izNu6fs,
EzixLzHv4KqaF4DKcZN84KB4MWxMcj39U2LcHtCyC7uE,7MZWg6nyHxGa47XmdmCdDPpFapqtoSYwHYHMPrN1DBBp,syncspace
EzimfB8UvDWPY5D27tfPGgktwigXgWjDYoRm8xdKppEY,9qj66zMkDdUBFw4GaAwKBgyyLfYRt1Ax5nmQGjhV7Lya,
EzXzC4MFku5rg6zDS65fbH3yuxMyGMVQQAUYNSn4tDt2,GZCn9bLvGm9sYV9RLVi8gStnK7Vh9VnCb7G14ahjL6ge,
EzTT6KsKxnbFGCvuTHhS4HUubi7LLzSC3gmD2mpwpor9,4n4Sa2oyfeWocxcZZ9dgeMmujEosHCd5RZZEe6Tz5sYK,listed:magic-eden
EzR5yLrMD4jbN26fdg4mwa35zA18oX8hDVJDmiWT4mb5,4LDMZGZgKRRvtyfFBaZPouwKfcegdgHG2Jj7PujZmsTw,
EzLbcneKnHPBGC5X3BscpdUiQ5y6wddq737JNLXfwUjs,CguUjUZXNJJptxN2x4TMoHnx3cSFmBJH8b7zBDE1n9RU,syncspace
EzEdkQD3MwuqTQn3NXwZpiCHvDGBomqGWKJS3VxEciR5,5wceam6f3i2PNykKQkomeord2dhxsmyTEaEFxVLVaegM,syncspace
EyyvKaBy794qLwxymJo91dFUNzZ5WohkPS32i74cwP1d,24mDmQTZNbQcyrZr4zWwbjgafR1DXRFPPzbDeGTg1ZgN,
Eyx3d9FQ5ewLtaLLLW6HAa4cTaLhxRCgk661Cd65FgS9,7ALqfWWLmNgiBASJzdoSY3z5K5AWURYTyfXmztWpr3yL,
EywPftxx26Ju6VSwUqXfz2WcvLGq2zFy64bt4SD552Wx,GdRRR7ARFZS6hX3hKWafL6EGDz15WhKxkiFWZrz2j6Gz,
EyvnFjYjugLEeE1Rtpw8sxVqAZfFCe7m3GwL4QBFYhKs,HhcMjf1dg8ysC1AS7m84AccQEoXAsMuumnG41pt6vd87,syncspace
Eyuxw21MZD7WRbGpUqmzPS8BnvFswVWLUuJAokjziasH,HaJ1Fe5G4YTUsEynqoPuas1gy9m5Sjjj1JXTovwLzg2W,syncspace
Eyuj5XWFBnfMDLJ5i6DEjDYGNAd2BcBZSRdxSvgmNaVa,3H54g5eRUxLF9j8FitR1XDsky5VAwKfPSy4xAK628gzg,syncspace
EymRXcmqfm1NQXqdUUtDqTofz4mHfZBwViPz7A99MYDp,8NGWUn24LPkjyAGGHPcN5ZyyKuQmQSYARXH29Cb9633K,syncspace
EyitpncFGf1ogeSFM5ctKLaMf2rsiA79Gt4KSn4MW39A,4rhroLN8XfCRiQzNs4vez6ySqZJFTE5FYw5pY2ZKuUXX,
EySs4cpEAgkJqAfxhM6bCQWn28VgxTRQbjUPfkr6qTjc,5k15YfLg5TmTeVUAuxpQgK4r3Dzuu9ce6RwmKUdtDXYH,syncspace
EyRynWYgtDSDomf84b9Sfiva67aHsCjQWgJXdAqgFPjQ,7ZgirvYvJqKVo2gXVKgLSVYd7e7iZkJynMXV1C3ZoUsg,
ExsoYEqpVa7DZf1KiLaC84GbrPTdg7vzVYk3Eo9d2TZv,FtctobV2RtQiMNo1k2CJ7hpedY6GjkaFWVpvDTNerzut,
ExrKPQ1V4rA9uF2S5596cp2LQS4qC9MowBTYNngot31n,Go5i2wJKeHDz3snvmTdVRWmKyKgTQSUnUiq7WbeM91RL,syncspace
ExqiGs5EgxzT9wLVAjFG5ekqAWzRb9CCNEvtisAaqH9b,FHbVUUSthmyFC1vt87pVcN51GSirxy2NAu2P3cQvUs5E,syncspace
ExjDMfRFeJHnDKSZh9nuNDKAUuXacfLpjrCghX34HrjN,8eJUrzZnVgcrQVwYr48e9JqHZX6TRbE8WY4nzhBEmbW9,syncspace
Exj9VPcCGEcEbQTf23V8Y6LuwgH7kz5gLD6udyxvcEPn,Fzx2MEY6fuwjoL1g4Mh5D6dcxp24HEcdZ1QsrVxE5sfs,
ExNTau9cHMFzN44M2ESK9EieaqYU5xpvTBkHtqNfdLe8,Ge4TZf5EhyhucdZmzwAauzAAhGSadjzq4UKF3f34HXzu,syncspace
ExKzMTgzY8LnY21RTHE27nYKMdvQm3zHJp67r8xnGQN1,9Qg8KEoEWAJTuH9zhAK7ERobVbiQqrwXp9syJuLzHz5u,listed:magic-eden
ExDFtwQ4i64rLerjKd1jeEByx34CcarUyrhAH1nE62TK,CB8Pr9uzrrFw8BFnCqworH1wMa8DsmbSKgUNwVWnDGrL,
ExCWNeYGhimrTymdTpSi9cQ4vxhWnsDxR2T82pBXDZ5j,4LjojFuoPkQiWSuSve76aoRCj9JG6LJ1JBVP2kujgkEh,syncspace
Ewt6wS1N8oSjdeTFJ5ftEw6qPjYmXUqok4dx15Ev5HDm,5k15YfLg5TmTeVUAuxpQgK4r3Dzuu9ce6RwmKUdtDXYH,syncspace
Ews1YtzxuF7JcsCAqnLRM9AquTf6VdjVg32th7jajXqT,3ov3PWeyRnaLGXzXUkKmgjCUghRw7bfjkK24iXzHZ8iU,
Ewph1cvoin1rChrBXtKc2i18SG4rB1nmXicxWXH6KKpe,Eu9sCq4czoMULUtBWoMLuL3huFAM5dprSUmzsQUTS6Sp,syncspace
EwpByh5qTHQ7R7CzbC4QgEifyrB7sR6nMsqvSVJqkQD8,FRnFVoakjCChVX5DSSfoyKtTqod36uQyB7deXqNB7XYG,
EwnMeCjFps56NSUbnhrfUdS9KL6ondV3Uzr3AJw2cvmV,6Z6PsSvbQHndjqNTFZUEYLpouFcExYxaceCHAyHGNgMc,
EwdYaSX15dmDSHPE4FHorZUj6D462sty6dBpGuBYEgSc,7DnqWV1732auGkzfKgNxzcEHJfapX2GbwZ1w3aqoAN4z,
Ewbaa4qpghD5HeZnQ7qJJagAQcddve5ENgkXsQ3kUsPX,D5RJM2owXtL44ZWzXJKCFip1kvVSnnpckwCwRssmFTHj,
EwWCS9MWh59ifviMJxFyZz3SBCDX4oCXTJrNrtiqDMpj,24mDmQTZNbQcyrZr4zWwbjgafR1DXRFPPzbDeGTg1ZgN,
EwH6roUNuVu5LsHEamLg4YtgVS9TVMR9uXhrtgWPSfux,AKrQ8Snc1AzKdzw7eLLiXp3ReKVKUtVFozkHGeNu6jJy,
EwH5Qo6qFbuvE6ZQhmpCkY4Dn2XMstgWkWBRnnc911Fo,BDENoqq2RMapEokarwtP7s2uMFrbdJJUng4xqfJeCxQA,syncspace
Ew3MyFJcsfxvFg5KbidQU2siTf7BQ5fUpESA23SDEEjo,HBvKBYH8pT9HgvhEV4V7nASvAECaQUpKiaUiumKrJnF2,
Ew3HKt2u9ac9hctFeb1QtFhFTUhnj1jivHQCFmA3cxrM,6BmnZ6VG8WX2QXzBasVEXqgXPutzxvwvHpUMg21Cpz5h,syncspace
Evv9WCYBnXNBoPAeU1Bhy27ZjZjFwNBc6Ur9PH14KboX,F9Z22FmpiSDvWLYUXPXpwXvPgoQTnPHtf6u8HNDckZDb,
Evt8hVexyBNB7mpAbffCweCWupWXiRtEB4Kpe8NLsFHx,4eVcByLcXGavuwEBzJuyPGH6mUzrJr4u6kcdhy6ZJEno,
EvsNn1MLVdWyibnmKUGWnXq5ngQxaceGy7BFFPCdypS7,CtWmShhjxjCfKHzkupWro7gcMpTw6paCAVAvLmW5JnbH,
EvfCCYm1TzZeT7uygY2zRezZekqA7NLK1DYtD3wn6e82,AwcbpyGPiNdPrtoBd8UpyLNF5EaszrhXoKqcqqDoHYp6,syncspace
EvVeFqsFmpA28Sg1CbZAZHUUy7kW8mo3rNZcgg1FDhWP,88gNHWScPbq75QunYtRi84YqvKwJZ1cjmqrF7chp8VXo,syncspace
EvUE8mQjy6FQAP83TiF6PhT5RNuKAi3B2SNLenKCyvmm,oAwD8hr4BxF6rMZa8MS6nAj5rXLtGRbgySnnzbcJbbK,syncspace
EvTqCC2XuCKPEpNDxuYSAJsgQsHqp2dJCXKrdhtY2YPY,FRnFVoakjCChVX5DSSfoyKtTqod36uQyB7deXqNB7XYG,
EvTd5HRptDpc7MtggT5RgruBSkhZ8NWab3WAeq1Nn744,G9yXTZWsBkrbrizXAbQJ7yQRbA9JNtRXNFJGTn6jJ1o3,
EvQPFhjQX6NPb6bS7Q56EL3VgppnZ9Bo4RKLwkkJ1eQp,HbQ7cWJ3XtgnGDdQhqbFZMobynEYhcS3gwMGXjnMtadz,
EvNRnnrfijec9Pvgw1mg9dPKVaUwFBy6QNBDKkqgPpyq,FwSVpM9s2chadBTEKW9xDy8JWxDifEmy6T1cdxjbHSiq,
EvLA9aWFueNzWSZMiWd14izLFGyndjTMVTKy6wTHwvXr,Acn5vPE2ymcNjeTz1LX53yJKqynF2LuW4EL6ZgTz1Ui7,
Eurmqkzhve5sRMgjnAMpgvKNrjFWYbE6d1vukK1xz5fU,CX3Cous4EvtLTbUT5AdKzQ9JP1NacFuNrKXwG9uRJaRT,
EurQwH679teuNJEjTMvbtBbfdyeFX6jQ8jn9mwaNqJok,2A2YcsVEKUixCwWokoy6udxQQ3aRnqtEF5SuCH5cTzxn,
EuUGGuJQvN4WwTa1PXXrsPaRyeoWKX13cWRxVdcZ3czC,7TXJDENMGPj8PcKDyA53jzgihjY9YBAfsTxGuQ74bRFP,
EuMyYA37WVGmNBGXQE9Ke8Ffd1dNtsgTvGTDjEteq7rg,CPgWGPEKdcvw5noU18PjwpQAU5Pkp9TNBBHwyQxZV7Xf,syncspace
Eu9qdWpWCPatvEWBJoM3p6HqbLZzMqParMszdBdvAHsx,7y5PKJkgMBdVsTy98mTaNf3PtAf2e7xt1FBQ3SkzJGK9,
Eu658pWRtrUkSDTaSsBhJnyXTLhVzzz8zcWyVYCwAHdH,auryHMdwKGnjU4ZBjtacvARm8DcAVgEzYDzzJvVFfE8,listed:magic-eden
EtwyYKjxyceFGFaxCsHzzsfhLCXbTqNYVuWTdYJY5vQS,9qj66zMkDdUBFw4GaAwKBgyyLfYRt1Ax5nmQGjhV7Lya,
Etwmobfmotdod1dtVDtzfA5f8c4yjYwBYCmr8ADq4oE8,88gNHWScPbq75QunYtRi84YqvKwJZ1cjmqrF7chp8VXo,syncspace
Etwiyn84Md3aiVJjfhWuCWwLbPbL3nda4LLgbPRgf5X7,auryHMdwKGnjU4ZBjtacvARm8DcAVgEzYDzzJvVFfE8,
EthV5B2nn9fL3DsxMSrMz1GznBnDCDMLqTWjqPJzxYsk,9CV9cAULPXXQD64F3dXM3w2RudJ4hWkm7FcAkSUwspKX,syncspace
Etgwj15z4pmTeGw856MsqqticijhrAT1GttETjF1zz1a,CBqpGB1JnVMN3TMt58bLFghCgvyp675PFLRNrvWdJBWq,
EtUMZVGd1fQFZGbB7exer6sHuuw6AFkq7bpCwt2xGrRX,BFcTv5jdVVxjuUyHmWKvzvPZHAgedCaMvR42SDgP1KVG,
EtQj2BSkKPwY5Y2SoTtk7TdcuPvtBfKPdNCSptKDMWkq,2yEw5qTq4LXZ3m2L9KFH3BBLzUvVEadyF3p5PwhhVGCf,syncspace
EtLuKCXSxNrkomzu98EQGKBzca97ReMwftEEJ76EQb6d,E6nTMomrqGxpsP6pceZmiWns2XUu3xaDfDBuhf7aUqDc,
EtLjMJskdfnUtzPo4DkgLYeo7X6xxcT8s8Bz6bPCKVJH,2tM5G6H9j7rVEYEZqcLXZ6fRANdM7WjHg4i52G3ky5dw,
EsxESUfg57feFmSEVCDwma3iNNd1donmeLiAhxu2cgCd,HTX9BkwYdwmH3xPVAyaiVC8pVusCp4gDWTqwLwzCM1bx,syncspace
EstBQPRurizDjNGeTu4ANNGYjKXCzJfqFKirM8iHRFXK,3g2TUkrZf86bfGQXcfJ7xMCFSmnssdpeTxe5V7y5GDpb,
EsjDuK3V1Dh5cLcVXKXyk4oySRfNbTyJQUbN6tfmx3W2,GtszLFh3rkXvGDRNrQcxi2AZRA4QShNtnNg58quX5i2F,syncspace
EsMi8i7iXGFxtmrqhDpx3Gs54NQ86z6j6JQeX2ZJWM65,Cz9ZSoCfQM37tzHPNCCqwohsU7pHexWPNBo3K7kcx3Sd,
EsLbQaBUiADXbC4oawkAF3rPn5c52szbdxtCVCNsdWk1,ADqrk7MYjYrSf16cADA21mMkTTXf8DfkmEGbb8Vy6WHt,
EsJRk3McVnkBDKyqwng3xZG9zfHrWBGPZeYgngWBq5Hm,FHbVUUSthmyFC1vt87pVcN51GSirxy2NAu2P3cQvUs5E,syncspace
EsJ9VZNjPsf5N72ivHq3Nac6nGUmWuZgjPK1edBmbnu3,9cG5G8QKHjip8kzRTfb8BvfA84ujyJ2Uae9tzSWL1T64,
EsA8bGtg2mcgBiPfFmvhAcm4s1EPn1Xw1jnAgVZKAeFo,GZCn9bLvGm9sYV9RLVi8gStnK7Vh9VnCb7G14ahjL6ge,
Es3fWzr4D4vfQQtxHqBf9HLmfUwjYmVZg24iVEXn8fFL,Tps787wStFFYudgKRUzQjzUSMoywDsjD7jArTgeQD94,
Ervi5TGHdePdjHyoHNubxo9p6waE3sytMt4Ni7SNBV4Y,6np3Cyiu5cQNz1MXKxGAQjvwXn19JGMzZbnKdP8WCjGT,
Ernis8ZhZRA4NdATyJzcj9RWymWsZmT9mGSE4gLXUZ1f,auryHMdwKGnjU4ZBjtacvARm8DcAVgEzYDzzJvVFfE8,
ErmxAKrJCrSh1bo93pyrV3YSUWyqfB3aGRN9ZvWW5k5a,Ew3j7a8k7GaGqZfp5nc8Wfza1Wx83PuVykTtQBF6j9ya,
ErMhrMLQG37Wm1a31SWo2ar8u3iHhSQh7jbQj7G43JRW,4qYWqy7eVddKcykU7XtpLUrKYdF8VtPobn6tUuqKhWtv,syncspace
ErMRdYfsxmQSA7NKpVvKyB7QqcsSDmUHHV7QDuucjcnh,autfyCR5psTc85smVAcGQajFT4TC8xxPPH1wvJu2Grr,
ErKpygtvqj3oWmUVUt6r42f8CitzQQfivLVRRNPxKc46,Gi4txvDxingESDeMfB29QxLM4ZGCVhDQGT7PAwqpRQe2,
ErFbaazaH6asEqxDPgbyGz8u46UmaCsDY62dntypaCW9,5k15YfLg5TmTeVUAuxpQgK4r3Dzuu9ce6RwmKUdtDXYH,syncspace
ErF9qM6Nqq9Saiwg5X6nsJSWF6gUdrHJeX3oQzPAqvif,aumuHzMdUFiFCvJ7kk1djU4CViSzxJk3FjXTXgvdNZn,
ErDKkwgaTUi32XesyBKPQGFZLtcyUScCBUe8KmDTFt4U,GWcJPnrAuMqN83D8wDvmtoAdGATJGLsCRvgZ85qxXP3j,
Eqw9LLu3dqFweAo7gJoBJXRcQDLTQGEZCqPvtZKMT8Ay,CB8Pr9uzrrFw8BFnCqworH1wMa8DsmbSKgUNwVWnDGrL,
EqpPDbSaMcKayqKCCiVk3HuQbZvscGtGYbbct4q1SK8P,FdSmwfMtxfbzZ6A7TxsCvEhJiYeuJhVEBx4r7ANA4ZtY,
EqnPQkxbfuvZmZisqh8VGDHah4NJYFjzu5sAfBWUzG3a,7DnqWV1732auGkzfKgNxzcEHJfapX2GbwZ1w3aqoAN4z,
EqiwGNEZi69CxoQnwi2ajt9Gz8bdH5sef2H6bZiozRyd,GsYwK8cvY1PtXuXgC753mYQea6r4to1KLFVE4okWNd41,
EqeqJFd7sNT3Na1MPKxEBNiYcmds9eVFvnSTZrk32e7X,Hq23RE564UaA9WNxMmT9Rtpr8RFUwaYoh6XrGnkMoUAc,syncspace
EqbhHwYqCaLj5ZLpVGw8CmiVM737uZSP3QzDNNeUShCL,9grAoq5Lg2ztp7dEUnkTfr5zEG4Rze6Fpp3c5xfnZjFX,
Eq5z26iXiMhunAku5zfN9hKyWTiQybFVyGfZ5iBjL29J,GtszLFh3rkXvGDRNrQcxi2AZRA4QShNtnNg58quX5i2F,syncspace
Eq3YfwFMLFC6fNhjm3YYkjwf232UX8wXRbhp5jZyvVDB,8rkuSRiskiEbYUs8JrcgStrWPPbjK5CnNvtWRhnWG22r,
Eq36KcRBTJfXpRBT9XqiYvAd5KF1MdBjY426dFRC2miC,D5NVo4BcTXhs5cTmvUruNsiKcd698c12iphy5MpSGFv9,syncspace
EptuTpE8aT2mNYUTzCxR7hXbdccx9p4JZnmahcW24Fof,BWiJfZGzmnPBgAgRi3i59CmVRK82cTzcAzwJippRUbzq,
EprD9DKvSqRS9ygWky16PP4kdQriSeybAwT5bRJn9kpG,21GbK7sgkPGx9Z3kJAtaa3quvgUH6tbqHqacV7jQx76k,
EpqfMg4RnBrgX9CD1Tn7Jtc234Wj8G6E7DsdTcPZPNwf,HTX9BkwYdwmH3xPVAyaiVC8pVusCp4gDWTqwLwzCM1bx,syncspace
EpjXRgBDRRHEe6H22d1DVYiPjrASTfYhngXiYheAFZ2C,HDzydkf3ZaRyvr8M1hJYjNQLFnYx3BFsWRt2wEFZRyzF,
EpYSyjGWGugLh3tscz7n8C4z7sm4uoLNQmjEkvLaDner,4U7tf3ChxC8mr3KHWnkV2bE2ogBJK6q8LHLvU1F9BhKa,
EpWUqyvf2UhFv8nB9WWZBXLj5wZHQuGZigMQtfGYj57P,nXrFaUKUKYx64EWdiJpzXfo5rofAhdAHCgyKVvu6DFY,
EpVdSCzAxJNbm1QWxz9zF6CUBS7yqid23vPxmoQSvUS2,2DtXE2xjUBbQMAJ1JMdTDmuRaMANLtThSzHm4zdfMdgn,
EpUxQ8jns4B9e4s77C2hU93uTur4SMfBtj2ghDCZ33mG,3rFsSfR1gU8mWvYoiLxvSiEvWtdZh6SqX9ZbzzLtK7VX,
EpDMW4Buyyuf1LPn35UAgDuxyqpd18P2nURpucFHbecm,3XEKfLhXuvDG14x8KCUEdG3mMTZo5jBYggo2oUSxk7VC,
Ep9UpanC6xCxSRtTnf4uAjeqcDjJZJnEZuvvNxR7fMAZ,FjB5AZvVtHJmnnUtk2WUPQ8gQeJWQ1nE31gsDAcJESkh,syncspace
Ep65UnuxH3nrvv1ZwypEiHrmPxop6xyXrHB2STWUnbb5,63MaPruPrw6GmsK16QDdinDG1NMfiHvwvzoabdo3x3CC,
EoxteMMUEgakrmru8qGBJ5DcFRLVmibXHjCkRn6qjoXt,DCepi3Ee4GUCpYD7rCm3cdsGqkyuR2VaGfyjNuKHmyM9,syncspace
EovUBHmXf8pCf58DsrCS2ui1QUhWtiWTBokB1thm4mmm,Doru2HnBuvHTckGcuqM7gyc7HErxyHhtdujctBEJ4Kq,
EotkGBrhSyPaQkbFjjP5EJBrq8rqTMm5881apBmLYhbW,AE3W5wpvY1QZADRUsmxo6oBGvkpgy6dJKDWm7xRZ83TA,
EooQsomi2NpTeiFf43A4y3MeLohayzk5yLkMpNBETAAw,5wceam6f3i2PNykKQkomeord2dhxsmyTEaEFxVLVaegM,syncspace
EokyCBU6YmigoeR2EyNCtgMiU8gPHVpYvSFcfZWcjEop,FRnFVoakjCChVX5DSSfoyKtTqod36uQyB7deXqNB7XYG,
EoY7isfqBXX4HmFQepibnWqXSMB7nk2wkdCf6mVP8Zaa,EQEdGHsugMqG3hCmdN5pfgYNsYQMf4WdKdtn884raYzC,syncspace
EoXo6TJgHGsLtVYf6L7BStCKR8rnY26CUxpnTP4Lcukh,3FDL8YwuAwCgwY5mx9CnZjiBXkxZv1v9U8AAfCV74X68,
EoV7FBrwbEe771sqAjMHSothvnfhaHRwBVysyyaFpfye,4QFaDcwahasA2FDgLWUck8uh1grmsqWB5cvVeobZDStY,syncspace
EoRbJBL2a59at6ezMEqMMun7rYJNibGTrv8Dwtz9R14e,2XZ6J7nnoL6osQwGD3WcvQeqFguFrP7BhwBmBvG6Y3LN,syncspace
EoKsyu6i4HqwgqBw7LcpBgDdyMHTeAzaj44Mi8ta56tA,DvcY2B6vEsMUYi8Xt1aGLsuBpK5ELikJKYkKRMEKabiV,
EoCPVj3ewjoXzLTtq7hK1MtYoE15wDEkm7ARmHm4Hnkr,G43e2oSgeTEaxN3vc9iCKUg2AXaNhfs6KtRwoxgZ6qdP,
EnzTZv3fLDq9PMieFSaXabzJf1V3pvsKTrEtefRZL31s,5EfRFcrRbRfikhuvNmcZM3HuVmJA1YjxTxY2i3BxfHn4,
EnswtYnkzFBxuw8wuwqyBoEjp7ZjXuddkqsTWAPH998n,Gf4UyqvkGKGsNa2PEggcLoVSgTJVq4Um4uY4RuVfLVK3,
EnoGpH1Cmf8yMX72FJBqNY2UP42yqJWg6xKAeDx2JCfP,4yJT8yitinj9QLsJu4HFqLm29Nf2maqQxaG2HTpuWshg,
EnkNeQYczpfTvBmQbHuY1E4iJbYsTaSasVcEgm5mCrj4,2Hm3dbAYBCSdoYnofVYpLrzETTQt613bpaQ3SxnKxZQc,
EncnzESG7UonzJwzzLpJpTdNDxYo6NgRraUpzWRQtqKK,2RGe2yo73EpxepNMrXSRqSXToewZUP7zcsU6qc68WWEt,listed:magic-eden
EnXwEgGaeJsUecBvYLnTDou8Tb5NLgPF5ysdvuoejAR2,7JDY4rEpVfBghdrr1nQ3aDMe17rx4MjDjCQrnRbZiuCj,syncspace
EnXpoHzKzm5SsGMguoaX4eX5yCChAwbWgxYWMi7oi4XB,B9N1yoXtwJFgbyNfkCAXhyaePpqJn6frnWyy8yKeTUqY,
EnGgwPvkp6cknYVGqhSpjzJbk5Kyv8ghUUuMYTqBiryS,Fa8TzVCkeQd7ZMcGNZEvC3kvSKtxMymdv1gCVZoPexuW,
EnFj63VpQGnsiJ8hAit6HD212YmQV4CEfjdTiHzcWMAG,2eWkTF8tSBp2si8Z7LDgkswJZ1LNGi7DPU3NNjV1i3VJ,syncspace
EnAnp5g2yGKvxW5aD622poKYsjuXxkpgckK8Q2GmMsW9,AQw5Yh83xsw9GkPmR4w9dqi9aGRLkJQx9M4bYqMf3WKu,
En69q3kEjQ6S1NDUUXMgwEAP9sJxpTq61tVq8uWtQAc4,BQCeYnHSF7Boa1JmcYYCKCpYbF1V8Ai8wj23kPX6fLqM,listed:magic-eden
En2UNUVNvMND26hPMQrX5EZwcyKkrzgPinq6rqgZt1sZ,Fzx2MEY6fuwjoL1g4Mh5D6dcxp24HEcdZ1QsrVxE5sfs,
Emp3RFAPNRra5SiCEUVCYubj7eqdznRjkF2PCiJKf42S,FS7bDJ6kyKsXQoCix2S8vGY98SCz7TWoWGEyYC8btKHT,
EmhAXFUKudJEd7Mjm8ME7wd3gegKDKwUXtMZ11j8SkPB,GpLyGGQ1L8mAGByNqivhjhTUT5NzUAwpoG26mYpSks31,
EmdzBqiozeVy4SLtik6bFJ74TPhkJrWf5VxUZyuwmxb1,5wceam6f3i2PNykKQkomeord2dhxsmyTEaEFxVLVaegM,syncspace
EmTLAatMmh8x1W2o3C5x5HqbuhNVG9QyWu7dKdr8wneD,GbRbkacaPnmEReamUYmcxWaKn7owjrcsjFwBVFKsonmA,
EmLPiAXRCmTmbrAkDsDTYunnRVYGt1UrLWVsVWN8TVrw,CmZq8a9YkmjqdVRaAA3NxMZA1KWzxCb3m4gp5NSj3ma7,
EmJ1ycjZ3ENPRvrwvofZv16cvo2XqdCaQP15VHrhCMQ6,Ey6bSNggsqw6GNoxVX3kqBEpFWdXpPKxjj4kFSEG8NJo,
EmHTQUQueeFAHxt3dQDZeX77KcC4Cz8Ju4zb4sVSV4k2,2eWkTF8tSBp2si8Z7LDgkswJZ1LNGi7DPU3NNjV1i3VJ,syncspace
EmFWWaC9aFrwyHPPXnSVZwouFS3NbDzUVzH5tDoAfem8,CAcqSn3qQxxzmRaVFXo122qywQShjzKz1gwBmyin2AE9,
Em3b761SQLsXoVL9ZobVzPFB9jN9C9QYpXcYVfKafPKq,8rDpYnVa7J4yRrVsPLLg5hV1dfzFDF53HSfaw57n6QLy,
EkzXNAPTYuriLGLpe26KpnmMR2z3bjrPqihKaSrsGi54,Hg2gqbjGgL8NZDmJk6jfqskafuK2pPqccSq5FqamaTX2,syncspace
Eky4ou5CPvNRCZ62Ba99C5fPjf2JLDtqmKYxqRrodVB1,71HtZCnRRWaayEg9HrSoSmfJMwjsBdNiqGhGShCBNLpp,syncspace
EknQrLF8qi4S2SNwniBjdjoMEPTPAn69k8smYoLaxAEC,Hq23RE564UaA9WNxMmT9Rtpr8RFUwaYoh6XrGnkMoUAc,syncspace
EkjBDstVNjCun6GazHaRuZnu3DPkzC92NG4ohLA7GbdY,9TaHdtSGX8RDs7WrVUjdXxdz254P2tcHd1BHDxznv8d6,
EkcHmwKAYXJx9cXvqSS9JfzmbdbeWeAcefvVMHUWSiGV,G43e2oSgeTEaxN3vc9iCKUg2AXaNhfs6KtRwoxgZ6qdP,
EkRaLp5apvjEr9iwdnmDDDc7DiQ1mb7ibjSvE5WRJdg8,2eWkTF8tSBp2si8Z7LDgkswJZ1LNGi7DPU3NNjV1i3VJ,syncspace
EkLYAGGo5Kr3YJFR2V3o6j3nqYZniJFmdj3C96wZEkYN,9QE2pSUnzF7gTKnSSQqKfBnVwVvTo76xrkccsHYbMr1p,
EkCScwD7KFbkDzdWMS7NTSwFgXWanRmBjfQ2uNHpTU7U,4jvMY6Zee7GeD6hZpzefVFoHF8ZESwePtE5TSEd5AvKG,
EjqoqnWKA3waKv61BPkwHcSiH1SFL5PU6CMNiUxAoJYn,66dm7Zs1CuRJK1jBmJSvsfBQmYJ42YW78z8swLEyJ5Ka,
EjkBA5nuEDLPYcXg4ZJKtzBvDvyT2xmVMevAVCNSNHsw,2eWkTF8tSBp2si8Z7LDgkswJZ1LNGi7DPU3NNjV1i3VJ,syncspace
EjeYBvF94zXgJUC4zd24BdSD9JijPrfXRnefv77whAm7,D8iwNWsfRkg6oNy7AyTevRxNPGUKZZ2oixoqLiinSSor,
EjUwie1ssjPxjmhYNtEwhhsQ8qZGMUMrgKrNX695DvhW,G43e2oSgeTEaxN3vc9iCKUg2AXaNhfs6KtRwoxgZ6qdP,
EjNPmBfHk7RnWLJaojGSeydsArzT5sVCLTxVEsjSGedv,8NGWUn24LPkjyAGGHPcN5ZyyKuQmQSYARXH29Cb9633K,syncspace
EjMMELQKGS9UtMPJmYazgGEBy2jEbhZqst8CKyADoxyT,4eVcByLcXGavuwEBzJuyPGH6mUzrJr4u6kcdhy6ZJEno,
EjLMtPWee41GdFjVV1MDhkTafetCTJg7uk3KdWH6CKfV,2CApC5Kt9WawmvvZNjHvedpT3adrrXKJBG7JQSSb6YYe,syncspace
EjJpW4YxybR2hWDxBvSH6TwKGDMyyf1xQdwVvh7eyfzH,AiukDh7umb2arZ1wX9LGXYyHc7EtEDYm6ynxcBr5YbG7,syncspace
EjHcF9UQMXLNt9PHweY1CgbB9KXeAADCTbeH5PyMFdRV,BxMJyY1EsNoWuPgfR3NEDZ8xxhYpn2eSERgWUjxcoztu,syncspace
EjCox5qfTBvdMf2Y6xhdbqttt9rz4KJwzTPhmUwG35ro,6RwXxzXT8YNsZFd6tQKDKDF8Hpx2dpGvgiruQ2WKyzjy,
EjCjTBdsBKvqmCNyK4ort44rQARGN4Xt9rtFXvtvG8Um,4YUs5TK4azLYXRXNgVcYqHkxgkNMC47PVDpGm22emLMT,syncspace
Ej6fBZYFzMZeVPmkbGecafBpXegZg7XMMo1DWGHytmJe,3M8pPVvq1ohC9GxH3NqT4KkZjj8CpTNoEacVUk42yLFU,
Ej5S1aorm5F7anCQgnqC9weL2cnw1pxwvsaS5svFwxha,HTX9BkwYdwmH3xPVAyaiVC8pVusCp4gDWTqwLwzCM1bx,syncspace
Ej3VpckFjVYLPE2XaD1dHACEnmuJdBFyPvVw6ca8reU9,A7b5JoSpdLjBiC8mnUrXtKmWfxFv3gPgB2E1Ys2PgwB9,syncspace
Ej2cNFVJxGR35Be2EGnSKJL5SnV7gYpx4FNuhtseC2VZ,ADqrk7MYjYrSf16cADA21mMkTTXf8DfkmEGbb8Vy6WHt,
Eivffe1uEyMeSY6PWPvdkD4qfaFwJkFnyZL37NrZtLuy,GLXy5LwscvLKbEysdkDywyFg1rBQHb4EVQF9F8BQF3GG,syncspace
EiuayEy1ZQYtN1QQnWQmeokebFh5gXUdZKXJWSHu1D5x,4yBTZgH6pjY2CYzc46oBNszB3zFg1F7wFHKFUQQXwt3d,
EitcgZE6diUnVwciacnPh1TFKq1DkENMUrT2bjBqqPVs,PAALCXEQ7JYbErtxyhXLYqB6A4Gqzd1xw8MyXkr2CUb,
EitDMAz9U35AgwZq9WGRQ8poU1voEyyaughYR4or5VcX,G43e2oSgeTEaxN3vc9iCKUg2AXaNhfs6KtRwoxgZ6qdP,
EiswQWzEU6hNj4ZafT824jRKtyvbmEkXHmKqE3P3pzSS,5wceam6f3i2PNykKQkomeord2dhxsmyTEaEFxVLVaegM,syncspace
Eih7sVmRHXE2cLwagewqezhhZVPyS5fGhyTDCQyjtVj5,AhMqoTaPbK6FdZkvvSBLhZNYMmRXxDfQPZYitraSqQHL,syncspace
Eid1MuDwc6Z6a9q7pTbCjkwcJSRNqsx4mpETTZSLjg6L,125WWPNnvtBxNg6pn1phSLmMbr9LAE8i4LbhPUvfTwQF,
EibXsfvJk6RrCkUXAxgSMGmT2DmyrD6CDJsMKHUJctV7,autfyCR5psTc85smVAcGQajFT4TC8xxPPH1wvJu2Grr,
EiZGG2CWF8uD5u9hcUy3KTc3SztQt1rXWKyb7MVWALfJ,E5B3Q3wNPjhojpaAuoWLfqALN2e6usmM9yRU684syi2r,
EiYnkvK2MuegkkURTM6ByHtDUSgfMMtDPd7RTCjojQeo,7n4GMCUR4qj6cAwSwxyRvCknijYsYJBRTzwHS2iWSBuF,
EiREX5MpCf3K6zqcVDWgbPp6Xzkej7so3qTeev5MKHrz,H2CAfKakYfFuT5oEZJwtAmgy8ihPncv62iMYmQXFG3Y2,
EiMvrPTjuQa3NHN7xMtHYwtpkUaLHoghmPDckmyD15mL,C9tFZyXZovmtgZdQVh2wS7dGW9aUAmNkb6QivDRmHrVA,
EiJmdyFWoRiybtXABbejArxqPa8Fw6FaCCojrdb4XBMB,DcMsrqztdbWVhowqbm9iBPeb2Gj53WdPmQn3keuCvqWD,
Ei1ZcKReVYZb5JYX7RvmdvtEDmBaA1M2BJKULeyqApnv,EkPCcLHiqXr7BzXSjGiveTZdNvuzd65ikmWfcNtp8DLd,
EhtPSgn9PFyPrKURbiBxiCv73b97wX9D8MX8nNf1mCPx,CHDzDXTciRwApZm5g1R28QKoyuN6UHXWBrB57Lj1Sbbm,syncspace
Ehsp2WwaMgXxB8r2fXNw515kFx4kw6yiMRkHXsQFNc7D,HFPaT6WKk9SkwtYVZ5m5Sqw7ZbyehGu9GHjsctigm49S,
EhsGjtEDQf1fGJd9Ga6nKbfhgxjC1vHR7izWSrC7QNpG,Tps787wStFFYudgKRUzQjzUSMoywDsjD7jArTgeQD94,
Ehq4zkM8PSBYfrwww8dHtZShPxNyaHeuE5M83RauyefT,9jSvPtLm5Nt4bMNFwtZmwVHdZEhdx94XW96SRELFS5Td,
EhY75ocaZtNtRab5PV3dua6kfuiViRp7wXXfczGZgcHa,FXMcgZ6DBjiEkwc2T47iAyCmKQocWuDfkURntMkQs25,syncspace
EhT8SxVE3XhapFr34jkpFKt4grQxfdkh2SoHpeZuJX82,JBM32PqezW5yoUtYWF7KpoA2gTF84DEZtPMWy15Ykdb5,
EhSTEmVsJRLr7BGwd96xfStYise3MMqv5Vv4uL8fEWWs,o92NhLDAYccDu48Csrfs2thM6drn3FM4ZZwUoU7mtXv,
EhMw5G9cakTTFQsTXiTJHcjxgK6emfheGA5vT1dzHGGR,auryHMdwKGnjU4ZBjtacvARm8DcAVgEzYDzzJvVFfE8,
EhKwFCU5RuGzpVghR8y1X58GNJQkgS6zSx3Nez35YXjV,7ajKJAWsGDDr7e8sX8D1YPuLSfySY98uShpTCWNKBSkf,syncspace
EhACrsX8jW5XHM8kyyS9GkMkdhYrueBxC3KndE4GDq2b,6tMR8UKEPPcKDbLx5F1a7poY4JV3vhmKN8p9a4DtC7LJ,
Eh11nHLKYMkaQqPt9Wc2PnwzHUig8XP7P5QK1Fu5Nqr6,CtyBYvDMWDq6xSr68Bg4TZCSkWwH4QdSZ7duoSkAj6jR,syncspace
EgxreMrqLnxEbYfPon19innNzzxqXaCxv1e3dFxTzcqv,auryHMdwKGnjU4ZBjtacvARm8DcAVgEzYDzzJvVFfE8,
EgoZs8HhN8D5TTQsU4c6yppqFfJdQpaczcQXzbNTLmdj,B85ESvpcT83n7P6qBzVGgN5VfMzxqV72yNj9F2dFGsA3,
EgdhMJssHsipS5iNu9BQAzQz7RaRikm7jwbDgsVVrW7e,671EwevgkTHoT4y3BUCv57DDwzNbja6SzU1EBibpxEC3,syncspace
EgdYSSYM6X8KTSDv1PQV4jJhoTeVUrzmq8BtJw92MXd4,RcZh9Phqm7U4Joo2JxASRBD6DMSL63iPhHpEVJHa1CR,
Eg2Lxjc7qVPSREBybFkyzatvsz2D16Y5PDq6ESRVyf5S,FCe1QsCGAa9i5w9SuPabrazVic4VpiQdgZZxo6nyBPqG,
EfSk55z8in2gmK5ZdWvDjyjo4FEi1Kw9zi17HStY8joH,C9ApXw8ZoqzLqj3kJvLUu6zLmQURteRBGMUvuMP8vthb,
EfQiA2c9yq6mp8rdExzA1HMtQBmEcsHfoQU3qihDFS4f,4QFaDcwahasA2FDgLWUck8uh1grmsqWB5cvVeobZDStY,syncspace
Ef4yhCTU83veADQGy8hQWm7HLHCXGPe5rZiAHbrr7vBf,HysPXfhLyzYSvrkTgSEnyMuFZ3YJ8mV1tgdxEoXK4rws,
Ef1NaWM3UhPeYApinTpnqdU89KnJfo6ZxDp4cpfRsWmU,JC7MrDoypKdWU5FAQm5b92gPPSdbJBzGtmPzvgVwjz87,syncspace
EecSgWFEBAk8qYi7rJf6fJbA7jyKTXgWKMAcV5qaSQqe,5AysHo5vYHYcqNaJ4zrKKf7aRFfWXCCtQ9gdPLfpudfA,
EebxMGkAeKqZzicxTsTDTvH11LTxsHSj3BXQWByjzQZq,FTHaLGNBmwE1Ncygy6sGzgMWk4ZATUoXkxDHRnazkeT7,
EeSr7dQTZPYwYPbcjz2GHvd6XYaATXEPmBuxD4PF9bSr,aumuHzMdUFiFCvJ7kk1djU4CViSzxJk3FjXTXgvdNZn,
EeKAFSHcsJic2g4xN7xNRFZYrLdCpXEAvDn8B9dPKJRj,CWstBCdfN5TfzwPo6mZZHJ6MKKW3ZQYbwinSvNcjVe4u,
EeJZgDfPGG8WiQA4mZ5qMLXvtzL2CxXkQSJsC1JRAFTc,97SGnNhVQpRWtjCeKQwX7PKUYwY8tsUDtQgM1GSUAwns,
EeJXzg7KU5fxWc38fLojt6UT4SPMwcB7zs79FPSaW8FC,61Vf3TL99ygS884JR63uZQsZajWvgaUfK4Wt5ocTt3GU,syncspace
Edyx5ddHDRuwsKmREzn5xXgXQ5gsi78CkZhDVfNWF5NB,88gNHWScPbq75QunYtRi84YqvKwJZ1cjmqrF7chp8VXo,syncspace
EdaroPk9J1SKUWDvr1VsGuw12M8iDf75KAYMdvjuixDT,J5wJuywZtANvuXA2FgVcrotGZdPJiVwk1gjRUZ5FS8fR,
EdWNXorj5WqSut8ncxLYoHqeHtxW9QTKSmdmSJDbRVwV,AeAzv4mX7StVLWQraPanJ9AsUHaub9FKuoseNPcy8aeU,
EdP7ryo9HYdZB4C5zzSyE63HrJQYGoDjaZQhcNj6jQrh,9drKBLQ9bVTD6sXTnLQvS7Xy2KhH3Ku68LZszPjrxFTy,
EdGTnUjoMgQ5Fc9tptmkABFn1xViMnBGfcMJU29XfKqb,4eVcByLcXGavuwEBzJuyPGH6mUzrJr4u6kcdhy6ZJEno,
Ed3LWi5tpnfiPvaFyhyquJqJk6og2ZNmQpBH1gNNMWJt,9yruC1cumnyZDFu3kTosWG4seLmZgg7QVrdqLsXGXCup,syncspace
Ecx6mupAUxumuKJrwskZYaAyGTnwMXAVE8RojnSZzbaT,Ba8FKZK7TZgnXY929Wg5fdyjhNQXJmCHyi92xLubkzeC,
EcnWD9zmBXWybSEzbUzPwCud7a5ay6svF8AbpbbrYQ3B,5wceam6f3i2PNykKQkomeord2dhxsmyTEaEFxVLVaegM,syncspace
Ecb5hRA683x8MyruAUNmxT3Dao4LqoUdxoGfgajsZ5qB,HxHF3LQ65CJVTcri2cztiftM3KcXuDCfXgNmpWvvd2gg,syncspace
EcSP5ijxpu3e9RFqZEYuMXsurDDJpJksTwrn8Mnjt5Uw,GPg1UBnaqBjZS2XiMfEpgWn5YBJmNkVd11HXjYrDmVsr,syncspace
EcKw8BR2S8QqbmxKQ3vaDPVcxF4syWK4V9YcQ5k3vg3F,GD5KEoEubK81NZCF24SbaCxwZRG2vbF43j3dyPsnwiBe,
EcE3PZrFGtd3nhv69uJ58k78z39175hSDeNMDdqJ7W15,G1VyPSM8uaxr1jgqFZwY5sWZgYeCnsV1s5cUory7984S,
Ebpj5CAhUkWQwzcA1vrRs4c7ey1uPs4n6ZPAjmWyKK41,G62UgydZcuxsgrzyYEi9T9LLCh2DGPAFQaiSPUP4D8gx,
EbjmjjAjrQRkZicAwvJRVfZPHzWk63ZBnksEwm5JXrzY,G43e2oSgeTEaxN3vc9iCKUg2AXaNhfs6KtRwoxgZ6qdP,
EbhWwpxCt83nxbsQWUsRT4f4F8dUsNKUhhfEvomz1qj3,2VQA3FT8tWRPgiwVPh2oKm1JTA44ocGspKn8yRZRvXiS,syncspace
EbXYH5TwRkSHBgftxyfcRiRoJNsV9NEoKG7eDigVYkiA,AMowqmWTurEjXmuzWe1uriP4VuJ7TaTRysDdi91RkPcr,syncspace
EbNtcXHTAQ2xeBxtrf28H48J67bg7w9KFpg9Y6TjSk5K,9qj66zMkDdUBFw4GaAwKBgyyLfYRt1Ax5nmQGjhV7Lya,
EbJUgiRWGasEgmH62JFDE3PbzwyE5ZcYn1T4tagp9nmH,HCbFhQ9YZ66r6WWu7Yu9CXSK2KU6nfzEKQxAny1555sC,
EavwugmoGGNbFVCES7cQUJ69CEQrYcn7zBxEnqtWJYjr,9qj66zMkDdUBFw4GaAwKBgyyLfYRt1Ax5nmQGjhV7Lya,
EaoM6Rh2hUad8trmzuVDWK7xgjgS7PK81yVgrS3tgpaa,FLhFBr4TYqwYhHjuLpXwC6nPWA8Bmun6nwkpttYYsdYQ,
EakycHZY1vbTu957X2mpeP8AimrM3K1LKQsPuDoaKRps,66dCKy19wcBVBckbgViEpfHG7jPkds1QKidc4mj5mZBR,
EaYy4Kr4ZceNvUSVNvFozsYa39smaqZqjo4gfvFLMJNB,HCbFhQ9YZ66r6WWu7Yu9CXSK2KU6nfzEKQxAny1555sC,
EaXqMtBJf31R1jYGkNAmGviLZCacVB1mcVb2zvYJSTjx,7XopJZCEdB1fzDQGCFJ1QC5dv5LC36AEMQkEGfHaMoRj,
EaWv39xkRxkdd5sF3fDwkHTZgyTRq2VC1Tk7x7Xym8Cg,CxXnwPnFS8Ujx5ty4XWUxnBqKSUTT7BgkLZFG6dsA8YU,
EaNhiFUvNAV8zrfuhbpCGrpc7QyQQvCR1ZvCH4gEUs3J,5wceam6f3i2PNykKQkomeord2dhxsmyTEaEFxVLVaegM,syncspace
EaMH6tPB1zpM6t2ve6vMGEY7eTUm5adw3GGFfC3EKNrd,25TqXN4ToREvj3CVYJcTP1MWbbi9Dd7uUeQ7uTW7pmnU,syncspace
EaEQtrYPqRKjk36eYCFimrrjzTjjvL2nXFU1MJ48K2oL,Ce4XYayzTu4HR9ikVCjLaRzBFDtwQvt9W3mxxs8owa6U,
EaDUCKzGgLEjh5zSpod21ux5QTUnBfAxf64YGYRRMqqg,7g8KvqNhQ7cDndt8apCqbjBdLk3sDSnSm5CQzgB164Ki,syncspace
EaDJ3v4CJsjeT1ryDBuwxGuEHs17uW94QqQp3sk9ycVg,4U7tf3ChxC8mr3KHWnkV2bE2ogBJK6q8LHLvU1F9BhKa,
Ea4g2LuWVmzW7RjfqJnxDzWDsmj97pVBJEXzJqCkUxNH,Ef4GXnPZHVcPYotnWVh2FkNdVEuLw9QZPX7nQ27R4Xvf,
Ea2A7UHfwgwYz17jGVNmcw34czu41NRHkxT2fN2boVg4,81MMZdtpDzevCJLcFLiSm61DFr8kqnrPVrwG9XGQnpqQ,
EZzUPSkdfZmzaJpZMZo75RAPZdRysgKKnnRKnXR7U9zt,CMpmJL6Gqk7XbJvr3TWogDoKdfXTo7jfahJ7mw7vWGWa,syncspace
EZrHaycmcXMPBLfaYTFJ3wDhKnKfvdhFzkzEcXHFjP2K,3ijwbSGhaDDU5jusKYU8dbm7GW8Y8SjQ43xjxrPGgY6H,syncspace
EZncBcpy6BZabQqUC2Z5rUD8nVkssBTy4Jvx46YJqYXU,5cQKrfwG1sSzk4FmitqS2RFQTYEw4gtS1ExzV5oTkNBJ,
EZnRwvQJEnzWwKwpYsygxQWmhoErojfBLJQKGHAWNDEX,2mFKNkVGMtvckAyCRsMw4mFXjC8f5sip8zfGXmS49hAa,syncspace
EZikstTy7Bc59w1fp9KJMwFLvd2ocSZYgzA33MtGaRwu,5oQ7fmiwrzmGhWgosNzpAqPH5HrfqSTNkwkFTK9snznY,
EZchrGfmYaRZj8g11WzUnRNSJjYtDpRr6ogcpQ3XheJE,gkEVBSiF2nzcgQAVRY44ha9rzjBNBSBsgjAXhpDXEHe,
EZaqFARzrxjRDwen97jkikPNJAqFebKdTANSY6ECb9uw,GxMTsVgMwdjatWNXM1xZ9fLHY7kmJe9kCoAnE1G92M4,syncspace
EZJUX3dtKkVcq3BA8Kv6wmY8NyHodTTQ2SpgffVsZAQc,CGagTsYKCGmvCPLL4xbp7FH8FFqk2EnHJXMymW6rzv1f,syncspace
EZ4SR8y3HeoW8JRUnY4TgP5PPw83HgsW1RM2UXY4caDv,78Zqg71dBn3N2BV6SteXpgoTotRmHaBKAxPjDtsKtfAL,syncspace
EYzTnvuj8ktHzGdRi3vM31pPsEeCtG56aSgFn1aER5aY,FRnFVoakjCChVX5DSSfoyKtTqod36uQyB7deXqNB7XYG,
EYwTVtRvSXGM4QM7kn9eg3dvLMo3VfsPeqpUMA9ZDCJy,GkTTyempmaxcZYbM37P7b3ePV99ENFs67zzTKgQ4HKXL,syncspace
EYj3yEbQWNUSHiDWSJuMPijVaPRzVu51om7zqu8YvRe6,4n4Sa2oyfeWocxcZZ9dgeMmujEosHCd5RZZEe6Tz5sYK,listed:magic-eden
EYJWCKKaQgoRW43E5ntw3FoVUep9RFdq8dhbv9Hz4Ssq,5Ggk3KHLA8id3PLoQcK9RnQUnxytupKxWQkbM25WA3rZ,listed:magic-eden
EY5RLqrCpsTScQXiKqMyfQBQZX78jMSiGpSFKZYiCfV9,ADqrk7MYjYrSf16cADA21mMkTTXf8DfkmEGbb8Vy6WHt,
EY3tqDF7insLak3mAKJZq1wbPWagY4s2isM424d2o2FA,AjM3KRbqgw5hoaKqZ484ov6tTHgncnVDvSudWyW2jKvD,
EXzxpwq8PnBc3EHyTYP1wsDVXMB1e3bbuiUYbWzUrJUh,iVmk16BAncjJGdb557ivntgUYdTmf5iHxd5zvK3AesE,
EXueDhp7auciY8gTVwyPvzUwDd5iVDo6MD7Bncs3dAcx,9149t6DraajVJsYe89UACB7Z89xNjqcaQRjdr8LJhiYv,syncspace
EXuEFbF7zKLF8QBunH6G7LGs8Wdx643gvZvq5KDUeTzD,ECrCEVZ9Bqj9EuRJr5wW1A11aV5ctrHbqyJXcEX7swwJ,
EXpnyuebFT9WfjJbxGuWxAUrSq83jLPqiK33F6gZJYYb,GZCn9bLvGm9sYV9RLVi8gStnK7Vh9VnCb7G14ahjL6ge,
EXmPgeJLb37pySygEqJDgfDJrZobkgRumUJo8h3ucsec,FRnFVoakjCChVX5DSSfoyKtTqod36uQyB7deXqNB7XYG,
EXRHj1SYDRigxVTVYzee5H6EhML6Dab69ovcKBC3VXTS,aumuHzMdUFiFCvJ7kk1djU4CViSzxJk3FjXTXgvdNZn,
EXMCtvP4ggpsELR8tPj1RXKqj7Crdg5mFERYpL1zZH6M,6b4aypBhH337qSzzkbeoHWzTLt4DjG2aG8GkrrTQJfQA,
EX6japfRMCiFnAKDs9E6e3U38xzrQ39o3d2zQVNCekEg,iQxqL2afvDna3qqxtzmiFtCoygZUJ6w2fdd6nNQb4GL,
EX2cD1ogTJLoaEyLb51kK3WSQXqWFJa7wSbrRXpD5M7U,6Bo1tFfHVzawU45VQsVhMZNdxs6FdVfTX6YxLcFX4bKc,
EWumF7qLDCEQjbasavwjPGQp9Sub3ey6rmeikKMh6jb4,F17jpGmwDp3VfCVq6NduNdUhGTPbKgm6tt4PUbqqNvkE,
EWpiRiWJHQdAqnasWzhp5CFEXhgh19jRwoEwxcaeghmg,9qqMYk6teiK3uJZgjvJboJBtfuiQbqcu4cThbh2BNhFv,
EWTGF2uTzcjiubiYBjdkm6tzQ8BDBqTbwhfCpejLbD2V,Dzuh7ZA89nr9mfNKHYA7YVLiYXgHtZQmRjNUZ5BzE4Dv,syncspace
EWNuwWaB8HJtkZwTs6Qw54AsmxP4CFEoZqaxGLqEx5sx,A6cPkbfkNBjcjwBxxh85QFweyBrzFG1688VK7JGXEGz2,
EW7YvBhn8uCwjEJn6gWZvi6AVGZkBG1k7r9JJN3LFPrh,6HM3TR7Pk1kiCinAsGGarrqVydwaYQ8RUkQjUeibJg55,
EW5zuw1oD3Ct3RK16S1Mo9YS8QsEPE3mgy35mYymEyzJ,B7b6n5wjYWXpk19Ri2z5E1TpK661HP3REDtev5RowHm6,
EVzVHoyts5iQrQpbunPHWmCYSAiYZhXcHvLBhTapGwD9,9t4ZfjqAta7Y5eGwb98XDfsYf7dY2HpuDdx8TwNWPfrr,syncspace
EVyL3ybQndnJpwYZJidy4EJSHC672UDAmBnfDX2Ei9v3,ALj7GhsTtgFBydc9zDmjzPrnjva8qmviSv1MPWRSRF3u,
EVvcN5Km63SNfMZdPeWpt5RqPbtijLAkGXcEoEVWQSDj,7CYdaVVJ1RWsAHmicUeCpytCqK9PEKLv6fMJ8Ht81ggf,
EVpT8h3UR9PT2Jb1pNmY387inzCNrhJn2o7RWDSqg727,GcV7kq1uimvwv2EpxPnMwAEfynL3czvxb51GBbPBSqiR,
EVmgsHe3VL2yfccess1qV7P7FS1QDKW8aqFPgCf73RF5,aumuHzMdUFiFCvJ7kk1djU4CViSzxJk3FjXTXgvdNZn,
EVatzYcebVRLoZpRjJNYn6mEi7DDnQ1zqUZiQG2tZgd2,14375WjzMT93RqJPto7GbRjAiowDcJZhixwS7Ci3kfwm,
EVXCjNmHfWTYkBepPkYfG6ywEST9VwdkvG8WMkFxnDGy,88gNHWScPbq75QunYtRi84YqvKwJZ1cjmqrF7chp8VXo,syncspace
EVA1e6BgtAwrNECC6VH8uNxeK7giHA4nYaZUmRbDYNbB,6JP6yRoBPYWzhUwvDAq4yND6Aq2kUhPvn5ciLxkUiRzz,
EV8ojRvs1HnFjGpme8mwfPLs6C4UE132MANx5PdD8gKm,3H54g5eRUxLF9j8FitR1XDsky5VAwKfPSy4xAK628gzg,syncspace
EV4BmAuELzqyMQy6Xm4GUukYygGvQCfTwegC4qxjAS5C,72gkJscUw7WYK4H6sevY4qXERi9Zn9FmLWZiZbqmW2i9,syncspace
EV3JU9DSTEzMPmtofeTkA1dGMxw583QtY9sJKGH8QrQw,4U7tf3ChxC8mr3KHWnkV2bE2ogBJK6q8LHLvU1F9BhKa,
EUcWDbSUeZfSHtoT5ngUfFPu94W4thCeTq8mXTKwGu9w,HGd4DCuR5mrrWvZaFZGNUvEdJixKF8D84WKSKWnydMc6,
EUV899tgaGSuEnTC3g4rhe1w1UoZniLebXyRq2JouVJw,Dsmwsfhy2MqU9FHz2DwuYdTRo8munzUbjPCZpYXHm1qk,
EURMrDR67Eq6SRHZT7xtVdYs48AVYfdt8HrWfKGWenR7,BeHmqWYuk4BGnCXCYN5zxqP4ixDZ5c7x3fFxhsUKjN4C,
EUMo4Wo9uTLB19ktyaG8YkAjrCfeQbV9YJt1q1bwbnhV,8HnrWxZP6DcUbfNQzaaqoaq6bFD6nQFW67Lty5kDgDDm,
EUG2UHRDxQzG3v2UfAb4UGTeXJSWUpkS22sEjNZnL4XK,GcgbBU4EMFRJMBvuvsmwnqae9M7dd93C7tkwXit9nxzA,
EUFhh8yHVpHJVBYfFSxXQutoD6WPaHfYGgtEqjeMTVYx,HTX9BkwYdwmH3xPVAyaiVC8pVusCp4gDWTqwLwzCM1bx,syncspace
EU9Zto62VnhY3fsYy2hoCQqdxQRZLhxfhDsUM6y8ArhC,C9ApXw8ZoqzLqj3kJvLUu6zLmQURteRBGMUvuMP8vthb,
EU8SY2a5tmysUAQrEyZUuYkugi7RMiKH4wAhEEThhGoy,C2gJg6tKpQs41PRS1nC9aw3ZKNZK3HQQZGVrDFDup5nx,
EU3NNim6ZgeV2eCAN4bRDVLMBDSjaFxcxT1R9vSKbERe,GzXtQFjdudmPV48N2ZxLVR64ysEM5JTbtR8uArxbaVCp,
EU2tSDD3iW7hte7dfBNBSw17N1dh6pM5o74Q2b45scYK,J6EVUL9fYrcVJ8nFyKC7xkCFoYN9DanaC1XY3MiZLvCK,
ETxcTtVJt966tAhUr2YxJid7oVQzkgcrkjpBpwHzYZ1W,5wceam6f3i2PNykKQkomeord2dhxsmyTEaEFxVLVaegM,syncspace
ETx1uy3Do8nT9mAtdab9h4BbQUPAAp7PmDhzibaf9bLM,EngDCUQJ4PhS3QVydg3TLcUz76Zvu7evz6y5F6iyM5ur,syncspace
ETmQ2pijt9HxpaAsqMZhhVXYJyLd8Gqk6KTbXxmCv2Q9,5eh4Svgq7zaTg2mWNA99M2GMd3NfHfYViSoSCGLVUgcg,
ETiaFHCp8xZQsi9KiTu9SmUVDqbMqizukii1opX1dPfK,G17VbUo4BL61bWCRxYMEETPvztsJiVRJquGuGrhNKoZv,
ETgg1aJXZ57rtxHDAcqgUaEWSWDmGW1y61rKQPLof9BR,Fa8TzVCkeQd7ZMcGNZEvC3kvSKtxMymdv1gCVZoPexuW,
ETfmLPaeqafapQrraLKsrZ6cUBnzi32avf9aKbtzEk6k,C3fz9f35aLHkAe8gg7bYS1B18azadL4UZi3V9BhhTPNa,
ETcbdAHsqgAkoNt87wAHZPC1uhjK8GYkygzCmAFbvkiz,FPNMQhpGtXRdh4LcMBQs35KZsGpwQYJDRicPgD63gUj,listed:tensor
ETcZLTsPAVZ9LhwYVVKTXmoGxunW3xgmTxzQWDoVnCi7,2DtXE2xjUBbQMAJ1JMdTDmuRaMANLtThSzHm4zdfMdgn,
ETcBSVpYfjAgABCPGux41Gvj4jXHFZRL12sDNwJxvsJf,FiF68Zh7kiyH9jySvBDQdLxgUvwbTefp3b77LoLcyvPM,
ETZYxD9cUkLGnzLSqEKEWcgJUXMnUrkYCv2aGPZgzidr,81MMZdtpDzevCJLcFLiSm61DFr8kqnrPVrwG9XGQnpqQ,
ETVCbhwz3JrQLrvzyZRTJEw8PEjVxXvMniaVNhHcFGF9,auryHMdwKGnjU4ZBjtacvARm8DcAVgEzYDzzJvVFfE8,
ETMWM6CZ72hSgzFnHVvy81xLN1WeDRTpmetLtBgZHDkb,auryHMdwKGnjU4ZBjtacvARm8DcAVgEzYDzzJvVFfE8,
ETAAdY611seuYaJ6tCbH1LCqMKVcFBrMbs4nVw1hQN4v,CA5BUDXpJwtXKYEjwCqjKiU5c9qNkj3eARmeoSPtJ6jC,syncspace
ESzZXsyvGmEFrQkfkvDvPEPDHFyejcNXiSsNCCht4JYD,6CHxveNCA8wZirZx3fDK6bHDfY89VHHBZDpEpVVNBNS3,
ESzPC33S3cqGUGvTk78QEgcXujMdqebAK1JZMuKhC6Ud,CFp8NKbNeffbSTLLzAKKyKANJD3dQYCKZjC48bVXtVQp,
ESsya7Wot2SLCoXeEQdjfL9j4ZEWWLCKNYvVJxfNodud,HCbFhQ9YZ66r6WWu7Yu9CXSK2KU6nfzEKQxAny1555sC,
ESrkFPuavXNvu4nejezVMUjULAwB27oipyiJwYCHdX14,44qXQ2gvcibAom3SbfqzpxyqLT3vz3fNFu941Ehiacak,
ESqQvFDhYMm5AtoVb2HvpvCkyC4eCNZA6SeNtYsovGFu,4fFHbv3Be556pLK7C7nFukoFRWYpfDpDAfzkPJJaj5Jg,
ES4EGZbbiqhqihJRCCumbDDK5ayNZM7oBvWMuxHznBoG,69wSEma8aGAfT1y2D47Y7KZUbftagXaguruoU1MMtTuz,
ERmxmrYxRG3rBsdAYP7bFoji2aSy6iDWM3sFhM2M7to3,Fa8TzVCkeQd7ZMcGNZEvC3kvSKtxMymdv1gCVZoPexuW,
ERcNpmEuvSVstUmjwpg4PgyRGXhhJ3jGLWZUM8Y89V8a,7g8KvqNhQ7cDndt8apCqbjBdLk3sDSnSm5CQzgB164Ki,syncspace
ERbvs2oE1bfgUrT8jUZTZrwhcrk7Kkq4Tpb3JPia8jii,Hq23RE564UaA9WNxMmT9Rtpr8RFUwaYoh6XrGnkMoUAc,syncspace
ERaDkxnC2y9MPbUCEyeGERJa81gi5SPQUUR5amSQB2tD,4t2Zz6Mat9jQbEB1ZeVvnsUDM6SDTTTbqw4dSvh1mCuH,
ERV5MbSJYUBnDAU4oM9qBqPyhts2YmEYfNPLeRmP9Cuu,7TiqvXAAwFE1xzbLoLpaag2v1Y4YMyRboaYAw4K7Yhpu,
ER4sUYuFxGtPWzXWhL6Mj7iUKjnszc64tBmTeZu3admb,AoQGQ7TVZRiPk8yJc1cssBKbmwA7AUVyQsMcLuPTxAkQ,
EQtb3Vd67s34Gh8GJvSpdwDVgto3K21hfQffWAJ9oiky,auryHMdwKGnjU4ZBjtacvARm8DcAVgEzYDzzJvVFfE8,
EQkLu6yABDip4UMPCYTivLMf5f91MGo1kuyCDoppeSzw,aumuHzMdUFiFCvJ7kk1djU4CViSzxJk3FjXTXgvdNZn,
EQhteNu3qGYPboAeUrQSGjmwuBd1Tw5k9kmpbn1pS7my,9zTn1Zj3W17FrcHKPJ3E2yW6K8TAVjiCiiEkrvwmLsaw,syncspace
EQaFVBDQMYu3uvmeRgudTaon6nUhh9rRcKBpXguMU3k4,2qhNaXnvUwQksdG8uiRfZZb2Vs2ASeyvGSPCZz5peJaK,
EQWH9vCiaKy2kqr72vnvZMdDJwWYyaszuTFZMy3TGxn6,7vFZT2DqPPNdKzQwWbrRTyb4jzjYxmWGoXWwrTZ5uSz5,
EQNmvwMzdvx2gXZmNDsi4PQG6hK9cZi3ZQiEnEzhFB62,WpjcWU9AwYzuWaPuivH56rF8WFnnHkyhVb6ZXQCz8vo,
EQNJp7FJUrXU6wcedkMeD6jBPXfpBCAwXPSK5wsct7uh,5k15YfLg5TmTeVUAuxpQgK4r3Dzuu9ce6RwmKUdtDXYH,syncspace
EPsd28LyaJXWsuMTYQJbABXE9w16gYDMUhLzng72nJ3n,4dhrmaC8aGjv13krgDnHm72wwZxGR3YyjM8jMVhpuR2D,
EPhYaLoAp3NE35LNMDppGuHdguq7WDnkepD3EBkGK6cJ,Ef7ZWeYehe3bsUXbLGcCUSoyHJnD9gbWzYCmqBxdoRVC,
EPgH7HK7f6xQ2p59w9RbPPCJ7RhFjh56Hw75YoLra1xW,2mFKNkVGMtvckAyCRsMw4mFXjC8f5sip8zfGXmS49hAa,syncspace
EPaBEVV2qnUHX5gm5kpKtJuMPK9bi4vUtWcbvCHkJp4a,EWhvBbKfsE1TRBQqrmDSXGvecJ9wf89C9R3Q4xmsiDCr,
EPSVHNbmPb7NsFnQNhGoUKTMELUauvcnkD8YnTh1jdPg,Cz9ZSoCfQM37tzHPNCCqwohsU7pHexWPNBo3K7kcx3Sd,
EPN2yeWba8vjbqFA7BGEaXNu4R6XMzNCdB5Ho1SB7E1Q,6BmnZ6VG8WX2QXzBasVEXqgXPutzxvwvHpUMg21Cpz5h,syncspace
EPG6GCh2yY58a9ByQD81QfSQcc88LEmkDF6P6JZZ1x7z,aumuHzMdUFiFCvJ7kk1djU4CViSzxJk3FjXTXgvdNZn,
EPCVmz5B1ex2o1tjTmiXN4NCLJs8UXzRCKdR2T1VHC1z,3py8w6WyJJNX7aBxjA7tGK8aTyUK7fr67BK4bFJJrCmt,syncspace
EPC9DfZPqE9H1ThPSdiJYRyEhALd4vEwXA7nGLpVFeBr,5k15YfLg5TmTeVUAuxpQgK4r3Dzuu9ce6RwmKUdtDXYH,syncspace
EP5E21BtuXHWzUpS3pXYRK19wD5sVBKUQERabfYqu1Yi,52irm6fFXveCtxjcH87ivCxWtmcVY4kwmzvXr8C2Ltm1,
EP3t7TRbLmjFjybddioJGfrSsveAtyxgUGufjuEGVTEY,55R8BKeTDByVWfsBGAKybrp5gxppRaYQ5tfiwnSEZVgN,
EP3FRxGDxU7qdbgviuTngrbmWUh23KJV1WjW9uyQeENm,G43e2oSgeTEaxN3vc9iCKUg2AXaNhfs6KtRwoxgZ6qdP,
ENtifASpsFFeqBRR9hhsLrhkD4MKe5maXYreuA49rW7d,AiukDh7umb2arZ1wX9LGXYyHc7EtEDYm6ynxcBr5YbG7,syncspace
ENnMtRBVBS2GnGJEundfB7ksG87HikznqfySFi4uL8jW,3g2TUkrZf86bfGQXcfJ7xMCFSmnssdpeTxe5V7y5GDpb,
ENjmc34KbZAZi8LgbeEVmC6h92bqTtawV9i2GofhGrqg,H2CAfKakYfFuT5oEZJwtAmgy8ihPncv62iMYmQXFG3Y2,
ENca3PDUG62Kmh51LmUBCQt6FcuqPi1NnzqyY6b4YqR7,8hwymvVHYV5e3vrPvNLw3wohPG2bUE6rARsN5sf11grf,
ENURiaDiwM5yUws1RJvWRvCZBGQgK87scCxz1svpw3qB,6HvwpknzQyJpvLMgBKXzDZYPJRjVWkTbwcXyxr1fSMia,
ENTjdrsX7wKRrCCo2URiF1AgsuPhex2XvihfefijQXHb,41ekimDUWs3fcF6DWEivq2wkhbPW8oCDnv95Lf6Gn9D9,
ENL55nF5NXta3nSCL7shoEJ8kiF2TC78r9fzfq6om1Dn,2nCGgkc3DdLe5U7xiaqMpUPqLXhCjfn4o9YXuqJReuEn,
ENKKNPgAh9wAxYvGxf1QhCcWJokF8veJwAtWjg6jJkGm,BUN2LbXVFskgBMU6Rj3in7nHyTgcm2xohQUckadwEMxt,syncspace
ENEYyAWrk1zrUgijJ6Hzfun7Mit55yt98pb1UJjRZPHb,AWVvmYEDFwJMWQvUCusKkTdhQPRqVrjPHMKbhUXdGP9H,
EN2fBoAPEspqoAgpmyD3minsYLcxUR5DXokaFaHU5Axf,9s7shv3ryEUjMJ5QwpbdbuPVqvCZEo7aXibjVHJ7KzZ3,
EMjJr5h7GYwJKjtvxjCvzhjLCXEyfS9xLQkqaEwepWbX,AzZ6rr8ae9s7td3qcbiW5SAzS79qVzA5nq81XGsxxWXk,
EMezUkSVHi8YXvfbqJCkDmNGF7LkF994LeUi1kszL3Rt,UT3aPa45jNqBmcXxE6DS6DvkYsqLLF1bEMhc5QENPfx,
EMRHrAu9gwRch3zqcj4z4c3VvqKhLWyzbWu4EVWCknbH,DCW45QPQfsedXmgRybY3iMa8uNKmr1KPtgQU8f3CX8Eo,
EMFtzou8EPpLDsRHAeSEhpLjonA2U7WFfpHyvWMBgBfd,6BmnZ6VG8WX2QXzBasVEXqgXPutzxvwvHpUMg21Cpz5h,syncspace
EMAMttq459BwfxWnZcBEDmsoKRubQSFkaucUuD8LVBhr,CJBza4gwyo36DkjcGgbZxssMnzXqhR2LtXuoEib9CRAK,syncspace
EMA37MgGjxsDhFBjzvmUuLxEG9435TgpzNsm6Gj6AG6s,EzWmDdi6XFkBzgvJvFpfzvS8duBkwkTSGFTiTACAA7uo,
EM9e3kLsuprdv6CeHjPVf4Zu7zguUB7CcJU9j7wKXo7R,6tMR8UKEPPcKDbLx5F1a7poY4JV3vhmKN8p9a4DtC7LJ,
EM3nHTvz2FTFFyLaob668Bk6BEqT9pmFwdQZBrBcdauo,HTX9BkwYdwmH3xPVAyaiVC8pVusCp4gDWTqwLwzCM1bx,syncspace
EM1w4NLKDwmiWFvhesZ4JNNWgDyyBzoX7ScKfidcL5Ed,BUN2LbXVFskgBMU6Rj3in7nHyTgcm2xohQUckadwEMxt,syncspace
ELxYKHzLiMVMq4YfHbTja5FdRgtgq9BjLZBd54FTtPxC,35cMZqHMHEngKuu7ftWau2GHb5TuhHL6wkZ89xBKkJLC,
ELvzPG9LTB5UPtJQpbxHV41aKZyMhJSt1Yn2Uc67Yefy,3xfmPayAefmDToKruJNFrtEZWQwGLEWQSGJ2rBBb1xMV,
ELtsyHmPXHNN6U6Yp46chDaYfpuwpZkwoVvgCFvqdsLN,G6rZaKxnusktP9JFMSB1iytkycVpbZ2Z6oevfWCEDxGz,
ELs7wwQ55V6Bke4w5KpW7vgAYuUe2ziUmzRUrhZTCdV2,3j55KjrSyyegk9r8gGNNr4Np7oQaktPr4wWh7DVu62Po,syncspace
ELeFAwPAZZvXtL17fwy97Eyykiqm39nhSmYH4ZMYrA8W,xTkTmnuXhcZ36cuZQc96bgCdx7cWDfjjuFesT79saki,syncspace
ELZDpNsDNxzAGD6zAkKJMoeGhrkYPwA9Xq6So2hYWR7f,2q1P2yLZbX5qFxjbwikACCbPgeT39JHPfJ3e7KppCyY5,
ELFmDoUYXDv9WvKtpQb26s7jY2XWoabxje8RJce6zykA,E3SQ7zjLX5RRfk8dV5gArGthHErNr3MhTkCHMrMVz98L,
EL6881YZFaFkYpUiG7AyuZwRJi4JLfjyzEEmrKfCpFE8,Fzx2MEY6fuwjoL1g4Mh5D6dcxp24HEcdZ1QsrVxE5sfs,
EKxq7xaCwDEK4nwGv1FNTkRcZzmjZDmXNx33qQeXvELy,AtLhoHZMQZmZT4PEVaCLSzAZp7CHPWf7FKMHdYPQf5sT,
EKuUN3yRK4tuRd2wVkYeRKgLtcSAGaKdUBJX2yXTQdLy,6VewYYXBzM8GgCKgWyoQpimc7zNGJsM6zqgrTvYxXiZY,syncspace
EKj7TrJrTUo7wVgxJQAKAx1ui92usLr96JDhuFms4w6m,5Rrj6qPKGCfrSUEdzmZEVe4strNQB644ivtu4HWruxK9,
EKW424mTRHA5XgPeyCkgM7Y7xFbw6v2yayBhJVK1jCE7,D6BoJ1wfWkBNFSBQUXQ3Fn4G1smQVCqpDB3EiAieKwMh,
EKL2Z22H5FHYaUZauGSuUn6WbFjUrLBr4am5tSe6UGxd,9S1birKfRJnijto4dseiN4omQNGV4iWKFfKZdH3FZDjt,
EKCwYbZCubmERQTPshQSPvgd8SEV6UmDxAfczQdiCpWz,J55VvQwoeQHJbvPkGcxgQbxJrAFpcYjixD5ZcWrskuas,syncspace
EK8ZLBDEe4WeDCchp4oLAAcy4y6UDGEV8bfSTCEBkAAw,25TqXN4ToREvj3CVYJcTP1MWbbi9Dd7uUeQ7uTW7pmnU,syncspace
EK66hbY6hNEWiVsJdamhXAhQiB91jP7hYKLFNcHVQ2YU,9aS9B2STi87qGdwUE9utViwdd2CEEg8GBqNQUNdKGFiA,
EK4s6EspCyA4HnTHoM1q4tm59nP8TdrtpFtjBHVDxWxf,8CmZV8zq8JcvvLq4Em8MTZoFrnpKdJCdSBNqt1WuUrSc,
EJedC48PnJauUrurSobCjH1WDic92SGqyedp9dRred1e,autfyCR5psTc85smVAcGQajFT4TC8xxPPH1wvJu2Grr,
EJ9MfXFpamTCHKYidHGvssAeTLoHcUbNvXhfR6pKM9pf,522HiiTcKVSYDwkugGGVGroJ76xCuczbghSoAJkZKBci,syncspace
EHsnBg1Ew8hTEaLWMp5LVsJs21pRu7pPLpAPWCkfDvr5,HxHF3LQ65CJVTcri2cztiftM3KcXuDCfXgNmpWvvd2gg,syncspace
EHh8dabe1DyeZHAtXi3A1V7aY8R8Dc3G4va3tQT7JSNk,CyMxRyQCgGQyBR3BS7G26Y4c3vTho4nLhDwWZHR1xKDZ,
EHfeS6E8Ct5MQTWdZskhdaMRv88stou7G8dAZj5cqHAy,D8iwNWsfRkg6oNy7AyTevRxNPGUKZZ2oixoqLiinSSor,
EHSQ7kRR53RRoiD9V6y1YvHxSbLmijhEQGVThczGyP2u,9LSzUWDaLfTUh6FQMCRx1CbZRNHqDw1gGafnXBajYoKw,
EHEa4kWx8atUmB188eiJCzgGRpCXRZDhdvWXcNCsH6ix,4eVcByLcXGavuwEBzJuyPGH6mUzrJr4u6kcdhy6ZJEno,
EHCEzt8BgTanqCkksnZVwXpPNoDxmxQVxpQNtdcendWn,2CApC5Kt9WawmvvZNjHvedpT3adrrXKJBG7JQSSb6YYe,syncspace
EH4tjBaQEbr48ycwRdpUgUtkFYwEwFsXSfYacAJRqdUJ,GLXy5LwscvLKbEysdkDywyFg1rBQHb4EVQF9F8BQF3GG,syncspace
EGyqLHDeyDZAuTPrFYGYbAStMWUcHXyvPceDiPHTq4h5,Eu9sCq4czoMULUtBWoMLuL3huFAM5dprSUmzsQUTS6Sp,syncspace
EGmX8VYGSeET7AWuEhqwkgWrj1AZt63ND4BVNdVAiGv4,BUqSM9jHhPmZ6c48fy3zo6j5upRLj7wzqB4GPdoQxWqB,
EGfUDMW1yVrGtQTRqGrdPs33W2rPVNQqT8yUyRffRc8v,CuSyhNRm6CBQF3SwYnsfLXeU6yKEFQ6KyMdNFZoLKBQh,
EGXKbqN7PRQ74ytB3WFtdsA2T7RjmHQFkow9zpFy2Y13,G5HQvkJvzEY5sPrzSK9ChKJnnrY46wZmLjeVZZpP3d6A,
EGJQFxhMSBBckMefHjBjEL794MKP38QNRyx1Es6nuc5c,Hq23RE564UaA9WNxMmT9Rtpr8RFUwaYoh6XrGnkMoUAc,syncspace
EGEA85q1GGp92xLXKv2QoEW8K11mkL1GJqi7KSDHtFEf,FHbVUUSthmyFC1vt87pVcN51GSirxy2NAu2P3cQvUs5E,syncspace
EGBaPooKPtgHUKNMjB3FcZGSVUAbGFEWhkNiiQQm2Vv9,5kZpFb736ToFzgxki4gFt8nWTBjmMetAL67bAJVd6uz2,syncspace
EG9mcRgZK5gXrdf2sXKtNiirSgCyMcVeb6i7oSh25tMt,2TAxKYzuDZtaZ45k5YfDDEFtzstdRDTuq8hZB9P4oWsL,syncspace
EFz8fXjBE1SKbta51gmzYrK69Yw9FHFauRXnCwovsiJ6,5sWsediccJMsGTayzXtKWKkAaYLN17KBa78otHRrFV2x,syncspace
EFx9Rb4J99fM213pzPK6F67YKkDuGcMvUayVvEEaXEGv,25TqXN4ToREvj3CVYJcTP1MWbbi9Dd7uUeQ7uTW7pmnU,syncspace
EFvshZGvex7JbRPH611c5VvhC1UMfZoegDhBSFU8APNt,ATk9xMnm7xVFf4emJxtxoy21AtvmA4mrqNgW1BR5UQpB,
EFjzj6ioCf8bEEc7RwQ7u7mjQ9UjenE5A6YrVAb6yMui,3Ns9Fv6yxsgcJBp9iUpjpudSAzYNXJLjvBLiQ9eMvSS5,
EFajrpmQPQTTRBbkwqPKPP3PPJzuuYS7rwWb6sEPmxdd,5k15YfLg5TmTeVUAuxpQgK4r3Dzuu9ce6RwmKUdtDXYH,syncspace
EFEHBobVTj2wHixtZ2FLzpt9Qrt3dufmpV7pqxgah9Gf,4eVcByLcXGavuwEBzJuyPGH6mUzrJr4u6kcdhy6ZJEno,
EFDnoLmcNNiJMQjk8z9jDVpXPxXNifHHZSBUfLC6sqRm,HTX9BkwYdwmH3xPVAyaiVC8pVusCp4gDWTqwLwzCM1bx,syncspace
EFCMiyvg1ZtF7NGW8Q9ZSFPtYGjJDwgMid4XUEPeHxAh,FXMcgZ6DBjiEkwc2T47iAyCmKQocWuDfkURntMkQs25,syncspace
EF4Mqxe17WZqN2UiiqTiZMEmCM3pmYF2XXUGpjDb6nBG,cKSNHiGZ1aEGXLvGBziVa9BupFR3eH3q5XmefzchKHR,
EExxkQXRu9SdrnYHwJxiqNLxsXDECPRnmNUA9rrDtSTc,GJ26FrxxtTwyAAXk3mVyiQmcKzrF1AmYo6xLhhLqcNwY,
EEmZ2b6WuuGLPG5jMbW6UsJ3bUsz6HzNsyxLPawYi3tQ,5ALm63hG9ktT51AzeVj18PdMoCh5nWTCoNnp2ThGe4ua,syncspace
EEfKq6kNApTYHf1sADWX523rZHEULZR8RLYc8dsDkqCc,GRs8f6riBeez3P4pmPGFJtMeddcxzmnVRXMs6BEgoXD2,listed:magic-eden
EEGWFTLXAvenPmC7CfozLNRGEXx55EKNL53tCNaWnfys,3d5Rnaf7jbEpMKhGQFApFnj9irm5nvD8m4nYbX5dkBco,
EDqrm2m8ft7BULetu9rsxUrqakkAm9Zpwh5MSx6C5KUM,aumuHzMdUFiFCvJ7kk1djU4CViSzxJk3FjXTXgvdNZn,
EDmwqKafzWwCagkhm2uN2bgUezube16advT1gKLYquj3,E67mWq3CTTdfCb34QQZRWAT6xTG6JSauaupdmt1ftXh6,
EDgmPnXgmkX9ELSCXoGVCkvzJsMZhaxNmehovKT4R31X,CtWmShhjxjCfKHzkupWro7gcMpTw6paCAVAvLmW5JnbH,
EDPGtBbbS15LsS4MPkpip2bDzvLBmTiFoFJoCEDSGgR4,6pYeyCyJA5v3AejjpJtHBtiMoUt8bMmNApCRkQXcB21e,syncspace
EDLD5XFHA1d6jGEy1XKfgyhTvitV2PnjGUyEJ1XRa7EH,4n4Sa2oyfeWocxcZZ9dgeMmujEosHCd5RZZEe6Tz5sYK,listed:magic-eden
EDFSsYGAuhkrs9CfPiZ3TjaNxahkuMLjcW3DdL3GcvBe,93PQuLZzpTCFf2VQdibMQyzBuuYeSg2YYNjxQ4JnVHME,
EDESTEJJHAH2yoUaPbC5LvpMnMZHD9mz8s9Ux89Euvm2,53b82RNJVTyoKCRuy7zpmJEMBn94XAxSzHYF2VJahQ6B,
ED8JFD5ZgagJjpco8BhRadBQDxkq8kTtwzRDnDft8Y35,25TqXN4ToREvj3CVYJcTP1MWbbi9Dd7uUeQ7uTW7pmnU,syncspace
ED3KeW3REBWBUyKqhdK8zjMxPWtZ3YNF7XnKTphijv1v,GNAukYQFieUryRnf1TPrEVXRwJ4NAXeWzhLAgBmv5Yjr,
ED24HPLYvnZP9qk8SNzn2rdYAf8d29FdUgDeZDj1yyV9,HhcMjf1dg8ysC1AS7m84AccQEoXAsMuumnG41pt6vd87,syncspace
ECoFZndkNMbobMnAYNFGAwrX2XZC8yMCZy4TBk1w6JB9,AacS11e55RboHMgWtHG8YAKZ8my4rr2zgJXLUedW6yDx,syncspace
ECkEQmJLo9RykiN5KESxnmcT1HYckHAxfmwac5mEU1co,Eu9sCq4czoMULUtBWoMLuL3huFAM5dprSUmzsQUTS6Sp,syncspace
ECUc2mqb7FeZPAjTKw4jds5Bp2bDsxa1CT5mskUkWRKr,EtmF4zyoB9ycVeB1mBdEAS2tqaa2bibiHHeWkmjzRQDU,
ECTTkmU1dtVRniv34PuyqKbLRz7FW4zWJEMAj7Fe9VJe,DTA1AMuEiqKyzDFxoR2BGJtxL966UmH2vro3ryJsdogZ,syncspace
ECHAAPaWnExaMXA4wcSj34XqMssd8j4j9x3TWXAchLEn,FRnFVoakjCChVX5DSSfoyKtTqod36uQyB7deXqNB7XYG,
ECBwCCDSCrz4fLvgmPXAHNLNsPrxnD2F2AyuwdT4Eo5j,aumuHzMdUFiFCvJ7kk1djU4CViSzxJk3FjXTXgvdNZn,
EBykTP529wtwJdjRyMmmmWqnDDHsFFdwNCduxiWYFFKZ,4yBTZgH6pjY2CYzc46oBNszB3zFg1F7wFHKFUQQXwt3d,
EBuRHe6Uq2RZEtJH6MDmAyTyEWgdxWtJazvMaJFZ8koy,D6BoJ1wfWkBNFSBQUXQ3Fn4G1smQVCqpDB3EiAieKwMh,
EBoaQS51TPLJmcFPz3subsgDxRbqs79HfD5ngDHg824d,6pYeyCyJA5v3AejjpJtHBtiMoUt8bMmNApCRkQXcB21e,syncspace
EBku7VTT7ggGpHyKKFpaSqPWRBYT6n8prbXT8YEBhq51,CuSyhNRm6CBQF3SwYnsfLXeU6yKEFQ6KyMdNFZoLKBQh,
EBhZTB8JdCoUi7aVkGe3fU3VebFbZt4zbpqzU2nJqPoW,Hq23RE564UaA9WNxMmT9Rtpr8RFUwaYoh6XrGnkMoUAc,syncspace
EBLoZ2xaZYbxMQjQ79afZLRkHrbWP5jvg4hAc6UhyTAo,AjuPKZEcVHE6JFwN7j9bk6ySicZXjbfdB5vCH87xqtnL,
EBHxQ1eLuz3pBCbjJKFkaQFAGEQj6VjT2LbMYcyvm6NK,EoJvX3mME4NjUewHLKZ329w9ixsdi1iwDBM2RCTgrYbj,syncspace
EBF6greHNNtB67VTTjaQLfSspxTeGiAxDN44DMspyZtU,7iGCFYLUJczcHwpUnCCK5QFBCvYwznnj82RoYQQnWu6d,
EB7tzjRoH4PBAuc843Wgam32Vx9sdnSLVtsLGCU1UhbV,CqA42zXaf5zXk7EW7jtCLfL2uH1efuB9GtTfjfJ2hzoq,
EB4pqsm3avgRXYY33VU2vCtF3VWFewmcLCmWuBSwagg6,Hw6VSxwAW5xhVYq3n38mBA9e9G9Wgf2zDXed6AGby47d,
EAxCkTB1T9BbzfP3JtXdkeCRciBLbkpzP1moGTMV7yA1,JBM32PqezW5yoUtYWF7KpoA2gTF84DEZtPMWy15Ykdb5,
EAi4E4RAtLttgKayJjt3Bb86WhFQ6hGhTdQDcQw6SuQw,DnkxUHYP9TTqNkEEjsz35VvZ3FfUg9tLEVicdBjmRMxk,syncspace
EAS5BK4eLjy7nu7wCXkQzH3wy7r9RJxUvwC4nqbco5Ch,D8iwNWsfRkg6oNy7AyTevRxNPGUKZZ2oixoqLiinSSor,
EAKReFNduRjpmyajg5vHWbKSLYM3YUKQwdGNSX8tus6U,5xxCAvwLKWP2UevbFjSnqgM1PmGBpQSRAAGaPWJr18Xy,
EAFqi15RwZrqYyzipwrRqBZPRQYifLtiqaa1fxcubJ1d,GyWvCiMAJxxQYhnZRDS1tYSYKcL7MFKoqP5NvLKK9kig,syncspace
EABuoiNcEkMMnhNXsg1DvjqG9a6V2mUzU7gs6e18SkkF,2sw6zoXbTeJzSpf1KVonwPUqtmPuWw7jYH2MUNW625se,
EA9KqrCnEn7tkDScaufFp2sBd4T5fJUpxoykn2cuv1k1,Fa8TzVCkeQd7ZMcGNZEvC3kvSKtxMymdv1gCVZoPexuW,
E9wYkTUiuXMv4S7FVty1Rua1oJNWvW3imANQRboZQZ2b,6YurbRgkHJ9PzsfoTuqphvWcLMLEG5LA65Mh28G3k8Kh,syncspace
E9tmHx3avcxJx6XkBiNbGk9Eieu7AYB6emKDRhW1TCqN,CvcP7RVR3kQNBdCUFbwZTs1gygqsKFjsmfR7ZvWY4G4A,
E9t61hBsqm1dagzM6PrMpmA9DawkfreBKK29fYN3oKyY,6hyoaHwyNjeCCEpYDCxqaGtbkqp1dXAKE7xdS4Xx2vQ6,
E9qGmzxzxDbdrbQPrF27uBdV6uNggYVNHWaVufgyQzCU,DFCsk3eC8c4VLMSqzzBNBwPsb3jHh562GnnMwY3jRsck,
E9p8yMs9c2qBdRwPBsXAiBMziJ5EUYSbPbgVz6NVuVXR,E5ETMpSXjxXVm8TXPrEdTuP7hrXQSdXN9e3HHkNJ9UaE,
E9iLA2AWx49xg5vGJDCHLgnHUgsMBX9gRcSWYbLTNjMk,8eJUrzZnVgcrQVwYr48e9JqHZX6TRbE8WY4nzhBEmbW9,syncspace
E9hMz8QywZvQbRuqRnqABGUFW94fqHqrkDdcwT7QqDM1,HmLGPuGe8dTv6ZrGP8jfY5cqkzPvZFobhwRoDt6EBwTy,
E9emmJfNzpGZvZNvRSSX87k4Y18vRcwmk2GqWdVgnuVf,CGsgkDyQDQea6Em2aTMHAcVntqphGzN9wdSEUcApphPv,
E9bEUaWuatfVBv3nngVJTKYZh98LTEAaiRn8mB9BcNJn,DJPf7edEb9ZC1WoP8TXuCn9CcMfZskxvwE468wt2GmG2,
E9EWwJUXNogobupHEpZ7qx1WZBvAsgNV6jicXzKpfBW3,JBrPQjPmrZHjBQvfJob5TataPoT921Fi2Md2RbRUV4zq,
E8rG3is96YVWey53MdA2Tunimoa3XZsZtyMqaHqjhtKD,88gNHWScPbq75QunYtRi84YqvKwJZ1cjmqrF7chp8VXo,syncspace
E8oL3GCVtzBWxZso1bRw79x1LKpzYmUvbAgX5mAc6tJW,68HjqMtxqVu1GtFHBJL2LT8F7hdbjW1NX6XKB12Z8iEy,
E8Vh73hSLywMeP8UPX98EzXXUETFNbCvEkRKZ252bEdf,GbTFfeRnNVnuQ5RbBJxedsCYJE9UVedVM43vhRG8HdoL,
E8UeQwHiAji1s7vj1wpAxC4tGV8bjGSVcmKoUbVhuf9W,CgYY1k1Jhm6WuxvrsuJVuPa5kzEun6vUDcB4PmeaQNXP,
E8Cn63GUiZtnHTB2p15ZjNy9mu6Nkgp5dwpv1q5YPBgh,FHbVUUSthmyFC1vt87pVcN51GSirxy2NAu2P3cQvUs5E,syncspace
E7zeuVDtoWoNUaeUyNP8PZxJzD4kxFhvcpWejRtfrVgE,2inSYP8z3VFmQtGSD7LSxb99EBifaYxEpoH3bPpduzye,listed:tensor
E7xu9aQ32RBirxUJT75eJknJbpGRg4gsfTdQyQytx1UZ,i1bq7CVWTePL73CwYCL3AV6a1C6n5fg9Dqjp6SgTJJP,syncspace
E7kTcVTzSTtxPLY6qZjncoLf4ouESw43wLVouFRJEtXv,autfyCR5psTc85smVAcGQajFT4TC8xxPPH1wvJu2Grr,
E7Yg6x77jTTuS4eLSWMtQhjeWm78zNcGCC9PS93cRMjE,BZWbW52vYzDHRNYHSPQ78WcHtZovHzRSa43XY8rtJHF1,syncspace
E7W1Y5Pj3sxdrwqN9nAUSKoSJ7wMRHhzTZtAr9uW3wQV,88gNHWScPbq75QunYtRi84YqvKwJZ1cjmqrF7chp8VXo,syncspace
E7RG29rqDiEeMknb5Aq9Fk7Zotcn96UkZD1JJV2aShTD,7oAZZNEhfL3iS6M45xvHnta16DDPm63L5Qk3fTjYjXEC,
E7Gjhv4DBG9XS7mGh4vh4CqCCT2et2ddb8jBovs2kPnw,9GFaGfW95MTJ8Vzjbq3yPivjimBbpVhCkfz1z3rueRt,
E76T9uraKDmup58c5Mr8uy6sYa3hsZ5QG6j1DWyyhUBR,8eEXykvJZUhLKDv3Wg83i7vbVCDYxAdny6aYNJcWqXk3,
E71PQvc9HXwmsopzvFgbpL6kuJVN7QMPGicWZCAYKBaf,aumuHzMdUFiFCvJ7kk1djU4CViSzxJk3FjXTXgvdNZn,
E6xTW5ieAEa7Dh3RvtfEVHwe2aob92EvdGdaLV9P9hUL,9wkuZTdN8Gj9aL4PLbkasPRMnCsmha8rrezZwaRJrDs8,
E6tq7JaTozrqdiiyXv6f8YwctXXufgDYWQGE2H5UWvAP,3DCcx51VVMzwx2a159uCvuNHn6z357fyb3NbhU1hiuP9,syncspace
E6XWd3W3zYLcUYga4Pgc1DR44AqiBtjPMB9mfgXHGFZB,2pgEg88hTKTHkgt8boHHS9FfMpdekYqDHYK75fXVuveA,syncspace
E6LYteGnw2jJmKL8LZVentrHFZF2K91W52TuFev7j6o7,5Ncyw8po9hkp6KiFmw6wwPJ43t2jFe5AJv48X8QvoCEF,
E6KmtarpSTPNJwzTYQ4kQs2fpfVJyGHSGtU8i44cnrjz,6BmnZ6VG8WX2QXzBasVEXqgXPutzxvwvHpUMg21Cpz5h,
E5qiUEkJkCFdVcdBNZZajxb33LChi8ij5ahu69RMDaiW,88gNHWScPbq75QunYtRi84YqvKwJZ1cjmqrF7chp8VXo,syncspace
E5q4no97y9jxPAsnehvpwfqHDnDC86HH3WiejbSkJgW1,FCqUyUrLt3sxHeCmRMUBdXgGJSuee7Go6K1HSVBBJaDP,syncspace
E5nxXZJ58spY3UcLn89yNT693i11ktiNZTGgRF56YUom,EjUGrzEwiqD25nnF2expBVL78oL2jQrzeM1knh3Wejoq,syncspace
E5k7uJsT2Wq6Q7WfYCoHWAgUj4sLHjzck2eB8YuiYSeo,72gkJscUw7WYK4H6sevY4qXERi9Zn9FmLWZiZbqmW2i9,syncspace
E5idauXo9eMfcPxachaqc6o6JcfiPu9TLpSZnhJcqA6C,C9rjNLHQG6sWGZH3wjQpjeqbzdg8KrDy2FQcpjXz9HxS,syncspace
E5Wh6XrLrBAoLSmNTsm4ZbzACuzgwV7CfpE47G7rQkXf,5brRxM8vFEiTHrVdTKHT872fyHUSsrvqFgoksbMTULCS,
E5UZTWY8T8kVEN5soPA9cXtdpFBvkQwthv7X1iin9XBX,Bx75xahYNSW9G14EnjKntV1KnBWV7qWEgDneFZqWbHxn,
E5QgytxeXFvYt4iaCkVyMsRXQsk2JvJb4PhuLwTzjVqP,BdxhaabshYoKXbAXE5e36LrfzNjzaesSq5cNJ7A9PpUU,syncspace
E5QLAFA48UohN5tFnSRkRPSj16yAyobvccgTHgsuQsNp,Ah2b23Zzx9yzBUbZ9D9BTpReJU6gaTnH8an7bRb9t6cH,
E5Nou6UXPQjJAxatc7jQ1LTQXYEWCqD3HDZg9uVnAAcD,DRUwiG2we5diuWst7QA28iRyrt72Zvu2uv99Gx4mkAmL,syncspace
E5NNM48iEoFn76qzKbQT6Hf2ufDryFFfkJpdLSsehcJ5,6PHKHW2bU3n44RCd23NZJRJHDdYxsLNWPtqVZffmEgT5,
E53KatyTR1f8GCXC2ECoproemiQofV55KS62VxG7Fm9n,3MmUSy6ivvthYYkbX7nn9T9bLiZZa5UonYGhjZvuDrk5,
E4zv82dQpuuqDWD7u1dd3QR8JxU2yhABBjWN3E6udabz,6ZV8Z9J4LC6uU4K6RqSBij9uF35vfdWwzJoH8AdDQX2J,syncspace
E4wgAe5q8HvupAYUDuD6qRfdJGGoZpB1RS3ePG5vbmck,5k15YfLg5TmTeVUAuxpQgK4r3Dzuu9ce6RwmKUdtDXYH,syncspace
E4pm4yAswp8wp7DXWdwJDWc6XgsqQu7MFMpnmxZv1qML,7DZwqAmSkZ5JgxMZ7ZeiAbMTXRXk4dfLS9FViQ7LeREY,
E4pTdRRyYfz2iQa2jim9GR9DZK6xxg6PijzTcVeMubJL,Hq23RE564UaA9WNxMmT9Rtpr8RFUwaYoh6XrGnkMoUAc,syncspace
E4jC4Cb7hsZ4BSJBfM8MbLEHQC8w3dK9em9BCyK9yKJf,DZPoYU3v6N399EPxyxLY49eu3gXt73WzmYNLsHrxTsZ2,
E4hoX8hrRqUbQ7sSg8fP6B1TrtQmwq1YqZwXEtf82Ugz,FY9NAS62iqRVkjSwzbWkSLammaLLa7WMduHkKd7oc6Te,syncspace
E4Rhokfvhnrzq6y11MGCjLgA46TqKc6VBw9a7vNKJ5r6,AwcbpyGPiNdPrtoBd8UpyLNF5EaszrhXoKqcqqDoHYp6,syncspace
E4HhBoq3bJczhbJgndJJvfeCprW6QHxfFKSySpza8RZ7,auryHMdwKGnjU4ZBjtacvARm8DcAVgEzYDzzJvVFfE8,
E4FbLmbo2EZWjXb86rfW4AQwzqmP1biMzCx3vLyPskUD,3ijwbSGhaDDU5jusKYU8dbm7GW8Y8SjQ43xjxrPGgY6H,syncspace
E4AM4Fz9nxte45pHiGutHstsHBrmRrUgRppteNKfQLNj,4U7tf3ChxC8mr3KHWnkV2bE2ogBJK6q8LHLvU1F9BhKa,
E48GwRj6FAMYPWSHd5oHubJioDhtHCHDjVqKvMXWtSRL,AEaMxfnmSPNGCfvG26r7gbKiPVcBWdqoVth2AuYyLbry,syncspace
E41SREm3fkGuRXuJ6wvkZRKj65wVQXrPXN35xfay2sVs,6LnH18SQsNqVN9BY76zCsNP8ur5XVQtKgb2t2iq9aZfs,syncspace
E3tm5f2AgE3uWaop4FjAeJJwqeMb5KVoTHJaz8gNHbfs,CSwLsrTDoZHvS7cAZyMHRsjv17xmCHJs5Tp4Q9FLwW8Z,
E3Yo2UohkEHQ2TPzZYT3vd6Dn1Y6x8Q5qKQj5Z2fuWJo,FjB5AZvVtHJmnnUtk2WUPQ8gQeJWQ1nE31gsDAcJESkh,syncspace
E3N5F6cQhPhP1LYknwPoaDTfodQeCRmdq5GtSo8UXDzf,8hYxFkcGgeBN32atnLymRkEGP3uMYMz7tsZRWU1yezJg,
E3DoCDCmoYdr15cF29xkxo16WPda1a71uSdbYXM9j6ki,FTSmU61NghmTBRkCCKeigRt5v2xv85eXtLRM3WDnYWqk,
E3DGEFh2as4RAtNTRT3fRiGYD1g7mFdwTF6dBV5hoYLS,HxHF3LQ65CJVTcri2cztiftM3KcXuDCfXgNmpWvvd2gg,syncspace
E3BpvWCWsZ2Fx3FuGRFvEaGyGBdco1aQ8jhUKS9V9exa,DHNHnQowiCFmX8MeL9kzuqPM4MLjSDnhCRRaFtVx6wfV,syncspace
E35HqTbaMeHzmkSy8Z6w7crUcVFZWT56f6gbCHr6LrcQ,CqA42zXaf5zXk7EW7jtCLfL2uH1efuB9GtTfjfJ2hzoq,
E2yaSuJRrerY4qYwRAv9pZa2ByjwSUWhWb1eRAXrnFgH,6pH962pJ69zi5hPifRFFUUYmBVEiBTCoh2AtFUgUn8uw,
E2yW7oz9DRER1vB2SAN2JZQ43ZkCD9mXbQc6dSwVaC4T,BxMJyY1EsNoWuPgfR3NEDZ8xxhYpn2eSERgWUjxcoztu,syncspace
E2rC3busDxZbHTtAFTdbS9kr4fydi4dnmnQFnzUh1w5k,GUfHRH8AHiSUHVjNnVFqqsZ6Czmdm2hcebLHZqJJUoSA,syncspace
E2m8n7peXZDS1yuWkrRWgJeAXmVED23PZxj9CuswYA1e,6WYCNNHqfo72n3MQWHXyT6hxyj225yhiKwtDQ99NTz2c,
E2f4WH6kXqwWU7JXRgVtYRsE9sQKUS71xF4CVzGxWmcG,4ZxX6Lf5y8NNSXf5pfNsjQVbvXnK5QCMRk9R7u5JLRXL,
E2eqQwP6R9XNN1Wc1NtFUYJHLv5BDnMimK97CGtXVatB,36kaQu8iZ3VzMetTH3wf1rdUrJqisVQHEqNWNspvb5Wh,
E2ZXHUNkZJXJ6vFuQZWqpvazHaEKNPU1ESD7tQynTLHY,EUfnseqXbiPMhQNUshEcvzoyeRNunUuNw5KQZwjHkYu4,
E2Mswtw3trhiUHxn39Do5P4a2hhUTA2UgJPkdRjScCbY,E2Jb9yEJb3QqKKewrgejaT2fVG7xwyjaeFt2dc1ufyaX,
E2JnRJxDdMoHJ8jGEYANT17vnWZpWXmGxC6e552ehfGN,4eVcByLcXGavuwEBzJuyPGH6mUzrJr4u6kcdhy6ZJEno,
E2AKDEk5MaBkWRFRNFv3wgfXMydBK7rTqLST2m74e7fk,HFPaT6WKk9SkwtYVZ5m5Sqw7ZbyehGu9GHjsctigm49S,
E25SSBn1Arez427CzQsLeDHmr9jJJ7dGQXxcB6St3jTZ,CtyBYvDMWDq6xSr68Bg4TZCSkWwH4QdSZ7duoSkAj6jR,syncspace
E1o3Dt5SvAKqznciy7r3SXEQ88fL77jJB1yjutrFHzuy,Bnf97CQ785xnSxHsSWypXR7iUZaBQGmm9PzxSDGQam3z,
E1nPy81eCSw5JpaYGiGPAvsCekDAhNaY7kA6Z1ySqcCA,EtmF4zyoB9ycVeB1mBdEAS2tqaa2bibiHHeWkmjzRQDU,
E1icxrZyBUgk1oJR9k424aTXrvDwzAwhJxw1Wh2YfCeT,8NGWUn24LPkjyAGGHPcN5ZyyKuQmQSYARXH29Cb9633K,syncspace
E1iVpyEcjZeXF8jWMGFkNN9zbf4Zc3mAa3fkViuvAdNr,BYYTtNNHXotQ4VcdhJz9jq7GGLH7S6RiMc1ofX5UFKtf,
E1gaLwkdrpbA2DaFuA2PKHfp4dFXnp4yB9H8YUEe7JV6,3U1kmVZknXX1Y6x6Yk4Mii3a5EL6iUbbw5x32M1z3P5q,
E1cxbpjAC3Re9anwnVNNj47uVPk526wsGkNamfWsgH3T,25TqXN4ToREvj3CVYJcTP1MWbbi9Dd7uUeQ7uTW7pmnU,syncspace
E1ZstULd424rwQVdhx1R8LtLitCwYXozFhgmGDALsWri,EN18q9EpNciE9vKZ3ZYGw5cBRJaQNx7mukqomoaky7f5,
E1Ny1Y7AoEaPkympbAgw2EfHqABDZKABwwo2aB6cLHZz,HzkbdLUSRvGWUFm1mEqdzt4jhyNoPsNQEtpLjfnMcwYn,
E17zofxi6ZYyyd3rCn5FEfV8tPxpD7xL4EhbDecHQLFm,83aiAHyRgBTKKQf6EKBUn6mwGR72K25qv43jbEdhoB8N,syncspace
E15TptcQm7pLAktCR9ZmmH6pU6TmUxf1Luz4FNyGYLAr,Hq23RE564UaA9WNxMmT9Rtpr8RFUwaYoh6XrGnkMoUAc,syncspace
E12EcM79NL1PyxABUxtgzcHHUepoWQiAKSfvcv2HKHUP,GL2QccW2K59m4KJgkrbr66gk1hUB6Mwir2S6MAEeDW1K,syncspace
DzwhUvtXuqoQn8EzyUbUeskMbHBoCi45x7FHE4UY8AuC,G43e2oSgeTEaxN3vc9iCKUg2AXaNhfs6KtRwoxgZ6qdP,
Dzh2qLjg4RLtNEQJ4rDoamx6zTWGywZH3k9TcKw45vW5,HTX9BkwYdwmH3xPVAyaiVC8pVusCp4gDWTqwLwzCM1bx,syncspace
DzVXDQENga6pawE7t96g218po6NFeWazBUDjBNr4NNSr,8jvw2TnAP5Mdsu4bVnyJpmAYZFQb3ZrDQYxrvkaQx7eG,
DzVVBfpkPTm7NRs2AZvCr7Q5LN27sEdbjFXKZWKxYC8L,25TqXN4ToREvj3CVYJcTP1MWbbi9Dd7uUeQ7uTW7pmnU,syncspace
DzU2eEQHQ19NsPaVoDhGSK9zg9FaPBAEN8H6iHp5fwGv,F1D7tezuHYt6qAwvdxLrV3Z1DBEpR8kCfHQSdpvUxBw4,
DzJBe8rp96RANwPa14NxHDTr6c6bEb9v8oTBKyWGap9q,FRnFVoakjCChVX5DSSfoyKtTqod36uQyB7deXqNB7XYG,
DzGXXrDBQqvr63CoFPGfi8JvTcukNAwJ8wE4nG619coX,G43e2oSgeTEaxN3vc9iCKUg2AXaNhfs6KtRwoxgZ6qdP,
DzCAZPjY7KdPeTjyPq9P7bmAKohBQfEsaEw7t9Tuhsqb,8mdWvYHTwRdFL1af5RzzoFmp7Z3tXqRXFZrSY5GJXC3Z,
DytmTZEgo98LMrwkCD7yNuSvtYEDSrR6CP1qtZ8iLTbX,E5ETMpSXjxXVm8TXPrEdTuP7hrXQSdXN9e3HHkNJ9UaE,
DyWUAR8EAJW9b8PvVDrkAsDRneoX4NDgEGKywSUX2zH6,Hq23RE564UaA9WNxMmT9Rtpr8RFUwaYoh6XrGnkMoUAc,syncspace
DyDDMBK84TsM3VN7pDhrqYFY6wek6XWSbbsccUoZTd4k,HFPaT6WKk9SkwtYVZ5m5Sqw7ZbyehGu9GHjsctigm49S,
Dy8V1EvWPrecsdppe7Gz7Bycujv6qUbnwTdQs75wM7oG,25TqXN4ToREvj3CVYJcTP1MWbbi9Dd7uUeQ7uTW7pmnU,syncspace
Dy7wjXA49RtvLhX9KmUpd3yafjWwKaMuBCstwZiiSzu6,CRGMcXKL9bNMmA5vhwV4Cm6H4Ry5f9BAqBhYHKvsszjj,
Dy759zTy4pHPXqtzUKZvB62YpbszKjvHufpeLi9EFCtp,CJBza4gwyo36DkjcGgbZxssMnzXqhR2LtXuoEib9CRAK,syncspace
Dy62f3aLtSg1ywf8amNP42L9m753hR7UT9HbDpnhF4VS,9cYSD5Mcer6dQyStYn5tcvYuHqDkpzaBercKqGwhUmqS,syncspace
Dy4K5xmnbGbDyu6W5J97jDsA7mQNxHjRn1Ye7LsnU7NC,5k15YfLg5TmTeVUAuxpQgK4r3Dzuu9ce6RwmKUdtDXYH,syncspace
Dxz9ooqLAK6FwvSQagCiwaVMD9X2h3UEGTiN7gUMunwE,CQTTmKFSM8injf1sd2uGLKN9wHDKLYZnts9RZLyVdcmZ,
DxxrHvUY4BmrvJBxPYbid6vzf7RyBk2KbTNDZdCXJ2Wz,5sWsediccJMsGTayzXtKWKkAaYLN17KBa78otHRrFV2x,syncspace
DxPRtybn1dCC5kXA1Uhx5GZkUszWuRNSVVAgtbUfVK3q,Fa8TzVCkeQd7ZMcGNZEvC3kvSKtxMymdv1gCVZoPexuW,
DxFrbC719FUz2QeNFjJKjgXyVbWMgcGbppFmpR64Avgh,Fa8TzVCkeQd7ZMcGNZEvC3kvSKtxMymdv1gCVZoPexuW,
DxEYJXHcdy3WDqvPvQxQKVcmJW7DCDx3hpu8Ja23QoRB,ErQGqpqzSM7KVQDEgf9hayxK5jKr8SGkDfQytS8AqtYD,
Dx6XV17ABoLrpofM9rJP36WHcckxBCFZRqgMaJZyokEq,aumuHzMdUFiFCvJ7kk1djU4CViSzxJk3FjXTXgvdNZn,listed:magic-eden
Dx1HW7yGKrXFjgaHJoPGLKpCoJ7RuuFNBWmLCLefJnYJ,7JRGH6YeBWK1Pb7KXxS4WF1JrHqP7VmRD5u6HC18nHVj,
Dwa2wJKNj3toFQ6eZ6CiPkUEWwRKk8ziqTWyZ3DVfsFt,D6AqXxn17fBsHDsAhZCaGS6jvWhc8uetMM8JS7k7Fyx5,syncspace
DwSBWCW1jqBwT1uZovEsqnHt3UL7CfZzA8napwEnQp6x,BbZboGu9FjZ3LDzbLhnAG2icm8EoVn4ABWhpaJMZQVUp,
DwHwoyX5LrANZrRMbxrqfQ7FJWpbFwst8Dra4kja2FS2,auryHMdwKGnjU4ZBjtacvARm8DcAVgEzYDzzJvVFfE8,
DvzrV9CaY8bwtFFzUwtNQUB5SjpVoAZKGHBGYsa5RFZC,8NGWUn24LPkjyAGGHPcN5ZyyKuQmQSYARXH29Cb9633K,syncspace
DvzH3oerE19UKHFSUMX2XKujR117YxJ9fV9JD3iZER6U,8eJUrzZnVgcrQVwYr48e9JqHZX6TRbE8WY4nzhBEmbW9,syncspace
DvyvE81wxX7wLTzWb9ePJu2foJwHNyfDkGH22XU6rNW9,3ndxgNBPWBb3NS4Tfuwq3PPsL3ffBgnfAxCHi76UZaca,
Dvy5i36ggabo2gbVSFHSgvDDy3DZhTPAX4Bxy6x1UY4Z,Fa8TzVCkeQd7ZMcGNZEvC3kvSKtxMymdv1gCVZoPexuW,
DvxsFEqVDfQHaaoW7d8CrBfz1F3xmu42Z3gRFM349iex,Gw6kRNVorjt9HFFeNAKaXjtJqXGiV8jr761zHpqp8bhi,
Dvx4QVLCtbL1iPUqYCrcVqqC4eSL4NmLYHqDA2E9nYvP,Dav6suLg6CwdTMqn1ZYCsJfpbeUgFqKcG6AeY3th2LrV,
Dvq9ea1pcmpx1NbuWbVdwAzoesDt3sQzvDyUfo22pMvN,2FsQJELBKsjgcHmdkvMNZLnNDajepB2WhyJoboi6Yq7f,syncspace
DvnkeKTRtrqotDwrJ6HiYoqQ19g4u21ZPdVTwwSLowKY,RPcgNB4iAzEQHcuEGzzo1hCegEpqhj3GNqJmVY22EYf,syncspace
DvbAp7QyJa6XksKjDDACRSHpParrcDnvrdh2Tow7o3Qf,9RuZzjKmpb8wkPR3uXQXN2fn6VtifZER6uyfA2Gg2v51,
DvTr8Tr1h6gMWwndTER4tpTw1yc2yfqCxyCA8AcMcZb2,CuSyhNRm6CBQF3SwYnsfLXeU6yKEFQ6KyMdNFZoLKBQh,
DvQv7s7Xe6NHXS9upiEniAskhw1rEj59wQCuW8wR4PQW,HowDFTx6A3Y7FMD4SEBbUKpQYLSfRVYAq9vBmwcN74VQ,
DvQGZPBPdpBTQ4yhUVRpCRsu1tB9U41QLqzFvZD4V4Kt,BjR4LG5QHWj2xANw8MP3kNoAwA4DFq1HJLw1BSG5Z42e,
DvPdaFVZ2Ui9FvrV9qoMHSpkNqkJXBxPSYsCSxrdiDYk,4U7tf3ChxC8mr3KHWnkV2bE2ogBJK6q8LHLvU1F9BhKa,
DvEkcLCVxC2QthLW7EtXghTxzowRGYA2uoJUgtTD4Dji,CA5BUDXpJwtXKYEjwCqjKiU5c9qNkj3eARmeoSPtJ6jC,syncspace
Dv9w5nFAnULXERSKLkqP3m9KhEi1VBmRf7LuXRQPSNPw,HqzgZLN8ZDCSktD2AA4HupDmucB4XwSYmXpGLTjAkkyh,
Dv9Krz482gTkbdhvu6YRb46oLspx7ZdLqchYdkd8U1Wr,2duw5hZtvnjK9qTrSfnuQChmfq7gpTLeNpyufXhrCqey,
Dudadsi55hz1nFs6yUrouXgKHSiRT35LMUhx8jX71qEn,BjxajJioCnfW5KwnpA5z7rSZgK9aN6MJWCo9umUHzGQ3,
DudFD3Jnj6xCADEn9wkCTUriDkeyHW4PgivKs9WN7qRt,6BmnZ6VG8WX2QXzBasVEXqgXPutzxvwvHpUMg21Cpz5h,syncspace
DucZ8CmAfVHqcVDE2XbFYv3cX3XFrYHFDXK1uVPGQSwH,5wceam6f3i2PNykKQkomeord2dhxsmyTEaEFxVLVaegM,syncspace
DuW28z36QN5jMufmKjSa7vBvqn5YaEWrTgycvYk2PTEL,31eRiZB4W13kDqSrnaZPJAsa5g2XCHjqn4MUMmcEmqSQ,
DuUKDgUFmCTh7vt5cnHGbhaAPicrKUKwtGZQP8o7p6oD,FbfW8kD1ccWjoAznRZ6GrSUesv7PzjREg7M3VZKgXV4,
DuTxW2s66N2dssvoytCFDKT8yvbG4SmuQVPGLmUgqo8z,7v7Z1W3mtJZ5E3FHiozLe7dLs6VMch3akQBkURUHqr5d,
DuLp7ybkPFjDsnAtwE3PHqDVcAPgWHD7xjCJu65jenjq,Ge4TZf5EhyhucdZmzwAauzAAhGSadjzq4UKF3f34HXzu,syncspace
DuL4FLbYwBpRyTzCN4G6XCzfy9RAkfQfmAsjiDQdRAsY,5RAmsXZPXFEppuoYxLoKuFNZt2rZRU7ByCxdQxfhD8Kw,
DuJWpi6CQTcJCvnjWPusLfG862QJXaLisG35ogne5jzZ,7ZgirvYvJqKVo2gXVKgLSVYd7e7iZkJynMXV1C3ZoUsg,
DuFV3uxd1yM1RiXw6Up41jdvFY41P1nA5QNKMLkrinGQ,EgaDtfKo5PNGBv4UpT81ynnMbWgnHJoVXxdbMHkK2GXY,
DuDwLktXwpKu9bPP7gYYBWty96ntNFhrC1EaTxdC7Rpo,G43e2oSgeTEaxN3vc9iCKUg2AXaNhfs6KtRwoxgZ6qdP,
Du7aFdz2JpyE5wgvU5wndDMVPbVx8RtajUWYaAV22eWa,AiukDh7umb2arZ1wX9LGXYyHc7EtEDYm6ynxcBr5YbG7,syncspace
Du6sBTNx9TuAcA8dqpn4poYXcKGJicGKYEwTtic2ysxe,A7b5JoSpdLjBiC8mnUrXtKmWfxFv3gPgB2E1Ys2PgwB9,syncspace
Du4dhRWt5jPsNqD5L88pcWHEWUfsCsPeGmWQqW7Eu1AY,5GrZWomC5bM8ZJr5AGNMzH71LViKUMW6JbgauBJ9bKP6,
DtzK3CCR2zezuRDQrtfCNwJdE1QD12aPbLgvDMA7zv2n,4dnGyGswKqEweMQmgckUKPCXEPvCbve4ahzQp2fs5rpu,
DtsFhHLBtxQV3H9xdZ7UYgV4xApqa92uspUTBPCfFU5P,AxwRFGHeLT8FaDtMzWpdZDetzkvQDFEVRpbN3U8MyEgo,
DtoWLbUjLnfuTdwxcQXVbVVAbXspH86PS13bsp2kZqTQ,TAURKCJw8SX8nSbrz4BUaAFBfYTYiRVKY4NwxMNjVrX,
Dtkbv6BQf8emxXaH9B8zKfzicaPVok6TctgiB1h4xj4u,9tt8Hp2uzgmuv9fHSZDH299ytZGpqQuqA4arrksvpncJ,
DtgtxbAUe7hk2GQHdqg6ALchmKhqfv9Jaq87EdLL1QF8,7QJ37MV2h5LVDGaQBtqpxqmV26PdgbDszKu24QybdRNd,
DtdURGWXBurKQEzLsHhSE2VgUWjwzeWBnk4RkrWsJ8hZ,AvMZZbrZ2ENhNE8pkDuMk6FgRzQM1sbLF8uBEAiYGkn1,
DtdRr9Z4P4NSnTb6MEkJcqfs22QF496uDcxAumo43CNJ,J5gD5d4SWAgrVzcubVCDne6En9K668ay2obtVmApenKp,
DtUkiGAk9U8AVZymYt2BrqNkY7PkSzpeCVA1mRdoHpBu,HTX9BkwYdwmH3xPVAyaiVC8pVusCp4gDWTqwLwzCM1bx,syncspace
DtUTPLsBtCED7CPcdVtRrqNd5jWPumtmn25dsZK7f8WZ,6ZV8Z9J4LC6uU4K6RqSBij9uF35vfdWwzJoH8AdDQX2J,syncspace
DtSrcpJiBF2HgpUZnnzbXzvJKGiimruQfKT3agUnW6f5,HL81qSsskotftWTbvYZW44MoEcZy4UrhBSaH2squjPQG,
DtNZnMFCEm6fzd372h56fsgjNsnDtV2D6c2nVCd1ctyK,autfyCR5psTc85smVAcGQajFT4TC8xxPPH1wvJu2Grr,
DtEwPFmCCyFCfahcUydkFgqG4uoMsHXpJ3PhpQ2EXMAk,6typVLwHVDBXJRDjuC3FqNAxNzc4ynWvcfv7PnmkGQgm,
DtEheS4R3nobKTURUDdn3sHxfHEB1oHU9Ta6HKay95PK,DFCsk3eC8c4VLMSqzzBNBwPsb3jHh562GnnMwY3jRsck,
Dt54WEsZzCV8aM3iXE8ZRhWaryVrAhCHJMqycvuAPwqn,HEUdcnYsFQs62NUFoY45s7kFe1GDCkvYzUXx1VZ8EV8c,
DsxU83c1PVEwzSxuwRHH2FNoDB2m9rofxEjEWFmiSC6b,DaXagnFkAeV1SFY5ekxnbPcZSpUwGPwTGLXuBZQ9dLEQ,syncspace
DsxEyB7ffi5RDzqdeD1r7QhDv35Jfs6scR9nrrrmKPHP,H2CAfKakYfFuT5oEZJwtAmgy8ihPncv62iMYmQXFG3Y2,
DsssmokBVr3iq4SvkhznvWkTtkrqCEj8Su4dd4eVQ4Lc,De6xFAFpLRmrwfBRFZGNsKQ9bSrmeENShx3Qm9YhikVX,syncspace
DsrG1qE3Fbw8xyQxXjPHUaU7FMTX43Bqnbqq8QwkUT2i,CqA42zXaf5zXk7EW7jtCLfL2uH1efuB9GtTfjfJ2hzoq,
DsfssjF6mPUWwY4D1U9EGyfnzvAQDGxbxERj35RAdf5q,93PQuLZzpTCFf2VQdibMQyzBuuYeSg2YYNjxQ4JnVHME,
DsQKe545JTe2Gp9AuPLSHL7kGja4UxtQwtLoNccZ9zLi,CanQmHtxkuSwKPcn7k6XYrZyEfRJ2heDXDwQTWvrzs1h,
DsGaPAp2ETcPqPZqopos8LJprUjMWkqjbuUiFqQjFNfQ,C1iFxxusECJH2ezQd5MmYC2EUShzTx8rEmxooD1HPK3u,syncspace
DsAB9xzxMNzWCM6CrBpJ3K1ZdvS8EhgHG5xzvgWkpY9c,8ApWN5hV2nJPELuJgD25hSv8dJf23TUPk8urQnn5dEe3,
Ds7HLKxM65RFUqV29cd6QFqcNc97hwBK74BJuUYp5R1Y,34BorMf5jSBP4a8VPSg94DF67iKzFDbY1UrPEHdXtoWJ,
Ds3TbQvaYvgvYHmLuozp2nLB2mcNJsAMsQqBqyc8wDCo,5k15YfLg5TmTeVUAuxpQgK4r3Dzuu9ce6RwmKUdtDXYH,syncspace
DrxCZMB6QCKHALGAJKs4QLBs1pUiiU2FeLv4h6UYbyxy,DnkxUHYP9TTqNkEEjsz35VvZ3FfUg9tLEVicdBjmRMxk,syncspace
DriDUfE1wwq3HfjMrv7pC7P87A4rqQaAbt7Ndzjh52oT,12Nwf8b3ngxHdY838aLpmNugf8CJQ11EFXPwL9afAnZD,listed:magic-eden
DreYVszVRFNWbFpFbxbUEw1HPGLmG8XzXzEBkLV6skSx,DvcY2B6vEsMUYi8Xt1aGLsuBpK5ELikJKYkKRMEKabiV,
DrcTvtLxCdWkiwc6EaykFaiM48GKWM39Cn55yjgNtGG4,autfyCR5psTc85smVAcGQajFT4TC8xxPPH1wvJu2Grr,listed:tensor
DrbJhDjQ55HQCYhpfWiWUTYExR2PiZ6YMhEbjrTL6LUc,HhMyvYJpJySbizho2zT211cxuVgSwPgJYJ8kAai87Be5,
DrTbWwtpy5mdZ4oQkV3qRydbTAMZt3VZ46n2BkPimwta,316YC9odp9dDyi3FwaAKoQVFBqGtCkMWqWBmMd3kLKn9,
DrM9dfTyaYJ45ASCBjizRmfnzHpWCJArL3UudoXyGUcB,54dpy55R7raGJ9JUBcnyzQfXFw28LbtwL36fHaHZmvt3,
Dr2Lm7SVbVxgxKpt1B9XrmDHkemqdQV33CZrgoDDitqU,25TqXN4ToREvj3CVYJcTP1MWbbi9Dd7uUeQ7uTW7pmnU,syncspace
Dqv6dLm6DuufJ8WtXqtCWUB2ee5jQxChboyinDFiJ6Gw,DtgFshyJnokqqPCSfUy3NZdwF1Dj3ZM6NUUE6DmksbiB,
DqtMB8ZGS4HK5RA8rY3nUcqzZA9ZaAYBh2TEaucd5q1A,8j3RkRcNeDvHSR6Znnx5gxBVyiakEy8Ewr2KEaR7JEoH,
DqjjmjATHDou6Too7SKxc7mccL7yCcvr3HCr6fiuTp4Z,J8vvh4RRtTWimBC8pzAtPH37Wgejo9YNpETgneeQi3M3,
Dqj7zMzrobeGGcppXGZfDaevUs4GG8c7PMFfaZNCTJqJ,GDykYDmmb5JHKQn7FZ47cuvgmZBTUqYeR84EXWGq4qfs,syncspace
DqfHohP4x4VUQjrxys2R9Baiud59uqCBWYepJzpHqKXT,5zEjV1JgQXarN4huJ6Rs2bGSBTtSxBeCB29EQX3C5Lrv,
DqRZaQSQpFxQY6RMph9hyzUwjofyu1ooec5w7pZKdUiJ,H2CAfKakYfFuT5oEZJwtAmgy8ihPncv62iMYmQXFG3Y2,
Dq61QqnxmTS3KMazxCxBmfpSTPodsn3KypxNq8ohPBe5,Fa8TzVCkeQd7ZMcGNZEvC3kvSKtxMymdv1gCVZoPexuW,
Dq33vgFX212Ywwtyirs1C9ZHqq2ojApSpgQS8ZgYU39Y,88gNHWScPbq75QunYtRi84YqvKwJZ1cjmqrF7chp8VXo,syncspace
DpoNWxVgcHcSJnde9YTwKjuCAW1QPoLcdnt6b3p8FG1H,5eh4Svgq7zaTg2mWNA99M2GMd3NfHfYViSoSCGLVUgcg,
DpYHkU1LzhdZan2xHkJwXsiwJbZ1bV1MbwqtAh5Dpoh3,CFXBfTZeybv3iGjQaymmAUMjUG4t2Lonc6QXN1GtnQKx,
DpUwxQ8fhk4NGnk8JDT7iYBgKXGpkCkLWote5RfsQbay,autfyCR5psTc85smVAcGQajFT4TC8xxPPH1wvJu2Grr,
DpSCkCZvKLrrM4TaUcW4rTRM34yVZP22NDgCsdGgzRmP,FSa3xAeBBcr6QRgLQ9WtQn4e24tNAEoxPnTicn5JtfY2,
DpFwRj7jn6XY3FdD1ieDx28JM578v2M1aDNuXbgB5QDA,7qTdPSmTmFnRoL2RqfJw7Z76PrXYLr3z38vxhHXJuoXz,syncspace
DpBVV5bqXGzV9MC6PHAmHTAG7DJumoDBAqYu91W7zrd6,auryHMdwKGnjU4ZBjtacvARm8DcAVgEzYDzzJvVFfE8,
Dp9aycRVJD7gvGZS8dXkQ94Y9QYbfadSaBaS5Gjz7azE,HBvKBYH8pT9HgvhEV4V7nASvAECaQUpKiaUiumKrJnF2,
DoxQMLJamkyufLcKGcyGWAYTi2rF11MLQbJhrzaBXqfF,5wceam6f3i2PNykKQkomeord2dhxsmyTEaEFxVLVaegM,syncspace
DoHbvqq1Rmm6Eu5Jhmrfmrj3jUgEogGYzjV3KqsTtVku,EAgS5q5X6jtmQjJVsdPnPsu5zj5AWjcSwfh9ZhiT9YVh,
DoG4XBrQT1UgViQdkSu54iUbUDx2HBBi5XwhSDd6V4g3,5mYGUmkLDzVyaWQt7w7sFmHYeeh3beH3a8YqmjV3wdnb,
DnxcNwUcZcMpogmKvSkBx7YWc4aJER2E9aVGfcKza3kn,6JP6yRoBPYWzhUwvDAq4yND6Aq2kUhPvn5ciLxkUiRzz,
DnrH9T8ATPseWZZZQ1WQUJ4d8qNyQJdJVE2uQHVGZSGt,7DnqWV1732auGkzfKgNxzcEHJfapX2GbwZ1w3aqoAN4z,
DncPpbTbBQKif7NGaHxQium2iN7UaZbjZg5L54w98X6U,rhdr8EM5kDgZXqLcXJqWXMU8YQMd3YoqFAkX14ak7Yf,
Dnamh2PPrxnmtJbNsYX9vKUMQNAb8v6aG3Dnf3Zb14B1,EnYqiB4AsV9dcihwCdcPrnE6fXZLNxYxfrzVG4CT2vR8,
DnaDPu2Wh4cPwcqZperGMefq1KHCoADQgz41mzp5SCHU,9qj66zMkDdUBFw4GaAwKBgyyLfYRt1Ax5nmQGjhV7Lya,
DnHXB8X9Cu2e2ioCEUP4WZux148gyMkTfeVcsRPRnGXd,2Hm3dbAYBCSdoYnofVYpLrzETTQt613bpaQ3SxnKxZQc,
DnEg1TWAoFDWMWC5oRaiARUPEQuawbUifyqGQSNSV6TB,ARbRdAEBm3jCGoBKeAmmnJJJ5UmKhx31b1HMK3G8DLYi,syncspace
DnDjydCohNb3BSJGw25xZLkQ3LnpAudrf9FZ7XGHZWA2,HTX9BkwYdwmH3xPVAyaiVC8pVusCp4gDWTqwLwzCM1bx,syncspace
Dn6M1fD1awR4t7zdHH9UtCmFdBFFTSVnjjqv5f38YYPg,HL81qSsskotftWTbvYZW44MoEcZy4UrhBSaH2squjPQG,
Dn5EXGZPT1n1MbPN3TgMLEv7RP7ySqNfHPCkr1Q1xs91,2yEw5qTq4LXZ3m2L9KFH3BBLzUvVEadyF3p5PwhhVGCf,
DmyQWBHuVxwgDkT4DjEpSAcmgmyab7xpNdAnsK47nhxh,3ZE4Z1nQVr4HBQNwwRKtMLZVQ6a1zadqtXmQZSpLb2fS,syncspace
Dmmfc5j948AP2bQcZdoBAazzKR4sAF9cd9Nw8tFBH3ho,3kcmGs8FS5imcEUuvPy25HVWj1SVMGvwrr1WCGiSBwVo,
DmkyHErfgjbbRb1nZVKaBLvYUqG5WqzbaaTWdvFbKcAm,FY9NAS62iqRVkjSwzbWkSLammaLLa7WMduHkKd7oc6Te,syncspace
DmPhAL7uYjVmXK8fHRCcn3W6mPVqTcopavA2X3Fp3d18,2eWkTF8tSBp2si8Z7LDgkswJZ1LNGi7DPU3NNjV1i3VJ,syncspace
DmKorBmK5vF8Fmk3TPFZGoXLVPYudixPCen2pu8PDXXL,CvcP7RVR3kQNBdCUFbwZTs1gygqsKFjsmfR7ZvWY4G4A,
DmFcvvNscCze4zGwuNZjQ3VH5HJBwURDGYtEdC8EJPLi,4qYWqy7eVddKcykU7XtpLUrKYdF8VtPobn6tUuqKhWtv,syncspace
DmFXaSJdTScMR4jfKf2C8R8vrSKuVYnGVQNWjcPKZwG6,2XZ6J7nnoL6osQwGD3WcvQeqFguFrP7BhwBmBvG6Y3LN,syncspace
DmEyQQWwCFGyf5LmSCkz3PwZ6C5TG5TzGvAeuCE9z86C,7pJ34PWuFgL7u3pGsTfyngMELxcHkVyMPdgNEePLHXYM,
Dm7eo6rHZDr1W1u6R14Pq5kif5BDoM7HbD1Ecoo21ijo,Hg2gqbjGgL8NZDmJk6jfqskafuK2pPqccSq5FqamaTX2,syncspace
Dm76wuvwp6WhF2zRZE1ekGF5KkmKfVjQZCc221VmkDKn,autfyCR5psTc85smVAcGQajFT4TC8xxPPH1wvJu2Grr,
DkyeSx1Fqi42sP1HNWbCP6SQfFJqZFcJus1d7RMWVM7H,G43e2oSgeTEaxN3vc9iCKUg2AXaNhfs6KtRwoxgZ6qdP,
DkoqzJZyz6ymT1A2Yppe2bWvkZx1eY66GJG3zFnkmn6s,HCbFhQ9YZ66r6WWu7Yu9CXSK2KU6nfzEKQxAny1555sC,
DkoYzMWDRqSH5C15VN4GRdEyayqAKoykmVoTxv3Fu3WZ,5wceam6f3i2PNykKQkomeord2dhxsmyTEaEFxVLVaegM,syncspace
DkmRGP5YMgRCc8uED3ReFqF1cBC2Qydexna3zNTyTtdA,EHuujbKShgCBa5dGH7S5HtsvGqPdGjMrKZ92xDiqJNat,
Dki8Ai7NgYRcFneP1Rwze61KrBAMhAbcpZUiQ3aKGmok,DZhVxDhoQ8cXLQm2GRAKTpLFNPvLY6DBUb22q8fkFwwL,
DkfF52rewQmvqn9x8Mji9FWWesiweu8pRQk3kMubGnCf,Es6tUt3eNfFVhYbhop5ExAgry2UcbBn1zssxxnJcqWPH,syncspace
DkR5ToE4raVGwz7v7gobeaYBQe738FUHty7PMVFsqj7f,5k15YfLg5TmTeVUAuxpQgK4r3Dzuu9ce6RwmKUdtDXYH,syncspace
DkQ7zA3x26y42FXMt2Nxo6S7hdySv7PwKHDCH2YjSEqe,CU8wK5kViudhwGs22cwj5ckET4c5RbA1kQcGLW8ELFuE,syncspace
DkGmUvWVFtsuRcjvDc2QAUfFHK5iazwSQJfvDDXHxyAS,2QGdXGgCrvxkyd1XqcQzSHNjw5mKaF93sCEav9PP1Hoq,
DkBmnhdyRCCvjyuzBhYCQUGP2MgSX3WVUsnkduaXnTKz,5k15YfLg5TmTeVUAuxpQgK4r3Dzuu9ce6RwmKUdtDXYH,syncspace
Dk3JjEupE4YYXNA3Jb5o2Fkd5H9S5UKUpJPWCSdzKpA5,9LSzUWDaLfTUh6FQMCRx1CbZRNHqDw1gGafnXBajYoKw,
Djsrarzs3wGY6EwBHeqa6Hjsq1vaUKS5VFJej2HGxE57,CqA42zXaf5zXk7EW7jtCLfL2uH1efuB9GtTfjfJ2hzoq,
DjrXub47eUmxtBMsbLeiBkmYqBoijZLsEcEmgarqA1e9,auryHMdwKGnjU4ZBjtacvARm8DcAVgEzYDzzJvVFfE8,
DjZxMUm45fkqja3hRGhqYgDd4CSkni8pvn8ogBbhWafY,4U7tf3ChxC8mr3KHWnkV2bE2ogBJK6q8LHLvU1F9BhKa,
DjYa51ZUCpnWexqc2LuW55UWNoZD3okZrBgjubA1QaAi,3g2TUkrZf86bfGQXcfJ7xMCFSmnssdpeTxe5V7y5GDpb,
DjF27q8aMJsSZdVC12Uck69TxkBwHFL7WMPiER1HXaMB,GTisBesZybGfKh6wh7MnjHxpMnSwz5mQmjLjVrPUNWLd,
Dj5PwhnbWsBbj26n2h5oNwfjuxZHy7YYzbT7rJw3fU2T,8tpsUHn1AFZQTA6fzC5qmv5rAPdWESD2pGmNSdmYncYU,syncspace
DirVU2bhr6ihmAwqd4vkhE7GWiLf5xntD8zhKQ9J9A4j,D8wt5SKsLQCL7YPFFRNup3CNhSvJGyE8Khmsr5aZpPr6,
DimpuxBE2zeDpRJEUaH4qQR1HoGrCM2oKKb3suEYjzVr,8M2cKx7ZxpWUh9gVHonxESLHpj6W9hiXUyrMFpNBGgKh,syncspace
DiT8iCvaxGqaxTgwGev6AauxEJEfLEAQKoE9JVcLHGRN,5Qjr9pyHaEKa3c69mKJGkuwhDwDP9PM6Hd1wsK5jADuq,
DiK6BqzknPzPF2bwtB7rbLQd88SVSyHMHg6V86MzZTvX,6LnH18SQsNqVN9BY76zCsNP8ur5XVQtKgb2t2iq9aZfs,syncspace
DiDy68mMZM1SK6BBxE45T6zD6o8kfmmJtCahLhtGt46d,EhrEhZKgstqHHN8VNxBGQMUE9EJ6qtitvwPN42x6LXus,syncspace
DiBPXjoTLwpd6iNsLJKsVg39x2qFHX7Qz5wZ6YrdAwd2,aumuHzMdUFiFCvJ7kk1djU4CViSzxJk3FjXTXgvdNZn,
DiA6i8PRqzDvm2BSYQRCryNQCBsBpiEap9UgSE8fQQyV,BewWQNGzY3gEFjJDZFyAYPwfSesuQiLsd4V5Zk9M7hrz,syncspace
Dhq8K8fJDysUhbav83cupm7YodpS23nh79rkdHoMMr4r,GruZBCELSm32EBAJknM1LNjnQECfTZRoXAJ1T1FDcNBp,
DhjBMER4aCcL4QKvuwQZkKPLvjC1EqkvbdZ2PNM6fZZC,Dav6suLg6CwdTMqn1ZYCsJfpbeUgFqKcG6AeY3th2LrV,
Dhi9hsNTPpYpBzomVkf3n4sqxojanSeTEv8T5LPzQnZP,CiS1udKWfC9tQqMLE2pDCryHMUyoCaL7PNWY3hm5o49x,syncspace
DhfUzPMDgndZEURFu3oSqruVqGoWmUYMn2siKibQhRsW,HLQQovWxjd4XED8vzCUyyz72eaWW7NJd5MdE3iv1L2iL,syncspace
Dhb25XGJdy2S6KuoSj7YXLuQgP2Ysq64crT7TkSNrmxc,4LjojFuoPkQiWSuSve76aoRCj9JG6LJ1JBVP2kujgkEh,syncspace
DhZU3jMtnUcyEFHt383sK4XPBXtNF1J22GZeLT6ktNEw,F1ZieNy2NQW15bHpMkJXpbomH7k8SHjxUBQXuZcEPe7d,
DhX8MCvuTW7tYHD1zirozvswQe1FzeLiACGSH6hV6Y4E,26UgX9WSX9vadYdgfcp69nkYK6mjgfkVnHkfkGCyyqGh,
DhUAMkqzLBnuqepbqBvNv1C4raCYq531awAHobVjvYSJ,FRnFVoakjCChVX5DSSfoyKtTqod36uQyB7deXqNB7XYG,
DhTzDp3fNmprH5TD2gTY3BSKFmJCzWgVUSSfwAgTg6f5,GPg1UBnaqBjZS2XiMfEpgWn5YBJmNkVd11HXjYrDmVsr,syncspace
DhR8hv1wGLT4Ep65p4q2TxuSCqfNbduE7Vz2BUbiBjE9,FY9NAS62iqRVkjSwzbWkSLammaLLa7WMduHkKd7oc6Te,syncspace
DhR7oKyuCNByZC18s3cmQaJpEvY4qJjU25okL5ePdviU,A7b5JoSpdLjBiC8mnUrXtKmWfxFv3gPgB2E1Ys2PgwB9,syncspace
Dh6Y9qdQA5Da3cjC62noDxaTAVc53Kgwf4kxmGFjBZSo,HRtwRVTmn6sbENbE8HPCyk8dJXURsLwBe6RMN9GnUpPW,syncspace
DgxrFND78jEH7B2PFeXGvhmgKbitsbf9ZeTBDkvrz2EH,FDcSNKJCXDUYbp432bDzJnLsREcDFQ1QycYe55BUiz8V,
DgqnyZPE8rHgtNqUnsZ6e97kV4zGvDWhdcqhndaNSGnN,8A2vh4YicVc9TPbzgvZz3hn95t4MkWTn8RshR2i1dsfB,syncspace
DgqQLYArHbMz3c5STMuCi2vzDVafbjAw3eXCfevAqHPE,DCBHyKXjPa19qsR8eqM9HCnUiQbBVPyJWT29ZjC6bSJT,listed:magic-eden
DgoQcXSH5wjWpps4dsZ5fpoG4mvdCmrg3JmPe6TiYTSQ,HLQQovWxjd4XED8vzCUyyz72eaWW7NJd5MdE3iv1L2iL,syncspace
DgftpnDfsRtRVMLabCjneKjaKqtUHSmpaYu1bvVLdgkh,4ABwZcwhXxXxEwym6CvCrRozVPd2ztk4xrNMkJyYTdG7,syncspace
DgedtdNpmNSmnbfPmGJC4GTrGbGa7CWypv7CeFyTkcJ3,CV8eHmJ8U7aAFPJZayPw2o9iMStJQRj4kKchB9BM3Qid,
DgdYyNWZptF1R9vMgxYgz4hjjryTHGVEZQbdCFzgySdB,77659g2J7AfZn2Uum6EHBjkXp6ZqTk1vWGbV9qJJK3Wj,syncspace
DgagDLPu7aCcA7A2NrHjtrif1VEUTkTA62bstSq3ghbB,AUrox7sHx1L8mxEPrNqkVjHa16CXQ73UbgZtZTNPNLjx,
DgURf1bqwPytD3My5HrnQzHHFVCMnakNUJYenxX9dh1t,G1rTKbU9TwsvzL66Pevc3CwZH1sGyEJP9fyEcnVGZWUd,
DgLiEDHEeoH4g23Njqe1gV6eHR97DinRjeZTVzxbqGtu,AyHwy2dCoAEQnGZVc6qJAvTDJGWJJffHGCz6K3J3BBDu,
DgKE62Noa9CG2ytN6wKtKQy5dXtEqGJ6Ru32qrXAF2k5,E5ETMpSXjxXVm8TXPrEdTuP7hrXQSdXN9e3HHkNJ9UaE,
DgC25LYZxJNZhr4SUMEFBQ9c3BHrQMvSD5ADmswTVGXD,4U7tf3ChxC8mr3KHWnkV2bE2ogBJK6q8LHLvU1F9BhKa,
Dg94w77jXxLwCwWmkJYwJUuo7T8wB5DpVxxa3ahoF7Zq,Gz8kqBUFFo1diobyfwwaDwhsuAbjCE9iLCvHhVUJ6wVK,
Dg2GD4N2TPZXhGEGmHCGQb88cHyEpvMh2e9mELLRpzg7,8LNpPupexXWho5zu3ehwSi6KDDV3zPyCmyaXL9m6pbyw,
DfwfoiuKFoRBAsJ2v4GSJ1NLKECzb4cdwXrXydPW1X75,G43e2oSgeTEaxN3vc9iCKUg2AXaNhfs6KtRwoxgZ6qdP,
DfvmGD1jtHfqjzs7sb3VWd5renGwcKySdNVayefxQMhd,CB8Pr9uzrrFw8BFnCqworH1wMa8DsmbSKgUNwVWnDGrL,
Dfmf9VyisZg1QSSgSJR5szsVE34R2EHToBjukRCGLNtc,GXMjawVLTsaNxbJHERXAVfcnkyPZj4uZ1k3EeD9hsigA,
DfXNsR3yrRGKRYWme5VYeztVv34haFAiQhd95gwDBN61,Fa8TzVCkeQd7ZMcGNZEvC3kvSKtxMymdv1gCVZoPexuW,
DfWZQz2KTKi7aE8rgZhLr89tGQnwheE4gux6c91y3Phn,HRBCXQ8uGKmaeK68xByJ5s8vFJSNZ1BkYuXc8T2ivcMZ,
DfMtCFtv59Bza3YpxcR5EHcXZ2mnvb5d8VgNkRhEW1Mc,ARbRdAEBm3jCGoBKeAmmnJJJ5UmKhx31b1HMK3G8DLYi,
DfEdNvEHpHMKBfkREYFWFxgtPq7fF17cuzVjPraGf9iw,Hg2gqbjGgL8NZDmJk6jfqskafuK2pPqccSq5FqamaTX2,syncspace
DfBe6pvhPNxibM2HjdMVPZneFrFVa9c8AEZFSHrHwqFc,D8iwNWsfRkg6oNy7AyTevRxNPGUKZZ2oixoqLiinSSor,
DefZ7TyoeLBfvFJuWWpTtKnU9xqttXST6M71iY6XcGVE,36BWr5Az1P5CPJAtSVM6DAqzBY4keMowLbEbLXxSnSyE,
DeT3LBuYuhVXWQinkFFUo1KArygdsF6pxNtQAeaeieSo,59KQpARJgrT8MxL6ChFLQ8V35GSHxGb47riT3HE2kYrj,
DeFBs7eB9QYxWuMKkiy6rwXybqBqn7YMDZzRJrFk23D2,auryHMdwKGnjU4ZBjtacvARm8DcAVgEzYDzzJvVFfE8,
DeCoidy6DMY6ZnLJWRw6mpUwb41Lnjt7n2zPdpFwM3aV,9ZtFPMqY8eD8Fq3o1L5qey8jQwmGtoV5zZHjeyTLXDY,
De3xS4m6bTTv8XoXGYHdsM8GM9qiMKAo6ZpxiSAbsAQP,6ZV8Z9J4LC6uU4K6RqSBij9uF35vfdWwzJoH8AdDQX2J,syncspace
Ddr37Rk9brkjiF8d8UfiAcbG7QC7xYUmF6zWPzsGKm9A,5k15YfLg5TmTeVUAuxpQgK4r3Dzuu9ce6RwmKUdtDXYH,syncspace
DdhEiHgu7NoPTdteNQ5dgTH5Hs5kFX2hbA1UNtvvrJjr,BjQp8HZp2tpfATAQarE3SbLVGpvJm3S8iMrdZLYvyJPj,
DdcJJKNuT6SWLmJquwUg1i3qYsiBgUcwYvsRvKZbUKBP,8WaK2tEVxV2wXJgWmKur9mjWEh4MUZgb3sVHZaCPN46e,syncspace
DdYgFhL56VxMrWJGkjQX6hojVg3zc84KJuMFcnmuKboY,5k15YfLg5TmTeVUAuxpQgK4r3Dzuu9ce6RwmKUdtDXYH,syncspace
DdXW7DPjSnCMFHLFKEQmMmZDb5TXGayPEG1bHq4dM5Vw,FPNMQhpGtXRdh4LcMBQs35KZsGpwQYJDRicPgD63gUj,
DdPuQscfLm7fwTz5oXMNyLei1Qe2naRMGXAFX4xCuikA,3xfmPayAefmDToKruJNFrtEZWQwGLEWQSGJ2rBBb1xMV,
DdJrPSM2M9NhCrdWtA8q9pTsCFJh5kvs64qhENczJQxU,autfyCR5psTc85smVAcGQajFT4TC8xxPPH1wvJu2Grr,listed:tensor
DdFJZpFVqMq2idTdQkmdL2d7drN3qSeHbQuZb7FerxES,HwDbffgRdgtQeL18TwyAV4zFRrA7GHwqYCdNvhx31wSu,
DdEB5Z1YyDLv1fGPCngZwErWS8VKVUcjniLDbWgeYEvc,DKmQngAhJkDoW982UBaQnjb6jpG7XqM4UMwNJZTvFW8t,
Dd7pKwt3euKv2RzxMFF8ahkivYDC4adHxDwy9ecyuxT1,5AysHo5vYHYcqNaJ4zrKKf7aRFfWXCCtQ9gdPLfpudfA,
DcxpCtcrZWSFQ6Kh66HciFazByPx9MHVXHiaTVrGajgY,12s5oBszRsixYi6wD4hv4EBozjVTV5LZcrhzrFYyy364,
DcwuWkksPbCWwXQXG3EXPfBaZ9coCPjVqtFAfViuyuPY,6BmnZ6VG8WX2QXzBasVEXqgXPutzxvwvHpUMg21Cpz5h,syncspace
DcePwsRnchRVELDohn4xK3411MTU3uKc3KjNQzaiWWLr,6bMyuQc9jCnHWsE5wkB4sSXXUx9C3gqkBBcm4p5iPMPC,
DcbkeFhWa1JyNZDcewpFwZNqcDEQiY4ArdxDm94KyC8T,DZQLfczBH89fpmY6LeCJWuJqwWnp6xqoVRksUAEo66r8,
DcbChCvy4Dk1hjrGy8sF2diJkoGsVEbdWvHiAfZdtUHs,3FDL8YwuAwCgwY5mx9CnZjiBXkxZv1v9U8AAfCV74X68,syncspace
DcVzaKjwLgnmeYtDbyZXd5y8Rwo37Eq2Gfz65UEwR8gH,aumuHzMdUFiFCvJ7kk1djU4CViSzxJk3FjXTXgvdNZn,listed:magic-eden
DcU2H3ejwGUU4N5LZKx2JXE8SGvjuGm6SKYbFbT7mFVK,6r5bL7ErRGeieK3PDcAF7s8RpuzeEJVwaC9RNkwtPguw,
DcNVASCTPmMSHh3rkhsn9Pa2YESCpGjRp1U12Xy7cBRG,5gdGXYeYu8Qmqn5syH9C8HEgzqPv8LVr1bRw9jbnudWx,syncspace
DcJnVfzcMBvPAQpfSdMwkd8bXt7ExLAuBbqthnorJ8kg,HJ9igbxXY8REcXj8EopVeDGS87XL6kJ96ymyWnHxX6f3,syncspace
DbtNnFZEMcmZWjLhv8yRa55cDuxwigh77mLZ6U7Labpq,aumuHzMdUFiFCvJ7kk1djU4CViSzxJk3FjXTXgvdNZn,
Dbscqwq2YQbJ8WRHVsn4371ha82PqoDgw1dnWQprvE6S,5wceam6f3i2PNykKQkomeord2dhxsmyTEaEFxVLVaegM,syncspace
DbkyWWzhnTV6LEqFieTUKENHe8zYcxBcvaPaunCZ7j6a,9sxkW1EnysJZKbAy4uweRXu37opLdaWBp7LRXJ72Nb5f,
Dbg9T3o1L8ke45ugSTFkUuWEGbtvSKKfun1Q1zipq9YZ,GH9vraSz1K4EmedR2jcW3ydUpXm7ZT66TciEDoRNhZ1R,
DbfcJGZiecRVjATTf8v5VvVRUCi2AJSSUcxtAaaw1ULa,5k15YfLg5TmTeVUAuxpQgK4r3Dzuu9ce6RwmKUdtDXYH,syncspace
DbToJecCAHVdM22LDgx7TRXz8YoeTueAdMeCjKB1Kw15,7477G4EqvaB1CUeSWTqex7XAQbjQRWXR3FsLRpZwwsBg,
DbQGX3heb31zsVVoYJmxXBqQqr7DR6Z8yDcLStviBpDn,ErSmYddSnAxbaP2VPTheSQohdeqDYV1BeUtYDhZsLCXw,
DbF6yGvDTt7vA3BKo2KooNXs7GJQLpjk7Xpx2ZUaKCKU,CiS1udKWfC9tQqMLE2pDCryHMUyoCaL7PNWY3hm5o49x,syncspace
DbDFXMFCLN1y3jdaZwT87J9DTaieFu4ArMAmFvqW9wbB,DvRwssrms2Q9f32LJyK5GAN8MZJG4DBim2eXht9DmAvs,listed:magic-eden
Db8A92hcGzA8Tyn5LkxXgz5eDPJJNYmPtggAvEZBHK7J,4iH4Tr7AKF7tupkNGXvPUK3CvZGc6HrSijZDvweFuun3,
Db12769WwK3nKWCFhT41rq2uMmG3LwWH3hN22mT74ULm,5URSakmV37mRXJ2rETDRZEyzEVBE2ebySVeLGWhUUk5h,
DavZ5TPFkWnd55wEZyNtgj1MV6QdHUyAGWwXKDeT7SrU,C2cVu1e2ENb32NoQ1vsqKZ29ykvjoqXrytUqPvVzMCEK,syncspace
DajAgzViZttojRTKb17XsdAhcgRJdiNMQreX4D3KJANK,ZN5mCLwP2XGZLdQrwQDFNXhaqpzFdkgwPGLkuTawrUm,
Dahe3juJutiajf7tKXTW2fv7so9oFrhaPenwcQxxVZrq,BArL6xUM65nVibfGHShCxhbzZUDAPaPWXSHk2KmejwUH,syncspace
Daftm9y8w4kWDsiZv5VFCQdMNm7DE9WW5Z7jtWCNb52T,aKmo7KryFFaWicWKBHxJhjz7rHAQgdmjdJBjri5ziMm,syncspace
Dabo7ZQTrSWj8vz6FmuDb3tQi2bDzwonXzdt1YK31mHm,5k15YfLg5TmTeVUAuxpQgK4r3Dzuu9ce6RwmKUdtDXYH,syncspace
DabCwMC8iUUebJpc3KQwZ1oYeGk7t9YYr53G1QEPyEy3,AZ8aGz8EKUNiZHLJrP6AMgda9jx4dgrBieLeEmkzKDeu,syncspace
DaMTHJSABGqJnj968KnRATU7Cj5jXFdwL42TQsnKSZ4e,6J4dFhzDnpE3Dpnr7rYLJEVKXGibcrZxaNJKeRhZLNnU,
Da6q9527kLd7BMUyqQUWtAZpttxQGcgnnej1BVQpBZ4Z,57Vtu47yAfscCgyYfPRGLaGS3yPBuHqkbzV9ivcC5XpC,
Da4Sh7EgzkPjuj2oBN7a39NH6R3xuCQEyvXTpBQDQfpp,7XC8ufdFMHhm26USXj4Eu4sSAVPggW3tBHbGPnLjfJdn,syncspace
DZypDj5YDpPSHfWZcEidNNQ34JT3V9RKDPm2aXkpYvXx,Cuaw5b1dc11T6G4Rg2AZQPL3riiz8P3JrUDKAJ8jXqSM,syncspace
DZbWZ4eqWtEXsPJgQ2MCrCwT9JYsTfcjFKnqp74Xauwb,EJxbv3aGrLuX733SASSsV9J1LQaCoUmrArXDoF8JAKJc,
DZatCpZASxaWtKmJgPRy9xbe5yjZe9andbgScRWkamXJ,6tMR8UKEPPcKDbLx5F1a7poY4JV3vhmKN8p9a4DtC7LJ,
DZRaL13o7Ye9swy9fsnBwRcmn9Jyr9KrG5rjktXdmZTL,BxMJyY1EsNoWuPgfR3NEDZ8xxhYpn2eSERgWUjxcoztu,
DZL3hV6WmxLkY7QhDmUYPkXfrgF1ydBXVyZJKWYkeLLm,CUhUq4Y6MM9oDyAGcjvKkd5gAQN7Y1AQnuUnUXxzusAE,syncspace
DZKwWTftv7U7sxEXbPyLBpD3vyAj1vGuHGeveUGaGdtm,BxMJyY1EsNoWuPgfR3NEDZ8xxhYpn2eSERgWUjxcoztu,
DZBzH9ieQ6z13BWCkXTZaQHE7dLjcC2MhWVEGpbmFAur,GZCn9bLvGm9sYV9RLVi8gStnK7Vh9VnCb7G14ahjL6ge,
DZAp9YoeEFTevm4W5u8pyxWqvoyRLFzQe26C8tGqf5Ms,V7JTeWRVrU2HGuM3faY1WKDTEPcYvKvRv4AvsEstNak,syncspace
DZ5Wd9v5EX647SuYKWsEiF4gsHW5jyUyPgScXGGm8YdW,CqA42zXaf5zXk7EW7jtCLfL2uH1efuB9GtTfjfJ2hzoq,
DZ3gidwhyVq4DAhidYzCwDLuqLewirLGbUPBfoXxNxTc,CB8Pr9uzrrFw8BFnCqworH1wMa8DsmbSKgUNwVWnDGrL,
DYygZph7PKNE3cxWuewRw7uLPSXCtsmo5qFJR2tP7Vso,Fa8TzVCkeQd7ZMcGNZEvC3kvSKtxMymdv1gCVZoPexuW,
DYqq988UWWwbfUbuhpE81nisWZmQ34FgtiaEwTiTpYC4,EsHCpVNTRT29hB2D51AGZ1mT7HijECAxWeytWby4BeRA,
DYbz4PUJP1FUeNXQ1Xzriqu96HTfbSKBQaxUD25ifKZB,88gNHWScPbq75QunYtRi84YqvKwJZ1cjmqrF7chp8VXo,syncspace
DYb54smEC9qRTAFu393WHhaB6bcPir1KHtzzeJA3AbwW,4pfwVci8MvbHpEQQ4tRi8wMk7aZ2VGZZphZQSL7d96vp,
DYaVWALM5B4BP4iRuXVtrdo8PKwHviYKDkuy5o7k7zix,Fzx2MEY6fuwjoL1g4Mh5D6dcxp24HEcdZ1QsrVxE5sfs,
DYR4uQ4FEhn9YusrWnmEYG6L747VvD71p8A4YMS2tznu,8j4rDiz2grVgLKmMEFjJVsAK5K4uHr2ruEpvi4V34Pyw,
DYMk88xKW2pcWSHpPYGfPnErA1Dgb4ELXTtwgbsjNv2R,4n4Sa2oyfeWocxcZZ9dgeMmujEosHCd5RZZEe6Tz5sYK,listed:magic-eden
DYL3jDaSKaZwJi953npqhJFfV4qDTVjnDtVctTAK7XBX,4n4Sa2oyfeWocxcZZ9dgeMmujEosHCd5RZZEe6Tz5sYK,listed:magic-eden
DYCujnUx5P9mZq2gT4SeRrVUfW2xTbAkuukTwDBpRmrK,BzEtEY7wGRcaGiHxeeazZPszJ5iwggGFAGv4Lqj6oBuh,
DXx1vDPXZ9xm5gyrUcTvem4QPi9j57nUN4XVxnazDD2f,8U1N1M2jqdD6H3wmQ7MygNddiisPGEYknySxasM6hYhi,
DXrSQR5szqgDrctcPcnqEcfPsYB5dfE3sc75fsSxDc1g,6ZV8Z9J4LC6uU4K6RqSBij9uF35vfdWwzJoH8AdDQX2J,syncspace
DXggiM25vC7Nkbop3wbxBmhmCcXGEpp7vjiYcqKxFEwL,36kaQu8iZ3VzMetTH3wf1rdUrJqisVQHEqNWNspvb5Wh,
DXfGttwe6tvriCpju3n17N6HGXaa1Fmv3CZuyksYpvZQ,6NSAMJ2gGuyiqXgeuTEETpqqRTuEb7iqnuwF1jCfrhsp,
DXXkQW57gb9FL4zYwwkzvj6xqijkxePKpmMtMwEvhC6h,FxonPoSevZrRnUFKuTjabkWjxzViRXACMeXfoyib9fen,
DXVgYTDNwfbdFG7z5i2psbw7gL67hwWY6CH6L3EZH9PT,6r5bL7ErRGeieK3PDcAF7s8RpuzeEJVwaC9RNkwtPguw,
DXTHwJzpHf55dvUF6FTkmCwU3o9xm8WqhzKfbHa6wJye,CTYoh3WijQ2GA5kXb1Wju1VuT1sUWDZzmqpk4b31ivLN,
DXPNBuaAbABZMdMVQAByLw9B92G2HBxgmeV9ogegXFwj,4GvTiVSu5hPDEguLQpNFRHcJArhaQVv24J8E7RahRbSW,
DXEmkhPGSsWrKjUEbjoPZ3YBmemSgEddTx3kCc5ac37N,AFfFMfD88UQKXT853sQDE54PVRPPhYPbmEBB5D7nrQEN,syncspace
DXDVN7zdNgJ8PbnPupxZQSTw9HZ64E7e7DAVh1Rp4um6,2aXemWsLnCtX7fYj3qzDt8ypEvvHxnFvods5zS5oWqyv,
DXDEJJJt8M6tLWQr1USEPpCusqHrb4LYjbiDikaRXJYz,7XopJZCEdB1fzDQGCFJ1QC5dv5LC36AEMQkEGfHaMoRj,
DX3YwopjdA8Mp5RC2qfxqdMgTSyUpPqHgyhxF1HUuM6v,6gpoW2VaYfnuCZUfTDaqCgu7EkHwizJgpC5hQ1qRLGoX,
DX234fNy1qNd9fXU2o6xBmEwxKupTYpW7AkBNftSn21c,B1VMDi9rw7QPvFfqUsSTEohwJee6PyAMJUimUyyw9rS1,syncspace
DWmgKVcRGRVKBzwLYWx3ErgCVvgesKQR3rxVhQFj1A3F,9ZuAkjidZRDa9NHHrQAhrzJSvev8sPLBVv1j5Ye6M8Fn,syncspace
DWhBeH1BpoAcCXDxu12M2vzg6roctMnwBvCHKLiu5oXa,DZPoYU3v6N399EPxyxLY49eu3gXt73WzmYNLsHrxTsZ2,
DWe8MEV6przYGbTHezccSBZUmHHrBHHE2ofDUWK6byXw,GyktjheiBQyARPaNMPTkcKwigqsYWfayGFng88WK771v,
DWVbJjZP9Vt1KP1iQu6qPww6Pjc4Pim6R6h68hKEVNRW,AWymXL7qbbqpWGRZtHxPTCKPubUVbaGUdXzteG7e8yXo,
DWRcAPH1fxSnkGoWEsqraSgdeezTQxPCiWnKH4x9tHwX,2tTU5Xs2YTK7c5SRqgYRNRvjx5fAuw4hWzPdLRFckKrD,
DWP5ao77LZTiepGCQBvoB9CKE16x2eyx9QUMNvPkxHJh,2qA7GibgmJtGHgmZyL6oNUbo4iu8jjgU1jrDVmg7fUtC,
DW4rxcB1mb3TmXcJwBYYw1D46a4xA9s2A9tKDXF3ijdP,AdJ73F9GLYRdptozwi2rFFmKhqW9ayCibZZEbdZaaPmd,
DW1rdwd6YxjpHT2qbwrvnuAwdxaPhqoao9GCfCPuacty,3N6XnKJ3xCSM6cJPSbiFqSStdLKYNXELPV8qi6HNwSU6,
DVz537np4Kk6bF3YXbtJHX4NaxbJJ6DnsgCUoveo4YLH,EHuujbKShgCBa5dGH7S5HtsvGqPdGjMrKZ92xDiqJNat,
DVx2C7sUC6QCFZ3QUXwNqJ2w3zBNUCJxQjTqeJ4BG3J9,26UgX9WSX9vadYdgfcp69nkYK6mjgfkVnHkfkGCyyqGh,
DVenM2Z6RNpbz8T8WE4JXEqacvsLecdBe2kdBLhpEaNu,G8MNdTyHMBPmgyoBwydoBvYJSxnY9g2Mi6JAEFAXcEvC,syncspace
DVZs9ysFpLpAeKeEigm2SkFR6FmrCXvzP9LjrCekN3Ba,2WjhfeKbLx5nAjJgf5UhE5WSDvwPkcvryMD5PJ7P39ph,
DVXbAnBZt4nSqeaWnsb48PXXv6qXWNzVyUrmkRBuRsen,7sTsSZiFxPYLByviZrrxmRVkMtBcca7gvCTFkjeXoXHH,
DVJCpfme1r78PUK5XBzovX9FDsp4mJxwK3FJVJq9UJRg,4n4Sa2oyfeWocxcZZ9dgeMmujEosHCd5RZZEe6Tz5sYK,listed:magic-eden
DV9AS3b76f8ujW9neWvUexvNv9B6hdo3MPvWzvPW1aRv,HhcMjf1dg8ysC1AS7m84AccQEoXAsMuumnG41pt6vd87,syncspace
DV5eZiTp3zL6hJNtAc3T3SMkL6MNWeZeESZ33pFydKkA,i1bq7CVWTePL73CwYCL3AV6a1C6n5fg9Dqjp6SgTJJP,syncspace
DV32GBxSMDhfFGWkuS61kSZrR1N46myQdN22Pi93ANMo,FRnFVoakjCChVX5DSSfoyKtTqod36uQyB7deXqNB7XYG,
DUwSUFsASRjNyMia3841xHuFoMm1SSkkvn9GyFknra3Z,72zL6BvBRrLtSMFQv5gHRR9GHEi6aoMzDKKMYzsmomE3,
DUsLyGK71bu4jNTuipFJHef5BUSiDn8oA7yScreVSXVn,2jCANQUeYxNEfJL9pUdPRGS1GJjm43LBvuxMAhpAnBum,syncspace
DUjKyd94xmYPwz1jCTbMRCwg689ubNAgfPPvdZsXHo39,autfyCR5psTc85smVAcGQajFT4TC8xxPPH1wvJu2Grr,
DUcFtLcSqXVkaCxws44CEQDLEjbWzjEADSW79AK69xxQ,9VNc9BWtBb959bawciDdqr5zU6dTDPwSzB5PxQeHBL9p,syncspace
DUSsU1q42X1nXtRPtSw2w7afjCyjipTUU2GAqbBmGh4U,4qYWqy7eVddKcykU7XtpLUrKYdF8VtPobn6tUuqKhWtv,syncspace
DUM6SkQJT69sszK7Zh5cngpL5g8HsCP8i9m1nA4p9znJ,jShGdWowkmMQDQbfaYhNT85YV9PZ4NJEioJcgH87DPF,
DULLKFZ3q31RCMELge6UkyHTobiouTsWf23sZjgEDy4D,CiS1udKWfC9tQqMLE2pDCryHMUyoCaL7PNWY3hm5o49x,syncspace
DUDB6vjR6mZciVhfZoR1nsLXnDvWqPUHZ75tQZsmRamq,JBM32PqezW5yoUtYWF7KpoA2gTF84DEZtPMWy15Ykdb5,
DU87gHh9Zg9dQcJf9s4gKcJV4bgEXJfD8aWNwvxxZdnu,HKqj5kzSdsJzYtWv7jCR1kUM73iSiiNQyKqBBaH7pstG,
DU6m52BP5UqhMEDiwDTSqstPWr2Jh7nY3pSdzAkLXarY,Hj6s6cRMZSy3fhUyvYuiURfrX1jL54utE88n5YyNejap,
DU4zkBK5AVxZVkf9K21WzGXyNeBuVphbvWo3jgf1Em3X,36BWr5Az1P5CPJAtSVM6DAqzBY4keMowLbEbLXxSnSyE,
DU4bt9pT5RSeTucTA49AcuteXvELT4hQ3MAM6SztksAt,EQ83m1M6eeQKHu2UQ79LaA1xoF3TaWkBV6zVZKEuXa3f,
DTzbr82bWYbFCnqQrLhEYSP4WhxwbCsNNRbuNTXGinDo,6tMR8UKEPPcKDbLx5F1a7poY4JV3vhmKN8p9a4DtC7LJ,
DTvn42gUraBV6MMMeiHk4JtjrGJBj7hHuQBpHYem9MS3,5k15YfLg5TmTeVUAuxpQgK4r3Dzuu9ce6RwmKUdtDXYH,syncspace
DTq2b1Nfc1iGQruekBj8P671sHnVKtiRjRzPRnQqNjWJ,BdxhaabshYoKXbAXE5e36LrfzNjzaesSq5cNJ7A9PpUU,syncspace
DTduBuJMeAvoUMHs6muTeHyagaciufgTosVxQR6YmpVd,F7pwJoH9VGbVTG2SkR1QtbnTwVdLHbHfFTGHLoW62Vp,syncspace
DTakRyVyjeYopDQniYg785UwR7i32WT2pauLNo5ZEFpK,auryHMdwKGnjU4ZBjtacvARm8DcAVgEzYDzzJvVFfE8,
DTR8Dqc16JVsHFny61C2BKn8X9NhW6eLWAU6oh19d7Po,8HT8xJmFsg3CcVgvQQnDuPspbKzEkNMuAowdL3pNKwVG,
DTMxdaMsEjvBPdApnxdcNAUuhkS2YLWtNpRKuKYJuorZ,6YurbRgkHJ9PzsfoTuqphvWcLMLEG5LA65Mh28G3k8Kh,syncspace
DTJWM8z5g8VsQo3KdcobXh7XuSQe4nxAYeahzJYQjcPX,Fa8TzVCkeQd7ZMcGNZEvC3kvSKtxMymdv1gCVZoPexuW,
DT9m5c95RGqpveDnWKPA939mY1pD5RJyDgwHKmwFp8rd,7KekA3oCZBjHYqxThu7dAQPTUFMrBYaibFFytYb6P8Ux,
DT8io3XMdvF348spgNa3R51mjWGD64F7tjRYhEweMdR2,GPg1UBnaqBjZS2XiMfEpgWn5YBJmNkVd11HXjYrDmVsr,syncspace
DSsb2CUV4n6EJdqR84VMgkLeetLw6sFUHFzqS16nt46k,DJyf3qjaCe5rQyErCRCGk7JYSbK2BRAHqkiZzZGjgMdm,
DSs43Tx9C5HEWSzQtJ3ZFZrnj8NuBMUPuKsZUkCT4mS6,5KayZdTWQSLMvd8i1VEp1dAH411BEAKKyjKSEUBjBGUc,syncspace
DSjsxNmhs7YHzipgT9mQjzNuDXZaxevzad8ZwDe98r86,auryHMdwKGnjU4ZBjtacvARm8DcAVgEzYDzzJvVFfE8,
DSXizwxtyXF2hXWgSjUuCBhYVsnwpgjsGAPeUMsoHYPH,7DGfdiky3wjwR9pdj4sYPYA1jC44ToQnJwJDWo2hffy2,
DSW2UNpamT5mte1qK3GZGnSGBYQJqHz1kzKEA5ws2sEf,HuLgFZLNeK5JhJgmYT593vt9hMKktHBrDEYy8EsJrCmJ,
DSV6zXduzyuKEFvk1C5pUWNFPASQME5287b1swmHGCd7,ALngCjARi7zUbcXK4pasoBQqPGdBkHBKViNPu9JwEeXG,
DSSwNVNa9pxS1C5GbKumw4Fe34FAxEgwwk61cjHJxLJo,4kX1D3LYBpEuZMBzNRnYjvFbG4p6sgFTxFPNYHURfEWm,syncspace
DSSPFmYsoMfPibq5s5UdWPye6L2J592jQPEYWrK1CurU,25chmKpA2ZDoYMqdPDjVMGq5G8wdvy1zGJhPSTE1Mcb8,
DSDJkHUczqWBwFXsQjVxqLQufSJQagGPuCF5KJAb6Uef,8RV5nZAYzT3FS49JxWmAMj4GnancVKUwJqBPjZkQP2nm,
DSBx2BgdobFPy3vQ84JRHQAfNwRmFikSwumXptiYtiQq,DWB9VFQUfd2H2LXgToCw7hGQidm7vLGiCDpGoJ2LkdJf,syncspace
DRzFCYzv6YxUMpvYUwbsuhiwjSybE9sntCuRMYRn1Pcc,Hq23RE564UaA9WNxMmT9Rtpr8RFUwaYoh6XrGnkMoUAc,syncspace
DRvyME1uMGvRLCSTKR7CiPor3j2oTYxiWbBe9wPYe8KQ,CB8Pr9uzrrFw8BFnCqworH1wMa8DsmbSKgUNwVWnDGrL,
DRqqQkjnhqccBVBv54974JrmUsrCyQ9HsQubjAuALxtL,MQtsdCySEaVigoGU3xA65gKrDTxtB5iQHNfQSEXvMBC,
DRedgYE3zknm4uhLed5ASFYDRtKn7xm78yGJudGTqgwW,7maUyPUfYNHxJ681SRykYyA1yoAaYdRHChuUVmXiX3Ko,
DRWpmiYLpN7N1r34VNDhwvSNE5UDj8XdTW9tucDcUAVr,F54u5YZ7rQwav3G8bP5b4JFe2oqRPsVFWCdoVK1QLaHg,
DRUZv4qrtCXoP8PPVJ7SEbaYoBAQ58yAzaCa29YgXxBC,7E3Zc3g1eJ7ueosPPoHDSkhuHvBVfN41eXcJXWeffozU,
DRUF7khsTF6vT7JfVCpm1YLWwVS1nLY2h4u693uhNYyS,DbRAPa8YYCDTYgZNEvxFWgKSVts6BBzpAaEXBrPQdnFy,syncspace
DRRLccaX5XFirzuKVdgeVnFLKRt5N3WbbDR51XKJvBZB,FRnFVoakjCChVX5DSSfoyKtTqod36uQyB7deXqNB7XYG,
DRFRnwg26qwJFytsv7W72qB8H7P9SBW37GqLNKiFFGzc,3tNev2tUtRAfsZANFTyV6SfRVZfECr9oFJKD6i6VvJpS,listed:magic-eden
DR1NqS7WNfDrGXSUF6fY7twjeazvBA9xKqSBVxYHmTVb,5FzqLqMJ1JESDqp1FdV79LmGrCk64VPBR1xobPvSkoBr,
DQsNHwacJkxFCGgA3XGky3K7zKQH6hg1KubYmN73ZwLd,51qStJd9LwRhBB5jTDdsJGMzbGhhLekboxitzz21ZYCQ,syncspace
DQkpfQWrLgGzmAeKzMSapAMBGB76u3tvNpKNn7NX4cwp,FRnFVoakjCChVX5DSSfoyKtTqod36uQyB7deXqNB7XYG,
DQkagscXz9R2QdM7Mdh7tg19tcv2XMbPnTkndyaN2bCC,5cShNqx2E54RJK49myPhE757RJAEgnGKcbRqPVW4nwjC,
DQXfJ6KiUN8i2K5Gq7WNDWZvd4Wu4EiC3dKQAGrTvxwN,9TAB2ss6Hf9MKpy2P9yuVY5ABwA9m4oWtMzhBtzRtLxA,
DQVdp24c6VxGgXcbyZD3h3oKbgJiCQN3ARAPqsdhfPCk,Fa8TzVCkeQd7ZMcGNZEvC3kvSKtxMymdv1gCVZoPexuW,
DQCkPhw1t5PmazD71WDFk89G4gViecrxayi1E2cr9VZY,J5gD5d4SWAgrVzcubVCDne6En9K668ay2obtVmApenKp,
DQ5tTo9GYmHekhyMcGApDyGwricCfMTKhv6FcSw9XQ1R,EmtEsqjLYp3t4HxbSPbzJ9JMKsNrYYmvC7ZykVJ17pUR,
DPjK9SThYfdf2mijrkWHy6hxceyUGogaGHRXKWb5X5zM,4eVcByLcXGavuwEBzJuyPGH6mUzrJr4u6kcdhy6ZJEno,
DPd6H98uJXdwKCUFQ4NRMH772v3HUpiHd1UNimRtpdHj,J4MHXgsfV1hsuyfdeVB5STUQWMJ6kCXf8Pt61u6njyUx,
DPKqufnzypmBZbp2AwrkwnXpExUqL2fSzYvqM3yrs4ds,CCifrdHLtV9CvTmeLQic9hSfaM1CVMDi6fn7bb1DBRRk,syncspace
DPHhQqKztphBBzeoieeiYAzpg2aQiyJermP7n8VPoBDx,9QE2pSUnzF7gTKnSSQqKfBnVwVvTo76xrkccsHYbMr1p,
DPHLTXxVqCrj3LvughSUiebrZC2wYVM1JynrjmC2mMBA,81MMZdtpDzevCJLcFLiSm61DFr8kqnrPVrwG9XGQnpqQ,
DPBmPRQdXAVwUydun3RBf9WSMN1sb8QgzqAFKpS66rE1,88gNHWScPbq75QunYtRi84YqvKwJZ1cjmqrF7chp8VXo,syncspace
DP73CtPg3ncq3ivNrLXxswi7nmzcTVAYFGNPdXjcqhfC,8m3Ysh2ytd4NL4j2H5rvjFgg4i8AETrPbbX5HGdsSwcM,
DP3abnenamYn62XBNJhbBqVu88Upgsi5RiaRGcKsxZv1,AcSnkw6EzCDaMoxJxAraC6LvntPXtftRpAnqrutQTh2m,
DP1jd1b1UiQmC6cNtjdQvXUwBwYSbhapysDuuGBMJYds,6LnH18SQsNqVN9BY76zCsNP8ur5XVQtKgb2t2iq9aZfs,syncspace
DNzW8eGCjPdCphkg6CKaEKz48XuQdjeYuiS3HaFoq61a,Gq7fT9TK4CAsFbZ1hmZpdghQv76Qqr2ygKtDWfYZY62B,
DNvMhsmqjvWnPFXFhPMa6fPWEEdxQmkRWZ6NFeZaXsze,DcMsrqztdbWVhowqbm9iBPeb2Gj53WdPmQn3keuCvqWD,
DNratRjpVWVP1AEohX7pqJQpY5wJML37JVGpoDX5AXdQ,D8u7z3LSFXX95vc97NotiPe6uGcxaMNMVKYU7DYP9nL4,syncspace
DNkfTQwGVTe9t6xQH877WZBNsq2NjmDFpW7CYBj1UfqW,Gnc6gK8YkxATeGYGzFxbv2G5SdqXMSuuGs1AHmoHQdkz,
DNHSrUYeBgpvEhijDn2hznWvYvVwcajYMQy7Qb6QFYNr,Fq9gQ4KNxYh7rkjcPKiNRLu95UnKkfWxcXDLd1FgZnrU,
DN7V7vjezQhMR4xDPg64ncA9ZACZdSy5yfEagHhwG3rA,94iJ7CSZhu4ieRnjCNqSEesJbMs4hzasjaTEvK8cbCE8,
DMyQYbLxsqQVg2sffQ978cNHTwPGDVGFP5Vem4snTP9u,2A7AezBv2BWAptTGdVAEsC7kuVMQYV7MsBEE7zFGfAx8,syncspace
DMuZ46nGR8S4YKxJanKz59cFGj1M97Dn7BFqNgv8KPTM,5wceam6f3i2PNykKQkomeord2dhxsmyTEaEFxVLVaegM,syncspace
DMpAuCSF8VYaFwMsezu1fzLeuKjPYvU8FE9PBz8ycx64,EjUGrzEwiqD25nnF2expBVL78oL2jQrzeM1knh3Wejoq,syncspace
DMiSkDcKjya9rjgnKGXmGkocP84wyRAJUuZ7YYdwyLso,CqA42zXaf5zXk7EW7jtCLfL2uH1efuB9GtTfjfJ2hzoq,
DMZFh8AVgJPQXeeRy67wTHVwMtRp8Sr93CjqxpVMsXRf,CtyBYvDMWDq6xSr68Bg4TZCSkWwH4QdSZ7duoSkAj6jR,syncspace
DMWFmbLxNBP4QpnnoVd2LT2FcRPaKMCWFvymLJXqvdbQ,Hq23RE564UaA9WNxMmT9Rtpr8RFUwaYoh6XrGnkMoUAc,syncspace
DMMMdxYKLK1ZP3yZLWPRPn48E7SgUzayPYjGEWpL7me3,autfyCR5psTc85smVAcGQajFT4TC8xxPPH1wvJu2Grr,
DMJSkP7dXdTjEinGV54rrunQd88VxiZUqLWoLnzkHN9H,FHbVUUSthmyFC1vt87pVcN51GSirxy2NAu2P3cQvUs5E,syncspace
DMHvDJT6aZpNuWYxTKWCY7WvEz2mZDuwCqgenWJvrJq4,58Yx1W7M5uMcFhJe5Y8kfwjy7dGJ3SM6j5h2kvFZdrn7,syncspace
DMGTWfuQ4ezoDjGNZVCA1uiY8Gq4wmyMhjZmZPUnggF8,Fa8TzVCkeQd7ZMcGNZEvC3kvSKtxMymdv1gCVZoPexuW,
DMGPSY3xmNU5eyXm8EQdx8Xpj1pVVTFTyFJxUxS8ztsr,5HgCS3rFUHptayfWZvSuiiKDYxpqBoetksDoiqMaSFY6,
DLvmU4QyX1hXC6MZwiiPy68Ehubm6eTeJqNrAnzRhZ7D,Fa8TzVCkeQd7ZMcGNZEvC3kvSKtxMymdv1gCVZoPexuW,
DLpxWVzcWVdwejEqXhciFw4V6G23K91gpUsURr8m14L5,65F2wSi2CWe2qdkiHTTfUAVKDtCCS4fqoZctgJeWvarR,
DLgkzhJdvRaduKTnB1VeN5d2JEyfSvdXz8ayxvnh8WF7,8M2cKx7ZxpWUh9gVHonxESLHpj6W9hiXUyrMFpNBGgKh,syncspace
DLda2kqwuqbHfU1FnDvqy9CqVRt94xCMam4ugF77EvPE,6BxLPmHvnFjPFLP2GV3U4Qn8YrD8zxCK3XdBzdGanXAs,
DLYAndQNyiTdALwag9WcyqmNnHR8nAh7rL3gdUiPB2Uv,ULHzWGN4Gay5u8TTzhxDcGSYQZsVQLKwmcehok6VNgV,
DLXSVkbmWgH8gVt67ofSfp6uN6LUQduNUZ4PYvvfUAdy,HLQQovWxjd4XED8vzCUyyz72eaWW7NJd5MdE3iv1L2iL,syncspace
DLW7wry5UxJpRcxmp9igLFk9cXzeDedPZSNn2MNQCenQ,G43e2oSgeTEaxN3vc9iCKUg2AXaNhfs6KtRwoxgZ6qdP,
DLMcfH8dafNTV5fVM4F8Te3mvjPvfSEXZjNMhEt2Qgxs,auryHMdwKGnjU4ZBjtacvARm8DcAVgEzYDzzJvVFfE8,
DL5kodXQCvMtw94P6hgYbyDp4oLBZYFNyLVft9ha8YjS,auryHMdwKGnjU4ZBjtacvARm8DcAVgEzYDzzJvVFfE8,
DKxQSPghcvkYaaG8ZdefnQUfsZpYBMjBreycEjcUfXXt,7wvg6g7n5QJa9r4ujVGnafy33rx8aPq5nY58out714YM,
DKwZFW5zX1QZczbCiXLXTCRmvnpQGo3oaKjiYYRmR1up,8gpJoXXcYHKKe7ZVihEmP99SRAkqEmbsEb4Qr5fqFQga,syncspace
DKiZnkxkU9Cpk541HFwjjXCU3bECy6XfPaTJ3aiPnPwo,2aXemWsLnCtX7fYj3qzDt8ypEvvHxnFvods5zS5oWqyv,
DKcB3HRmPaRrGk3xoyafXkoeXDpAXunpsAo4QKfFQdiD,zGB8sWzpXY9ifTqxtnYqugrWGMpM9YMf15xC84NDVKY,syncspace
DKLPyP6CL1wVbvYToAfdPz6EvKpzUXkTATUF52DhtaKr,ADqrk7MYjYrSf16cADA21mMkTTXf8DfkmEGbb8Vy6WHt,
DKGZMoG3ARTQ4U63kmG7xqxBR8VjW4BtNihejJ1niSih,auryHMdwKGnjU4ZBjtacvARm8DcAVgEzYDzzJvVFfE8,
DKFLoB7tw7EXjy7xLUwB8RG839HkMCz2vhRupMh3wTKJ,4qYWqy7eVddKcykU7XtpLUrKYdF8VtPobn6tUuqKhWtv,syncspace
DKDjL2mXcewMVpuKf1PoKtU9XDFXMRPMRCk3uB2Tz9u7,SeJ3rD99FjT5PtEbYcfHvbt1fJ6becwRaEqh6xxyQCC,syncspace
DKBf37qK5oLe2kSJYXec2hxMibR6xi4vreJ7jFiKbmu7,Cz9ZSoCfQM37tzHPNCCqwohsU7pHexWPNBo3K7kcx3Sd,
DK9aTiYeG5heMG5r7SRqiCK69Y1c48fHiyGMgrajAqXH,9f2Hr7iBt5DskgF65wDJ3CY4Ra3wF6kDMPJB9oyCJ17S,
DJhTTUrmo7WLtxAR7mWNY4vDk6bVV5oYX3pD1fSqGGnh,auryHMdwKGnjU4ZBjtacvARm8DcAVgEzYDzzJvVFfE8,
DJexraVyLqUwQKJME63QjT1bTgY8q11HqcQuNJawksrf,4Zau9nbW7L941htVJMXzPo7CDrnhnSeFyoTkZSDHDi3c,
DJeDsJQ6yzEWgDE3SUj1TRnxVqmPkuDGyfaxNLawCZen,Fa8TzVCkeQd7ZMcGNZEvC3kvSKtxMymdv1gCVZoPexuW,
DJaUFL5ST7HGeFo3R8QW8fQhs5uyRF5ABuFbhrioWz35,AjuPKZEcVHE6JFwN7j9bk6ySicZXjbfdB5vCH87xqtnL,
DJV6zu7ES62QxrHXd2hxC5HeriBfhc8TTnpdPyzaLz8c,BZWbW52vYzDHRNYHSPQ78WcHtZovHzRSa43XY8rtJHF1,syncspace
DJTNp7ZcefUZ4qjbJevTznVM8ov8xLgJ8WupUWza5PqD,ENh5tGAAvc1dkBoQbQ7nkiMPm9yBc3by4ttu9KPSTRnr,syncspace
DJPRRzCrscrT53hDGBVQuT1TJntuhzsVJBcvYvFBdHda,5wceam6f3i2PNykKQkomeord2dhxsmyTEaEFxVLVaegM,syncspace
DJLg7TCRtEgBNayXRZcLeeg3W45GnM3yCZkx13WAAYha,32RggEqh9uhyKbcpDx9VmzDpWWBqUFfV9ECR1NuPTLZZ,
DJKA4fEtmx5XDNcxkheKgzpb9DEDs5HfeH5FBTj1kHMk,ADqrk7MYjYrSf16cADA21mMkTTXf8DfkmEGbb8Vy6WHt,
DJGZzJiYYRK6xZeNi1CDhgM8PCFajv4wW1NUKYBBXfRX,1337tpZLSSn3HYgcBT8L8BRMETNAJjFWv1aQec5QwhUd,
DJFtGH1X914haiF7NrCCbNZEmHZ8hnM3phyBybopyduc,6tMR8UKEPPcKDbLx5F1a7poY4JV3vhmKN8p9a4DtC7LJ,
DJ6ZcMxdCvQTBNpg5FUxKZ6aEp2JF2WRMBjvz3TzFfKX,BkfQEW3YMB7bSnrFUigDi7YFF9ukSDQxdN5xM1a5xVKB,
DJ6VExNm7LT71mmBqCZ55dVwUpQuRfEiYAdpZszpWt6p,G6GGrikfRZQoYRVD2H3tFY9GkHuozQobEy76HVZbsL5V,
DJ1nbmMXvcQTma5eFwwWWuokMEVKVc18borDhqyZ6sei,GdtmgYPv6WPQ4jgWb1tgPz7mEKmadsbWgSjfNA8oWchC,syncspace
DHu3LQmuHCsd2XWq1BYqBRAtCkVvyX65T8MLaekat2mN,5Duz22nsEJaSNDLf8eZhhZCjgipJiyEbHPxyUmEjZpeT,
DHff4vRh8yvbYxCJeqbVZgT8yfPSchVd5UQ13dXnMoHW,99HGMJZ1KPWLPLo42K6aEcXWCbL7LJEG4u12tkmuGsiU,
DHcVzbwq8JcHujF2fMo1gkW8cRwwV2TnLa7UMn9eWuU8,376hh6va9939Z4k3V6QdU8NiLXZSKsrSUP4MhNDGz1AZ,
DHZQovqXec7KeCM8gbQTCKrr7mQMq4Hc2qbnJLAZFbt4,4eVcByLcXGavuwEBzJuyPGH6mUzrJr4u6kcdhy6ZJEno,
DHSXmsj35GixzhuCGWzjC4cfy4Q5busu2p5YmLTAPZms,4CUWMjAzNb26YVYbBCwPjFgVvcWWBuYTmka2eEcza3Vn,
DHSNrYrfX8TUNoQf5LkawBnXP9ULrgbrC8xxP717QYz7,5k15YfLg5TmTeVUAuxpQgK4r3Dzuu9ce6RwmKUdtDXYH,syncspace
DHLSF1dhzhRdw8LWQxHBV2E9xmfSA3bRFstx1KtiruAP,88gNHWScPbq75QunYtRi84YqvKwJZ1cjmqrF7chp8VXo,syncspace
DHDhgJVH2LN67jazRJPDfrHHvkrPN4Nue9Wu5QgvrCxN,26UgX9WSX9vadYdgfcp69nkYK6mjgfkVnHkfkGCyyqGh,
DH8xijRU6wzzfp92D8n5Sztc3nsWctGeAjRraBdS5zwA,6BmnZ6VG8WX2QXzBasVEXqgXPutzxvwvHpUMg21Cpz5h,syncspace
DH2vUJqBsAafi59iswc83wsxmaKz51fvcZCA97w2jzwe,DGafXXd6xHAfnYTGpazQkgiG7uFZ3yFisZUUgeiYzA2G,
DGx46nU6xHpbW324acRTfAgXSx4LNFA8ud5A5ttBhqXu,88gNHWScPbq75QunYtRi84YqvKwJZ1cjmqrF7chp8VXo,syncspace
DGs8aTAYVmThSdekE8x2Lb9amgzE5SnuDaNj6v2ePKmF,6BmnZ6VG8WX2QXzBasVEXqgXPutzxvwvHpUMg21Cpz5h,syncspace
DGjCVpmCFK9pWuzPodJhWApqLkqtvutJcsC9csYi6enb,DbfP7vkdu2A4GdcL1jcquA8s3VZgbrtPEA77VWrVcpyb,syncspace
DGYfMksNuT17FYawc9KeqJGpPiF5d3THNUvN6P9zJaii,5AysHo5vYHYcqNaJ4zrKKf7aRFfWXCCtQ9gdPLfpudfA,
DGJTBKQw37MPdHhBEhb6br3z5bGCdczzcCBKsEuhEDQN,BUN2LbXVFskgBMU6Rj3in7nHyTgcm2xohQUckadwEMxt,syncspace
DGEicv72wcxjLrKNxSCmY72DtQHb3Qwt4jwBSnWjbMHb,FHbVUUSthmyFC1vt87pVcN51GSirxy2NAu2P3cQvUs5E,syncspace
DG8YxPd8uhaVzHoLDbDAJZeghC6zhMr27sh9FiDQiate,6BmnZ6VG8WX2QXzBasVEXqgXPutzxvwvHpUMg21Cpz5h,syncspace
DFynWbYPeWgH7VRMx8CJukppR8dWaHNAq3wFHhZJr6sP,Hq23RE564UaA9WNxMmT9Rtpr8RFUwaYoh6XrGnkMoUAc,syncspace
DFD6SVy8SF5AjVJWRqKncerexRUkk22v2Rsc19SruxAp,9geAQN5txZyzJ26gQBREnmrkQdPVBSqCm5BexrRgqVHW,
DFBRndCHAYAe7FYh93Qb4pZCQeacomQRLZek2k5fSDx4,FChuv36w9Mmdp5Pqc2SetdRprh8gUDmWMb4DHyWBLqWr,syncspace
DF9kCAFG7rXhVN2nLv7ezeS3WUsxfQZNryB1YdqP5WxP,Fzx2MEY6fuwjoL1g4Mh5D6dcxp24HEcdZ1QsrVxE5sfs,
DF86fHQeNe91ocNRwnDG9vo15eASKrQc2y5YvD9vfM5V,G43e2oSgeTEaxN3vc9iCKUg2AXaNhfs6KtRwoxgZ6qdP,
DEySELmrrTdv5E4YZYNxqG4wb7VCqm89mNwnDnkYMCKr,GLzh16EqPHsmFoP9Eyxw7ViZLNKx7zNT6dtvtcsHFUyo,syncspace
DEsBhpAwVCNJ85B3x8ut3uNo29SHnA7tohSnZd44KPpa,88gNHWScPbq75QunYtRi84YqvKwJZ1cjmqrF7chp8VXo,
DEnHxMDkEK3d1Z6vwwVNGYfnfpNgdQyyPbFhQWsZHL4g,4U7tf3ChxC8mr3KHWnkV2bE2ogBJK6q8LHLvU1F9BhKa,
DEdrCncxiKtAywCsMGjyGFVYSLX7MxQrmq82urWEoPFE,8uxLwxmdz8mHdhY5K83cbNJVNcp9XLP9Ee6CwKS3qV6t,syncspace
DEaAEQqm7Kt7z5kpvzZisytcn8fmhTTEQnaxpFTTg78t,H9VMybEXEgGRMFBn7YU8payQYtb2VtUEdaXiMSQ1ecyy,
DEYz6JpqnTihKZNDfP3DRDyURacADCWXguuzWB4z8mZG,FRnFVoakjCChVX5DSSfoyKtTqod36uQyB7deXqNB7XYG,
DEJHqifs3faEwmQks2a4QxD4gn1QohjvPmJHF7DfpUGz,3FDL8YwuAwCgwY5mx9CnZjiBXkxZv1v9U8AAfCV74X68,syncspace
DEGy9MpS9vwdfrkdYNeqFAj52iwP3QroxiG9tqvn2A6V,5wceam6f3i2PNykKQkomeord2dhxsmyTEaEFxVLVaegM,syncspace
DEDHo8UcdndfmtTX5YRsXU9QTZCi2mZxVYKyvB2PypjM,5k15YfLg5TmTeVUAuxpQgK4r3Dzuu9ce6RwmKUdtDXYH,syncspace
DE7orK3o9M3vhP7qt8Eof76UeRD8AEPqP7f6x5P1d3CH,3ijwbSGhaDDU5jusKYU8dbm7GW8Y8SjQ43xjxrPGgY6H,syncspace
DE33TFBqHTNe6BUUCbB6azLvsMCx7gUL4jhCd16UawqJ,88gNHWScPbq75QunYtRi84YqvKwJZ1cjmqrF7chp8VXo,syncspace
DE2x1bSa4KJffRwUtwW86k6fbCmk3mHQJuGsL97cDSop,zGB8sWzpXY9ifTqxtnYqugrWGMpM9YMf15xC84NDVKY,
DDxn7h4wTDbdcWdCr34LXPxbf6MhfojMEavmq8VYnHVN,78UMMaGc3f9WbjSme5n8BTZ4x5WqUMaTbrMrLqx4Cbms,syncspace
DDv3FhTVseMCPakxjgiuN4y8ZXp8SS9FW5X4h5gDjs51,8xaKTB4GehLc9nvJ1gLTCHrErU4TyZTHME4X9D1tjzry,syncspace
DDrWBjgXTNPHQzCN8yM1i6o69GDxV34d3aC9x5Y2fpc6,4eVcByLcXGavuwEBzJuyPGH6mUzrJr4u6kcdhy6ZJEno,
DDicx288Nr5CAXU4qFFNuysH22k2FY8vqmQB94Yg7Yf1,AacS11e55RboHMgWtHG8YAKZ8my4rr2zgJXLUedW6yDx,syncspace
DDfdP3J3CN9eEpH4aWVSrSWYMG6cuY5GtQZ1j76B1zcR,AwcbpyGPiNdPrtoBd8UpyLNF5EaszrhXoKqcqqDoHYp6,syncspace
DDbrivwoMZGY6xXmVponSn8sGHtkbvFTE4wQ8UMuZPdj,6BmnZ6VG8WX2QXzBasVEXqgXPutzxvwvHpUMg21Cpz5h,syncspace
DDbKTmgWoECgkNGXTtuSbNa78mJXwuv5zKLsZwr2eTVn,3xfmPayAefmDToKruJNFrtEZWQwGLEWQSGJ2rBBb1xMV,
DDXHGMFesTrCq7qi34LVuKSPXcCDzpWtZyHffUiGAtrB,3J74V6SaBRuaEshNX9syi2Vs4KF9EXVAMWpNkZtKCfdQ,
DDVJ8YpwioGSKPLMKZqP3GLqRnndojLrym4ojoPfH6mY,5hcGnXQvysQahcBP2rqVmxsXgnJeuuz91iUGnJBSH4Ed,syncspace
DDCuQic2ik3pYut8qmw36Q2cyWw2Xn14Z6egYSYmrGX8,GBQDZHHC2aHpgg4xvcxCxH6YeWP6dgZfWtGmqJMxgkqm,syncspace
DD1U3YjpYZ7bvBYw5gbayxqQaP5T29KHp5h5EEitTCBj,GZCn9bLvGm9sYV9RLVi8gStnK7Vh9VnCb7G14ahjL6ge,
DCsb6Qzrhw8SxPqjHJgZHzhdpjUi9rynJucmBxDveexK,H7vbEEQBARVaRwET7WdqT1SQQejVApc6pYhQQuybQQvj,
DCqxWaZprQEWtJgs3RNf9tbghqVUo3Hh7A3m2J39TcSF,5wceam6f3i2PNykKQkomeord2dhxsmyTEaEFxVLVaegM,syncspace
DCkRBFxmNXJhqziN43qeXfh6LCmAHjpt5VFQdfXLfwzq,CDMcHw3Q3L7L4ZNZpWiFq4m1NpKnUbx7xwRUtMZbf3mV,syncspace
DCiek3Ep3hpNk4WLQV2e9jZ96KCK9pnze7HEkyjU5K2P,ADqrk7MYjYrSf16cADA21mMkTTXf8DfkmEGbb8Vy6WHt,
DCYJG7NRdarKohyLjHVEha6sWRaDGW48XWF1LKqq8z4a,EHqrDVgVUvR81S2EfdKxkngpVkxLfjnfY6fXFWn3pmQv,
DCUVJLbpcqp75UDTW5iw1pHNGtJ4814Nw8UCGb9eqxXu,88gNHWScPbq75QunYtRi84YqvKwJZ1cjmqrF7chp8VXo,syncspace
DCM9z8Qbq5ZjjHTSdh4TPPdD1EJwbLUvbB25FiBKUbzc,4yJT8yitinj9QLsJu4HFqLm29Nf2maqQxaG2HTpuWshg,
DCKSqkE6E3Hc6X6d5rFgG6BWUzZWrWdQaX1QkJzM5qLb,88gNHWScPbq75QunYtRi84YqvKwJZ1cjmqrF7chp8VXo,syncspace
DCHhnbV9xUFnCWVpDuLZQZK52vxiC8uhPE5DQ1eEou14,E2Jb9yEJb3QqKKewrgejaT2fVG7xwyjaeFt2dc1ufyaX,
DC8wZuhL7MywGpn5RZ79sKiBnvpEpnTizgAvQzurBpUj,4U7tf3ChxC8mr3KHWnkV2bE2ogBJK6q8LHLvU1F9BhKa,
DC4kiZBx1ptc3E2W2KspbpsFpdepEeY8NXsSAsLB1jsk,9CSh3ip9tb5DqEqxTDRG4K3sMgvZkzS5hc5tKd7vy9tj,
DC31L9o7PudTxPEwr2v8Wqh3L1EJMUbtMMvx8PpbxghB,71HtZCnRRWaayEg9HrSoSmfJMwjsBdNiqGhGShCBNLpp,syncspace
DByhXkVpF7DXLJYaSg5YiT41ZhUiBAmYqGtSDDgvUDrU,CB8Pr9uzrrFw8BFnCqworH1wMa8DsmbSKgUNwVWnDGrL,
DBxgyJ2WuKGuFeiHgg2qFjo4FSvbdYK9Kzy5UAVyaeN8,Hr8tLX3B1CYni75fqs1v6VjP9WQKnfVRo2brxhT2N33k,
DBYHbo3jbBkRmKZqsJ8QtNCk988HWvbx3hKuTEikEtjs,FRnFVoakjCChVX5DSSfoyKtTqod36uQyB7deXqNB7XYG,
DBXPTJrC974QFyF5HNZkjs3KdT4S5Z5a3wV8cdrLnUxG,4VzGFiQuD3TGb4rgGUmCwg2iPzjziwZ7bTP8Pfmun6o2,
DBUwin2tHYckocXHeWxcwjmge7DwobK41C7FZeNumg6a,CB8Pr9uzrrFw8BFnCqworH1wMa8DsmbSKgUNwVWnDGrL,
DBJp26DmqB1rRacDkMr4tsi5rSiisFfWspVETjibXpzy,F5vaA4a2dZaUnJD7vUx6CuMnTqYEhmZgYTQ2Zf5Fw94G,syncspace
DBJiq7xdz3JotYBXh8zWmTc2C5QrsEcGbjUWUtbg7n9P,Hq23RE564UaA9WNxMmT9Rtpr8RFUwaYoh6XrGnkMoUAc,syncspace
DBDEL3oWBj1ugCfW1znMokzrEvRPWvnLbUaDqydmqeuX,36LtA8oXX6N31CzA1ryT1EuaGt6MfEZM9v62DLwnNQnW,
DAs4qPXGWahWs6mKGy2PnbYavj26H5DQBrN9YEWHwi3C,GLXy5LwscvLKbEysdkDywyFg1rBQHb4EVQF9F8BQF3GG,
DAriNUsNpbJjzZN6hjNbQgNTFPxfMD4MoFYdz5VLuGTB,5K7sCs71wBb2RHiNwUjkjrgqCtnXadSWmiXPwkth7tSj,syncspace
DAiGZ5Y6Z9nxdHP5yvF8zXocDryU4BgucBVxp1XGR9uA,D8iwNWsfRkg6oNy7AyTevRxNPGUKZZ2oixoqLiinSSor,
DAh3GeRQGa5j7XRy6DXUALSUqGZt5M49dCKzJ1HYqG3p,5JydwgqwoLzz9Gab3SArwxArU1oaVRjcHbJL2iC1iRki,
DATtEKW5bit8n2eSpLDC1oA7LA4Q6nmdWvdiD7PpziGR,eLNe9RHsuAMgxtWkyaBQBkY7t1ckLs9FsGvjfEY1JWy,syncspace
DAQvR42sfCYXjGrz5NewSGp742mVxiMHsW1bC3kkAAfd,G43e2oSgeTEaxN3vc9iCKUg2AXaNhfs6KtRwoxgZ6qdP,
DAQiSQD5RsCqHf3sbQ6aQCCYVTyZzwaXVJ2fwiarBnrx,88gNHWScPbq75QunYtRi84YqvKwJZ1cjmqrF7chp8VXo,syncspace
DA7bxCjNmVrjThwhH53fey8DKVAtqixRGQgwf8ehpbxG,8fvG7uUPru83hqf6YUbbftqWf83EcGiyVbbDDTwxtRF9,syncspace
DA7L9VP2oNR652jZreudGsgCXxx4ZF2YquemWi3DtB2i,AhSjtnQM4fa2ymyaKNKVAeNa8Nza67Te3cVqLH2ZAQt,
D9Vpz2eHZmaojmkwMs8RTRikhpAEPLbMPw3o6ZUU8YBL,8BXx8o9QfJ2CSC8DMynxmTQuX6xyMtgjwBdWKf4UbrqM,syncspace
D9TcCVYhpLyFCQnMw9CHhU4nEAKiHJbNWigi8jzmZhbR,8eftgukXbf9Y1f2HCM4PfZqz5HmbDqNhc5VEKuVoVtAF,
D9PsZFBqB3ZrunQxqDrhk6EQ9jbSmr2GpSoTTcCs4j45,FRnFVoakjCChVX5DSSfoyKtTqod36uQyB7deXqNB7XYG,
D9K2xuangvqMzb32KDBHEgxbQgaCAMk4gWQLZZyNqtUo,9ZuAkjidZRDa9NHHrQAhrzJSvev8sPLBVv1j5Ye6M8Fn,syncspace
D91j8AvsaJ1BC7D23DAYnJfcoBghGUsuzU2TyoGAVDby,DWAx2zGB6eiSUKpWrVNNHCMHch9xYcQGyXTu5P6STCCU,syncspace
D91aumwKwNSsMuGr9aTJQLZz3Y7SV6ZN8etQgdDRKpPf,8XdhxG4P56XTqHyZnUS2xfL7vWATLgazJE1gECKLkBDw,syncspace
D8yKL21bEbzcuqxWuwTmNw1W2ibs7z5d7GZdTrgjtQ17,DTUVLn3orb1TEpkBmhZvjJ5fSXFU24RAnyscu8p4ELsg,
D8wn56HZJEuc9gLorwA6TRBNpdyR7MuGaSotPn4pqBub,EmksakECKCodAve8ryEDdaa8EfSNPb1p4CCRJ9mPdVtB,
D8viqY77ZUaaJZRTosVVDwAFJunfEdwFSHntTWNHBu2o,6BmnZ6VG8WX2QXzBasVEXqgXPutzxvwvHpUMg21Cpz5h,
D8pC9DHFNYTf33SkgtMDqZoCyniBL7Q6eXkqvG7XAhUL,6QbNvgEQRSTRDHHxpt8Vwe1kUeNiatPYUsiWHrvP2Pf,syncspace
D8NoK1yb8G1NEcPAiLQsmJa2t9BXUL3UgYc9EXGLTQaY,CASHaa4PzBAYiy9K1qszEHp4a2KSmNmCWboEYNXVatTr,
D8NVyF2CgkA6xK1iNqZmJwNoFFsj65J7CDEVFsbHq8yw,DnkxUHYP9TTqNkEEjsz35VvZ3FfUg9tLEVicdBjmRMxk,syncspace
D8BL1vrLtLmFxYHdod1YUkRwByXHbEL1XfyDZBeMBuer,88gNHWScPbq75QunYtRi84YqvKwJZ1cjmqrF7chp8VXo,syncspace
D89fQZtP5JZSRmguheHLG72TXw9EqvzbX5w4mnNAkaib,autfyCR5psTc85smVAcGQajFT4TC8xxPPH1wvJu2Grr,listed:tensor
D7oaY8Tm9vXcJwsvSjbYEKLMtT8PpvxgZgpVgTGPD42L,ENh5tGAAvc1dkBoQbQ7nkiMPm9yBc3by4ttu9KPSTRnr,syncspace
D7dAHHqAYcjL3qw5UhMBthrn3EbWmY4zzbz4yakirvjc,9qj66zMkDdUBFw4GaAwKBgyyLfYRt1Ax5nmQGjhV7Lya,
D7T7Z6Yroa4HoTHjJhSGi65ExTeGJFKzUhqentp1HoZj,556kPughmPMiVSMDeX5fJzH368T2C14YMLRANXkpB4tM,
D7StDkY1oWejkRvUovuFFQRovUpuLvqoRdoFM1s3emEs,5wceam6f3i2PNykKQkomeord2dhxsmyTEaEFxVLVaegM,syncspace
D7Srb1prWGKz6YDHutUgjcQwhcrNnYJkwPutg3HFrFHs,xDycW6Zsc61YS8yhZN9xC4sTiVU7rNbbuMbTnH5exqs,syncspace
D7R7GzHV2vkkpW6yvQgDeR8ZznKTYxfVNvY9EtKsgj6W,FaCHBb7R7mEp5oQZcFuAPxtNb17kwMCUrVJ5zLKrktay,
D7HMn3kXiaU9Xwwma3SLDUPQ3uYxJoPwS1U13u8QznN8,2Ga6hzy12f7oFvS1zSYvUmvA5fLWiNP9ep5q4NdruTci,syncspace
D7GBFPzJa6YDSmWy3uNXfHyHJeDSNKFeWbywTGi8peqB,6NSAMJ2gGuyiqXgeuTEETpqqRTuEb7iqnuwF1jCfrhsp,
D79ZCgBvvJpMk5eiTpzQRM9ZZdGXzAsyuW5hn9wWXimp,CiS1udKWfC9tQqMLE2pDCryHMUyoCaL7PNWY3hm5o49x,syncspace
D6vqx3Z2LjaVzmJVCkK39Cw2jnDRnbT5bSMUFEPXkWu4,GW3wWJv6KE9dFYSBNqsUsQosyQYx3eHJQXPaSoNR8CTh,
D6tbwNqHGgRg5t5YLVrP8QjNWZbuDwEbEs1sEGdfBiV8,3gZUPooozvuWVL3fKW98BFJP4TMDQxjBjbwaqAJwhXpq,syncspace
D6rvkb5y3818JDP2ap8DZBD5mDNuFyxRx6PipH7wn3pE,88gNHWScPbq75QunYtRi84YqvKwJZ1cjmqrF7chp8VXo,syncspace
D6nSUaVtJiGdsApGgFb3DPTchSxp7Kg8cV3FBb33xCqy,7T3CxnY9LYagZvL86VUyToNhzBZrVxXAP49d97BkAXCg,
D6mgDMhm6mA4rfgWjZTHS4XzYfhmfFrcwvEx4D1U5UAg,78bcZ8rsdxntYo7jj5TNcyq2yaQFjA6u3w9JBM188JbV,
D6jZMNM6fdmmvEF5Hzde8ZBh2DPpzXFNfFkM2HZ5eUNM,7ajKJAWsGDDr7e8sX8D1YPuLSfySY98uShpTCWNKBSkf,syncspace
D6igngqhad6ysfdxf5NFizLrUHmCh1ahfG9qd8bnXP3g,5wvpUfFHp3Qi13qssiG1nqiKhUdjBHrFaUhtVV8Bcv7E,
D6f8FCDTR6fFrRWj46PQzav8p9cfcKoCfvLsk3eTE4Yj,H7vbEEQBARVaRwET7WdqT1SQQejVApc6pYhQQuybQQvj,
D6b2amxpNCnREoRKJvMynMEaqEfkN1hj5E3CzMZsJsws,8cXSrBVJAYKn32DEDoh5tMYZX9XYxWMm1j9MCcBfivJt,
D6ZS697wm2W8bpnd8cZtc7Q2Sy5Lh12XhxrA3FKvyMfw,FRnFVoakjCChVX5DSSfoyKtTqod36uQyB7deXqNB7XYG,
D6Q7xUWimjLTTAEwpNXQxedtFUQxE2XFcMpoND1yCmv3,D3sBcExcavEiEvEXxa8irMXsMxp73A3dBVbiAWiDeFNs,
D6K6i3pFku4Xns3kCp3UCqUeBMZ3DZELsBaV6DSp9win,HBu3bL1WktcKJVdtboTcDB2h4PXrDnEhNqb7GYVMiSA4,
D67hY1naatJvkxKPfRHsYGxG94zhNSxZrodigCminvMa,9XXJ4QFUteAEvRVR5utNzysp9DrtjvSzdyXQdTWWpAD9,
D5zwfKc4yBifBHjYmMc7vko7VbuDE9qexce435GyoNNP,3py8w6WyJJNX7aBxjA7tGK8aTyUK7fr67BK4bFJJrCmt,syncspace
D5xUX93CPfZBJSi9KJpTSVrkWRyVQ8YfZUUa74rVBxjW,GUB2oPv4ZPG6pPGT42EgG5gpYAcUzzpTsGBEyJXHkUo8,syncspace
D5rJMz267yGeJ9jL7FbvZwdRQ8wbniMbd71WVXEqmcgv,ECSJD55DczBSSJVLLs6aHB4Br4szXV4TNep3HbeQbtLQ,syncspace
D5pPZrp5nsCahQSAcYZ8JxTfAMCvu5wirHsmdVZx9o97,GBQDZHHC2aHpgg4xvcxCxH6YeWP6dgZfWtGmqJMxgkqm,syncspace
D5fi4rgmsiJhWadfRmZdJv4guN6Xk1jKSeUimG5xWEm4,U4eAdVcEckAXoyhzTCdhTHvtTaRWWYZBYsr4JspuLc6,
D5drSQJgPPhUqn4sFfbmLtDuPsQ94CFT72wtopABxPBP,HSuhZTFbjs934LDbM6PV6bMAtcJsVXS6nZEgDfgqahkV,
D5dYVQ7LQ8tadibboy9NSvXHYh2HuesJg8nk9MTHk5qt,G43e2oSgeTEaxN3vc9iCKUg2AXaNhfs6KtRwoxgZ6qdP,
D5biTGZWuKPPifUKM1WRdFGnMxkQzCYHDhi4wZzr62rx,4gP1B27vLvA8rwPnCFEf2F7HzhDkKbd1XmC8UuAK72Nh,syncspace
D5ZJwneA1jrXLMnn3C5wakoCXV5N2Vo8jWiETYP4Xoeg,HCbFhQ9YZ66r6WWu7Yu9CXSK2KU6nfzEKQxAny1555sC,
D5WGVKSR4b8rTWwvqwWVfRmYvk5juoYYczigj5C9Vqfq,27cqVQgHhizcv3nRsqKVq24QiqwgirdXMU8iC8sbP4kh,
D5Frabh3KvnL9SBU3rvTU4efuwP6qe6dxH94WCmRu8X5,JB8RmGPGYLU3RDtnHUu1h8mP2yDr8VojXRUD8KRbTJTS,
D5B7TfBprVujKtkrhfaUk4DeoYZN9QLRucF4V8W2xdbZ,376hh6va9939Z4k3V6QdU8NiLXZSKsrSUP4MhNDGz1AZ,syncspace
D4RAT6GibPrJSssnELvmHRMdbowibtyUJf1eyRcUVpo5,auryHMdwKGnjU4ZBjtacvARm8DcAVgEzYDzzJvVFfE8,
D4LzVJA1g2AxuNDq7kcz6vst3hFpy2AN5AAE2sLjKURU,9pRyBoTvsekUV3ycQmSJtqULrYb2Dv8HFcSdLWNpzGdj,syncspace
D4CYHbJF5vF5ko4QZ3D2ic2YyXLgHoobnoQYo3bsiRPR,8A2vh4YicVc9TPbzgvZz3hn95t4MkWTn8RshR2i1dsfB,syncspace
D47HswBE5aKtYnKu5zmgB5posguoQxx2X1sWAqU5C6mx,6ZV8Z9J4LC6uU4K6RqSBij9uF35vfdWwzJoH8AdDQX2J,syncspace
D3x9fbWhxF137tSqyn7eU8PDjRryhABpRVhZb1kr9HBb,Aujv4MD9UnMzGThrfr6nMnZW6k1TU2RRXG1JabEb2NMC,
D3snrDm8tT66pNdp3djfBJNUm7hoAonMEYmJC11vMd2S,F5vaA4a2dZaUnJD7vUx6CuMnTqYEhmZgYTQ2Zf5Fw94G,syncspace
D3rrrDf6XsszRGWfZdjLC4PhtvSUajeJEhMUzqvCybxf,CtyBYvDMWDq6xSr68Bg4TZCSkWwH4QdSZ7duoSkAj6jR,syncspace
D3rgbCsdqFkK4AaXDU5ZiPtCvM8keaFYhkfEfVQVn85N,BxMJyY1EsNoWuPgfR3NEDZ8xxhYpn2eSERgWUjxcoztu,
D37tGtXYaenwU1ejFMSmvheArdehNUakYrJGDdC4UjyR,FPNMQhpGtXRdh4LcMBQs35KZsGpwQYJDRicPgD63gUj,listed:tensor
D2kvZ7gEDzjawsCQw1KqdVNYLjs5R3jN8sPzJi3TmZFF,2uiUyGCfP9A7LnUcVSPfYciShC6tT9mtaYs6c9HJ8tHD,syncspace
D2dphp47R3B4oiVn3N4CzXxuG8etThQABgD6wud3CMHK,FRnFVoakjCChVX5DSSfoyKtTqod36uQyB7deXqNB7XYG,
D2ZRYEJjT7SL2PhY7QKf6azdWd2BhevjLmq4F3ShdSYg,2VQA3FT8tWRPgiwVPh2oKm1JTA44ocGspKn8yRZRvXiS,syncspace
D2WBC5JkivTRRCupJKPdWnR2tjA8reddjvTif5Z4Dr1N,9QE2pSUnzF7gTKnSSQqKfBnVwVvTo76xrkccsHYbMr1p,
D2J83exApgUu26YZd31wPFwjJg3Ba9j4q2ep2vohCryH,CqA42zXaf5zXk7EW7jtCLfL2uH1efuB9GtTfjfJ2hzoq,
D2GSdRAfrokSxYQ7939tMCrGjWZQQQ2xCBM5vqZgjPwj,5sWsediccJMsGTayzXtKWKkAaYLN17KBa78otHRrFV2x,syncspace
D2FDYZz4Ziwb8uGXkVzCSFRpotb2SCJeaF9vGBmjoJnA,AEQ4qTvKkV8BKgpYv2pRhwHHHNbKP34isp3bHZGSXUAq,
D1gDgyB2f65F1GbuZpCjENqxggrxTNWokUFhVLrzHbbs,6V7SFR9DBWfQKDdMdhHHszN1K4e9XsRKD6fby26WWNfh,
D1co1vP6gi2eoku4PvLJE9KQz4Vz9nyN3DK7CjYtpLq5,autfyCR5psTc85smVAcGQajFT4TC8xxPPH1wvJu2Grr,
D1YntJXDyBFSoBTSheyR7a25pnkgMZsLX4ZRCVRJSDtT,DvcY2B6vEsMUYi8Xt1aGLsuBpK5ELikJKYkKRMEKabiV,
D12VsdTJqCeq4rA8t2qutkUe4ZZ96MhxP14m9cUMEd7o,9CV9cAULPXXQD64F3dXM3w2RudJ4hWkm7FcAkSUwspKX,syncspace
Czx6LfMy1Xiw3QBqquLBiCTKgBhPqtsYiaNHBhpkLwQ1,3aA4uXSxM7RyS6Vd7S3GUnQsBjPr8T8uEodasynwGSPd,
CzojdxES7rcdkRyzAVmVbf6RCP9E9mHJP1MaMyjEK3mb,BcV6o6pKeJNe9dq9QLusLvtgDD7CnG83uGbNznXqXfjK,
CzkwFBVggFSQAchUyrctSf27zdphgSDtxDbhtz6YnS31,DHNHnQowiCFmX8MeL9kzuqPM4MLjSDnhCRRaFtVx6wfV,syncspace
CzYerYXpkpp4zhk2FSWw3S3nyVwYTucJ5JwkYr6xGda3,2t6mKnbm1iDFaKTJYKpDEebPBF7zh2Wa3Xexqr7fSYL9,
CzRPVxcTvvj5fWRG6F3cEs31YgiBirFi5toww6zqyGxj,3ehcWaw88JyUaymKwr1CMwYWJQx3xA8WK4jTbibc4NUk,
CzLtVrsbhBrkjPDBbCcRJ3uZuo4mGSuZbPdxK2h6ga7D,78Zqg71dBn3N2BV6SteXpgoTotRmHaBKAxPjDtsKtfAL,syncspace
CzBasJAYFQAXhUYUd3XXuSSXVhDHWQKo6fbwyCsSYsnN,EcxjN4mea6Ah9WSqZhLtSJJCZcxY73Vaz6UVHFZZ5Ttz,
Cz96MDtF9iebd4izrm7umRuyndGnyxBqs9FcBQi3k1Ms,CqA42zXaf5zXk7EW7jtCLfL2uH1efuB9GtTfjfJ2hzoq,
Cz4cMmPT1HFUP16PmTptNpL8YYtbBWrFLTSrVGFSmskd,4U7tf3ChxC8mr3KHWnkV2bE2ogBJK6q8LHLvU1F9BhKa,
Cz1GEHqMNz2E7DYaT27GkXffptWnVzB7WBh1Q9dcXmkG,7DnqWV1732auGkzfKgNxzcEHJfapX2GbwZ1w3aqoAN4z,
Cz1DS34tSnsZ1NqQu5LYvketxgkqZZam4tDfFRdEe74K,E5ETMpSXjxXVm8TXPrEdTuP7hrXQSdXN9e3HHkNJ9UaE,
CyyQwAhmMGvWfN6SwJLtFEchTX853Yz6TDXseW54RLCa,G1rTKbU9TwsvzL66Pevc3CwZH1sGyEJP9fyEcnVGZWUd,
CysJ5ZXcFrqgQmNNxAhtpNbgRDnxtiX54exjjS5DhntA,GLCJXEf7BmzEDhyMqiqZyfv1VgzFZZvSRHREdEbscQVL,
CyqTwxpzpNpou4G1MboLpm1FhjaRsQEeBMiULtRJp1j4,CtyBYvDMWDq6xSr68Bg4TZCSkWwH4QdSZ7duoSkAj6jR,syncspace
Cyjo1ztwzy41idNKgeBH6q6kqHYuV3U5bGoaA3WZzM6J,9XXJ4QFUteAEvRVR5utNzysp9DrtjvSzdyXQdTWWpAD9,
CyRRBaPsV9obpJjUdvybkPyTbmxLLvAPbjSnogQ6efKT,H2CAfKakYfFuT5oEZJwtAmgy8ihPncv62iMYmQXFG3Y2,
CyMKgBhRrcWyh7RJsrDdWuP4htEjGBcdnhozvN2HwofT,AwcbpyGPiNdPrtoBd8UpyLNF5EaszrhXoKqcqqDoHYp6,syncspace
Cy7f1cSXKV9SsjFUS3fXT8jZP9evZUZyZZtVa6KAmmPS,BxMJyY1EsNoWuPgfR3NEDZ8xxhYpn2eSERgWUjxcoztu,syncspace
CxcTT4n3JWY38niM97zF4LzXW331xUeKtmjhEVzQoi38,CrpkV8QD1QSKtshBrWidUHWn1tadS1thrsTPV3k8274G,syncspace
CxQpQr6UJu172hmsQZHwRR2z7b2gEECbBvSD6kRfanRk,9AJV4YNRFSWv4DmcbwDsGwD3HrcUTsfpqwy9VZjXjJ89,listed:tensor
CxMqW2dEzPkXv6UJ8qxP68HtzWpWDta6VXexxsy2Tgve,5k15YfLg5TmTeVUAuxpQgK4r3Dzuu9ce6RwmKUdtDXYH,syncspace
CxKSaG78hdqsxztQR61B6kgQExR46G1wtNE4kZkChKdL,aumuHzMdUFiFCvJ7kk1djU4CViSzxJk3FjXTXgvdNZn,listed:magic-eden
CxEMTuYf3vhQ1NdvHikvkqw6MsHZJjRq23Yb8ZywQodp,auryHMdwKGnjU4ZBjtacvARm8DcAVgEzYDzzJvVFfE8,
Cx35fSPMPoMpSB9DPesiPDA1bjaS2ogsiTG8Yg8xdL1n,8xaKTB4GehLc9nvJ1gLTCHrErU4TyZTHME4X9D1tjzry,syncspace
CwxBzP5A9WhnLqUaJQNB4fbg6mF6ww6krJCmNHCi1Vw4,G8MNdTyHMBPmgyoBwydoBvYJSxnY9g2Mi6JAEFAXcEvC,syncspace
Cwux4EJZ81pYs8NVpo7M4dst6AwBtyEaWUStS4j2JZbo,9QLWAuJcFKSYkBhhbfKUsxiSaSsYePDBhuuGcJoYwpJp,
CwseiJv5zwGzAnUh3A6Z8D77dJV5BuAP8hUHpEHrSpJp,BxMJyY1EsNoWuPgfR3NEDZ8xxhYpn2eSERgWUjxcoztu,
CwkR7WUdNUCdAih1UrYaXou9GrSt88cde3bKndz1gK7w,E9BZ5uzyP8Uyevet7KEGHrH3hhraePKBvbmzCWCAeDqT,
CwkHhVXm6RWg5dKmcjJBw71Bg1FM3kEyY8acWj4pEHXE,4KvPGBizyuyh2B88YTiVfh8xQyAz68QN3TwbFWeao49o,syncspace
CwaEo16U9un6s1Kqx25BsAZtiksS2s8hVvgvdkbN1EwN,Hq23RE564UaA9WNxMmT9Rtpr8RFUwaYoh6XrGnkMoUAc,syncspace
CwRgEkvoRAUWJiFyCPF9dG4cNAzEkxZ93GsiaLiDdqAf,4qYWqy7eVddKcykU7XtpLUrKYdF8VtPobn6tUuqKhWtv,syncspace
CwLeyqFuqwtz7svEoksT38Bsp2XBy7JCaqSYyEieDwx3,9qj66zMkDdUBFw4GaAwKBgyyLfYRt1Ax5nmQGjhV7Lya,
CwJnVUzcQtVvyvNQ4ueDHJfAUHjnqG86abzzxUjyXdvf,4eVcByLcXGavuwEBzJuyPGH6mUzrJr4u6kcdhy6ZJEno,
CvZpe4ML4JYJYHha6ocP1dHCkz9zLdNJK9udMhAGUBsJ,6tMR8UKEPPcKDbLx5F1a7poY4JV3vhmKN8p9a4DtC7LJ,
CvTcYMXoSZdTG3UXxmfmThhCafSyKCwm94PLkXTJp2tj,87rjHzw133wKAJJdYM8uEy8G5F753oDfm1eXBRneeRQG,syncspace
CvQKVKsJdR7WofRpdzGfT5uHBYJRhyvVgs44vJ2t8zJm,8EL6hE48c8MJk33vPQxFtXwZFESVbqL8AsNYU2SMqURx,
Cv8askvLSpNFdM5278sw5vivfVqnjpXf1RU4Mv2S5AWT,FRnFVoakjCChVX5DSSfoyKtTqod36uQyB7deXqNB7XYG,
Cv3t9bfpEB8Q9ShVb2RCVhsHe3W3s2rRAbg4meHxnubB,2cVFhMv54TXW2NmnBC78J2o4BpkySdUqJjaogsfUVxr1,
CuzQgLUKr2QLBNqiGYLU5dusvGN9YY6AfBubbwx1QFFF,6jooth3Hi8nZuXpMFUzxJUSMFsQ3L7MSjDNwJykZUkhv,
CujHaZcyXyymL8uRkPwP9KNY6Bc7jTpNQwxQya58q32K,G8YnoLiUE8pH4N7kEmZQ2365LbwPpGtBgRkXD467csHD,
CuXKGyEzt1RPZ3Za4jyfWij3Vz51BQSQTHqSucGhf24b,94WygoTdSBoQJeF1METquW94eU4oGZ5z7B33jBjDS2yR,
CuWuY4DoFDtJhipM3d3qMuFUB8jJSmCn8658DENveCgg,7MYwE8Aw4hfkZtbkACexTu6TLTPLEUgMT8c2ipHh1Aox,listed:magic-eden
Cu5qvwuke8ontpyHzcM6yrm5natHVZzomCsE2s5FnSnW,DwS7fBD4fF2Lf8kEhJX5dJzhxJChXhiCAYA7gpaJcgJY,
CttF5rLYiJcqDTrG5rWr9W1Q6Qzthjbtj9v2dwqqR5QK,44r6uKc6UDw8y5oyALa69Y3mrLusvpZidggGNGqS2Qes,syncspace
CtqC7Dpx152U6pizZCNdsnF9spFEmFwYojoxFV3b31Vz,9fTWfJWtMDCZrkch6ebCxfpwohWpjQmhptR9TQUuq5SZ,
CtmgQY4hREL2xdquozZzZuJgMgcD4uSbVXuSXgWE7bHt,6kxWyJejKbK7VDADJhiEKfMafsjLEXGeDd5MMWzVx7b7,
CtiyGFt15n5rXamP8ZPysufWR2Ln4f9gEbnNvZnoiZYh,5k15YfLg5TmTeVUAuxpQgK4r3Dzuu9ce6RwmKUdtDXYH,syncspace
Cthx32ykTJTyvYiS97bFxSLbRHAjpV6j9WZZTT8S851Q,4jgMAwL3wwqkKV9rBpiNHGNNVxeLyRFM4pd7dpLjDVLE,
CtUQ2LGyP8id5iA3gbZQMpbBwuLH3QvZqnJn9u9ZRcp6,EFRrTRCFgYsLXBgPabEYLkoiDEBpzNHy1j8QTFLC4JYw,listed:magic-eden
CtPys3mUEXQUDGxW9j17RL42NmqbFJ8QifsvTvHY5Y4F,AUrox7sHx1L8mxEPrNqkVjHa16CXQ73UbgZtZTNPNLjx,
CtGysKRJt23N2cjdbHNdX7W2DwdveYgpdHSH1a5dRSSx,5sfWqXkNq4nmSxo44hKTKE2FCaEkPqcf446jpeyMoWoL,
CtEPJqWssk7bwBtij4KjBkcLFgra4mNawQaEAC5AZ9xw,88gNHWScPbq75QunYtRi84YqvKwJZ1cjmqrF7chp8VXo,syncspace
CtCULf7gA2Mba9cQ3HGJAeeXtXbvjzWt4dk4cttjP8jd,aumuHzMdUFiFCvJ7kk1djU4CViSzxJk3FjXTXgvdNZn,
Ct5baoBUpkio8SjgYpPJ955MyexXBY59hVmDN1EwSCTG,AGDbAELFksW8AfD7Gv1knGypoZ7HWr7uQxgPJ3Qmg1TA,
Ct251rc1Gk6g7FvvwuLd8sTwwFJULaTjH65cEALTVJAN,LH1eNxLgrMSvHQFVtcx5Uwzx3es6Hr437zrswBsAX6t,syncspace
Ct1HTKvtdikDKE6a7J8ZTBbhz3yhkCQXtTAYRsimypcG,Henk9mbpq88XkRdY3GddDhhmF7Byv11tnQJEx7nES9pR,
Csy9CppaRHQBT9C1FR4FxrmqDVFNrYMzxxhp1FKd2Sh7,CqA42zXaf5zXk7EW7jtCLfL2uH1efuB9GtTfjfJ2hzoq,
CswcLGqYVoptx7KHESmDDSote3de63gQKccUpQNAeFUa,HMCFyf2bmyBCPC2GHkDYxfA2Z139dLCQXHtHpeyKPsaT,syncspace
Csp15EYP2Ex9RKxuxoqaSQn9yYNKJWBQBkLz3J1M7i6e,5HGgWxrrM6XRLmnxEAbgg6wmyA9jQwiRt3DAJ7H4MZj,syncspace
CsUUERK1ahG1t4aUNt5ZFuCkekikR1oSe56Na4EbUi2D,D8iwNWsfRkg6oNy7AyTevRxNPGUKZZ2oixoqLiinSSor,
CsQwbEhziDgAuazDJsMjJCZyohgT3wAP4CJNbom96wAm,FRnFVoakjCChVX5DSSfoyKtTqod36uQyB7deXqNB7XYG,
CsLdg65Ddcg3gmYApZz6X49ovc9G7B6TC5CVqi5QMpU2,4eVcByLcXGavuwEBzJuyPGH6mUzrJr4u6kcdhy6ZJEno,
CsKS7QRjXF5YdtwGGaV5at3kg8r8pB8xRbMZXHkhsqZm,71HtZCnRRWaayEg9HrSoSmfJMwjsBdNiqGhGShCBNLpp,syncspace
CsEPuzKHWXup72yqok12FAMJGYqgyqunveaX9VoFLqDo,7SJtmLVTMASsqh2ewAYNC73YkUgfJn46SbehUV6pMPaq,
CsDxHSvJmyTTLwjLVQGLEvqqFpu12BbmCREWDzQ56EUx,5k15YfLg5TmTeVUAuxpQgK4r3Dzuu9ce6RwmKUdtDXYH,syncspace
CsCaHgF8CpA5zoweE4oywxsAXRAB143Qqsawuyq2RmAC,5k15YfLg5TmTeVUAuxpQgK4r3Dzuu9ce6RwmKUdtDXYH,syncspace
Cs7qhzhNvjbZrp46GNJhsnYydmcKN88o8k781ZmSejo8,Ah8dANF9AwwZxixgjhMkcUKveCFLYPR538bnWrczXjJD,
CrvRku68VSQbuionbwobNBW9UKyTKxeg7TCswGQoNiZY,AkHTrLH3yCgXJh31Tb8UhQJxJKJFDpUND14ZfUzvsRG2,syncspace
CrpftapLxuRsgMPBBB3WmxBS2aenaiLuDzUo2nPpR16x,H8RPKcE3PWtL5VJXvq1Tidws771wMfnaH3RSQuaNK3Dj,
CrFUUSdTc3QxxEAS698A8oTGyKjGjSHLyeGJjxVzjHy3,CiS1udKWfC9tQqMLE2pDCryHMUyoCaL7PNWY3hm5o49x,syncspace
Cr2ix27gDCM9Go1SpFmN8hTYC28tgLZ52yLDfrZh5rQX,5dnTXTJvTp35GCbscS77np2782MwN5uYr3DzYqQGZtWb,listed:magic-eden
Cqur46zS7xpArJx7No3ApKA9CGGHNYgeQfZUHR8ZA2Sv,FRnFVoakjCChVX5DSSfoyKtTqod36uQyB7deXqNB7XYG,
Cqn91Xc9FRDxEr7wyfxRf1LbiCYbHAexpRqE3uJQ5bGX,6V9BNyVcENRQC3TsZwBZFrCHPcm8A5Bv93taJcCK4Jyw,syncspace
Cqkuq5UT3gHY13oiqQA4Cwq3VkxS67BsQ26pCXLwb3E3,autfyCR5psTc85smVAcGQajFT4TC8xxPPH1wvJu2Grr,
Cqk72ypUJxBQjFiJaueuyvHHAQRiGApZ3KBM5mZxxYPZ,9h5ZUmewepPUFsaPW2ND7bkvX62nZZTuzY86hbYMHS8m,syncspace
CqXVauDrD5RfDSLbHSDzJCYQtx1LAvwRxVvk19UwHosm,FCe1QsCGAa9i5w9SuPabrazVic4VpiQdgZZxo6nyBPqG,
CqNa6vbCss5Sc2hrwQ8npHkjtctv9uJtVw1sEHytrQ18,auryHMdwKGnjU4ZBjtacvARm8DcAVgEzYDzzJvVFfE8,
CqK3yVTVMGneaK5WBrWtvXtsdwuJw6HTYyQJ2iW3P68T,5wceam6f3i2PNykKQkomeord2dhxsmyTEaEFxVLVaegM,syncspace
CqHivmY9qJasMDanXmjUnqaAwZJMxE1ZBiPujaC8hPUW,5kz2bedLXt7u73xp1bBH9XqPagqP3dxN9EheiVQScYVn,
CqHF2WNyT9XS111oYY1xnXjuaxaKxdYi3akpJp4a3QU8,5wceam6f3i2PNykKQkomeord2dhxsmyTEaEFxVLVaegM,syncspace
CqE8rMB81TM4vkAYU644bACJwDL9J7UyeYEQaSdKssyz,Fa8TzVCkeQd7ZMcGNZEvC3kvSKtxMymdv1gCVZoPexuW,
Cq7ADhGv2g2pW3M1JdswtvGf8YfcZJPPAkAmWAaR7oRn,AkHTrLH3yCgXJh31Tb8UhQJxJKJFDpUND14ZfUzvsRG2,syncspace
Cq5WSNaUDypx6i34Fndb8Z36xbLigkxum6QUXygZm97u,FRnFVoakjCChVX5DSSfoyKtTqod36uQyB7deXqNB7XYG,
Cq3XFzQ2F8YB6zyyJLTZZVysZXfMqHgKGSn1zvEDTPKt,EjtPQYnM5AKeXPSbRVCnvcNS8R4PLcRiVpa5V1g5Kz1h,
Cpy6jkLyu8ryPc2WEtmph2ZXkb3FSJbiCwLQudcNqCdP,auryHMdwKGnjU4ZBjtacvARm8DcAVgEzYDzzJvVFfE8,
CpxiV68hpmfpztsQhr6z4GZ5ePxd3TH9qqDHMW6tfaBh,3FDL8YwuAwCgwY5mx9CnZjiBXkxZv1v9U8AAfCV74X68,
CptPcww9KEXfZX1J78xeD3Uof4hjPHfErgkUokutp4Zn,EjUGrzEwiqD25nnF2expBVL78oL2jQrzeM1knh3Wejoq,syncspace
CpswkEtpa8GRB2EUD5EMCkmvdpuFwN89hRMx9rQM49k1,9VNc9BWtBb959bawciDdqr5zU6dTDPwSzB5PxQeHBL9p,syncspace
CpruTK6PLf8NeuPB11rUz24VmpkNEceDYgLCwbkpERQA,6QAJZc6DRC2eej2DnMCuwSoZpoJgcXzS9KsLuAKyERYi,syncspace
CpnXuYrvJ8n5BwkV9VMrhEwRB2ZiigNKurRtddgGaHhe,CompuJkqBtGgNyHuz48Dt88eTBmzKgytV8yLd7osTBFD,
Cpkz11sRTugsLDRa9UYUhauXh3i8h3y1ksbK58CajrEJ,FRnFVoakjCChVX5DSSfoyKtTqod36uQyB7deXqNB7XYG,
Cpgc8LMFgvZgBzLJeLDHhihjDzWLBhZV6UREq5vQT3FY,5rZHaLDEaytQaugHj9dfUQgysskofaSJNHgx6xbRTzpv,syncspace
CpPypFALSzbBPc7bdgx5xh5rKnbB8DMZwziHF6t1tqU3,qa9ZHBMtDVxgQWE3mNBjH8Pf4CeGAa33s5ZRotbympe,syncspace
CpKjdfSRCzWPDt3dMWLQvVhgosVwJg86SDxvUAjGS8yp,AEaMxfnmSPNGCfvG26r7gbKiPVcBWdqoVth2AuYyLbry,syncspace
Cp61cZLLinzuTBCkG7vv5g749mVhcf3VoiSpk5ksH6Yw,2K482avagGyeeRKgymNsfRrR46pWXCTxKFHSZG7zkVpB,
Cp3M5uGf554MD1KVFqeoEUrFe8uLA19TNtK8FXJML9yT,autfyCR5psTc85smVAcGQajFT4TC8xxPPH1wvJu2Grr,
CoxoNBKDGsmTTRoShKp2fdYFiJHG88CnvM9jJ2a9Vn3E,G43e2oSgeTEaxN3vc9iCKUg2AXaNhfs6KtRwoxgZ6qdP,
Corzh7855hv4pFLZ1RScsE1sLg1Bw5FT3vho7YPFPvtB,5Pb54bdJjsb427AXSefktyo6pR8ZS1bk4xZbcod69JuM,syncspace
CoQQNWBQfvngZ3yxmY1haNeqTVqxumbmttkAZAE7GkBy,5k15YfLg5TmTeVUAuxpQgK4r3Dzuu9ce6RwmKUdtDXYH,syncspace
CoMfLap2sq4cnYL6mCFubkq7zC1Twm7HnRhgT5yUh6wF,9ZuAkjidZRDa9NHHrQAhrzJSvev8sPLBVv1j5Ye6M8Fn,syncspace
CoMYXDDR6YwvqNiU46MVZ9Vm5efpAayE6DQKaKpQvaQb,86xZbRkUiMM1FzP3wj5TfVHzizTWmbp7cmpEagQdTsii,
Cnyd7PyFt32bEoimohn4EZFTE1aBomtJzHpA2nxtWu2Y,ABoQkCuoJmCZa2iQjcA75jrwjGDHioinmCqe7GiEKzET,
CncfvgcMr1sPk5jre6P6SD88FcvvEVNGwVAMaux5PLgU,2yeTCeFWWcNu4sypA5k6wPqAAm6khsQUVkhqz6UYfAsu,
Cnc4grvEuKN6sKDG9X1cFhVPDVWuzaKAC6rmFrcDzCT9,B13yJfmvXSRefgKo7fqhZRAkcPgkErjjxVzEytUY78xr,
CnRCSgJ4cNF3NssEjuz3CD8eH4eFWDHg2X8Stp4zC7Ef,AUrox7sHx1L8mxEPrNqkVjHa16CXQ73UbgZtZTNPNLjx,
CnNaMjo627UhVQ5WUEjsFj6Yg8Wc4ih3zn9abzYUTBXe,5k15YfLg5TmTeVUAuxpQgK4r3Dzuu9ce6RwmKUdtDXYH,syncspace
Cn4JFdcmf8LRXLctCiLrbEDxzECnx9SZwrZB8zsEWGYt,HygcNLWeprpVHybDFwfnDvFtMCDTsBrhtHPuFVvUTxLD,
Cn1FBYDL4FkMj7X9idFPL14fcsZ7zosSS98ik5tGxbEC,CiS1udKWfC9tQqMLE2pDCryHMUyoCaL7PNWY3hm5o49x,syncspace
CmrvwbKgftATDYdZjXuzRwPoUZhKWfKmTFXhZzz7FPQW,AGDbAELFksW8AfD7Gv1knGypoZ7HWr7uQxgPJ3Qmg1TA,
CmqZ9DX1qgnQSQHJFiwNVwC9XbPAA3H8z4pHmd63pXiD,HCbFhQ9YZ66r6WWu7Yu9CXSK2KU6nfzEKQxAny1555sC,
CmovqfPmEqWUSgpEschxs32r6dgGaWpC2UF9zyQgkJPT,C4jdqASx8TDSV3LPtdJt5Z8CVBqjJWrezopkz4LLJ4Dr,listed:magic-eden
CmgKEuTXJkc5TeA28w7wfZiVVbKyv126NRXcH2vD3CDn,24mDmQTZNbQcyrZr4zWwbjgafR1DXRFPPzbDeGTg1ZgN,
CmeRq46wX1qGLxiqLx77Xj1nrt8eaKnJavkwZYbc7wiU,B1VMDi9rw7QPvFfqUsSTEohwJee6PyAMJUimUyyw9rS1,syncspace
Cmb1ZsSecgSJ4XS7rt1SCKoGqckW7yBf6cxW8W6ToHLz,GYFMpYCnMXUUt64K4rgiKn8FGKpJA5JQqxRLsq8ig9jY,
CmQDMzLNvgTz57ezFHZGCzVDnQx8RBbhPje5zHmvVsx4,9MLm6AB7wzFbtir3RbmdkF1DxdmvtfpErbsTi7WbUeiC,syncspace
CmLjg1B7fTe5UcapiK7S2JgNw3JvFDFFNb7oQNQAXC13,CBhTHyfch44kWSTgyp4gEEH73TBJeos1XCht6vUcUGHb,
CmGqZE7tjiQ4Qa766veh4BurYb8gmtC4QxNDQaqfisHB,72HfMcAeUTKCh2nwmWb1FcjQZNi6fhwx5WbHrZmmphm4,
CmBxKBhwTa6FD8whn7cFD6mtZqMa5imqKK9orikDQMoZ,7qubZGFvAfXajmRbKwbQcdP9LFJz4esQEhEqL7fgVvs5,
Cm1EieYZEVepYt54j4Gn5fA3Vx1mMMCWR5jFSh4Vt4wi,AuAsbgoy4XYR7WYMKZudWzVZrsS5kYTzWv2f67rFzQwx,
Ckq4SkbwwWpJH6nckZbza7rZzFVvKuh8yVpwJokc2uY1,D8iwNWsfRkg6oNy7AyTevRxNPGUKZZ2oixoqLiinSSor,
CkNqvqRV9ytUp3tLGrip2MPCoBtcegSefexeU7MoAJNS,J4ca2ptoA7o4VVNGMWQueVHw2EDPop4T8yZ2PRZZSkej,syncspace
CkMhkKd6TWE8fwti4S3uvGJJSZ9QtFPPpmyFsDdUfR8k,88gNHWScPbq75QunYtRi84YqvKwJZ1cjmqrF7chp8VXo,syncspace
CkGSMXUV29nWZEuafjj1GVbac6gr75vNraXwEUyS2wHw,7tNbxVqiWNm1TwQovrVXwJ7pBrQKAWGbAduF8Ddxjnz3,
CkCaPnaN2eWUiXwozeNaAxpSaNqCcbDJLeEcxWzVNBBY,AAhXk1rCEdpeoM5h8mxm3vNKgS5DPiyEUqFrKtHjDRLo,syncspace
Ck9wLJqziP2xPE729zVJrLa7k1eXtiSDj8jANK9WZx8e,5AysHo5vYHYcqNaJ4zrKKf7aRFfWXCCtQ9gdPLfpudfA,
Ck8eKLvYjMg6HHJWHQuNNM9EA8UH7BEzEKUeLBYEANJW,GMgEcQ7bLNQurDjFtFQpuPgs2z66omw5R8phMVoD1kcf,syncspace
CjxuDPsCs5j3wgg5gwauNFkxgeofGNffsaXszS54ekxG,8afte73xjjzP7QiChqUPbCPL22eDG3yGcEkgmQBeUmvh,syncspace
Cjwmb1Pbt8d6xRxBZQTm82G1niPmUpPSxvYCcQe889Ee,CiS1udKWfC9tQqMLE2pDCryHMUyoCaL7PNWY3hm5o49x,syncspace
CjsFxfavJKM4xEVkywaEmAVF7R1hYuZzELztGZs4kqRV,AtE8MaYtXok5VhhLrAfrR5sLY3egzUStY7ySxTVo2h1o,syncspace
CjkcunDhyAXLcZ2npgAxCZfk8eeQYChc2tZxsSEweg62,A7b5JoSpdLjBiC8mnUrXtKmWfxFv3gPgB2E1Ys2PgwB9,syncspace
Cjg8kmwiA3vrjGKvFysK99q9AWR8wxVkxh1Ue1imxweQ,GNAukYQFieUryRnf1TPrEVXRwJ4NAXeWzhLAgBmv5Yjr,
CjNRkwET49GfSbMqoELv1ZUb3yeoA8ze7EGpucLtt8Eu,8dfPz2HoH9FPx4SotQRJomNUFLLZky5GoVJv4eP5uQFy,
CjJD2Lo1vr8wzGappsyfF5HvuUBrkXrurj6EVJPweAf3,EnuYMrvP8urzbevo4wczUF6rr8sDwWnRR2y4udgm3Hwo,syncspace
CjFXeYUwXnD8AuG2FZjnf4juxm5BaedsaatuKk9pBKCv,72SaPsgLTsWZ49nSVWYtQ2h9LU377swYpR4giBPqAuNV,
CjFPRVMY7TtuhFaBjUdvg36hRdaVPXCsSrt6sHmB55Ms,HtWmR975FXTDLfSFHQDuysApwy8NfVPH9MFGZr5xHR9p,
CjEHovwcPzqTnVpMRzFy1i6V3tWupb5MqA7BeLJXiqRp,58GLpJjg6Zm6PXdEiEDHHpKC3McfncS4AK33Vj94cnnC,syncspace
CjDRLs7rm6TJDWJTUarKuGNFjNaUwdChMEMVxZdKBSZ4,FPNMQhpGtXRdh4LcMBQs35KZsGpwQYJDRicPgD63gUj,
Cj9FYE7bC7hePLwvbTV7HFQhVmBPfYRjq6NEF8z7sitV,DnkxUHYP9TTqNkEEjsz35VvZ3FfUg9tLEVicdBjmRMxk,syncspace
Cj3DspisJzidwUPJu9xacenVqCbiGrYCGH22f27M2osU,Fzx2MEY6fuwjoL1g4Mh5D6dcxp24HEcdZ1QsrVxE5sfs,
CiyKKZytRu1bXMikBgeGBziDDFTWjVK82fpjdUyFqZ6G,Fzx2MEY6fuwjoL1g4Mh5D6dcxp24HEcdZ1QsrVxE5sfs,
CimTwK4ZJGpt1MuLPEzBB2FHRCBQZmpgH7Gar1nkHPSK,CBi6YAtKb1Uoj4BMtv7JsuaeJzM5fHWDbWU5zqcJTx3u,
Cim5ZSt4tPUUA11VQxi7rMvrcxhJ4ez8d2NSts6umZLG,4Uj75PzHAQ5asqwq4Efs8vbyxEvh9wyAw4PfBv32VADj,syncspace
CiekdMk8ghtYKM3Fy9KnN77eCCcNAy65qmWTnSDFNRQS,Fa8TzVCkeQd7ZMcGNZEvC3kvSKtxMymdv1gCVZoPexuW,
CiaSNbv2z4weZzGoCcNqEkLh2hAxepTd78VxgTb48siX,GLXy5LwscvLKbEysdkDywyFg1rBQHb4EVQF9F8BQF3GG,syncspace
CiWSkFeVVWhBvvLKj9mGwYNwadXksx4vaY8gVKLgQSAV,5wceam6f3i2PNykKQkomeord2dhxsmyTEaEFxVLVaegM,syncspace
CiRQ5CFnUyqbqL643CCcUELS7ASZRJxVhZUyaE1QABQe,4eVcByLcXGavuwEBzJuyPGH6mUzrJr4u6kcdhy6ZJEno,
CiGAzK9FqKfHepBRpmwHEZp9YuNrqX57z7bkPTYSW857,7aKxZg1aoLuB51JUw7fruF77ts7SWoB7pcLBZKHZMynr,
Ci6485F7Tm63jmy3MGR7CB1aDQukeJEJwSNgkH49Qmwz,auryHMdwKGnjU4ZBjtacvARm8DcAVgEzYDzzJvVFfE8,
ChxUKhczuXuv29VE1HEbxL68X2k2bgf6yofDoEe8EXjZ,B5kw2cJXR61a8sRJicYkFP6TnxikgY54TDrjqizqscH9,
ChxTRb6NnND6E43b7iwXaDybAZRf4wKPX7pTZStxiVs3,5rxYfsXyfSd6yzutGXj6jdC2eVBawasTMXaRqAenFyWh,
ChosprT2EbqEC5hgKzScjYFzsYN7DXDRC6ymVU9Ax7Bm,HBvKBYH8pT9HgvhEV4V7nASvAECaQUpKiaUiumKrJnF2,syncspace
ChfUpTqzRU95uyKEvkB68VhCmG54cczq5UoXX7zVE28r,4eVcByLcXGavuwEBzJuyPGH6mUzrJr4u6kcdhy6ZJEno,
ChbW6Szyo81TFp5EemkrBgggaY1694RbHLuE7zMrYEDS,CGw1zb2KuNajaZhiPPbk1M1BtWCjWhgf53BouNmGSgaq,
ChSnxhqSxMUgnCMfbFnPGBeKiie1jeLZSwQcREieesow,55R8BKeTDByVWfsBGAKybrp5gxppRaYQ5tfiwnSEZVgN,
ChQm1TmMUv7GNExkBHVX3PCrhTMxDReuEN5jiXvCAydm,9yruC1cumnyZDFu3kTosWG4seLmZgg7QVrdqLsXGXCup,syncspace
ChQ2KaGe6Fj2rMrQZgLqBP5Y1tsnAxWuahozzkZJTSRP,FRnFVoakjCChVX5DSSfoyKtTqod36uQyB7deXqNB7XYG,
ChGoBgBEw46QwiJWbqq5Mxo2NB7wQRNXHWArQaV5xxBY,EFSK8BUpND7hKD1XZvkH1fdX98rwbepqaTyHiBr1nz8L,
ChCqzCzFFfAmmEjLSVBFoEWoQ9WwMsgroyWarbhvLAaR,BjQp8HZp2tpfATAQarE3SbLVGpvJm3S8iMrdZLYvyJPj,
CgokGYMBh2HL9H3N2KbDUSesfoLr6KhMqMbu3d4rGdAJ,2JMiVZnKKXUxLQSa7HeomPosFqq7y17udVdWK9kMZ2e8,
CgmSU453sPfaSb9G1UC17LA1r6TKvpCHPqNJFbtTCqdw,31pAidoxZASdKHEr9591gkaZV3adfKrhv33KKX4iFk5a,
CgkGiXLrbFAcytRjrPaLo83uQFPhhJsPJjeAUBUG4RwT,6tMR8UKEPPcKDbLx5F1a7poY4JV3vhmKN8p9a4DtC7LJ,
Cgk1FZJcE2Y8dXyypTgbev3HhZproR9xh5pyFdoeB2uu,7JekECAt7bEfQ3U97c1B2wNWAdaoK42pFimqwap52RRL,
CggWgoLNoP1v9wH6hk6L4BnoRVivVEboCZpp9S2C93ih,AqZgiYG5grHj1oivJwgs5XpMQZRgiJPf3wnqjHtxZtBn,
CgfqaQiNFJhJnKoYDakKFgKqpn6xE5BD5Vmp3HPg2GCu,5EVsxEci8FocTLnyWgpx9jsojZKfTzrNqKTACFJ4z5Wf,syncspace
CgZ2LeR559TPbLPrBEr3eRe913PqZXjZTSfzMEcnH3wi,AbPBdaV4HX8kr8UVpDDomrLFXMs6HZV2Y35Mj6hZUBth,
CgYt9BHYZ28J5WLbQpgxFUyWCPCHCc5i6kwJtUakVojh,FLKMwtAACZgNwoSy9asWHkkvyNdtXQs4ZKdUzJAbzm4g,syncspace
CgY78DcjY3nz9FAN8N9h6xcZekjQi2o5gaXQY5QrksYx,A7b5JoSpdLjBiC8mnUrXtKmWfxFv3gPgB2E1Ys2PgwB9,syncspace
CgHatfJH3KDev5t2Khz5NMZnKXEuczbkXoaMUWnhc6wg,5sWsediccJMsGTayzXtKWKkAaYLN17KBa78otHRrFV2x,syncspace
CgFxRF3kD3CtEtFaGBekvUWRoWBETuFqHTNE2j7yRqEN,8tpsUHn1AFZQTA6fzC5qmv5rAPdWESD2pGmNSdmYncYU,syncspace
CgD7L3PhtstPshCErfZMkje9612dsrUxc8iZnmTr6EdX,Ge4TZf5EhyhucdZmzwAauzAAhGSadjzq4UKF3f34HXzu,syncspace
Cg616qPELRZf1HvaqvVib2e1GqnMnUy27a62SGdDD7yo,EzWmDdi6XFkBzgvJvFpfzvS8duBkwkTSGFTiTACAA7uo,
Cg5vmqH1gXT2wVvx7UeDX2czyzBoWw3wQ8iH2pSG6cQ5,aKmo7KryFFaWicWKBHxJhjz7rHAQgdmjdJBjri5ziMm,syncspace
CfwFhP46i1Koz5shPA7zK3R4U6DCG1jAfU4P4E1k6r9A,CqA42zXaf5zXk7EW7jtCLfL2uH1efuB9GtTfjfJ2hzoq,
CfrJgqmJcUb5W2YneWUhpCdCqZGvQhPuzaVrSuc1FvSY,4eVcByLcXGavuwEBzJuyPGH6mUzrJr4u6kcdhy6ZJEno,
CfRr6kCDUQExPcFBfNsag66cYpMFAn3PXq9TFXxmvWE9,GDLL2X7fXmNe2zG2kojjcb6GF2Cy9koKCzBwzEjQspXf,syncspace
Cf5VpNJ595scZRVkMkR6g6tGMrSHM7qsAV11cDhUM7CL,42v1pCEQ45WESBNLoDD457mYtpLYR6HG478ifvtNknpF,
Cf3LQ5NCYAGzQ9vAZKbLXXUFJiuW8abrjLkxv737djDX,9qj66zMkDdUBFw4GaAwKBgyyLfYRt1Ax5nmQGjhV7Lya,
Cf37bvLcrY8n9x1bphjh3f5QsJdY9DY7sRJ6TkGa8ZNS,3VmPYoM4bo7UgwF9SHcJrb3g2sDoQGcaoJgRrSLP83mK,
CeryqhLRTEUftyPdGki9gYat5VMYEJ2UDWS5odfXvQ4s,4KgrFtXoCzEE4h5U6HVi41hmniN4RKj4NVbHc6hGwsRV,
CeRXuAyJPoC1mVZzXMTRBHbpKj4whUD3yaasfxNtMUMz,Dwjeqz1CsbrsRdMr9E4sapSq3ucK8v2fjjEWGNpagHUb,syncspace
CeMzxDHegLvEDPZ51H2t8i49sW2voeLjBeK6gb8iESwy,GwaFjiEQZSKJRDnutQjtVN688SHSA5w8hi9Y6pQ5KeCj,
CeCCJvseXpx27cJBgAKhkSvASVEMWvtypsbPZfHYXTjg,i1bq7CVWTePL73CwYCL3AV6a1C6n5fg9Dqjp6SgTJJP,syncspace
CeAvFDJsQ8zUsZ4Ldw2UXpZc6HxGQrPv7PphawGra5js,6BmnZ6VG8WX2QXzBasVEXqgXPutzxvwvHpUMg21Cpz5h,syncspace
CeANT87JS5CfhQbua9ru9W7MsWLNeWL4tbkb4US5jUuU,Fa8TzVCkeQd7ZMcGNZEvC3kvSKtxMymdv1gCVZoPexuW,
Ce669z2HE7Re6xhKoQoSNdRfbLuPjzfv1sZ2tQEsUM7M,FRcfhfbffT6qyHwQRWAJAK2PoiEQS9AEgURtXrbYexUB,
Ce1pNfYLdjizkanChfhns4PeE2LgM8JdXAstnirpXjQw,3U1kmVZknXX1Y6x6Yk4Mii3a5EL6iUbbw5x32M1z3P5q,
Cduq2hQvLFDh98aFhMMyuobHYtLe5xhdH8HgjWKdZa1i,AnpKGGPnz31HcAnebnjhttkbPd8j5MoKnqeEgv1trvRb,
CdXCLxWmxguyNZVE9KAzTXxmnYxUpUc95E7cbCH6v4nC,2FsQJELBKsjgcHmdkvMNZLnNDajepB2WhyJoboi6Yq7f,syncspace
CdVG231zuuV6LGjbof2vedQ3w5ZfASMxHZVn2hpnXPUA,FPNMQhpGtXRdh4LcMBQs35KZsGpwQYJDRicPgD63gUj,
CdT5nLXJN81fJ1te2vUhrbMPd8ggLySpAvvogGocxvUD,H1nMnfzUbBdPzw6ZiR1374h3RAvneu1vNH66wj1TEFej,syncspace
CdQ8W4Y2e9rYGM2wUqufqfvDzmbjoARtphh5FCPBJ2Kt,DnkxUHYP9TTqNkEEjsz35VvZ3FfUg9tLEVicdBjmRMxk,syncspace
CdKtCmBGDkMNF3ho92jhf5nRXKjGHBxEfzMMcbkthV2Z,3j55KjrSyyegk9r8gGNNr4Np7oQaktPr4wWh7DVu62Po,syncspace
CdFrX5p1B8i7iYZxZPJucazybDHrX9kJ4MY7asKFwxUy,J1nEjunTT4NbyvWeurejmjRF1MBuL4RndJzHHzvGPkC5,
CdEnbxRpoc9tiTeai1hsGHqPJFdm1xC2y4BmhU6bqt1f,5tMEejJNtJc4ccjcz7EYYMuEMbnkoSgAjh6vcb6gjsfz,syncspace
CdDibVUAYvFAmNZ5S1oZ7jHxuHewnxFaQzuKcyEGaRuu,BmfkkH6GV81NGQLiiDNr8PWhm4XnuvkLKWAPW2dR5eYh,
CdB9PV2o25PNnVCDf6xLBmJH5P5ZsRhv4kY5F1wPC8Cp,H7vbEEQBARVaRwET7WdqT1SQQejVApc6pYhQQuybQQvj,
Cd6nZh3xA5kNDRR4R1Nt7uCE47M1jKVUj9vaDxFWF65X,2VQA3FT8tWRPgiwVPh2oKm1JTA44ocGspKn8yRZRvXiS,syncspace
Cd2ZBf59qQ1L8oVm6ZNDsiwdS3uL8fneGmWGJE5UtiTo,VzGFW4kqAoxWqojB1QDQqUxzw8jcdkjPmcjj76f9jkZ,syncspace
CcqPMKAs6eq3gSYHL3zfrWnapzQtX9hUHqHNxLPbTvRk,CyMxRyQCgGQyBR3BS7G26Y4c3vTho4nLhDwWZHR1xKDZ,
CcpuGaRCbCFPW11YQrCuAxVpmEPfejFDeS4bS4xPGepb,9qj66zMkDdUBFw4GaAwKBgyyLfYRt1Ax5nmQGjhV7Lya,
CcpZPKvTQKnTP9kweRYxMqrpkKhk4hkM2QWMDthAzQxm,C2cVu1e2ENb32NoQ1vsqKZ29ykvjoqXrytUqPvVzMCEK,syncspace
CcpNN6wp7mCcVoZ3agvY5CEEZjghCzDEkX8VhzWhe4WM,3ijwbSGhaDDU5jusKYU8dbm7GW8Y8SjQ43xjxrPGgY6H,syncspace
CcoZWGMXBQt8rJNPBmT7wfSV5gda3MjTU32qL1ZFWXbH,25TqXN4ToREvj3CVYJcTP1MWbbi9Dd7uUeQ7uTW7pmnU,syncspace
CcZmD5bqEJ36WnC6PBwG3guz2WVagRGsQJEX4zuacznc,EGrxM1YEc9cjJQj8AeDmQJh3LRn4FrS93ZQUKj3ccjrA,
CcWWC6uxEXZixgkbNYocBkBGm373hDSQ5TXCv2jXfNpL,2Hm3dbAYBCSdoYnofVYpLrzETTQt613bpaQ3SxnKxZQc,
CcTJU1WPAktaZSVRfpNjSxE7eyBHL4S4TYH5XDxizJzj,J1nEjunTT4NbyvWeurejmjRF1MBuL4RndJzHHzvGPkC5,
Cc7Afgc5rMwLjS7Yjt5qFCNR7FHd8342gD3DHBM23Acf,HTX9BkwYdwmH3xPVAyaiVC8pVusCp4gDWTqwLwzCM1bx,syncspace
Cc4AJnUgoQdxUe7oxe7UBeVKwQGDCbqBEXDSj6U66yFA,5sWsediccJMsGTayzXtKWKkAaYLN17KBa78otHRrFV2x,syncspace
Cc331dsCTbxnbhWeVeKaVkKHgMMChnLSVaEGxqG29RK3,3j55KjrSyyegk9r8gGNNr4Np7oQaktPr4wWh7DVu62Po,syncspace
CbvabkXqA2T1ayVJvN5wjpow3dJst1Lfk6n6W57244gd,2oMrCLAwzZGwewkc5hPSQ4a88ki1VQE62zNxdTNdFUUx,
CbgvPKSErR83udBNESvXc6vBA6nTDBGqETSHQ3g36whG,4qxpyTsoAzHUyaFMZBGtkMaiMKdZ6KNjaFRAusDnXuze,syncspace
CbcSFiYKmzJPae4BrmigqWc25xjZJKpTdzvnKNJcHH4V,Dr5czCqJDQbmiSw4ABfUZ9dRjoG7c3w2zReQyu77Jcg1,
Cbc5EuC57bjVkBURM7e8NoPrMKuu6LEpPFxZTS4e9PrB,25TqXN4ToREvj3CVYJcTP1MWbbi9Dd7uUeQ7uTW7pmnU,syncspace
CbJ8GRwEJ4GWgbHvyZAYU5krE298iULraamPUgJbXqr8,31Z59M5HPSxUahn49bNkXcUds2afzd9u2K6ivDTJA8PR,syncspace
CbC6hBjRBCBshnm1D2pYLhUKeC9FctFKvR2fMceAmV9D,CQc4HLBazqotCPPFcxY7oceFuAWBiC23pV2NFmPKXK1x,
Cb79Q1Gi2KEw8poMF42wiHzs2unP98X6ak8duafagyd4,5wceam6f3i2PNykKQkomeord2dhxsmyTEaEFxVLVaegM,syncspace
Cb1B6S7NkmXE55gak8jGn1MSb5FpqtwYF3MdaWfzVtfK,2jCANQUeYxNEfJL9pUdPRGS1GJjm43LBvuxMAhpAnBum,syncspace
CarHyxGEj6V4nRqnb9ViK3kKquaEC7q5YxuMvw5UVoEb,4WqeBz2FYtdhoXcn6X1gg7gZ2nT72DD5dBi6cMUZi7yo,
Caho4fGCduAjeFstGtpXRsmDL5tqG6rtzSdn3TrppPj9,6RJvsap6w15fp49QTebAtY4BtF1qfEgJ8qABFR5opt9H,syncspace
CabQUToy5M4CgBtiUv2hvn8rmT2E4R9NVmjuoYQJWdFV,H2CAfKakYfFuT5oEZJwtAmgy8ihPncv62iMYmQXFG3Y2,
CaNWTwL7W2FYPRUM44YvysGrWTnJfQWb2cQub6GmwK7L,GPg1UBnaqBjZS2XiMfEpgWn5YBJmNkVd11HXjYrDmVsr,syncspace
CaE66DzaNq5BgX6uEQBAjYGnGkLcfswQfxuRPmsHYEvH,AEQ4qTvKkV8BKgpYv2pRhwHHHNbKP34isp3bHZGSXUAq,
CaCu2KkF7G2NPiRwuak86t7MwDthm2NaRiSrQrZvviEB,FiF68Zh7kiyH9jySvBDQdLxgUvwbTefp3b77LoLcyvPM,
Ca8oBuKeHLjk1GHeUnWvvQirLUQDphMusaEjjbZmU6LJ,7LnTrKdNu5STy7PFHi7PVFUQGCuUTgoKpktU3hxr5cSR,
Ca5o7VY5CX7hfwLEF8JYv83uoyX2j4y31s63bdrfshnM,DsH54B5KxTjnYR1aNhNp6grXAPti6hj4Eb57d1UdnoAF,
CZmsgPaB8JhBmJ4WRaXYNzpBaVpYGhEEzgzqEKwBMuod,9NgwtXjaHe36zM7cY14NLNyr4yv6aiYdBguP2Kuwzc6N,
CZkMSASPCrZBg4jSwpq7Ay1LoZP9nXQV7tBYuS9w7xUb,6LnH18SQsNqVN9BY76zCsNP8ur5XVQtKgb2t2iq9aZfs,syncspace
CZdG4VE5yK5pE5CH4aWkMhWdAo22mDKcsP9ShfYRr6aR,83fPqp5fPCfPrvT7nNcQRqncNiDRmDq7qDJ1KYhBqX2P,
CZZjGARpVTxthCmc4MLB6p8HzX3UcG4zXvrTJ7QoqFvb,3JZ8QeBTJ72qniixdBKKH1B2Q3tTAzmRPYwPg3X3DtmR,
CZYnJZheufi9tv4u7F2GkZ7MFyFdk8npJDvaU3LD2xSV,3j55KjrSyyegk9r8gGNNr4Np7oQaktPr4wWh7DVu62Po,syncspace
CZU84JHQQnsMxeDvAfWi2Ti9dFJRjsPfP6vAWinvVWSt,Fdtq7S8YZYamJqoH9dvJjx2xY1GSckdiMNA3i3KySQhw,syncspace
CZCStvFd2obTSutqn34xAjq785GGQM1diGUtENmS61vA,2eWkTF8tSBp2si8Z7LDgkswJZ1LNGi7DPU3NNjV1i3VJ,syncspace
CYzu7qipHFBmZSUmn9MAGjiKM9Jr8fSH97THJzyL1n9z,88gNHWScPbq75QunYtRi84YqvKwJZ1cjmqrF7chp8VXo,syncspace
CYz9UWDLXoDeJpVazeMzdMhh6MsAbeEueYfpUsZAxqxc,9ZuAkjidZRDa9NHHrQAhrzJSvev8sPLBVv1j5Ye6M8Fn,syncspace
CYoy2btPkhhConNyTyE84D6YAWxbaPiiXfUMVc6HGzGS,EgMvtRWEUBqppN1zP1zRnaH4Yy8hAc6o7Fqr3Re45e1m,
CYPjiRWYk3xiueRkXaFChsJPbd6qAUpP4Dtdhri4C8zd,DSfU2fpygdcxi4Hvh3Jp8a2A9tTRNmbBgcP8M6bDau24,syncspace
CYCVNSwj3SW9GRgPuiwx391rTYb2YAMxseetrzwdfunL,4LB45PUFSFhYxiG8LymYvtaaG36m8odT7hqsjq4mRt6K,
CY57wx97mUEU3YBBdTwYaEPxH2uzet4jqZHxvsswbsAY,3y5B31ZXuiSpZurNBHbcCsFTDTPHiDNb6KC6eUi9ajVo,
CXyuvtYPVn3nsFQbuq5CmxUaFw2emtkNrEUsK5Z9ZJjt,9S1birKfRJnijto4dseiN4omQNGV4iWKFfKZdH3FZDjt,syncspace
CXsDZU4p7Fj8DdTZgoZqi463tXsvFxMXDFceUQPfYX7U,Hnvv6w2rMNiqxWEytwY3KVbqH62qB1Tp1wGnif5UurhA,
CXfLfpsG2hCoFvGEtDW8hBDv3azAesPXaqZC7dzxovqX,5k15YfLg5TmTeVUAuxpQgK4r3Dzuu9ce6RwmKUdtDXYH,syncspace
CXeJWK7KfDJWzQPvMtJQqY3zHYAYJ4iXG6Za7KmWeYUY,BqvnCJrgvVKekdSR6ob8uZY6pTGrirPUmi4CbgDPh5bF,
CXRJqh1GMMKyAsNosGh5hn9f4taa7kF4vkgHUzPM77QF,Emzirej82QmpY68R6wNzEgnNJMsWUennLgUrkBEr5dz5,
CXQM3GadhMBuBzZmUxWkxuavj14Sh5d9Xgsk5zZgmcfh,6WYCNNHqfo72n3MQWHXyT6hxyj225yhiKwtDQ99NTz2c,
CXNXiJYJBBdM9BYCCLtgGqVsPBGvtvMLsPfJdktLgd8V,2eWkTF8tSBp2si8Z7LDgkswJZ1LNGi7DPU3NNjV1i3VJ,syncspace
CXLYENkLBwVxWaHYim3MY45XrRU4hHDFMtj6NKTzyKE3,9qj66zMkDdUBFw4GaAwKBgyyLfYRt1Ax5nmQGjhV7Lya,
CXGcdhepFoLJVyymMLdJsDWcpz9YnXGnyThCZkCnyMLc,CqA42zXaf5zXk7EW7jtCLfL2uH1efuB9GtTfjfJ2hzoq,
CXAqHb27NuJ1HSuW6YozY5dJpwnwKwCAS6BAbF9GTnm5,G43e2oSgeTEaxN3vc9iCKUg2AXaNhfs6KtRwoxgZ6qdP,
CWyRx2eYhgir2ie6sWWw1R5zFvZqnoFWQBvT123XqA4H,FYkyHRqwed6wtr9HiveGiH3RRZmAqeQxYvRptzm5YBZK,
CWn9FEwauHKdxeTDAPmMcv5Jf3Kyk4Z7VfFt77fozD5N,HBvKBYH8pT9HgvhEV4V7nASvAECaQUpKiaUiumKrJnF2,syncspace
CWi3CAQgKVtBRmt1nGxbLtYcgtvkVZ5rYqcAJ5nwBfw5,8hYxFkcGgeBN32atnLymRkEGP3uMYMz7tsZRWU1yezJg,
CWgumWuYZ1LA6qAe2CgnKsymCcCSqQNpfRjNSBKidGC2,HRtwRVTmn6sbENbE8HPCyk8dJXURsLwBe6RMN9GnUpPW,syncspace
CWg46NxUDBKznY4uw3ZggNLSnXoNz6eE33HorFxFkTFj,HTX9BkwYdwmH3xPVAyaiVC8pVusCp4gDWTqwLwzCM1bx,syncspace
CWd5LnVhSn6TThuAwyW6DzNKsUSQM8dnN7cyQWc36DL1,7DnqWV1732auGkzfKgNxzcEHJfapX2GbwZ1w3aqoAN4z,
CWZvpH1MVrKJTw1ouHdTBdYkBRM1JTXaWZdf4vBnJmtr,5wceam6f3i2PNykKQkomeord2dhxsmyTEaEFxVLVaegM,syncspace
CWZVWFdp8hXv9mV2sKNvnzmH8MtnqSpbZRMKjEuimDMd,3j55KjrSyyegk9r8gGNNr4Np7oQaktPr4wWh7DVu62Po,syncspace
CWZLwJU5H2KGADyAA9zB1NwjqmSsgsKyCRQBgvJeaHNh,Dav6suLg6CwdTMqn1ZYCsJfpbeUgFqKcG6AeY3th2LrV,
CWWntTDQsgaeZZMjYPtBM4G6uGondjRbWvMvsrqMfh3p,6ZV8Z9J4LC6uU4K6RqSBij9uF35vfdWwzJoH8AdDQX2J,syncspace
CWG9EiGPCRUF6APuAmio1LWZUc55tyWESa4aztyFRUHx,2nwUuU11eCoQQm3fvzw2zg9qfj1P58padLTGn3r9iZeA,syncspace
CWDJ14S9Bt5esc3LKLsn38LsRQZyaJKs1VKn4Q3RxaU9,ECrCEVZ9Bqj9EuRJr5wW1A11aV5ctrHbqyJXcEX7swwJ,
CVvapbw4hPj6hEs5k2A1DMRmmCuNwZ35GSaDqG5WFcKf,81fpQyU9ptVtdunPhb3hqouG2RFrFjGWkgSAxhdxjAA1,syncspace
CVn1HBLARk1gyRkHBKP3zTpe87M76yeuoD23GA2YTgpW,EivKbjWzMd4Bz58FK88Tyddm5agsAyUrgAQNgCFmbZQ6,
CVfmrh49AjBSKtMEnfRJ5s1gmpn9TCb8KRyEjDNR8Cyv,aumuHzMdUFiFCvJ7kk1djU4CViSzxJk3FjXTXgvdNZn,
CVZb3qJTs9xSftP9xqn6B5hLbyT9h9VYDRoWx68GSDja,EHuujbKShgCBa5dGH7S5HtsvGqPdGjMrKZ92xDiqJNat,
CVX6tJC7tANUxz4RP6vujy637fxDVG5hg9Kh9mvjrwD2,3H54g5eRUxLF9j8FitR1XDsky5VAwKfPSy4xAK628gzg,syncspace
CVUVuGAPamgCk6bsURd3bEvA3mtLYW943SboLHmbVh8R,HTX9BkwYdwmH3xPVAyaiVC8pVusCp4gDWTqwLwzCM1bx,syncspace
CVRrihHK62fnpa9BwTuC53BJhvZyaBu8fCNJdPGWX9qJ,AwoAM6WLB4Z3Y3MeCRHjM6bhPq9bgr46oztTE45i65hS,
CVQ3c8AFBNP8yrMGrYRmy56PtTNmqYfBoZrj8y8e1HRZ,CfNGKrk4uKHxVZi6wQ1Sb3cRobD2V7Gp8yA2mPm9XdhQ,
CVF9FewryjtMt27pde4zj9GTy5K2MHgFTuwFvhm9cwiv,auryHMdwKGnjU4ZBjtacvARm8DcAVgEzYDzzJvVFfE8,
CV9d3ai83kPCiaCw3EE8bcd7uSayarHE1isimNTpCTFf,jrsb1B8CkaDoPvEZ3seYnQbY4oG84kzyjkWVXTBKJPG,syncspace
CV8tdt8qu4gwJUxLJpiyZsrJtxrpodBKre2WSLBo9AXp,5kz2bedLXt7u73xp1bBH9XqPagqP3dxN9EheiVQScYVn,
CV5tmXhbD6uVWsB7bp5uqo43Czvakiy9NeCGRiaTovrd,Hj6s6cRMZSy3fhUyvYuiURfrX1jL54utE88n5YyNejap,
CV5eeJeq8bRRbSNFNkrAfqkt7eiXU8hJ8ZrG2SCqKHKd,CqA42zXaf5zXk7EW7jtCLfL2uH1efuB9GtTfjfJ2hzoq,
CV3sAyX5qyJEM3Cz1Eq9B8aH3PidP2teQCH5vF9dYVBx,8yPjC3xT7iHdoUXFSu41sgEHZJkAR3NNNRczBpSAeLZG,
CUxVmxUXa7duHAqpLxwkcMqaKwBS4pWhGS8YqWSZuJ5W,FFdP8tn4tCBNekn4DFbsD4BwZ4PyqC7nNAuF48wT6LNL,
CUgBqySaE6oQyrfWkYF8QEmoJv7kdXjCcxvnugTy6ccp,FdSmwfMtxfbzZ6A7TxsCvEhJiYeuJhVEBx4r7ANA4ZtY,
CUUb12oGSCizpQQe8DvPcrg2bsR2YszXpWwcNaPEzzFc,K5CHAxZjVi6a5GgEeVabcpW89fcBJL9gLNjTxChWKNL,
CUT3gDm6RicgLcu1oSaddEEwJzYDRRk7iSJAyfoae5rt,64cbfgVa8dRT7rGT3HHbEqHydv6Fzdgn1vc8adRbdHYy,
CU84vi37EKMcTYeaxUBUdwEbT8syN3kW8UkxVBdC5JYX,5wceam6f3i2PNykKQkomeord2dhxsmyTEaEFxVLVaegM,syncspace
CTxziyBYumHM3byJKNw2oZuivDxCR68MwyRxjwwPUzoa,FY9NAS62iqRVkjSwzbWkSLammaLLa7WMduHkKd7oc6Te,syncspace
CTu2kBKxwVi77m9WWPcEnTBHiuMqPhTd49cf7mrpFFVt,9qj66zMkDdUBFw4GaAwKBgyyLfYRt1Ax5nmQGjhV7Lya,
CTtABzQBjZNEJxa8KY2SrvzHtEUJnemZbLXc2FYHmHXV,3sKkv9WAR3MWSQqWK83mgAWRsBouy2n81bt2gePHooRX,
CTsGgC6sD3edx6MPYS5geq1k7Tkp995j3EciMY2qGmPw,25TqXN4ToREvj3CVYJcTP1MWbbi9Dd7uUeQ7uTW7pmnU,syncspace
CTnMgRHVDaKQttwQQFFMmWFWeThTt3fVu8f54JSgCAw4,5AysHo5vYHYcqNaJ4zrKKf7aRFfWXCCtQ9gdPLfpudfA,
CTkUpsD7Y7oRenpjxMuZ3u6Sed1kHHp9vEASdtBbJq6a,HRtwRVTmn6sbENbE8HPCyk8dJXURsLwBe6RMN9GnUpPW,syncspace
CTbukPEERDWRjW6F98VogerPKLfqbUV7zowL5TkLjvgJ,5PaG32ESr6UoTKPqjdsrcwpwTzoPrhWZ25pJphW4JkX5,syncspace
CTVxCEcYeEU6cdKcXKcD9orSVtiKoPwav29bJejC1jxY,5k15YfLg5TmTeVUAuxpQgK4r3Dzuu9ce6RwmKUdtDXYH,syncspace
CTSatHq7smBWRCmLW5xA6TUC9QiEPXvtXTfPE48B4qo9,4PrdgG7GZMCyHg8oR4Mj1zihj3eGWwEuXXpPKmh95Hwb,syncspace
CSysv5SAdn7tjn1zAF5QPei12DmF59cEDTM5RoJ9jCYY,GPg1UBnaqBjZS2XiMfEpgWn5YBJmNkVd11HXjYrDmVsr,syncspace
CSxerQKExyGZnYSQwmpRmKZoG63ZfNross6dmHjTsJia,GLXy5LwscvLKbEysdkDywyFg1rBQHb4EVQF9F8BQF3GG,syncspace
CSvjdN4qyEQpN6qFnVG7BJb5QTc15FZkJNvRAKGT5Ur1,AZyvzfAv3EkXkX4p7ULv5qucQwKQtiScvbGKLq9qmkcx,
CSkkfc3cC436b3bkwPXRfzSWrg51MPCXxv1QENGsrmy3,CB8Pr9uzrrFw8BFnCqworH1wMa8DsmbSKgUNwVWnDGrL,
CSkRpr4Dk4D8yZzgjkea6DsAJFVHUo2pG42AFBsNqZnT,ADqrk7MYjYrSf16cADA21mMkTTXf8DfkmEGbb8Vy6WHt,
CSgH393gUCTquGHuamqDA9Vk3BSqte7VTYGyCEAPoedZ,5Qjr9pyHaEKa3c69mKJGkuwhDwDP9PM6Hd1wsK5jADuq,
CSeDDVMFSQim3B6b82eEQshQ5WscvzEWDFjLHvQ8mEFK,7HiftbAFCC8bnVqgcG1R4YzYjxdnqLDdj59JBAPGjg9M,
CSVGe5THfh7BcPuuo43kgPZdynKBX5gDxoDtiU5zQduf,E6u5KzEQDszzaDwCydnhj3giBt4QRm2x5YaYfY49Zwy6,
CSMe129gZMZD87yqvf4Yrzh5pNaoP8DqzUYL8bRmi11k,5k15YfLg5TmTeVUAuxpQgK4r3Dzuu9ce6RwmKUdtDXYH,syncspace
CSE6F3o3VGHUJ45JyByvtxRnTDZ1UR7mR65PCcHsSWnF,8nGZDKJCxSczPyF2jjuoB3wo6nxdgQVGzNEwkJmrTGZC,
CSChbCigMaX288Rcege82X7FaDBHXeax44haJDn5JXye,88gNHWScPbq75QunYtRi84YqvKwJZ1cjmqrF7chp8VXo,syncspace
CS69mmjkuxGej96dAiD2PkW4j1iUG7xoFPTdzShbnQN3,8mdWvYHTwRdFL1af5RzzoFmp7Z3tXqRXFZrSY5GJXC3Z,
CS3mbSfFeuiWritGL7KyPdFPhWLYqd1BNkHs2driuVXh,2BwGQ5rqWDXcZ2fnixaFa3aUUWZFo4AjPGof172wiprX,syncspace
CRzugunpA5ds33WqUEMLRYpB8cireWMgjbGrohMFA12A,5EVsxEci8FocTLnyWgpx9jsojZKfTzrNqKTACFJ4z5Wf,syncspace
CRWCze42ReGB44sZpfCP6VnHxmjBpLFbXHNTNJpDcppj,Cz9ZSoCfQM37tzHPNCCqwohsU7pHexWPNBo3K7kcx3Sd,
CRRtv3CsQiVjPppzi6WLqYAQavn52UC5AnGX6UQ6f4Ps,2ysMk8fpwn74oDeqCXdGcbsNmKrDN3VxskP7UMXP2ETK,
CR73rpNE52hbBKUnnip4n245DotccLsRgSFruiWVgSmN,2zHutfC4xpEDMHq1nG8ewBfhFDuphEX9KsKgDaVmdbSM,syncspace
CQyrrm5SH13vZv4PpBXwQKfFmH8hMRGZshjmq6ihDRUs,auryHMdwKGnjU4ZBjtacvARm8DcAVgEzYDzzJvVFfE8,
CQqdh3ga6MQFgcwVpDGztwBALTm7tNMaqAvp8fwBBwSN,7L1CkFHENC75Z7ZfZFWwDwaxJKxYdeaJsQ4Kx9NK8L2X,syncspace
CQWdA1oyohkzJ4qP141x34TnyMy4vhTnX8WdejUPp5hF,pD4AYVe49FQ3ZFgHtTjACpwVLzx87JEfxtgS9D6JwVr,syncspace
CQSrj6SuvnYYhTDmzxj8Dnj7bQUpAwFr3CTqimySgDNP,8xQSMVMSwmBqmXyjsCkzbQXUHH635RsYZJshg9qk2cYA,
CQS8ysMePwHrURSxVHmYbxiwURk5HTcaTFkajuYWmBHs,P1s9JzC4p396kkiNpn1uWz7VTdjTwqNxXcwUe51UxqV,syncspace
CQKovYTZQTtRQTW6XGzHiEqoP4BuxPs5w9HjPvpL5opv,GTy35RwjSzuxKXBPrYgebLw4RXtkpW7zKGGWacuhAsnA,syncspace
CQAdjjZEjx4Fd7fcU1G4k5E5RaeNoi6tTAJF6Eqa8cCr,2t6mKnbm1iDFaKTJYKpDEebPBF7zh2Wa3Xexqr7fSYL9,
CPyvExauD1aZEwzSc2CHYxf2y1tfVRrJrf8ap2ePBHC9,DnkxUHYP9TTqNkEEjsz35VvZ3FfUg9tLEVicdBjmRMxk,syncspace
CPvyYWVXE3aPdxfgrhXQUPkQLL3tE3VXQkaw9sjWXX1r,AkHTrLH3yCgXJh31Tb8UhQJxJKJFDpUND14ZfUzvsRG2,syncspace
CPn5R6vks4KDbnxmiKyDWhEyQ4uLw7aFaJ45BtfXKjWt,2RCtUe3mM9jxmhFoHveii7kZqU7orjDdCzkoxiSK4zb5,
CPioMjp7a9HPHvJohti98V41HUQLTno5i1Roup9NRhsD,FY9NAS62iqRVkjSwzbWkSLammaLLa7WMduHkKd7oc6Te,syncspace
CPfms1Q3vHjqg9VRGZC9Q59MZbAe2hjcwYhrAaLuCdZ1,HTX9BkwYdwmH3xPVAyaiVC8pVusCp4gDWTqwLwzCM1bx,syncspace
CPbgYdZdmMMUTW79aqJcdim7TFkCGVCc7tjtBPfDmAbz,DsmcbtNE5yRUkmGKP7X7PBGMSyNcd9kpLwE1pJFCRnez,
CPZL6Dd22t4BqxjkG8tqYDCRucWpY7YPu5mLLqo7PKqT,Hg2gqbjGgL8NZDmJk6jfqskafuK2pPqccSq5FqamaTX2,syncspace
CPZHyrbhi8pKwLXPGpNmatfN7idpL9YY7tpQwC9B7Bt4,UuGEwN9aeh676ufphbavfssWVxH7BJCqacq1RYhco8e,syncspace
CPTrdTu2qHqx4MBz551cfrUYZkicgaNUDBsnyKsdy16q,GZkuFyYWttzKBPqELavti2dFJuZ5jGyw3pfXDCY8GxRE,
CPK1yQLiBmFUTSLenTDLmH8JhkwWRiEw3xWibcEVkgD1,EgE4Gn3FoV3X4oC4jNziFpSbzThUUeEMBYjDpiUzcsFo,
CPC6mwpXhXh1HBsShiuksbgZFHChh9XAarPtLi5kvDHY,HCbFhQ9YZ66r6WWu7Yu9CXSK2KU6nfzEKQxAny1555sC,
CP4r93crkEFKyRyBVFitMGwyTicmBn378UJYW7L312jJ,6pYeyCyJA5v3AejjpJtHBtiMoUt8bMmNApCRkQXcB21e,syncspace
CP1gsL314AgB9vFMttyUit8oAYKZQqF1xNyze6xukR3A,CKXpDiqkMeCTqchPNHycQJ7P2yr4jxRxhp2rhB6UgSRd,
CNxLHeZCxNhHrTNMwcopAXM6pRoRAy4iB9dPks6fHw3K,5k15YfLg5TmTeVUAuxpQgK4r3Dzuu9ce6RwmKUdtDXYH,syncspace
CNitTcg6e2EWZtjnrCUXPiz28xzJyTdZ5rQDpTR7F8wN,DHNHnQowiCFmX8MeL9kzuqPM4MLjSDnhCRRaFtVx6wfV,syncspace
CNewcZ35d2AxW8Fcu71CHyx8jJDEMCYBVhrbfwJcUS64,aumuHzMdUFiFCvJ7kk1djU4CViSzxJk3FjXTXgvdNZn,
CNXGYP1mTHGXVh1MtmKTUfpq8uvtc1bPFGvdn4MJh8ap,E6MafktJ79ksKBG3uJDReR3pWNq3rLJTPQ3VpVs9UoTU,
CNVnDoC5A9pR9MFMax2pKWdUf8utTFFR8DehzZrZLb5u,CqA42zXaf5zXk7EW7jtCLfL2uH1efuB9GtTfjfJ2hzoq,
CNTTxpnMMnVmQGBMubJYxNmtVNzuezj9jro4YPM22XBc,71HtZCnRRWaayEg9HrSoSmfJMwjsBdNiqGhGShCBNLpp,syncspace
CNRsfQTwGsN7AyqcHLFs9a8PcmBHJfinZhowSfT6oGuL,5wceam6f3i2PNykKQkomeord2dhxsmyTEaEFxVLVaegM,syncspace
CNRSj4WMHvo4H4iSyfiwXjyr7BTozXstGcbLrf6XXGHt,7ujUjB9dqKEoCbJqHKZ8Dz29hwMrumSR1gSWvs1Y629G,
CN86KbKLzMuk5xuTWhKqinPxMQ6CvvDEidG5TeYe3HSJ,CB8Pr9uzrrFw8BFnCqworH1wMa8DsmbSKgUNwVWnDGrL,
CN3sHwsGeyVKkGGiWPLcQGVbS2dhf9CwvWZ3Z3stXYws,7qBmyzh7QihqqW7BWwiGnVi5F1UQoBWNVfXnSX7p5p8N,
CN3KNfocdZ9dTMdAyVMf8ARqtp14WHxb9f56u6PZY6ru,6LnH18SQsNqVN9BY76zCsNP8ur5XVQtKgb2t2iq9aZfs,syncspace
CMuBp3ZTMU87pPUPyNhq5QLcKeSRUpdj49jXjwJSC4MJ,3ADcckP2mrqVBoTdrvSHq9GwqygwcNK5ywU28n8PKxzN,
CMoDhkLXT5L3FNqto4ohxgFTNvZs2TtQHDWhxfuiAfgx,Aa1XRhtqKcwnuz3YKHGhNaUwneeWd1HwosLZR6nvQ6Ni,syncspace
CMd1Z9CjotxhmjbRUSD3GzRnfxLZtSoMhjZBkm3rMksa,DHNHnQowiCFmX8MeL9kzuqPM4MLjSDnhCRRaFtVx6wfV,syncspace
CMZkqC98ZoFpjHt8CiRnzsCGM3e3oZozXvp5L6s8ddQj,3j55KjrSyyegk9r8gGNNr4Np7oQaktPr4wWh7DVu62Po,syncspace
CMXfZG1CdRfDPpeH49sq8EMHj8nhc12uPj438T2ShEgA,2oQbTBMgpnx9UaczjdG2Uz9FUWmB2TrFE9VKnwkUJNUA,syncspace
CMXFmmrXjSNVWJihmx6UBFUcqzbvnxcDr9C8nCJuPqZV,236byDkcWf2rDpYPZTevju2ihMtceYnbZbV5FGTvJAgB,
CMTaAJiPiCbLzRis2WFrfVsQpjSz2tS9hJKo7PRWaVLu,Ef4GXnPZHVcPYotnWVh2FkNdVEuLw9QZPX7nQ27R4Xvf,
CMCwoZJPtXX76MvjQQ8HxZPHtiLayvkDZFVXw8c9xVqq,CtWmShhjxjCfKHzkupWro7gcMpTw6paCAVAvLmW5JnbH,
CMAsikZjjBJ6Z5c5bAppXuW87tqbvAmnbn63YAL6ig3o,FHbVUUSthmyFC1vt87pVcN51GSirxy2NAu2P3cQvUs5E,syncspace
CLx4XxCFGWrpuzSjoha9yxW6sGCg2RCZJF2DJRQqcjEj,HhcMjf1dg8ysC1AS7m84AccQEoXAsMuumnG41pt6vd87,syncspace
CLuD4GTPk1J96aE1VGSczRqtciNZxFjoDiC4rn1pZpei,CB8Pr9uzrrFw8BFnCqworH1wMa8DsmbSKgUNwVWnDGrL,
CLMAsgpWKFWREU2U7GRKRYkk71spcSY1x58pjrTHGctq,5wceam6f3i2PNykKQkomeord2dhxsmyTEaEFxVLVaegM,syncspace
CLHe8F4bZnsmnwjFn4cVjxW3JTh3kg5jwJeeBrj6fpDr,FvZz7hWkfcGjcctuCE5PxXUcKFEzSjhE7YdzJnCoAfqC,
CLApNQ8ndqYyMg5NBsCYebWWHpYVrFmHQu9gCcHEmFqs,5q9ZjRkQ9yaXNWNFwCp8tyjHHxzp3fTHLCb9v4admB1j,
CKvXDYDMHuXHGNb3Zo5QjUFXUuEStNvTH1BPtVd8qJyj,6m2VvLE5UZgQc7ERYjSXJd3SqybeUcFbRBUP3gRLUE9w,
CKs3dyHEG3fhjZUfvXs4t3JY4ypAnaD2xJVkeEZ3Dt6W,3BbZPU26Y4pC7UPbsaEcGHexRuPZw15Pn8ZHDcfLWjJv,
CKqAon3NsyDbWxY8xsBWSmjmhnooYNEzkD5L4gFwtdBY,7uwJfRJoeWJtvF48rQDaX3MGYZjhbBwsTdguJsjLFeks,
CKmUM9w3QPLjcApm9mYZzNy2mebVvSCiMC8FNbn1jtJn,GL2QccW2K59m4KJgkrbr66gk1hUB6Mwir2S6MAEeDW1K,syncspace
CKjC79BmgdGyCy8vTMTXz1zNEwyVougdBLWZiW4RgiHF,7LAjESa11JXDQHfPye1JC7jvVjtYhignL8QdL8U6VCgn,listed:magic-eden
CKfyau7Me2w9JUM2JLrdaXNGg5qATyzUKP6gDnXgR2py,FotFcJG4GfBdqYUqzcsDLT8u68tF3EWMH6JXSwvqYWe6,syncspace
CKXwD3hq1spCK2m2i9oxHebEia95mWJbNjVYiXMqNrxx,292TsvDvNkBHJGHCxBuABVVTF8q2hMn4mah4ZbcUJ2kK,syncspace
CJzSY6HewX8BDzq9djRSVK5AzfzHn9y5un512u5C8jxi,3ZE4Z1nQVr4HBQNwwRKtMLZVQ6a1zadqtXmQZSpLb2fS,syncspace
CJrKL2gdBxffZzXaAZPnP6rkQPFTJfgrE3ERmrpMS473,Fa8TzVCkeQd7ZMcGNZEvC3kvSKtxMymdv1gCVZoPexuW,
CJqhxiEpvrox6yDFk5Xi8T2vK29yHGrrqA5Z63QG8TKu,2VQA3FT8tWRPgiwVPh2oKm1JTA44ocGspKn8yRZRvXiS,syncspace
CJZSxTDxNBTv3cgDKisMaCuWdmftkiRrMBxG3NYEiMUY,6ZV8Z9J4LC6uU4K6RqSBij9uF35vfdWwzJoH8AdDQX2J,syncspace
CJQ7JZcxFDVxSkyUtqWTVvwujyM5x5tFVdXqKeP7Liyk,HRtwRVTmn6sbENbE8HPCyk8dJXURsLwBe6RMN9GnUpPW,syncspace
CJHexWy2cZjnU6uqWRntXUbDJPcVHxMHNCeKBNoh6Nwy,cKhmrB9HHcmHqytNcMqSTJ1hRcuvPTTFpJfo3zrVY5b,
CJ56fdGqQVqQweifbLwupd5wT1mbJNQsUPAvR8RnmNr7,6BmnZ6VG8WX2QXzBasVEXqgXPutzxvwvHpUMg21Cpz5h,syncspace
CJ4Gp1qyvpT4KQvAmaSU8Q6upmmBtipbEFo5j59f8WLs,5wceam6f3i2PNykKQkomeord2dhxsmyTEaEFxVLVaegM,syncspace
CJ3fpevMJkzCamWcMVov7FzRbEqD1GCFasmJ7N4Zt59N,3XBC7gf1Yzcr2Ubrg6viGRW1ZWLVo6LcnZLcuyZrqwR6,syncspace
CJ14AA22fFee6eu5Mk92i4NUXkeMinLD3gzLpBiCzxMG,45CzfeUbLHsQrcbQgm8bBjw4u7L9fqU99ZMSrUp9VWr9,
CHsi8LoMdfa7AT1n2rsUTqMmChv6AhuWwV9F6tBU5bLf,BUN2LbXVFskgBMU6Rj3in7nHyTgcm2xohQUckadwEMxt,syncspace
CHm1oYDED24JsfBWP1aYdnTtXWkyUeG7adgiF33Siw2U,6LnH18SQsNqVN9BY76zCsNP8ur5XVQtKgb2t2iq9aZfs,syncspace
CHZkSJuShgKzMXiGuMp3ANAdPgiFEa4XQTdMNvXwDruC,5tPjmdv1VWzQYf22Nv843fVm5FFKHs7vWnvcgsnvEUvx,
CHJrsYPqkB7QsyCgR1ZwsV9QdTcpoZedSPrhoSsCFuqB,HTX9BkwYdwmH3xPVAyaiVC8pVusCp4gDWTqwLwzCM1bx,syncspace
CHGAbZSHXf61mPxGpm5RR4jVuQjL8nuDa2thfePTQ7fK,HwDbffgRdgtQeL18TwyAV4zFRrA7GHwqYCdNvhx31wSu,
CH96RDRN7nZSrVdpGG1Un3jYjNwtVJatSYHkmZNUgmPg,aumuHzMdUFiFCvJ7kk1djU4CViSzxJk3FjXTXgvdNZn,
CH8VBybSxMJYrE6gh3459ij1zZ1nKaWnqdrUXrAQAzzZ,3a9e7wqpJcjB7bSVJGLE6o9m4qnPjcSeQ9kPbUw6s97e,syncspace
CH72e6ukr3VyrbGXSZTb79YvXH1Eh4XtB8KraJ3jQcDK,AEQ4qTvKkV8BKgpYv2pRhwHHHNbKP34isp3bHZGSXUAq,
CGxw1f1twEgQLiCqce8RDFzJt9RZS7Ei4VNtGpaNcnog,5GzELwwPnmqBrooyoJYToeqGDZD4389ogc7tUPDYDTvg,listed:magic-eden
CGnYNSZFiNbcNNabRHdur71zqenU98cdLmgTe2KZ3pN4,Gpcw4YpyQuFwHJ3iq8HeBS5VFYXKmahVgB1CFN88ntEJ,syncspace
CGkXqzXvbm2LhSBvR8Z6tcKDACaD1SpMBpYdrEsKU3wz,H1VeB9eue7BJmKCjM7JgffSsEVMCZQu5o9xf9XELDzdL,
CGe5fjVVPyuLus4JxQB4Za8WspZvyY5V2Rb7NYktTtvj,88gNHWScPbq75QunYtRi84YqvKwJZ1cjmqrF7chp8VXo,syncspace
CGdYYW8vYVTkrYJhADwBGSAAzYseB8FysrBD14VrdrBX,3qU8auuxbDy1umXz4LmUEuADm7kzZqZyWUvoJQi9Hf7g,
CGbPjLQMbFrvLajA86SagMwJCQPpg2zac2vPywt4vozb,4qYWqy7eVddKcykU7XtpLUrKYdF8VtPobn6tUuqKhWtv,syncspace
CGXMfY1GgYNS98KrQF6yYwYhCAc8vFXCJZDcph24d1TD,5sWsediccJMsGTayzXtKWKkAaYLN17KBa78otHRrFV2x,syncspace
CGTYkPFoKRhkaZ2hWpsRJ6erF3rVaVUUJLha3SdvAPuo,AtE8MaYtXok5VhhLrAfrR5sLY3egzUStY7ySxTVo2h1o,syncspace
CGRqcwbQcRLD1z8qpstUF1Kzk2uNhUxdatEKPPaunZmy,auryHMdwKGnjU4ZBjtacvARm8DcAVgEzYDzzJvVFfE8,listed:magic-eden
CG9Wrq766ZvopTthiSQ6zTBCShnoeGmYy4QxEmqd8wr3,GxNQuHJuAjocBKejd4Bx1LFyMti9wFbjZseRfsQcsE8P,syncspace
CG5kkTgCmS3oCeTkUNPjUTcGxUVYfrazPRTVtkiD1HBa,auryHMdwKGnjU4ZBjtacvARm8DcAVgEzYDzzJvVFfE8,listed:magic-eden
CG2fGKqvQg6godt19etJ5RFfJnTnu3eFkxPa5x1Px6sv,EyQ439XheikN9zSDKimnPPzrcVKxrDXhAx9t4mgG2b3n,
CFsyuPTgfjW9MGBEDBbvqibDCBKJ2ixwUNH4Myze7v7W,FRcfhfbffT6qyHwQRWAJAK2PoiEQS9AEgURtXrbYexUB,
CFo9MVKLmMpVW9uux5LxBHsifL8nkzMxSLEUBSUeXnT2,7VVwN2xyL1trGgaKbDNW8UEQjNsozQ2qMLtNWEKtrKeB,
CFe4Bh1gyANsXch9obChn6Tp5aekidNDCW5t7xxKvd1b,G43e2oSgeTEaxN3vc9iCKUg2AXaNhfs6KtRwoxgZ6qdP,
CFbZoufUE1L2tJvr1oDMY4BdjPmH6eVw9aLjv6Q2jQLU,BjQp8HZp2tpfATAQarE3SbLVGpvJm3S8iMrdZLYvyJPj,
CFYLnnC4c9RWHne9cFVX5yk859ohF7p2vD6q11h8kvTu,88gNHWScPbq75QunYtRi84YqvKwJZ1cjmqrF7chp8VXo,syncspace
CFRdfpE7F9ydZ2iagUhmsRyYERaHoCcQ2KBDWLBRYK2t,GPiWYt3U9xofyLJDNQRrUTeAqyi4K4cr8BCsKj4Fttt9,
CFRQ6pGUCHHwqUd4AsHsz5oh1CYNcRD1qwcszq4Djnob,7fMfhKhditDthwe2cZ4TUvG5NYxBm1woqkv9AjxgbDgx,syncspace
CFP1djeL3Dtk7o8JjMuuFiL8t6dFVK76da5xsDimj7nY,oAwD8hr4BxF6rMZa8MS6nAj5rXLtGRbgySnnzbcJbbK,syncspace
CFJXqmtqJ6YdYUaLV6EyfQb92ABkHqMzRoNfmSSb7eKe,FRnFVoakjCChVX5DSSfoyKtTqod36uQyB7deXqNB7XYG,
CEoc3hE5QbyEnVDcQaZ8YAR8qjGpYfNRZJ1swhxe7irB,4dWCF9NcAfmfVk2yY9xhXHrgKxiMWRdwHec6BzPby4C7,syncspace
CEgmQCjT68qc33DStf5H1Ko8gkbSznw6sWMVqhNC1EYA,Do2zd3dJLyc3416hdhAGeSJn3psJuFoaMxFkMihFT3UK,
CEb7u3QgxkG6K3dDiyhDREozWLiAdcXd2DFNWCvFqPK3,Fa8TzVCkeQd7ZMcGNZEvC3kvSKtxMymdv1gCVZoPexuW,
CETW6VPss8rsCoHecEWp4cDrVJvZawbp5XfEYCzcz63q,5eK3hot7ieHrwRUiSCqS13TPsAHa9caJvLr9N8Vz7vi1,
CESPxE23EFr2543kG1LdvTuimRUweiqhFZQdvT3xNv6N,5eh4Svgq7zaTg2mWNA99M2GMd3NfHfYViSoSCGLVUgcg,
CEF3Ds7mAiAMP2FQoRfZEjz4kGssAWKrcdocXxgTjSDK,H2CAfKakYfFuT5oEZJwtAmgy8ihPncv62iMYmQXFG3Y2,
CED81m48Yckswk97nWWfrVWVBxXNiZAFKuMUQE5otLad,HULScCyATWHx2LTf6JsPQL2s2rBTYmDtbxiqaCj3RTCc,syncspace
CED1eLTcCbaVqBMUciqmTuHRFbmaSdGzShT2mA2YMi5X,Fzx2MEY6fuwjoL1g4Mh5D6dcxp24HEcdZ1QsrVxE5sfs,
CEBwMpgCwXpcP8nTBz1YQxBF4tF1dQfciULteHKWrM8Q,25TqXN4ToREvj3CVYJcTP1MWbbi9Dd7uUeQ7uTW7pmnU,syncspace
CE2jut5xDiBiSMBjoFXGVUZuiXYdoBi6n38eByCqMuHf,FRnFVoakjCChVX5DSSfoyKtTqod36uQyB7deXqNB7XYG,
CDywKCMZxZ6YhgUu9UMk8uvP2sm5jsjheZhSTRvJQXRN,9pRyBoTvsekUV3ycQmSJtqULrYb2Dv8HFcSdLWNpzGdj,syncspace
CDhWyUWem1troChEiRpfXzYa5rgeT4B5yQoP4d9WdQNv,88gNHWScPbq75QunYtRi84YqvKwJZ1cjmqrF7chp8VXo,syncspace
CDgLyXyYaZjcubkyieyBYXeLa1r3v9CCsP3qAoyVP9c2,GZSAjRdbFK7Cb1KYzafu2nVhziETtQhAyrYNGADwQC8W,
CDdMcAaUaigTmvFa8S6izJT36rvAqVcgwjFJhtG58rjn,6YurbRgkHJ9PzsfoTuqphvWcLMLEG5LA65Mh28G3k8Kh,syncspace
CDUL5tHa4AesYqSQxAx9RxsoTERshxmvA6KdZWFWb2Kv,25TqXN4ToREvj3CVYJcTP1MWbbi9Dd7uUeQ7uTW7pmnU,syncspace
CDGKezsqTKZ1SNmotfhPs7pRUHKVo1y5PwJMAKhYm3dW,9yruC1cumnyZDFu3kTosWG4seLmZgg7QVrdqLsXGXCup,syncspace
CD8N6xBteTPLZkShXTdmBqUnvSut1LboYGJCq3BCwBnM,D6b5oeRziNnSec48QSrKEo8hRnbXKgTfLPyx763Dof7U,
CCj7pTL7e3jwJV8bwBruoYjzdYDn1QaGVijeZhRbrKW4,Ayv1gkTzYB2kv4qkiYgBYdDvMr1wJRsVSwUhrjNeuSkg,
CCeuwivDkjeEbCK4gvg2x1rDithRJpXwahaefqUWHAgh,2i2xwD9y5BcwPmTVvRSSFuxGihB1MnFEvRmUAP56BvWB,
CCVSU7zDbNow2isKcHkKdpfMfygHZhxPa6tBVhXYHUye,uLKK3cf2KhhdfDLJsVBTgJyRWsLctJedHCypVrtMLzg,
CCSR5TBVSBxq1XQCxmQFcpSPiyUiiBMwMZ9LZdgAVD7D,CkphnqhQj7VtzF9XcgYWuEDcjywESPTqg2fs6MxyPLV3,
CCNc3qSbH32qCRyNGkGvDYHNZWEMjeR22FW8bsSC4Vv4,Fa8TzVCkeQd7ZMcGNZEvC3kvSKtxMymdv1gCVZoPexuW,
CCH6CKLoSz1AriVyNo3GUC3UdKj8XKJjYWuHDR8BAp1u,auryHMdwKGnjU4ZBjtacvARm8DcAVgEzYDzzJvVFfE8,
CCDv5nNFYBVoQ4arNDobS2mZWB7pc5F1wcXzDt371Att,HTX9BkwYdwmH3xPVAyaiVC8pVusCp4gDWTqwLwzCM1bx,syncspace
CCDjm7NKV444QsojCq67zQh9ait4TfN5rzciwapRtABL,5k15YfLg5TmTeVUAuxpQgK4r3Dzuu9ce6RwmKUdtDXYH,syncspace
CC5wjsFKhwDJuTznFg8qjEZM42ReXXWujUXLxW8LP35L,HBvKBYH8pT9HgvhEV4V7nASvAECaQUpKiaUiumKrJnF2,
CC3v4TwzfT3qmVUmExXmiKAr8vrDwcpqK4gLV4c8RHxd,DTaCwavH7jZunda46R5rUh5FwHgHAWLt7dsfgqCRjASo,syncspace
CC2SrrVazhPUmJjPhpJShh5XCyUVcxh19UZC4onxtpdN,D85VnjgoN8hup6JJ1He745WvDzkEvHHWwkVVKB1rawUT,
CC28idtcUGY7trx4EFNucNBYP4UGLPJAUz46GtMYSNS8,HRtwRVTmn6sbENbE8HPCyk8dJXURsLwBe6RMN9GnUpPW,syncspace
CBbb6J9ecgxwFnLqq5eX6r222FivxGrxYVbXjU2CwbNr,FRnFVoakjCChVX5DSSfoyKtTqod36uQyB7deXqNB7XYG,
CBWNjVHT57CRo2YReW4QCGFPXPeJViTHAYQFwMnNkupZ,9qj66zMkDdUBFw4GaAwKBgyyLfYRt1Ax5nmQGjhV7Lya,
CBTFbg9zCAtELCJND5EWS2np5h6HDJ1Et9jUVFSkcobK,F7pwJoH9VGbVTG2SkR1QtbnTwVdLHbHfFTGHLoW62Vp,
CBJ71ywpcHPD8mTSrb53udAesNXLFx1yhzRvqXyKSFrW,6RQXkDvaDzb9Q82pJCx3LAUXktkmbeNdYVW84NLGmGCZ,syncspace
CBHQnz7QBpfBptEZMFayVtE7ECCXGroxQLavkFiiSob5,BUFiMy6oy3Pb5NEzrrxk8u5HsyYxSRvx6zEQGtGeGuaS,
CBEiyj1nA2YGmQg326jVkcxdq2nxtC8GtYCPsg7JrPqk,5sWsediccJMsGTayzXtKWKkAaYLN17KBa78otHRrFV2x,syncspace
CB4GRVEukriQUoa4bdtpahbCCfceGeydcmdhcKdfBAyb,GZCn9bLvGm9sYV9RLVi8gStnK7Vh9VnCb7G14ahjL6ge,
CB2uM6CtsX5BbfyuEoQEdJGxbueWvr7xhE4U6xSfLGV1,auryHMdwKGnjU4ZBjtacvARm8DcAVgEzYDzzJvVFfE8,
CAhprvxyooXVWZYgNFohmDu2jJEGuNqfLEeDbuzFx4zG,GZkuFyYWttzKBPqELavti2dFJuZ5jGyw3pfXDCY8GxRE,
CAe2JpRTFxUZjyaAn3BHPiMhWJhg58HWGmD917xLa6Nk,F93b5rLMvpCQHL22ibDGJUdxQr8ddEP35bV4Mg71afnU,
CAbi2w6kuqQ1tmpuR4kWsQkH5UEQWTU5DWT8HZBtD6vF,2Hm3dbAYBCSdoYnofVYpLrzETTQt613bpaQ3SxnKxZQc,
CAUVoPp26h57NHaw2ywsfbEN61GCTXdaYQLTUNmbdnxj,AgbQfnz4h8miowHAGyKmAi5dUSnAdf2nyTkb9DeVtaXj,
CAJTH6mCjgJ3SaNU2ZBXgTu1wrNhFkf8GbEKMUCQqjg1,BoAxnQJZLGgUrCAqQPhv3nARYH9UdqmCfprHEhCak39q,
CAFGR1FtFx4fLgkogvjLUNRwYMz1Rx5B1tuj2aTuven9,6SpJTphv4fiV6hjEMZ7GmYYYhUMPnP78iSgATFzCrPaB,
CAAyanJny3oui4gM5hmY3hvG43h6uW1kF4wBaTFUfkeF,88gNHWScPbq75QunYtRi84YqvKwJZ1cjmqrF7chp8VXo,
CAAXq3jpQCDVo4yxWfEVeWFfj1537GfKG4KBLfw2EfTi,87Q72D1jUcfUEacDTFpARveS72arkMqPSqAnq2krJf17,
CA6PHxyzfwDRiEruyNY4qyq3L8ZbjHWsdxsPmuscfxzn,2VQA3FT8tWRPgiwVPh2oKm1JTA44ocGspKn8yRZRvXiS,syncspace
C9zLoNdFFdDCKH4LdZZq1JEc24fWG66AeG3B4hL9ktpq,3aMwUDGuxhWDfcB7hXmTAmNHiDgLRAFxfbFDmXgK5okX,
C9fawMLyxQwhfxbgtJ4szCf2h8MKWrAu99EugBz9kcRw,5k15YfLg5TmTeVUAuxpQgK4r3Dzuu9ce6RwmKUdtDXYH,syncspace
C9XtXFYqGbagcQa53Ch1PwNRZvATZjyY9NsgVxRJDpHD,auryHMdwKGnjU4ZBjtacvARm8DcAVgEzYDzzJvVFfE8,
C9KfXDMc9xxmRz6w5Aw9tnS4dug9hsppF85gXGYdEU2q,Dyp5v56a8osqWNmtE2Qy1ULYnTxB8k1D9ppKrPdm46DA,
C9FGmaT7N8GNsLE3k6rQsj9T9VU7A7WgaMA3xHNiJeZZ,3zFLA2V3rwyskt4rQ4ARaVotvz9paD1wcEvynYP56BZV,
C9DwJRNJWNL7C3y2hMm28QbRD3vw9V3yhjUWy7WmD4YT,8Bg9jFNESbpaEYro267TVR8oSMBF8iKgxopdRS6Gvfp,
C95gPisfjBiiM8fVUno6pv2EwQbhPCLPBP9GBKNB7ryh,EfXfKCbL1BWgVZ8DH9YocZPnbd31aVnYovyULaGdwBW8,
C93zszQ6y54txgyCVpigq53nTAFHoDeYTE1nzehQzFFn,aumuHzMdUFiFCvJ7kk1djU4CViSzxJk3FjXTXgvdNZn,
C8uPJWFLti6QFBtjyuqYxfNd9ALQjbSx2t3R3CTxLkHZ,Fa8TzVCkeQd7ZMcGNZEvC3kvSKtxMymdv1gCVZoPexuW,
C8u3U8VCRxGjdypXbHFmfYKJuBB9nzZV3RzuAfNiXUhv,JCNEuRFT74cssse3AxMSsf4BA9LPAqQfTVZScEwZXxGd,
C8rY62UiPy8ksFhUpAnVzdcP5QMosBVdh1KqrP8ZdtHD,25TqXN4ToREvj3CVYJcTP1MWbbi9Dd7uUeQ7uTW7pmnU,syncspace
C8jWcsfaGTsz4tcCAknGrLwJePcYXvQXvTW8kashSv1B,ArEVZBhB7Rf7BvRwqu7p5BWg7GHREfWdrott5tJUPs2D,
C8hEEJbFBdaYbUpkZr99CYyJzbtduJC39tDUdFscXxrY,K3womhcTG2jhrZNGAobuF7FQ7uypkK2RBhZ2B9nQEeb,
C8guDgcEZ3dZwXwNUYYZXDkDGhTFcU1bso1tZyPCG2UR,GxNQuHJuAjocBKejd4Bx1LFyMti9wFbjZseRfsQcsE8P,syncspace
C8Qk3U2Q5iHGWybvDdkQsH8wsc2fLW1okEQvMWkbSfoo,BxMJyY1EsNoWuPgfR3NEDZ8xxhYpn2eSERgWUjxcoztu,
C8JUDxt7znxRPBYWKzTixnX1mj1ja6bvTAhe1rWA7GZT,5wceam6f3i2PNykKQkomeord2dhxsmyTEaEFxVLVaegM,syncspace
C8FV45MQchHjnp3Q7BwupVre7h1LCrCbTZ9AvdPqdEQU,HyRVHHEpNdwTqurQFsPN3jb2KzuxsAyiZdeqcvK9Xbxs,
C83ag2Y7SVprEkPjSaPj2Luysn5G1orDuNHNxfCmFpni,ADqrk7MYjYrSf16cADA21mMkTTXf8DfkmEGbb8Vy6WHt,
C7tkUPRFDLpeDrbCePuy7PT4NeEXp2DKX6tWSXK9cGbf,9qj66zMkDdUBFw4GaAwKBgyyLfYRt1Ax5nmQGjhV7Lya,
C7pEw5Mg1ZWNZ8JDB1cr1aX9SYNFs4xMRG5Z5igYMiTt,4mHzkSQtRkiVBT51F2wyCJyMfH2UZ6UDuvVpk4KSchVT,
C7n7n6GRBXD3pQLA4azFkGwxZBZe5r61EicqdYxAbRdA,5k15YfLg5TmTeVUAuxpQgK4r3Dzuu9ce6RwmKUdtDXYH,syncspace
C7SSNRLFcAEcxr36HZaS21WegDL61o7fJ8eX73LB2k7D,2nCGgkc3DdLe5U7xiaqMpUPqLXhCjfn4o9YXuqJReuEn,
C7RbWcroMmAx3LFrBaos2AzHWGj4yHjCBEQxXGDbpMvd,2mYKdcuNcgw8pDyycvZxFCikcihg2zZBt1GZLUVjM838,
C7RE6y3QvwpXN9PYrKU2xxemHUaHEEXeTjJQWcwR2NuV,3a9e7wqpJcjB7bSVJGLE6o9m4qnPjcSeQ9kPbUw6s97e,syncspace
C7R7uGByE49CC2HfwzwXaoduoSchapvqz4bY2kyPDJyj,7KWTcmHwZUmFGmt9x7hKWLYnc8MPxocRcQMUyhBzuAGQ,
C76g7o8Vn9TS1zx5utcykEbdp9KkoYptgtjH4dKP7693,GL2QccW2K59m4KJgkrbr66gk1hUB6Mwir2S6MAEeDW1K,syncspace
C73yDbnwgMhwgXdNsuJzLtKVR9U6ameBqnW13z15i8fP,4ksscsZobPuQhdYZ56b1JMv1HwVZw1HfqgEkCSK7bnT6,
C6wieBr153GvHqZr7vLdDXnA24b9vYn6tV6xaKdDyujR,G43e2oSgeTEaxN3vc9iCKUg2AXaNhfs6KtRwoxgZ6qdP,
C6vmbgCeuZ4kh6VbwxGauVbQFnZZw8kmahZ6r37BdW4P,4LDMZGZgKRRvtyfFBaZPouwKfcegdgHG2Jj7PujZmsTw,
C6u7bbPXb82xwWnmCUQ3EGDHDjHNnLdnoNhkBLcg9inv,3BGN7EF5CHPab2RR5KT58CtouqiYxo45763rUqcRAjBP,syncspace
C6kwpSxYRgJtZNpNt2H4haD21674beGHHVEYPnK8jQ8k,3LUQQErJAKezkLKMhXdmMmd4oYMm2Z12KFgwpRP9sWQk,syncspace
C6ibCiHJcHP5cdKhdPYfuhAqA1qqZx9vipmqV46R3tFK,E5ETMpSXjxXVm8TXPrEdTuP7hrXQSdXN9e3HHkNJ9UaE,
C6eabqGk9GNUGxr989MitVQcjxXXTqYpZP8eSMBZ9PSE,FdQHeaAxdnVL62ZMZhG7PWshD9oXwKyuFCi55nfDSUmK,
C6Sms6nP3QVQbfvQcbeRuQet9tZfCS89MrTUmAmKZjem,64cbfgVa8dRT7rGT3HHbEqHydv6Fzdgn1vc8adRbdHYy,
C6MnP19nd6Hexif6cjVHZBgqaLBqkvL8aY1DowMha5V7,CtyBYvDMWDq6xSr68Bg4TZCSkWwH4QdSZ7duoSkAj6jR,syncspace
C6MToU11g27J46puiJteXmD4Weh2BhuD8XAv3dZGbuCk,5BzDWc6MVWx2QxS3tSFLspdEHJLUYjogBByBUrZzcwU6,syncspace
C6Dy9R83Q78eEUVcGr5tAavJKHVLfi3cd45hL4t2xvz4,25TqXN4ToREvj3CVYJcTP1MWbbi9Dd7uUeQ7uTW7pmnU,syncspace
C6AmEjZ8LLMCvdtc9F5mxrUHxfRKhBiyt9jKaAWvsJsx,auryHMdwKGnjU4ZBjtacvARm8DcAVgEzYDzzJvVFfE8,
C63vm1731FzVPui6e3Lx8b48akXS9URfxbbfsRrZygW1,DmHhENyvzcjwtwQoR9uZc8QCSwXgk9tUqixDFD3pvGPB,
C5qFPba5v1MJJCrwRoExhwQLzEfPxjGaTJjZEk7k3ktM,EDxk7SAmyXoxyAUpJRJZ9KHbqp2ewsYkhggkax3ToWd8,syncspace
C5jgtuTMJHqHqZXYTgUMqyVTX2suqpzAV6a84pRhLbGU,Fa8TzVCkeQd7ZMcGNZEvC3kvSKtxMymdv1gCVZoPexuW,
C5LD4tE5VG5CE9qf94hmDCWNpWqu1YeYvQJ5FMP7A7kB,FzxEKL7cQ6xpurxoeUeuXriLAj7BHFzxnDv2KwmxsJXZ,syncspace
C5JHdLYnMWmF4HXRGLANBXdBuoPr2Pm7W1Y9YXupAq5e,auryHMdwKGnjU4ZBjtacvARm8DcAVgEzYDzzJvVFfE8,listed:magic-eden
C5E2HV8dkHE3urjG8qcX1cF4AqXiAt9hF9Yt7MHkTjaL,auryHMdwKGnjU4ZBjtacvARm8DcAVgEzYDzzJvVFfE8,
C5CzQPnD2JE4fFoz3weeDBELNP8yb9r8WwQ38xkqSFAu,9bnE9QnGghTKTJhzgpfKpMf6Gyjoo5ctQBi2CUHffe4h,syncspace
C5691LDmCts9Fxxzwup9FFKJYiyRALdg2dVA62t4NhBE,7LAjESa11JXDQHfPye1JC7jvVjtYhignL8QdL8U6VCgn,listed:magic-eden
C4vBXenMceriZTjX8wRH5Pu2V1ZMNYFfRFViSGJxRSME,7ajKJAWsGDDr7e8sX8D1YPuLSfySY98uShpTCWNKBSkf,syncspace
C4TB14ErqxYRGh7K8ewRkyxDRJ6XNsKRCsSTW9Xpk7CB,5k15YfLg5TmTeVUAuxpQgK4r3Dzuu9ce6RwmKUdtDXYH,syncspace
C4T8MhvJtB4oVtkpjA1vV3YeaA3SrnfXMBZ7PM2mrhRy,46axg15RufhccmnjKNm6FDaYa5FtmMAQAjzctQRpdVtB,syncspace
C4NpHt52e8MdHpHZC88Us49PkNGjjBCsJswJspQea7Ra,Fa8TzVCkeQd7ZMcGNZEvC3kvSKtxMymdv1gCVZoPexuW,
C4KkQBYomebe7TvshGtynKimowyQFvUCuDyW38zegZ4S,GsYwK8cvY1PtXuXgC753mYQea6r4to1KLFVE4okWNd41,
C4Kg3C1pp3iHgSSewqUSRmAHZMkWxp1QhZrTtFV5a8GC,Bxq8fyZ1345zj7egXuVmzmTFjo9Q5MxWJ6M2ReiDwLi7,syncspace
C4HfjCmF5dbwGwpahcXMi812x9rgACR1MbPwfDNpVScu,9sxkW1EnysJZKbAy4uweRXu37opLdaWBp7LRXJ72Nb5f,
C4DUvriB8wobUF91SQjpcuFph2dK667GKdHVguTSLnNZ,BZ5fjb7xYenfwc12pVJV7A6aiot5SssKUHnxfx8SuBZa,
C47f189kpSN4bdEePtEo5MY2W9xDT2dMcLj62HxGZVmC,aumuHzMdUFiFCvJ7kk1djU4CViSzxJk3FjXTXgvdNZn,
C418Z7dKyDJyC3LeavrLsiyZhN2eDsdZZQ4uCNQ37Lkg,55mWAH7Ee2WHmwgpH29z7u3kqHT7zzXgTTbkjnsUrt7h,
C3xyPsJYfQPRcY8rgX5AwQiMZY6U8XrPFv1AunXShJ4n,88gNHWScPbq75QunYtRi84YqvKwJZ1cjmqrF7chp8VXo,syncspace
C3xsBKkY9QsrdgxuMmUkYi27FtUriu9DsE9PufLmpfKz,HsLtYXbknsVLGA9FDRYGQG9eAwhtwK6xRZeZA9YWa8cZ,syncspace
C3qM5NnpYqvKmzLbhw6pgtavDrXmm85BU3XaZxbdRfwP,JBVCsmSXu8wHUYGL425q8aA3V8jjz2TUhH85znqTvWaG,syncspace
C3koAo4ZXh5XbWxbrjtmBvzgK6Xyax45wZV4WNmwb7cQ,5k15YfLg5TmTeVUAuxpQgK4r3Dzuu9ce6RwmKUdtDXYH,syncspace
C3bZxztaVDxJvrneqcaxbSXUA44LwFTtkT6QmCwiZkK5,BdxhaabshYoKXbAXE5e36LrfzNjzaesSq5cNJ7A9PpUU,syncspace
C3VUz9yzGb5ii8KKwW3Lp78wG4dJesnFbeaktjXCVFBB,auryHMdwKGnjU4ZBjtacvARm8DcAVgEzYDzzJvVFfE8,
C3UmLs8SFik9Ze9eJ7R2xdAXiFiKYopVwK7xbi5TePDR,BRZLoGGb9LPJKW2x4EFNjtPtxTGJKJQkH1sHJos9hUoo,
C3Q7X9NKeZtcriD3MyWbnHy7vDd5tTpRgvzAj3EHqCAn,GPg1UBnaqBjZS2XiMfEpgWn5YBJmNkVd11HXjYrDmVsr,syncspace
C3MgwEHbpzykzPtVxeLJhfydp34bv8NxxJd5uMejxeHH,AUrox7sHx1L8mxEPrNqkVjHa16CXQ73UbgZtZTNPNLjx,
C35bm43TZRzcdbmZwezCXFn1iYa6kceYHZG4YkVEFaVG,CqA42zXaf5zXk7EW7jtCLfL2uH1efuB9GtTfjfJ2hzoq,
C32ud8y7EhysH3PxTgewhqCip1hiiACAShqowabvj5fg,5wceam6f3i2PNykKQkomeord2dhxsmyTEaEFxVLVaegM,syncspace
C2nUyq1QCcCATd8qKLuRp1r19D2CmHVinpYgvJaScVeJ,E3msnCTsswVVfzJcyTBj1LFW1DYjZju5BcHab5Nsem72,syncspace
C2RiuzpbLZHqnQs9p2FjLsyWXMtJXHZF68z3rH8TGH2q,AiukDh7umb2arZ1wX9LGXYyHc7EtEDYm6ynxcBr5YbG7,syncspace
C1zMjAaCUgsg9T3n45J2vrvxZFyjSouN2GYCT7YPK2mN,9tjoqwgF25ixP27c24gwhZDm4n6vG4hCurAvnj4tFZbK,
C1tGe8aLC5VfnWzqcjo6W2UC94PqwGDF7ErFnxg5MorB,Hw6VSxwAW5xhVYq3n38mBA9e9G9Wgf2zDXed6AGby47d,
C1nr1ynTRW5B6ufDQBFHmsFUbS6VBf75iCHuyeFtzyL3,2eWkTF8tSBp2si8Z7LDgkswJZ1LNGi7DPU3NNjV1i3VJ,syncspace
C1mnMGQFE95eZ3H9BwiAhxN677jpRRWbN6ufmLsafNui,HTX9BkwYdwmH3xPVAyaiVC8pVusCp4gDWTqwLwzCM1bx,syncspace
C1hLopa7yeTRucpWesGikafUQj2pbXd3CDmrMjigBosC,SeJ3rD99FjT5PtEbYcfHvbt1fJ6becwRaEqh6xxyQCC,syncspace
C1fN2ajNwocghDum7hGXs61E44gSBuQTL8Je9Zyzm2Su,6QbNvgEQRSTRDHHxpt8Vwe1kUeNiatPYUsiWHrvP2Pf,syncspace
C1cMq6DUyWUmm74S6R8QhD9pdXrB87fauPPGXDSqQyBR,AjBzDri74NBFWjYVgA8smV2JxCjdcfssn8mA61W85h93,
C1U4z5VmiybvmfTXbrREv9VB91ZKgrpxT7Qn5snJ6x8j,EzuoPgvi6XveUbGWgZKKRxtDGGzkXcWCmd1JvoX9zVmU,
C1J8VXJPpaTZXmjWk7Rvkbn3a5XrZhMiz1ufj9ZeBBSi,77659g2J7AfZn2Uum6EHBjkXp6ZqTk1vWGbV9qJJK3Wj,syncspace
C1GhK7W3v9nJLSuqMCwjrcGna4m1JYYNNjPqPGKMGTBo,HLQQovWxjd4XED8vzCUyyz72eaWW7NJd5MdE3iv1L2iL,syncspace
C19ikpR2GboFfpb9PcxQW6FctfXvmXiiHEg9hCZePdFx,61Vf3TL99ygS884JR63uZQsZajWvgaUfK4Wt5ocTt3GU,syncspace
C19NroeyjVuNcgPXy6unqDTdwk3caQ6GPc5qjrkfEQrt,Fzx2MEY6fuwjoL1g4Mh5D6dcxp24HEcdZ1QsrVxE5sfs,
BzzqNBKjHwoB7FYVJH3kWb9mP9McRuUtqECS2uYzRvib,9qj66zMkDdUBFw4GaAwKBgyyLfYRt1Ax5nmQGjhV7Lya,
Bzw4mJmd4AoCJpV7YQz887o5ATrmQmJbNnyBVjM5SmK5,Ef5BPh9T3Qsvvn5zd3HoC2UXhF59tDiUi58KVkWp7sF8,
Bzs3XmsRsu9EXjn7yzmcdqRwGqZMTW28VCVc3TbRzmwz,9x1KZEVuGGdkeTi9cNLRJRFhQkiZZZNXdAbxmVHQjGtK,
BziZQygKte4MzPx6aH3jTV1zkaQHiPc949VoGZTPavew,2tTU5Xs2YTK7c5SRqgYRNRvjx5fAuw4hWzPdLRFckKrD,
BzXZec9vputrx7AQ5QyauZaymPJeouvmJSQQK4nHn4i8,83aiAHyRgBTKKQf6EKBUn6mwGR72K25qv43jbEdhoB8N,syncspace
BzTUPWhe9dELB2QxdG7cdAhynvCDpPSWnz2YUis9r5zV,5PaG32ESr6UoTKPqjdsrcwpwTzoPrhWZ25pJphW4JkX5,syncspace
BzSV5xuJQ8Pyt7CMWuxc8qC2DosrNTkb2RBcFWbaJR1W,8kEn9RKBcmzFYtLYGC3L2mds4miU1KG63vcrrFLhEa1M,syncspace
BzM4MbMzLpkW9oYw8KoE9WJZmQmMuprDJhWdEwwUKRXb,auryHMdwKGnjU4ZBjtacvARm8DcAVgEzYDzzJvVFfE8,
BzHWmC9WQFefiTKGH9rA3zBLN8zbe156akRQWCgvdpb2,Hq23RE564UaA9WNxMmT9Rtpr8RFUwaYoh6XrGnkMoUAc,syncspace
BzFhF2qVdPUvJHP7735RArcEEohDaijmNc1tESb9rsLT,CxSZ9JSL9bdRYr2RcMc8pJ4yrqY68dssZ6EJUUqkc7uJ,
BzAb9RMy2ABzLnyujvU1nVEgtz5dU2s8eBMNxoDYMmeu,2NatxmGTQLfp2msN1KuXXBdpatyfdjNmDABF3CCQJYBB,
Bz7bp5GGLLGvkNghUnLiT2zAMHhjBgxe9tETJ3ZivJuz,4U7tf3ChxC8mr3KHWnkV2bE2ogBJK6q8LHLvU1F9BhKa,
Byw9aQtpgT7J9aw7MZrcK111PvXc2nn7smviqa58DJFr,2CApC5Kt9WawmvvZNjHvedpT3adrrXKJBG7JQSSb6YYe,syncspace
Byps6QGAvhUzTjQeogfLh2rAeVASAzhD1kW74wyLGfnQ,FHbVUUSthmyFC1vt87pVcN51GSirxy2NAu2P3cQvUs5E,syncspace
ByYChWRNhq4hoMxuwyAfRoFbUUsMoL47wKqdZQQvXA9c,Fd6z3B2QejBRQiVhvqLbWx79WoJfc8FYaqy59jphDhiH,
ByNteJgd4WgXP9bV6GEHwYMrAPPxGfMcB1ZFkNmgPfQW,HTzFNCSQABmPQKnVQTaYNmZdK8y3ySaxFPVQsudtjubT,
ByKSjYjX8Yv8SacQ3ufeaeyYcK3cRSjEGoAX2zR9jW68,FY9NAS62iqRVkjSwzbWkSLammaLLa7WMduHkKd7oc6Te,syncspace
ByJRQycNKAYMRbZgMTRhkYYaurbaaAFne5fomocat4hN,HTX9BkwYdwmH3xPVAyaiVC8pVusCp4gDWTqwLwzCM1bx,syncspace
By6Gqfi7P3B9wpYfaqpmaCo94eFv1HZCBqf9oFGuh4Hj,DYWpdCzSRz89VZZygxpSWxNeyh2byjHPiqcjzreiExdd,syncspace
BxzT6uDEXYjhsqYyeoXuBq8uhsHbcRd8dK343sLqj8Dt,Fa8TzVCkeQd7ZMcGNZEvC3kvSKtxMymdv1gCVZoPexuW,
BxrJXgbcGcKanWR9hbU2M4GY1bTzfpmtRzmqzGjdK1d6,6gnksCR6m3rqVddLQcdQLHpHeT6KPMN25XTQt4akcryi,listed:magic-eden
Bxdx8Mms71YRn2yFMbxjYk8aLCeQHCrnQYhAB4c4Nf7k,AEQ4qTvKkV8BKgpYv2pRhwHHHNbKP34isp3bHZGSXUAq,
BxWv5G2P77vSH9JvBftusP4GDxWxLrJd39kp18771Kst,9C5XvctTszSqiUQPgvbB8dCYgyGRrKLgXMV7jauckiBM,
BxTLV7bNdvdcaX6T1uyt4cCb8cENfm9K2mYmcNa3pFiR,4eVcByLcXGavuwEBzJuyPGH6mUzrJr4u6kcdhy6ZJEno,
BxMsWtwZzP6yrSnHvn3amwqkP3SddroxjaroxjjdGQ9n,G43e2oSgeTEaxN3vc9iCKUg2AXaNhfs6KtRwoxgZ6qdP,
Bx4vuh1a2ZK2Kv8Mw8bAfCvZ3aXVmVgfL5m5v68Ghh35,4KyV2fjRTVzcHaksQ5jtT5wyfDzwv3MgRZpXBD1MsoYb,syncspace
Bx4Wse3usEnjq6ukoLz1RmJGhCeuiDDfNoQg2xxPpAm8,6ZD6HPRbAKpxC7KFrwih7scR3K6ULTR4caw5cBGknai5,
BwyRd42y2HgpqniUy5LydMGXNEKMhb2hUe81KT3rv82K,CqA42zXaf5zXk7EW7jtCLfL2uH1efuB9GtTfjfJ2hzoq,
BwhPn5CwWHzfvzw36M2XUWC7TAU3y1BR9Vrh1rykkymm,6nMMmCrpkigGTP1rwVpWf76vhbHffCatVSnfCPPZpkVE,syncspace
BwdSk8gMgVpVBwRDhsm9xqHiJtVRyoHMtXR8rs9pnd4V,Hj6s6cRMZSy3fhUyvYuiURfrX1jL54utE88n5YyNejap,
BwW97Y5qYxNFWo5E2pyv14p4pf5TWppXRnVPGbKrDLe3,6BmnZ6VG8WX2QXzBasVEXqgXPutzxvwvHpUMg21Cpz5h,syncspace
BwVDrKwCfibeRruZBfqkW9H9pywz35ihiZRhcXud5HkJ,2mUUEeFiqrHyACobJCVBVvqwejoMk7DBfR7NY3Smwipk,syncspace
BwP8LrvKYDEbKDyGUH8YrxBpoErZtMic8ndkmBnELmKn,FRnFVoakjCChVX5DSSfoyKtTqod36uQyB7deXqNB7XYG,
BwNdrrvfaJruYfgKjm2NABgNuN3VajqC7YLhGEALgBJu,3j55KjrSyyegk9r8gGNNr4Np7oQaktPr4wWh7DVu62Po,syncspace
BwJuyKtwC3j1WWAvCMmNGV5eZAo2Qz5No8dhaHwHL3BR,Gp836S5svu25xLvHbzwnG4SQsL7FBGYLEA23ExXMNAY1,
BvzLV1Xibzr5ZoSH3Z1ycjQiPdLqh8AMUbLE1MbD1Kj6,Cbjezw2PioeQKs1jdJkCGz3FrvVh4CkrCPV15UnbAG66,
BviwH6J1BHXFLcyg6ahEN9ASUdSa52ghdENMttSCRuWz,5AysHo5vYHYcqNaJ4zrKKf7aRFfWXCCtQ9gdPLfpudfA,
BviFjfE4Xk5EtsGuuXpbKMLKuyV2DhFUmbzMRLrZv1rP,71HtZCnRRWaayEg9HrSoSmfJMwjsBdNiqGhGShCBNLpp,syncspace
Bvi8iikp82kiTEce7VGZUA7Vgv6WDZhqnBEqDchEzRNA,7NKZSgER5GUAKjzqHds4GUUdKt7n11NZkGebcvujFy1R,
BvgEyLdScBWj9u4CgcBRg7mw5wKxxTJymmLdfVSQg5N5,HL81qSsskotftWTbvYZW44MoEcZy4UrhBSaH2squjPQG,
BvZ46d7sfvTdkk661Kq5FuCXePydsr8TL79Wa74pmkYh,4jgMAwL3wwqkKV9rBpiNHGNNVxeLyRFM4pd7dpLjDVLE,
BvYsEshWmJ8CtUy2poLtwQzqj7pgvBoh4h2jYfJLjV31,8NGWUn24LPkjyAGGHPcN5ZyyKuQmQSYARXH29Cb9633K,syncspace
BvLZmCB3jAEzmHUxbKv2gGjCpLRFfvpoLNKjayoNj6wa,5TAJ2RNQ6jUuD1Amhi2pq4v8kKA5SPv6RespdtrpAprQ,
BvF7XomTEPJc96GuvcYCjpjWfc4fpiq9E269MSc8Ar29,65aW1b8CNpoYJPG8oF1d4m4Xf4jdZt7dUVJmWVr83MWS,
BvDGFXNKzF9be6FjtmWsF4W1eNePA1qq7GR5ieBwNhTV,HNGhkYs5Y9NC2NZts8PBSksbs4Z1oTUXYMGhfEw9mngY,
Bv88o68dzT4pQsm3SJS4AhzYX8UKa1on7SuzfWzF6Ezt,HBvKBYH8pT9HgvhEV4V7nASvAECaQUpKiaUiumKrJnF2,
Bv7xUKfGCdHT4euFTGUktEcY43ASnbBwuDtGpZmjtvED,FRnFVoakjCChVX5DSSfoyKtTqod36uQyB7deXqNB7XYG,
Bv6DbdUAP1o4NYq7kbhwf8rCneHvYXN4AqQzz2qsKpfG,Gde3GRuazaSHDzeLw8ivvRnGzVqMsRwbYSNMMiJANMJm,
Buwi94ssAigEnZHYgUH7PgHfsERKbGGgXjwrLkX4sqZR,9ZbjGVwvADQ8roWVYXywvut9Thmv5GwtZV2oCtiNuLqS,syncspace
BuvwuLUzyHa8AvqH2rqaveuB3H3mx7e3St6UBTXvfvaE,ZN5mCLwP2XGZLdQrwQDFNXhaqpzFdkgwPGLkuTawrUm,
But4685gcJKhWpo96Gfyj2KAybm2iUGjqK1SqsVowv6k,6LnH18SQsNqVN9BY76zCsNP8ur5XVQtKgb2t2iq9aZfs,syncspace
BuozQvJVwSZuP8aeN63tp7ybH1zAFErLhMkZhd9DJeFo,4scCoQKHbS2U8YvvVsp7HskFtXuX8qSPzDTbmCw3FVmu,
Buj4sjbDzhNxxcaUwBXKqdrVymTHdoBNkppYunksY1en,4aXDLCGeRXo7ksgESjW2hbG2Ga9XscLLijt5SbxG4SB6,
Bucfu9Z6SV1bB6PrtVp7XmJAuom7WSS1z46uHGXGSDKu,FRnFVoakjCChVX5DSSfoyKtTqod36uQyB7deXqNB7XYG,
BuWnGRviQKk2GDCcohadPXFtGWMsYBCVd1fsgJWCS6Jt,2XCjDmR1Cz7JdHNzVqvjC8toKzv6j7M5GNU3nQKBqssn,
BuWZjPQeT51yowCMD3peoPDbUy9ZZBkoLinoyM35szg6,FHbVUUSthmyFC1vt87pVcN51GSirxy2NAu2P3cQvUs5E,syncspace
BuTuzi8okwt8A4AufHtWzK9JkaxfoCkTfQTwvxGjjdjg,5AysHo5vYHYcqNaJ4zrKKf7aRFfWXCCtQ9gdPLfpudfA,
BuMuUZpNpqbb4R6SesbUPDA47Qd7Efb9cAKyHsv2yvWM,9rDZBTn4LLJY2dEEeQaUuKsmUp3SuY4Ps6MeWFsKBvt5,
BuJY82D8S3iaqPYJ72vFrX2bFTDnGFd1F1pfgodD4n9y,Fa8TzVCkeQd7ZMcGNZEvC3kvSKtxMymdv1gCVZoPexuW,
BuJQcLrGkg5JqGYgBeEnbqCSP1L1eiKoERoexMNFLsWm,6b4aypBhH337qSzzkbeoHWzTLt4DjG2aG8GkrrTQJfQA,
BuHuBh5kq6ZAh6S5cTwASZyS8umiXcaeQovkPC2EDQca,BZ5fjb7xYenfwc12pVJV7A6aiot5SssKUHnxfx8SuBZa,
Bu2YZP9DixKTWsLWwsoy2FJmPZy2xT7pHukP7bfp3Kgn,autfyCR5psTc85smVAcGQajFT4TC8xxPPH1wvJu2Grr,
Bu1khvz2RzTdi3EKXAH4fPK7zPRdu6Vy7n9XwwCeW4t1,4U7tf3ChxC8mr3KHWnkV2bE2ogBJK6q8LHLvU1F9BhKa,
BtptqnHyfz9RRfTc86qdqM4T8cBjzd9wyw7zf6ucBQsE,2XxghbUn97dwXkd6atVX7NVYUiPz7X2UgHKSJE5pSaJy,
Btn4JEP9xqoeoyGJejtduU7x4ciEfniUVV9TeuFGPaFc,DcMsrqztdbWVhowqbm9iBPeb2Gj53WdPmQn3keuCvqWD,
Btk7iFe22UBuudW2ao7WTLctqJxyp7HXwyWzcWrW9gE3,AUaeHCdYuj7x8EbNrd9gDrZ6vWbKNbrXpnzwzugeZG53,
BtXZBpTCQZfPC3tDGJ4MimEc79b8uJTSJ192CWvPtbA1,9ZtFPMqY8eD8Fq3o1L5qey8jQwmGtoV5zZHjeyTLXDY,
BtVyDKT1XjCV8eat44H1QnBNTmQJmkDsu7SbEenMb8pd,CqA42zXaf5zXk7EW7jtCLfL2uH1efuB9GtTfjfJ2hzoq,
BtQVjLnkpTjFZ8ybNQoMXx4fvsY5hAGKaUEhdpTMYVik,D5NVo4BcTXhs5cTmvUruNsiKcd698c12iphy5MpSGFv9,syncspace
BtNoRSGRKu8LsaSW1D29wvW6d8DeeP3PhJZJ7uGJFhAP,FRnFVoakjCChVX5DSSfoyKtTqod36uQyB7deXqNB7XYG,
BtM98XSdK25mgG2GBT783uAqFKG5mDPiULYGyP7S8qrZ,HLQQovWxjd4XED8vzCUyyz72eaWW7NJd5MdE3iv1L2iL,syncspace
Bt7k3UhSaGRpX8RN3N5UQ6QWKfyXf3JFpXn7HrH93iLP,3sKkv9WAR3MWSQqWK83mgAWRsBouy2n81bt2gePHooRX,
Bt3LoajYQD3sadx3MjGqXhRE517chwnh9FzanokCYpn1,6QAJZc6DRC2eej2DnMCuwSoZpoJgcXzS9KsLuAKyERYi,syncspace
BsxeomNhGjnYV6CajqtRwn5azkPmzV9qG6Mk5eWXPSX2,kfcKdvfwowHDGjk2x7jT6hh6GmBCW3ciVLd9rksSBEV,
BsuV1eeLYPzWDNj73Vkn7e43gTFZtRmLbEYW5J9RKifB,DES9BtcC3j6DdrDt8CJYHKHf8nDrgTbKE4wNE21k7Y6J,
BsqEq5BRiizXMKYXZwTU9YKPBQLw2Tn8hY3zwhzWpad9,5wceam6f3i2PNykKQkomeord2dhxsmyTEaEFxVLVaegM,syncspace
BsR466nSAKFLcXWSnnWz2246yfg3JWYEhX7hkf3EL2mN,GKskEYAwtz8963JitiS5Ph2uLgUSKyzU93oVxrSBNKuF,
BsKKAp8Sunr57zU4V6LPmVjZZozJCdRG6oADdatxq25e,qa9ZHBMtDVxgQWE3mNBjH8Pf4CeGAa33s5ZRotbympe,
BsJ72WTvbKguowxxxhQ6jWvkcK6Dqr8uHVkZeVupciUQ,autfyCR5psTc85smVAcGQajFT4TC8xxPPH1wvJu2Grr,
BsG9BA6oeVye435jTNPnRpc5qHoHDUZuRfXQmhTqXngM,HwDbffgRdgtQeL18TwyAV4zFRrA7GHwqYCdNvhx31wSu,
BsFQ2kaNiStpTuweU3CkBhfjE8Z5G5dNH7PsYCAXyemc,4AzJbQubLcgvUMGFfZ3p3RzrthXPz3F2WnvqXB1eK7m1,
Brqx1wc2gzAHo3KhxgqU6fMAbXWXQU8YZfpVNzWWAqku,FRnFVoakjCChVX5DSSfoyKtTqod36uQyB7deXqNB7XYG,
BrndRsQFnySFiExhaPSEDm7KDVX7As7xHcvzkjRCmwKS,G43e2oSgeTEaxN3vc9iCKUg2AXaNhfs6KtRwoxgZ6qdP,
BrmXBJa8tKGQbm9d7SHPzEpCHB2p8ccRe5rX2jXeLjjB,BBS9ewoMCCFJViPMA78oprgHMTBF8ZMyjw8BLwoEat2k,
BrhDRUwisCGWP9MMLyw9yhakunaL28X8Bkpft4d3Kofi,6Ang3TpdbsuhTgFMA69ZaRfHanmzmUWyUMztBbkzzYXZ,
BrZTPYFRHoWHw7gUsadmrktQBhLxvqoC4TFvxUqwzToE,HLQQovWxjd4XED8vzCUyyz72eaWW7NJd5MdE3iv1L2iL,syncspace
BrNMDEz6jkBbygVT586m2mwHQpsiiF5gNj8enduAbYSA,BZUtaFKvafmdggdkXeihwuqXWrhGK8E9e2BTNPCtU8ap,syncspace
BqxqZxw88wevMd1HY3De4BCQGmb8PCj9jvJv3feRNLSx,3xX5v7RP8vv4NoCr7JWmAV6tbJ521WFFp9xgF65nFgZh,
BqvC6YKCNam6bJThSyGfmr62h95iCFzizzYxepYNVeor,8KAEY2MnasDxTckLFFSkqfLHTJCXRorPwo1zNbYybXUT,
BqrLeZzvGAyCxAVg6ugqgEbQyXF2u8whChx5PZNDPd3P,K3womhcTG2jhrZNGAobuF7FQ7uypkK2RBhZ2B9nQEeb,
Bqo2nG3FQ4nqN5VZUhNibd68wVXL3fFtA67eyNtq9Vyp,HTX9BkwYdwmH3xPVAyaiVC8pVusCp4gDWTqwLwzCM1bx,syncspace
BqdKpfcn7yNH92WDxYCpPKU96H9sihkEZo4CwvjX1f1h,4qYWqy7eVddKcykU7XtpLUrKYdF8VtPobn6tUuqKhWtv,syncspace
BqSTunhh3KWpzctZJBVcgTURCtPSnFCoWfYUAjCw5ZTC,HhcMjf1dg8ysC1AS7m84AccQEoXAsMuumnG41pt6vd87,syncspace
BqN4rwoaKTFzcJStUKf9bU5AVWhfJGn68b2EWeebAXM8,6Ja1AK6k7BPe7XKez1vTRB1bBQotdv6MRtWVUL6pYjBT,syncspace
BqJXtFe4w35D9ZJAn9qqqtvDhj7Y4gdTzZZaGzpqPvPx,CqA42zXaf5zXk7EW7jtCLfL2uH1efuB9GtTfjfJ2hzoq,
BqG3kMiC2VrTyGY8DyY7mxbCmgUqRRuhE6fks2dvHEny,Fa8TzVCkeQd7ZMcGNZEvC3kvSKtxMymdv1gCVZoPexuW,
Bq7RfZLbj19DbuKbNEsWkZkP3FL8KCadmm3UmBtaxxoZ,FRnFVoakjCChVX5DSSfoyKtTqod36uQyB7deXqNB7XYG,
BpvN5oabjdKuUvEB32y1ZASJerUW3tjjWkkZpcrcKHBk,7DnqWV1732auGkzfKgNxzcEHJfapX2GbwZ1w3aqoAN4z,
BpvLv1z11WDggtj3515ruMRjeWy7zErHNqQEXvNSUJoU,EvtbVMy3FhhMPv4jLmdFk2vw6hnW7vswNqHMUdDgyCcV,
BprHm5Ds1ZEtLWkzRhdmc6NWZgz63WdUcwYdewBxSLN9,4GvTiVSu5hPDEguLQpNFRHcJArhaQVv24J8E7RahRbSW,
BprHNHgtoViR63cTV4Kkq4NEfvVWRfEedTPkEzd2EGdB,3MAsDBEw39Aa8EocwqAFsj1jUDehf3ZH3j7kg9Vrmcz6,
BpnQsMem4AfuJDCevR3yiY4BbMvcW2k42fgYpqJYwmHx,CgpY9ZeC7f1zVxkVbu6sJxgzFFJWxQhup3K9fKjRfknu,
Bpi4QexZZQVnRcwge4m7bH994MosLhY2r3F1YXocC2xE,AkHTrLH3yCgXJh31Tb8UhQJxJKJFDpUND14ZfUzvsRG2,syncspace
BpfgkUVyh77HB5bSNapWAzJPD6k78bKv2FVBbxhsaxRV,DKmQngAhJkDoW982UBaQnjb6jpG7XqM4UMwNJZTvFW8t,
BpWJPQgp9prmkypgqaPRdyhzC1xgpyrrHwkP97J5dCmn,5wceam6f3i2PNykKQkomeord2dhxsmyTEaEFxVLVaegM,syncspace
BpSBXfTwDmmqJRo95FhoGUyD8krCRA1jWb7bRr11KDbD,7hvK2SXXxVzFBNNNtQgTyiFej2LrGNfCjzKXMyPapebq,
BpNqSNUKJDhQNxSYy8vq9UcnBWem1jqfwWT72E8LUmMA,3H54g5eRUxLF9j8FitR1XDsky5VAwKfPSy4xAK628gzg,syncspace
BpK4H74smkGrKENhxXyW7aAfEbbRi6V6ASZQxCdP4Cur,Eu9sCq4czoMULUtBWoMLuL3huFAM5dprSUmzsQUTS6Sp,syncspace
BpFRFEog5Q88afe8SLVY8Ugq4ZnB9MwM6TT4RfkjQkYk,8KGQLPkwaau3MeqL1EBrp7NatT5kq2of2AVpGngvWewc,
Bp3vSjh4N15jQ8dHNytAQMak8MUJ9BXNk6Wj2jzZ2s89,EqKXkcr4TsvUPYqmbsnDdxLXWjZ9fVvcfJep7qyd8M6D,
Boz3GgxCLVf28NwMAKiEwrLmv8SExNHBDzqJdVj4aCT7,DvcY2B6vEsMUYi8Xt1aGLsuBpK5ELikJKYkKRMEKabiV,
BovjAMMsWw1scgFyR6dgR5uuTk2HN2a78aK84UZFWZpM,5k15YfLg5TmTeVUAuxpQgK4r3Dzuu9ce6RwmKUdtDXYH,syncspace
Bot9cC9SRYEsrGPz6M14Qo7ik7Khuwc5uPrjcP5LaX7Q,8xaKTB4GehLc9nvJ1gLTCHrErU4TyZTHME4X9D1tjzry,syncspace
BokczCHvCLkXkRD3GLfYtF4fSre2kJUE3bo2ZGb5N7nV,6NSAMJ2gGuyiqXgeuTEETpqqRTuEb7iqnuwF1jCfrhsp,
BocGNLdTUhA9j21k2r2XMUu4x8JUuoLe7xuHSG5HNa94,8rkuSRiskiEbYUs8JrcgStrWPPbjK5CnNvtWRhnWG22r,
BoYv1fMVuuP5fUddTXMP4bgdPQYNyVQ6eLPqprdZ33zD,Hb59FoAbgCzWCGGeVovzkoKiTGJDrcstTffZvkHAJ3QA,syncspace
BoUaHmjZ6HR2KK84uQ6e45F8E6UBHLbf7Dq8wvDs1Len,BoejTrW2MPEpbXmJUQ1Dq51YZZcffriuwCaJcMBbW9Wt,
BoArAz3JKRhBBcYbQBXdpMqUQY5Toh6KWcUoqjQXLATd,4U7tf3ChxC8mr3KHWnkV2bE2ogBJK6q8LHLvU1F9BhKa,
BnttRMQ48jAB68Sjbckgg1AdPRFqUCLoSzPfSjpt5q83,HTX9BkwYdwmH3xPVAyaiVC8pVusCp4gDWTqwLwzCM1bx,syncspace
BntJDemvb9WDjxrvcesQLnWZSyTvjbiwU2Dkooo2F5bF,CiS1udKWfC9tQqMLE2pDCryHMUyoCaL7PNWY3hm5o49x,syncspace
Bna1nUu6B4pfs74ocsmM7F5SWbaBjnCBQ5fZ8dGEKtVM,auryHMdwKGnjU4ZBjtacvARm8DcAVgEzYDzzJvVFfE8,
BnXmKLfcG1iipVEV1vey9A1K783Nv77CPskxkye4QAaG,4t8jDpouoYtXDT12SFADZ4iab5phJUtgRT4T2covPeVq,
BnUHgpKi95gvYxJvr8CwAybybvaePyGsQZ6jvQGZq8Gp,J5gD5d4SWAgrVzcubVCDne6En9K668ay2obtVmApenKp,
BnNWKA27yWUV5UbH98ZFb4oqGfqJGt81Y1fuTajEmCtm,5wceam6f3i2PNykKQkomeord2dhxsmyTEaEFxVLVaegM,syncspace
BnLJyjPoTSTf2ZtBmg3AEcdcLwzv8tDk6F2rsd9Qnaum,DosmxoLVzRpwdzwnR6tSyotJYe5saiMXoyD9n8Rv6eFK,
Bn7QAUMXedjMQmZC5ScWzoNYBjsZ4EkqBfZkUpGCrWmX,6btPEGiU2S5W662NNcF4s67FHK1ngLFrjaw17JmhA1Ag,
Bn6vGHjAYDJP8Mw9DKYFoKbPZEc615XCUCnz2MVw7WZR,5AysHo5vYHYcqNaJ4zrKKf7aRFfWXCCtQ9gdPLfpudfA,
Bn4a9vcgX2ekAiCEPk7cBypnUFKqhy2KSY1rXKHjWEMT,7kpZdJRutaAWjg9yeA7cm2YDfLLZMuX9DrTa9dgcgR7Z,syncspace
BmuvLS5mF1TfBTuYXQmLPu5k9ZmFhoJ8dMquydWUirXv,83aiAHyRgBTKKQf6EKBUn6mwGR72K25qv43jbEdhoB8N,syncspace
BmZvDQk8NAwyYPor6LwnwoQ9iEb8gK3rXGb6W2iyyL5L,5rCFQAK87FesXP1Gnhn66gwPUNZfXtyMJaCtj1ikgBni,syncspace
BmLqKuEzLddNwXGzf4uoRRz7KcbJfpXb2oacrtKxuMBh,4eVcByLcXGavuwEBzJuyPGH6mUzrJr4u6kcdhy6ZJEno,
BmKDVZAjgAUQNuBUSzvPT7hqDsPkhWRH8eudg1V8Yoo9,CWXcyq6s83jzr85PbkptdGF73u946hikaFxBsKxk1UeQ,syncspace
BmFqiWedk7PyqWEGwfse5miCMzXFxMQ9VgHGm2bCDXKr,Gw28tdaLXwmEif32S4RpfcxT6NbbB4hjRLuzV3P9JwEp,syncspace
BmDXzrqbqxcRAtrC6biJy6ebsb4QUFoQkQ4cUnWfXqaf,3YfATQ5zyUJPBziz2NhmJdzkM1tEKQPoVdpbcvjLApzg,
BmDQZV8fw5Ugz4XJQVDEjVkFt2JTCVf5CoUiAAAHFnwB,7LAjESa11JXDQHfPye1JC7jvVjtYhignL8QdL8U6VCgn,listed:magic-eden
BmBhKuZtuFtaqrJQDQS6GAZxK8AQxzL4La2LaLX7WU9f,2Ga6hzy12f7oFvS1zSYvUmvA5fLWiNP9ep5q4NdruTci,syncspace
Bm3HEtD7kF3F6QSsFrQBzePureMiKDn1ZymB5iW1fkKK,Fa8TzVCkeQd7ZMcGNZEvC3kvSKtxMymdv1gCVZoPexuW,
BkrGVgXBcwrvrsC55ro59VSj7jUpenGZsTYbCNtNp11M,TWKbZg3B4FDuDTSfSwCJTriMGexpz9fsYf8spMvpvvJ,syncspace
BkoyuA53LpknU38d2BtR3g4Rnmc3QvNtmymae9XA7APB,auryHMdwKGnjU4ZBjtacvARm8DcAVgEzYDzzJvVFfE8,
Bkbj6stHqQUcYB3BSKCp15iHqLMsfMwTwjPSZCwtU7RY,auryHMdwKGnjU4ZBjtacvARm8DcAVgEzYDzzJvVFfE8,
BkW8YNViiL9fb8d3vHFMrYXzb7iPXcgPSHqzPjXVhwSn,5k15YfLg5TmTeVUAuxpQgK4r3Dzuu9ce6RwmKUdtDXYH,syncspace
BkQ7FmRVqJgb7rZ2HG7owQvFh3t1kx53HKL2aj5iqV2x,4zFeyGJQLckUkYYKsMiHCZwMeApJ4jHHykNWovKFaq9Z,
BkL3FGVuKksg7Va16vCtv2qyxfbxRDcDXNcgKoA8caXU,7LAjESa11JXDQHfPye1JC7jvVjtYhignL8QdL8U6VCgn,listed:magic-eden
BkJovwdN265zGwwBGintMogbRh9u5bGLujrXqZKbGPtQ,5wceam6f3i2PNykKQkomeord2dhxsmyTEaEFxVLVaegM,syncspace
BkC4ygP1bErh4ftGqzsmwJYR6iZXVRgQCUa1GqbXMmvZ,5wceam6f3i2PNykKQkomeord2dhxsmyTEaEFxVLVaegM,syncspace
BkBFnEgXwxEiXWi1EbBsxQAho417UBPQTZdXxCktqfrt,9aZaRikQPY2jmsbHHZkEaFpe3LjHEqyY7QfhxnjJxYTv,
Bjtg5TW1YbrX8SfaHJxSSXZEddfXjyMhoiQbLHPeRQsf,gBZtX3Ay7X7AiJX1qacqjuVBodrqWHJrmU7S1p6kC8D,
BjqjvP5w6fFPBKeqYXBhqfAWur7C97uZuhzR7ZrhUA3v,6BmnZ6VG8WX2QXzBasVEXqgXPutzxvwvHpUMg21Cpz5h,syncspace
BjmTtWgKo84npeETD4q33B83KJMdfLK6derSZ4m32E5q,5JA1bqB59WFqfNWr7KY8NQhhqeFSAnMdSz8jC6tEYnqg,
BjdsZpcHf5fEWTuDX1DvZbKwgdzMzUQuwkyy6NjDZoqB,7wmKNEjGAH6pBnPCDAGQHKjsNxcqNEdNAwgoqeqYS6wk,
Bja9JVPnx7yuahHwhTa3jkGU3Nr9m7K4PHqFZPx6m7M1,GqptRofRXZA3qrQh3RNnHirBdcBJs3y2fnaq7WrA7Luw,
BjVs1hCjYdpQmwYCEnJvxrwT4LCANJTpLyHCRaSS4bVr,G43e2oSgeTEaxN3vc9iCKUg2AXaNhfs6KtRwoxgZ6qdP,
BjVaxby6ankpzda94Qi9Cne6rhw3ogw7QJ8a3iHX3VD9,Hq23RE564UaA9WNxMmT9Rtpr8RFUwaYoh6XrGnkMoUAc,syncspace
BjAJ33tkTbS9k6uaaKLj7Wxj44cN3LztkmFNQDiqr5TH,BSoT35a2jaSvN16Y4L5UkoVNf5tyxrRRQZhwY3NvnwT3,syncspace
Bj92NFQhXjeN9Zzm2EDu9XPdTNFBR1mUiePJ3jMAMLLk,J8U5pY6vDAHfEq1pmX3jvtGjMt8RpFjnfVbtTP4rnpQ3,
Bj5Unc79jk2Svf6tQCjeXioxZxCnKDzeDSj9MCN8sX2Z,FRnFVoakjCChVX5DSSfoyKtTqod36uQyB7deXqNB7XYG,
Bj5J9CNaLVwd2crb4Pt44VeUwfudUr3UZHeq2uKyFE6K,GDgbA4Kp4awLKoTYbvQngLSwUyZDEMgjYoSBqBaxvrT3,syncspace
Bj58TqmjJofSdvxgdJMW4qt1Ehu9hGX7xoBCCPqn9DXr,3j55KjrSyyegk9r8gGNNr4Np7oQaktPr4wWh7DVu62Po,syncspace
BipLqugGgjh9mZe5UtF5FuTWJePhhSLinyqT78EybJSo,GPg1UBnaqBjZS2XiMfEpgWn5YBJmNkVd11HXjYrDmVsr,syncspace
BikMyuEJ7QyJgzBALtcz6JUAMXQHmMh1ZpepSvEqiJpC,AwcbpyGPiNdPrtoBd8UpyLNF5EaszrhXoKqcqqDoHYp6,syncspace
BigC8xjqzFgoBtY8qXhBEYsRJYjz3bZ3V2ePDyPJvRKP,i1bq7CVWTePL73CwYCL3AV6a1C6n5fg9Dqjp6SgTJJP,syncspace
Bidi6mdNYi4M4tJP6j4MDRBvb7qYyycnfpEYVRz12Mw6,E6MafktJ79ksKBG3uJDReR3pWNq3rLJTPQ3VpVs9UoTU,
BibpbdgB4aao6bafeT5RVkJN1YtXFie9HiFWTjK6Wk8x,EbF23BqQLLRhhR4x4t7bAspRVDwmPPiyz85G1PRW1xVk,
BiTXUoieiWGEKc1wXhMWnrT4jcioi1AfX5A2hd81NTqi,3g2TUkrZf86bfGQXcfJ7xMCFSmnssdpeTxe5V7y5GDpb,
BiSyUH6SvrpcHfippJjTh7sjrFf1KzTWm9npvibdEdTJ,FzxEKL7cQ6xpurxoeUeuXriLAj7BHFzxnDv2KwmxsJXZ,syncspace
BiK6HzjXzX1d1WsT9MFKcPBYDA8uUt5ENeyArFBM2iTw,5wceam6f3i2PNykKQkomeord2dhxsmyTEaEFxVLVaegM,syncspace
BiGdKo35HjNPCZYFZrdEwXiJNo27WTH3uaDQ59PT6exb,3j55KjrSyyegk9r8gGNNr4Np7oQaktPr4wWh7DVu62Po,syncspace
BiFcRwNqTjvNVzdMcjPFpWj9h2yGfrcmTCxfHPhwiSho,7R7n1WHogMCSdUNinCUSr6ASxpxaTsotxWz4GJQsUyu4,syncspace
BhwyHzSJPqtLGi1WHcYZGpZxu5xfyzUerKRB8yTj6Bre,6NTbCkLyLZ8bU7wmCMd3AFU3FLMMqFSBRgg2qHPnKj6X,
BhtiVixKCSH8YNxGuSHXeiWhPmDGafmmP2Xx8aKPtt8G,A37bSDtebhoaTsW3k9x8NtmonwghL2bWB9BdqtJhiC21,
BhqQHG92t4JRcSdiv1FZ7SC3uv3pJ4knmGNEeSGNSNXn,7y5PKJkgMBdVsTy98mTaNf3PtAf2e7xt1FBQ3SkzJGK9,
BhibcjXr38XfyAezHN8dzJi5Q93yBhcbmpWtfg8SBQ5A,E9VrgpG4qdBdnJFm8EKWmWNMrUdY9J9VXiTAC63uZadm,
BhfDiCNhF3oSFJfsyxdXvkb6CCvxu8TrFCbuphoANVS3,8V2HLTCDN3PaVw3kqKDzRb9JYTdH9xthPgNvHYoZ7kJ7,syncspace
BhfDY3SJLKb7e5nATMCVcJeegK24RnuxbSJkY9uKZnJi,DFAdp4PWSpDPZN91PXmCaRj5Peu7s88qaqAswdhRFwod,
BhdvVD48qsn89n8ph8aXLn2qx2DwGNZ9Wfy628CQdcYv,7qymxveZL2Ptv3khXpUfzeUjiYWiR9Y1Hhm3uLZWXBjT,
BhWpYfZLH1eZ7fCVvj2qC4b1oMqbuWSQ9rtkAN8yZWZc,4qxpyTsoAzHUyaFMZBGtkMaiMKdZ6KNjaFRAusDnXuze,syncspace
BhUZjGaH1MaDCVMAVaZqJ1kkeBG5rwGrWpQyaBgSUsJK,EJQUrTgB9KiCv38NyjVPyipC6pxhx525EMSPyWskVzRp,
BhJya6x64ee4zkbosFrLwbrFCawHmyYMfEGnm9dxd7Uu,A5XfjrJfYznBXQ5asMLqj7HrM1w9qmSUQb1wtHsMpL4C,
BhGewEj1iR5kXWEcKXHEH55Ae1gWZwZBhQuYhCdXkVtR,DWB9VFQUfd2H2LXgToCw7hGQidm7vLGiCDpGoJ2LkdJf,syncspace
BhEDFjSzce7mNM8QHfjEeYKrN2raGjYAPwXHiuqaHvwW,F8VY4hzj81ea6WPA2gZVzVv5rrqGsi5z9ZC9sEQt8SUX,
BhBEtd5tZ8Y8wnFcMimzS6UfjVmxjwUyYn5Mf3XQUY7k,5wceam6f3i2PNykKQkomeord2dhxsmyTEaEFxVLVaegM,syncspace
Bh3EDu1oH1wqB1UC2Ni9c1HrzzJmFUXDYjhjJ6NKatnS,3JMLPXQDNxmGYNeV7uULsK8BaLoSZtoQGFZHNuVaDNCQ,syncspace
BgtRtTW4UxpETWJYKk8BzwQDmc9XErejN8yaXKvkGJss,5EVsxEci8FocTLnyWgpx9jsojZKfTzrNqKTACFJ4z5Wf,syncspace
BgqMEq2h1x7XSNBhMjnc6fVfS78GCxpDJUW4EShsyfPG,9oX2sT2z6xHPjfz69eJvZ9HWBNkMYLJgG9DNHtXffNBR,
BgpGjd4QfjDgtv4wKgdKdfcaWzTDD3TDuH4U52oNNRwQ,CykED43qcMqAXZrUG8AVp22EEiQnjfN2xMtMkDLk5StU,
BgoVs2ZxjZYZEEVPomeSUzycgYG9cGbK8J3azyHpLven,GPg1UBnaqBjZS2XiMfEpgWn5YBJmNkVd11HXjYrDmVsr,syncspace
BgdQQGRMGkSE6t1YTC8EuHqVDgvhfX1zGM4oBFfD5HwK,aumuHzMdUFiFCvJ7kk1djU4CViSzxJk3FjXTXgvdNZn,
BgYoTeJaKu3M1RiZBzQHthBb1HNs1ZwsZeoHUHV5HSNv,7PeqkhGcg9ubY9c7TQdnsJdKhGPpsh2gVsY4ojKWBS2g,syncspace
BgU22Nt5YZFbKKCrxG5nA6R3grDScFn2gS7QYTULHdL3,Ck3Aoerh7FmVN9G8FscUscV7t7LyEXtSKMbwmTRFHF5P,syncspace
BgRhH2kUfD1bahZnsTedgqcj6bsZct2L6TcQrvC56UCM,9qj66zMkDdUBFw4GaAwKBgyyLfYRt1Ax5nmQGjhV7Lya,
Bg8hzV4fKj1i12xjhNG5XTP8Tcw4a5J2idH4CdtYQQ2t,25TqXN4ToREvj3CVYJcTP1MWbbi9Dd7uUeQ7uTW7pmnU,syncspace
Bg4Q9CTjcQJiFKmoBPAKikQ7HBYdfkmBVGYFrhWEokD4,G43e2oSgeTEaxN3vc9iCKUg2AXaNhfs6KtRwoxgZ6qdP,
BfyeV9AcXo2GR2h6M485B5QU64dncscc1hTyqcf7XhQT,4BEzeW5krih9ijsqd8Ne53KJTc41xhR5VxjdunUevDJ2,
Bfu6kJwV1WUuwFWZpQQ5WHUa79E8NDtf5YfoSKHXhi41,7JTjhgyKUQ8RqVKKsBi5M5DstySkodreqWfKkQ1WovcY,
BfskB1jia7jqX5yVsVkCVpz9ND54q4GVz744NTbqfXqK,5tMEejJNtJc4ccjcz7EYYMuEMbnkoSgAjh6vcb6gjsfz,syncspace
BfpzKrt259eYRgc5xfkJKjHk133M1D7CYeFwwfksxTEH,13tcQnGxCdHKFHQgeHXDfEJHdNaqvLPBNnkCvAoneQWD,
BfjSRnvtbPWXQx6ZGqkuMMaUnYFZ9YoJ5huTZZd7LgxY,7DnqWV1732auGkzfKgNxzcEHJfapX2GbwZ1w3aqoAN4z,
BfduhRTNeibBFau2qdSWAqqt639prUN72x7c5VgmDa1S,5wceam6f3i2PNykKQkomeord2dhxsmyTEaEFxVLVaegM,syncspace
Bfdk6p2swcpE3ww9VUH9UsY7HGbdxJLj4Z4H9ww2W2kk,5ZmYXP27nRMkWM5B4BRMzWEzmLSZ8ETRKFcdJDsnBWr2,syncspace
BfbEt1mPSirf3u4dFUm6puD1khGZQ7pjfrTeakBBdkKq,J5gD5d4SWAgrVzcubVCDne6En9K668ay2obtVmApenKp,
BfQTmrcATZcFSWR2hwadAYEcoERva92wQWBTm9FAJfQy,6a3HzqTWYGmVHBFaXGeEZptLPVq2jvnn86aGKobGFbka,
BfPD2Hw12HZNmdDnBLt2x3B19t4t6zSK8yknu7tzfUBr,5wceam6f3i2PNykKQkomeord2dhxsmyTEaEFxVLVaegM,syncspace
BfNe69XR4L4WcsfcffRW6ciRgxaDLmFbW1mcBYAcqA5E,G43e2oSgeTEaxN3vc9iCKUg2AXaNhfs6KtRwoxgZ6qdP,
BfNT6tMMwuYH4rtxVCLj3WAZyuL9UpEcrGMHMFGaJLdX,q1usDouGGeBsxEu8vEeNYmAJ91Ex9kfKiFDXkvKcVyJ,
BfAYoZB8UdnWnaxY7UeMHBAwwXukNGWxXLrTaUFp4jRv,5k15YfLg5TmTeVUAuxpQgK4r3Dzuu9ce6RwmKUdtDXYH,syncspace
Bf2H7RFCJzfbGkc5aBhYGCEetXp5jRkEX42SGkE428Cq,4qYWqy7eVddKcykU7XtpLUrKYdF8VtPobn6tUuqKhWtv,syncspace
BeoXAXq7YJ6r6e1CZVybTuNmTi2WTt8d9vGKjRhtJfLz,9qj66zMkDdUBFw4GaAwKBgyyLfYRt1Ax5nmQGjhV7Lya,
BenX8sR8MzcerqUhSd17sDpUxygTzf6CNmBQAuxrE668,ENh5tGAAvc1dkBoQbQ7nkiMPm9yBc3by4ttu9KPSTRnr,syncspace
BeSYe582ZE8kZmuaKwDR8G3h19Vt9EDkuHK988PzxBQH,Tps787wStFFYudgKRUzQjzUSMoywDsjD7jArTgeQD94,
BeM4rCT5w8ZVUySnCprB7cnrcGGmNDsqv2zFhzzuoDKx,4dw7qypcCA1o2ZJCWuDncPXdQ3A1L9DExHnrjBZFxfQK,
BeDjffugQ8kPSNBCyedusn9L16t9MdpHCX3g1VwhZnjV,3shC2djKuA1Z2t1Arh4NU4eDTk1LoopMQ2ynGsVHB2wH,
BeADern3uzysQXp9yivaS2qhp8M2uxY55hRTrjUwLF2s,Ge4TZf5EhyhucdZmzwAauzAAhGSadjzq4UKF3f34HXzu,syncspace
Bdn256Fo4gvHQ4dVr6mVq8jq9P2jV2ME5SfgFMdRn8xX,HTX9BkwYdwmH3xPVAyaiVC8pVusCp4gDWTqwLwzCM1bx,syncspace
BdmHTgnijkJVcCFJ1kxZm1PpqQMYKZBo12ZLjSHnkGKk,DnkxUHYP9TTqNkEEjsz35VvZ3FfUg9tLEVicdBjmRMxk,syncspace
BdiJUHpzKtW7aAwkVDHaaKYws26cpKY96yT7kFkjfAbM,FHbVUUSthmyFC1vt87pVcN51GSirxy2NAu2P3cQvUs5E,syncspace
BdegfwCoxv3f2tr83jFDbFx9kzd5bRs655KttjadR81g,GQxD1fGetrsCdDjyvJdg8w8vX4GPqkstLAsQxNhKjzTW,
BddxgKWLkM2ZSZ9SEaG4W5FFYfPhP5zyAWTUs2CMsWdN,Fa8TzVCkeQd7ZMcGNZEvC3kvSKtxMymdv1gCVZoPexuW,
BdCT2Ye6JXSLPqTnytdimWbGDr1AaHa69Sn4XVJQ8MPx,89sVm3uCLDTEcobyjNNFAjBbrUbAUD6nP4yNGYYc2Evq,
Bd2JWBghFaYCz3iaM9gvZmCRLCiwaMtmgxWEs2Xmc8Y6,AYzVNsqJ8WBG8wBkRcvrSxk8fYD65vburydPuQFLDZK4,
Bd1SvCocxaW4egcjsNK8gZ7VPfJyUoWFY1mYv6WCoL1p,DpmsL1pi3jktq5aF4wpiPgrjhoKGKEJNa5818hY1SuJ2,
BcyfrzxuvNgd8hyDKLiF4itDB5Ev4dATm8tQcWJBhEEq,7Ct9aqx1nr3Ls1obsYntSJ29BvAEmx8Ek7AoLodXigVH,
BcssHwnASoHN9NzfYqiAwAFPYKw5Mw1Kvy1x18w8XRQ6,GLXy5LwscvLKbEysdkDywyFg1rBQHb4EVQF9F8BQF3GG,syncspace
BcomtCM9ZY2r16961bvQT4NE1WufxnmkbGwnPwsHmw9i,4So7zv8M2tihfJQGoCiRGh7yCCw9KLspR98FaKGwvY8u,syncspace
BckZsFjV2ZS4AaF4NXbbEFQHbPCiSk9QGaa8b8VhJCHb,83aiAHyRgBTKKQf6EKBUn6mwGR72K25qv43jbEdhoB8N,syncspace
BciRkgHiLq4LoLcPw4kR6qFm6n5VjEYZcnHMUZffeZjp,Fa8TzVCkeQd7ZMcGNZEvC3kvSKtxMymdv1gCVZoPexuW,
Bcd1YeCfweFsn58VV8PEUdtnMxKCW4KEVz12acGeeDWS,Hq23RE564UaA9WNxMmT9Rtpr8RFUwaYoh6XrGnkMoUAc,syncspace
BcYtMLR8ax8gymFkXfVtfXDG2MRuyp2dKxBRRdj31aiM,D3kSVKW5Un6wFb7si5wmCJXjcPNyeYT4sfUvfKKXrQev,
BcRsbgHhGPVjWFNyBxaw7J93BUCmcW8KWnPLWut578S5,2tLw4jkN4xsv9ceJZan6Au2MvKXRQNv2pXHezyX3eDe8,
BcL9Bmw7HyYYWry23PJP9KHk6gHkgVmm5LnzNk25oW7U,Fa8TzVCkeQd7ZMcGNZEvC3kvSKtxMymdv1gCVZoPexuW,
BcBz5uKNqLZ5mUU6WhU4PttunctNpGg33cH222C7ANZU,9kfXSqUPFakFPFbHRMvh36mfU2SnKDE7FjJVDnaDttmN,
BcAqz21hvH2M1w8StoNg64ZeeCuNoYXGzSpoQqPPzyCN,5ANs2kzLVhU2yawLyrmRyGNxJorwqgbnYp1jAL94KbuE,syncspace
Bby8cCLQaQe3UCkbiapAf6sgbK7FZtck3ojrmhGzmqXL,aumuHzMdUFiFCvJ7kk1djU4CViSzxJk3FjXTXgvdNZn,
Bbq6pDmo5xDvKYNvkaZLgvqpCBPSCRkCmHBDpEGrdDeN,4Ui4SDYvBTSYZi6EZuHQ8rtSQk79GbKMYwZUxgb8xbZK,listed:magic-eden
Bbpe413VT78EZEX3SM33EDSG7j8j9qdiixfFvVaw3Xwp,Fa8TzVCkeQd7ZMcGNZEvC3kvSKtxMymdv1gCVZoPexuW,
Bbfm7Ki9fTq6ATkVaxbQuXaWT5K5gz6D2qyPSPAiWoTu,Gi4txvDxingESDeMfB29QxLM4ZGCVhDQGT7PAwqpRQe2,syncspace
BbQ66ppqdtD3SmFv5ju4Z6239r3LXsPhKZ7P1EDUMRA7,5W87RfjE375vf8Ds4UJbFTmEUx9NRAUeBSsoPpPight3,
BbASsSfPTStsZ1gNpaXSiA3CKutsNe9rGNACajkuNjFe,HtWmR975FXTDLfSFHQDuysApwy8NfVPH9MFGZr5xHR9p,
Bb5cgoQzZhd8FLL1Rp2NTDcKVwmLTmS9EtCGHvHBmZHu,5k15YfLg5TmTeVUAuxpQgK4r3Dzuu9ce6RwmKUdtDXYH,syncspace
BaZHQRbGH8SjzsMpaHEsRQE2d52sdwwEA8zPZCmZ4c2o,2v4C7ifUAesibkGiurpzqJUe8EEizmj5gTST4qUKLwG9,
BaYJaLAxEtPJ94Yxakv1N6GMf1JYhMJZuJyaUMYs93ev,6BmnZ6VG8WX2QXzBasVEXqgXPutzxvwvHpUMg21Cpz5h,syncspace
BaKD6wq6TRT66sViAxQy6HUF7aQPhdeZEigifUjdy3nb,GMt4NnE7KEBG6CK5oCs2NUzqcgfJRumrXMYK5cQDJqyw,
BaDaC1WaEEqKSkxDRwZGdX6HLEJVm4yYTFVsArbHRdEj,8ZQXZV1Ka9UfieDRHBEhPhEN64tujvPPTsDCjXLyG578,
Ba7KkhCB7z69MnYWrc4Zdj12gcS3FzkwqouYd2CZKn5e,GZCn9bLvGm9sYV9RLVi8gStnK7Vh9VnCb7G14ahjL6ge,
BZXX1rN2M9q4z1PiSVhQxrrH1P84NB6WcMYpjQxBFU8b,7NqWm7rs5msSZ9ZcS1ojuyG7n8qPynangcPmiavdkwyd,
BZNxkWw1adVTfAcXErib1XoVBJ5mCwpAX7J6bQZuJCo8,88gNHWScPbq75QunYtRi84YqvKwJZ1cjmqrF7chp8VXo,syncspace
BZ8sBm4jLYm7opF9tymHZ8roPcsFxaVsGwbSZPyfxAgM,HZKtfmmt8YvCCUgaRH93zJyUQGPUGDXUJpjaw9RhdJwg,
BZ31A1jB6TGSvDwaL4qyCx5DNm5DoVGZk2gMcM8Z9own,5k15YfLg5TmTeVUAuxpQgK4r3Dzuu9ce6RwmKUdtDXYH,syncspace
BYzxYox5quoiecChRkz4tR4CnxEAyhvR5ucwdLEL7EGr,3nGQaaV7QeUeVcpNzkoTsiLU8oBii9qyy5LqAhx9K6FW,
BYpx6DktuqCnRumbqxbFnwoDCTgjR6RzpCXNg65CsVWs,HTX9BkwYdwmH3xPVAyaiVC8pVusCp4gDWTqwLwzCM1bx,syncspace
BYkTre27tED6vF4PMfSaq87QwfVtY52JGC7iWW8yd3sp,Fcw2qrqcrXL3GMNvrgUFC4YFjfjNFk2wTtuK27Qk8xEN,
BYibWo1skPNNzCfw9ujE7pFyuXUckikDFG4AA24iksn9,5wceam6f3i2PNykKQkomeord2dhxsmyTEaEFxVLVaegM,syncspace
BYgfvYpERqSoswxkRqSFeNemgTyPmvnssmgmkogdkyyM,32iwnvXyqWinZzuHpAinZvamrqmKDj6cFcVVzjakMPZN,
BYbbjkkuHjnC5cQWVP62o8Rmn7AspLaXe4kRJy4C5ewN,3j55KjrSyyegk9r8gGNNr4Np7oQaktPr4wWh7DVu62Po,syncspace
BYSmGT6vvWQ7dZRk1LQ45YFayCCjPEp4XEMz7JhntE3W,4fFHbv3Be556pLK7C7nFukoFRWYpfDpDAfzkPJJaj5Jg,
BYKPQSZVYX8ReS8MxKbo8u6VbwUp3y3wuWHLkNN3Y7zy,4n4Sa2oyfeWocxcZZ9dgeMmujEosHCd5RZZEe6Tz5sYK,listed:magic-eden
BXukdngBAJXi9bh8TkimhG4CMyPKz95hYHMFi7EEMu2M,8gpJoXXcYHKKe7ZVihEmP99SRAkqEmbsEb4Qr5fqFQga,syncspace
BXgyjdSvgHYEegxBgdFgsaYnVYRBPKGEEy1ckZbRMJFz,63hxJ2sf8ikByfkPwP4qs8ERQ11XU5mz9rN1Q7fzcprJ,
BXfGkdN5mbKBQX11jjsMii3Th5unpq141oDYvxNYt6y3,67WEvYKUfsgaLUZtYV28yEjL8gcX4hhpv1as6NTrviqt,
BXZt7kKWhTexT4UUM7fhFo9dQfofdiLCbMSK8xd1sV4b,ANBv9fcDP4fDWVbMVJceJhopeJo3TSwXBUTGyZm65ebK,syncspace
BXZZWuEjK3ziJ4in9C8TN9EoqGdMSDvbyw2RmGLm3tgK,Cck347hZtTPyJDgrsSmxYyR3YPEWVKcuvYErzFZWw6gS,
BXR6LtJKkVYzVkVebVNonmqb1XcCYuX9paEBdr22aKFw,4U7tf3ChxC8mr3KHWnkV2bE2ogBJK6q8LHLvU1F9BhKa,
BXFSd88eKtDZ7urH8jLGYtxe9yFMkJF5Pheqhywr2AgU,3FDL8YwuAwCgwY5mx9CnZjiBXkxZv1v9U8AAfCV74X68,
BXDM5VFmsBYLLtUHynXSLpGJmu9xpjvBE5eCE7xZSX1r,5wceam6f3i2PNykKQkomeord2dhxsmyTEaEFxVLVaegM,syncspace
BX9bwAWJ73EgsUjbm58JYYmKHUPeADmNxGytgrjVrHLY,A7b5JoSpdLjBiC8mnUrXtKmWfxFv3gPgB2E1Ys2PgwB9,syncspace
BX39D4ZtbnEhy5ZHUjUFjEKeFh3AyvQXiNp1U1GkyBj9,5tpB6CtCtjbZyh8BhjwD8WYL3u9TFyF67SXm6Qmo55xP,
BWxRdLBVN78ybaPZNHzR2dc5kgWBQppeqBeUkWQRuBbL,G43e2oSgeTEaxN3vc9iCKUg2AXaNhfs6KtRwoxgZ6qdP,
BWb23cC1D3qmAFDcgjVUP23gLptbfWAgqMNdreoyGe9A,2eWkTF8tSBp2si8Z7LDgkswJZ1LNGi7DPU3NNjV1i3VJ,syncspace
BWUQojppgBRGJXMUHkpAqRoTnyWR2H56FR5cuoPBn4hu,5E56QtXgY8MrhizW4A2onmmRzabJ8FwyMLrJdB36NSrx,syncspace
BWDM89ygYNyuzPhypDSZ8isknYfoNTyUoouyVnKBzEmi,AEQ4qTvKkV8BKgpYv2pRhwHHHNbKP34isp3bHZGSXUAq,
BWB1kBNphYWqD3Y51BgcKWpswmWJ35jis4b8zKUfzWiR,5k15YfLg5TmTeVUAuxpQgK4r3Dzuu9ce6RwmKUdtDXYH,syncspace
BW26ainSktyaeYTsPsFyBcuEoMDoKFUejeXhbBVE7n8h,5SxJHtXSQg1KXGQx46asiSYPLeaELvoifb34n76xEXSM,
BVxd7dJSWgqSnLrBwpkqUXzdpkHKqnUHhDwmFh9hKoxs,88gNHWScPbq75QunYtRi84YqvKwJZ1cjmqrF7chp8VXo,syncspace
BVxbt1SX6JtExPbKPDpwHw7uLFbH3tzVYg7CWsqrzLVr,3ncY7zDSxte7qDSGnmzP1XHX3Ly7RGFXVmPfu1gjcjQ4,
BVpMcwmK3xB4agwyuSCKaP8xeSdbhBhBzbSYx1jrFKT5,DmHhENyvzcjwtwQoR9uZc8QCSwXgk9tUqixDFD3pvGPB,
BVfXJNmXb8QtjBEseLKMzno4vjUy11TCwwYBjBj2t4zQ,A2G5guZ62gdMy5Nkikv3zGPk6iLHx4hnRJb1Jc7DLtnq,syncspace
BVd1pfSrhSLDDQoRDXD8M31Z56urnrcQyoGuneLYUHP7,5wceam6f3i2PNykKQkomeord2dhxsmyTEaEFxVLVaegM,syncspace
BVWv64y6A8p6eGzUBY8pBp8a3jhDRkqNCBrJurA6bNbc,2pF791dcLqn2a1zoq3Wmw7Q3wJ6D2vsuPXStU7mCY3MV,
BVUyhZyNrrHX6y73sDHduUvQCn8sX8CkzKMYHLzALGFD,J6Q5wMfLZGfdkcTyKYRQU6zWSHGEWAq9fzkBSNQxULCh,
BVSsAW2hM5cQKNX9yQgfeGCNSoyTVkXDUrcwwfxinPxz,5AysHo5vYHYcqNaJ4zrKKf7aRFfWXCCtQ9gdPLfpudfA,
BVAzY4wbKpHbvF8aLLMErMuSz3RnBjqkCzUmq8A1Fo7x,9J65AE7pu9mvJHimqNU2ZoNJYLQFUxrukpu9YPbvCVVb,
BV9ZdDykRxv573CYp6GoaaBj9JdE9jJ61LWbYNHGwmWQ,5UECDcTJwPWGrFE1dGbbQtS9wugEfQi8VwTPuQrnnufh,
BV6RkTjd64NaerpLnWwo2tMmA4mVy9zwjAeeFUGnNfYU,CqA42zXaf5zXk7EW7jtCLfL2uH1efuB9GtTfjfJ2hzoq,
BUyNCjAYeYkZw4i6PgEevhfvqAg1o2DFh2Grqaos6VdF,5wceam6f3i2PNykKQkomeord2dhxsmyTEaEFxVLVaegM,syncspace
BUsYmFpdiWcQPzVd2PiA15EjhzAfJ9x9vgsP8itxDwpj,ECrkjEzBKJ3mytwV4iLTJmKBPpNAzDSWvk4YeTRYVimC,
BUnHthcKwEDApSH9vg1ZSBJjGcQZYa5pPbEWijFUuLY9,2VQA3FT8tWRPgiwVPh2oKm1JTA44ocGspKn8yRZRvXiS,syncspace
BUkfxYYfL1LYDPUCpWRdZUnCLyrSaMkLCmKQYfpA5y68,D99UrpWFtPbLWc6k4p8WDFMFjMBYesrTK1epzyuHbNkE,
BUkY41Xk2DTNhY2Dfut2h6e5Aw5QxZVBVZ52jSZZa5Mb,5k15YfLg5TmTeVUAuxpQgK4r3Dzuu9ce6RwmKUdtDXYH,syncspace
BUk7gnFAy2658LxbhwFgZzv3hnFaLZ7Yy42Qk44u3TA3,auryHMdwKGnjU4ZBjtacvARm8DcAVgEzYDzzJvVFfE8,
BUeVZk8nhCUukadUtDJRWGZBpU9w6XRzaysUQ5FYa8FF,4fMd2cbWoxxHmPXibVy2jF2irf2EYT7csM6H511wP6Me,listed:magic-eden
BUKT3qNPhjhjicfTSSwLmRGwn7FgfjqY9QVsVpiggD6e,8FypFSoLKiAruSjXPTgXzAzYAtVfC9Acm3Ca3q8xy6Dw,
BUEwbsefUMotMAfwBVCiuVd8egogvxDWxhpebD8Yxmv3,6pAKAexmPp2fG7U4BriWaNeHqo43qqQ2hwbFwSbpU6Wp,
BU8z2JrKL9nciSoZmwe7KFsSCSTNm4D5okS8YnMp33BS,HQ7eusqZEazpUcuUsdyBe22pfAmNwwAtrgTGMikFGpVa,
BU2DDGwWyMJLgNqiRw4gsmkCWHmVy4qApH7z5fiFypTE,CB8Pr9uzrrFw8BFnCqworH1wMa8DsmbSKgUNwVWnDGrL,
BU1zkP6WcFfYGdjf4Kgpykt2m7K1FxboU2saDunjhT2p,31Z59M5HPSxUahn49bNkXcUds2afzd9u2K6ivDTJA8PR,syncspace
BU1qgwPedqKHs52jvrmfiNXvVwYGjoY6RYAxZrw5iDea,7vptWrzHC6J8F8ncT9EuYQJYspYLZSTbm9wU2aUGFx51,
BTzPbsawMLFcf1SQZL1gGUBGRrV5jYPicc868doFGcib,2NatxmGTQLfp2msN1KuXXBdpatyfdjNmDABF3CCQJYBB,
BTz33Pvo5tmJEqTt6Bp9qL2jg4Co2GjqxvrUxpgnUMrW,BUW8tLcuVRwsPWwG4psGQH3FtrpwZi47bReiKVyLugGx,
BTes3R5erQDi71xb1xUVvoEe511S7tUHYWU7Q1HYcm9e,4oxRCmSUDjfyTjSd68yV4ZAWPQK9fojS3u3FRuNhLd47,
BTE6SQ83efNZsWYiCWBSLv1sxyzANKGXHVSzoBQ4V4SR,JBNS19tDTLAcPSR88SiAwM2xL1CtAaZ3RirFvFUTtZgL,
BT7qtGRZ1CYLQqnY2TxcfEkF9BDqxNz6FTjG2Af86YAx,Eu9sCq4czoMULUtBWoMLuL3huFAM5dprSUmzsQUTS6Sp,syncspace
BT7JedpF9B1BtqV3u2iSSV1vx7tydUTvMFXD4cJcWYtP,EeobBmxX9ovhFWW97jmxvzyZWtjGQSzBZjw1WhQictfj,listed:magic-eden
BSynimEezTdzsu5nd4PJ62hgrkM3uXtLnXJiWK3gdXxY,JypNmtyb7RkAMgnW3mpLk5MADh9LsiAX4yZhYa229bk,
BSsm6ivU5ZECUKHC5LWb8aTCVuTzk2VfD79ct956oCrv,CjknHREjhKn62cGQ3X28MoiE2o4Bcji5uL1zDdeGSMfP,
BSnUvVKm9BP76rrAPt2XNVeaDGSqpb7g922UW9esxcXS,6BmnZ6VG8WX2QXzBasVEXqgXPutzxvwvHpUMg21Cpz5h,syncspace
BSiZs6LJVjddTQTqPhTNJGv9b1isV6VcY3mtmBavUJWU,4KNEpm4NnXrdiLSN4mVRj36saco2m4tkpcCoJM5gZmYa,
BSd5bYB42a69oaiu2SZauMM2yU7V9zFhvUYcXMcLXvjX,G43e2oSgeTEaxN3vc9iCKUg2AXaNhfs6KtRwoxgZ6qdP,
BScqcv6eZZXJeodbSUk6DsrmqfDMa4NDC2etMZJGqzGb,7LAjESa11JXDQHfPye1JC7jvVjtYhignL8QdL8U6VCgn,listed:magic-eden
BSUoeRS4U6uCENvbp2n8CxKfK56SXxpX5V5rbcGszgQw,5k15YfLg5TmTeVUAuxpQgK4r3Dzuu9ce6RwmKUdtDXYH,syncspace
BSTzh6oiZW3P4Uf89QddJnMLFd41FywPHbuLQQETkhFG,H5qH6sUwmigdCdR8WmRNFM8HBvwaZwyErQ7kMVEaTHcq,syncspace
BSGmyfxYb88rDQupo2QtXAyXdaNHU11kGD2uig3f5mZm,FRnFVoakjCChVX5DSSfoyKtTqod36uQyB7deXqNB7XYG,
BS4WHS4ScHgggWcobfs4vra7Lx9qRqoRqPdyBGsr8YyC,9qj66zMkDdUBFw4GaAwKBgyyLfYRt1Ax5nmQGjhV7Lya,
BRzEBrfJc9or7X4ncGikBbbJniYjVzxGHrGyJSxwo9Ak,HEUdcnYsFQs62NUFoY45s7kFe1GDCkvYzUXx1VZ8EV8c,
BRsvpUXSDvDfmC2AmsuyzQuhmgTSYUbga8k2iubsgH27,4BEzeW5krih9ijsqd8Ne53KJTc41xhR5VxjdunUevDJ2,
BRq9smVoev424aMRv2xayqk595rBjDdQUt96MgrDL1Tx,FRnFVoakjCChVX5DSSfoyKtTqod36uQyB7deXqNB7XYG,
BRq3SAqdom7q7LaXwXAobGFgrtLNNEeocrqSoq7rjYdW,4qYWqy7eVddKcykU7XtpLUrKYdF8VtPobn6tUuqKhWtv,syncspace
BRgSLUrwUZ814R6ZfEhz2E8BvuYHe5VcYLwuyPWEkPh3,598kivRA77B4DazSayPPqdYEanrY73SJJNVdRx5fFtWj,
BRbMGrguE2fxhV3AuzEqM9ai4L3WiHtjMPrRr2n6XCTQ,FRnFVoakjCChVX5DSSfoyKtTqod36uQyB7deXqNB7XYG,
BRacq8sJa73dP6EBX2aNG1TmvCBMi15d7LxhGBkBtvhL,AKsqG3MgJZKERyVbWPUAiTAvUkAZG8W84TZovxxsw6VR,syncspace
BRXzmSRGmaQEEGzNdgPEFhfE7CrVes1725b9guCQAh5d,8n9ANDyD94ruoodcFvoiXSH6Y88AxsGpm8kG5CLrZvVu,
BRXhF7W7Dx31xcmFYfBXZg5UTx5doELW4ogHxyT2W2LG,FkH3jnbeSA1qtTEw8LoycRGWtkUtSmAAdfULcRiE4f9c,
BRWzAGkYw3ESuiXFGVCDoXuQQePrGMe4bAzzUUpz5BLE,auryHMdwKGnjU4ZBjtacvARm8DcAVgEzYDzzJvVFfE8,
BRR791y6g6eaqDDi73e1NewMo5uXR1NM4iqBk6LyHeei,DLVhvDsNFsBgrCAUd4VBFNkwADb6ERgNoz71HM8kEWrU,
BRMsKXW6qdqNZk5sCys17oyDNV5MAg14HuN9xVwMWp3A,7LAjESa11JXDQHfPye1JC7jvVjtYhignL8QdL8U6VCgn,listed:magic-eden
BRM1kPHxmcyM2YHdk3gU9t7WzZmWGLpGyFRkiyxwSPA3,CvFMKnfDBDKmazyB6DY8tUnSWtCfMSBegvFa3cMvxicb,syncspace
BQsJ3fbEWMEpAKaWLJQknUvuSsvyuqWj613hwNhiK2c6,2VQA3FT8tWRPgiwVPh2oKm1JTA44ocGspKn8yRZRvXiS,syncspace
BQr4YvZ31P2Ux3QahMyV1sFZcx9CWV1dPrPFBWsgWiAx,Gq45QfQcMvQteFeX1spa2DknYtCX39iwJ3ST5DPBcsZ8,
BQpuN4zxSshXESFW4pKtXLgAkvnmwGmixJoyGjKMeqqQ,6MCTzXih7jo9retH9FWJFb93koPtoTB9pum2Y5hxzLs8,
BQmnKSm1MjnUuFZbxCCYu5UBbV89DWwiidcTDpxQbzhX,4ew3eU5k5az8vBm7AgkEwtNa9bw7UANGw1UY4xw6kjjb,
BQkZry3cnWKxuqY6WKLjxqB73x7WseRvXyh3bHwkdb9J,6Z6PsSvbQHndjqNTFZUEYLpouFcExYxaceCHAyHGNgMc,
BQjRixGG7ALvrEasSZSPqV6NKw7E9YgiKN3GR8fhZ4Z1,9drKBLQ9bVTD6sXTnLQvS7Xy2KhH3Ku68LZszPjrxFTy,
BQc5enoEZy59A7DqQV9X12Ncs8UvsWsSMvgem7onx1cp,BdxhaabshYoKXbAXE5e36LrfzNjzaesSq5cNJ7A9PpUU,syncspace
BQVshKTypPzpxsVwHgAfetSV56Xze1nEAamP2eXmofm5,Hg2gqbjGgL8NZDmJk6jfqskafuK2pPqccSq5FqamaTX2,syncspace
BQRUFjqQQGucx7AgJFSaFMhT7jcEFBt9WqC2Tz1GCYVF,auryHMdwKGnjU4ZBjtacvARm8DcAVgEzYDzzJvVFfE8,
BQCVp9nYtxVQTtbtrBZErm1aWf74CXAY31jRKrKgBCRo,5wceam6f3i2PNykKQkomeord2dhxsmyTEaEFxVLVaegM,syncspace
BPxTvKpx5haC22V2s2cZDex88dgcgY951944d9Nce73a,J29hEkQdjB9i3kxAYSHS3uWFeKgrnTeuJBBYF8GWGoGd,
BPrV2nqY3Wr4hM5qvqjAkdjtNVhQSCNtguT5P7suXcJT,p4FeoceZszL58ZFJWL52op6uimqjDqNLBqnM6jjJVHY,
BPhqWFuUd3tbZwQYuFNTMkKzX6nr6ay2C6CFpgutpRm7,4XC6SWgmCWBDSDVrCqivUhPWj2b71V1y153D5h2PusCc,
BPTfpSgKsnCDJ9jUjKayWREecsH84pMx56AtSwG8bpmV,B23AJkFmr59KAdLDq4YwbgnkEhKZ1uAhbA5iAkA16zdJ,
BPTcWUzUNa6uUhYQg7igoWoNVpmmtbPp5vmi6DEw6zoj,cKhmrB9HHcmHqytNcMqSTJ1hRcuvPTTFpJfo3zrVY5b,syncspace
BPQEwz4LqqgfLHtEfTfgfGaDc7ebSHKKKTAvwXFmQDqt,D3SxUsF9uutCNEtDYAYwsKpZJ1a8BkipNncQzfWUwXX2,
BPQ15WU7RX4AsJDYwFCNvvUBsxjsCG1y13YYJHmUfcRi,974nbDHSmpTGE8WUorAKta7Cxu3YY6UTtKJhzHMQPR5o,syncspace
BP3cuRXt8RA8JJuX8nC5upbA8uaxTeYcGFLePHriiSSc,5k15YfLg5TmTeVUAuxpQgK4r3Dzuu9ce6RwmKUdtDXYH,syncspace
BP19S7eMR2P2q3hnE13pHZr7dPrjz9xpM2sQUvdC1eoT,5tTYoSxiAum2UGRPVPdSy6mtGsmP6Ct4cnCaMiebZhBN,
BNvS9uGJTu172RNaWpAHBda1oZREXs7aPQVqURgYKkR6,3xfmPayAefmDToKruJNFrtEZWQwGLEWQSGJ2rBBb1xMV,
BNurqLKGFpVTq8cNaZVaZ5TyFtMtEy1aoqN5gikZMyw6,Cz9ZSoCfQM37tzHPNCCqwohsU7pHexWPNBo3K7kcx3Sd,
BNozXWpaLCkXVHDz3KZ4KJAEQoUfi8FvmbgYySA5UVvM,3g2TUkrZf86bfGQXcfJ7xMCFSmnssdpeTxe5V7y5GDpb,
BNmtt8kUQffU66wVJbYxqMDu2FsMJiCkR1afSYrEHhDp,AFP4z7uudd6Yj1cwja8zvdLUCJvbSux957ocFM1QykhH,
BNdgZXhRPpc4stfgLM6KZfxHAbvNdhYKaShYjGay7Mtc,F1uo5tS4JzGLKDQBhz1DdoyQf4oRjYcynHiCa31dRCrD,
BNXjeFa9yHNusNeFT3RCJANb8k1jLDHCszvpjMzKe3bs,a2FTVBXoRUyvxreBfz5CzM8o5A8kyoLYnXf8Hg4zscn,syncspace
BNXePbiAjTcydkgzP9YPgCpzjkVMU58CKf2gm4hSMYSD,6NTbCkLyLZ8bU7wmCMd3AFU3FLMMqFSBRgg2qHPnKj6X,
BNNVXQt5EaHrTELfEvTjRbS1kMLsX6H8EgmPbWdn3GWB,9yruC1cumnyZDFu3kTosWG4seLmZgg7QVrdqLsXGXCup,syncspace
BNEyFJabG4mcNmDTbaFzjb4KJCHU2PaY1oKYgTmYfHbY,54HMLYMQnKzxNRG3qqcP2AjFfAwMF71ZuztgkJZY6Jam,syncspace
BNDDvcGxRKkNZ5Y5D5qcqM7XS3t9Y45mAnb8B5zLeGxp,5wceam6f3i2PNykKQkomeord2dhxsmyTEaEFxVLVaegM,syncspace
BN24DrJ9knu1LcTDJ8qyNMFsd2xty2ZwnUq44RDjr4fa,9GRbfFFTr8Y4Np3drxmDDYQey6sJgzXwo1HS49qh8kqQ,
BMr99mG6BhEx9be3KxFc8LGqvKq4VLu95t5aihK8sanb,EXXdWnopHQp8koHihyWvNBz9Bh5PWL8yC6BMGwVWSqvc,
BMqpTuMu4wyRACfZyH51VLHWsqWnyay7ZpKDxwXg9RVr,7hMaemRtCCT1qB2JkMMH6xseCVFyJbGeAaR5JftWP2TZ,
BMq1awz9NGjntc7eaeQekwqtsDLXb2NPbKJzjydSUYTD,AkHTrLH3yCgXJh31Tb8UhQJxJKJFDpUND14ZfUzvsRG2,syncspace
BMi1anoUSRjkFrAuvSr1h89wFWhYFimR4554tWW31Urs,HTzFNCSQABmPQKnVQTaYNmZdK8y3ySaxFPVQsudtjubT,
BMXPcfo9J9JytCEutn6dyMBmaXqp9Rojg8SaXCwjhRaD,CVfJ9m8W8nqTZZzcaUqanvHaDD4xKwH9CRxRsRXx3rCC,
BMNPzmrADFYpXVeQ79npjQueVYzVEpQJMcFis3UpKXpP,B7Unbxy3yUyG9g2tL2H6TiT3RJyWhjR8qSty1pDrJFcx,
BMGxk9oucbQPMongkNwdt4iUpdqcEs4eDu2txQs1KEeQ,5eh4Svgq7zaTg2mWNA99M2GMd3NfHfYViSoSCGLVUgcg,
BM94sHSFaFoswSaSpmrLT67jQ9VHWbAodGvjHfkwmxV5,FXMcgZ6DBjiEkwc2T47iAyCmKQocWuDfkURntMkQs25,syncspace
BM4VnVj5UxLWtf7hChmqktGRHBtSTTp9DCbgTscqqwEk,9fvP8zZeGYgHE2Tt2tH4vUt3zimf3GKC2k7YxffmiJnF,
BLxtEkFBKmbdZUqBmbqRpAHw2XXtTJFFWEruasm5MgLN,4qxpyTsoAzHUyaFMZBGtkMaiMKdZ6KNjaFRAusDnXuze,syncspace
BLd2FdDVpPvY7FFWVFv11ktjDid9hnjQ7bZ1de6EXHse,3a9e7wqpJcjB7bSVJGLE6o9m4qnPjcSeQ9kPbUw6s97e,syncspace
BLXjcG2YdLuUgQTqzS7iDZ8nWB7uisdqNr2qPVhwuoNm,8cXSrBVJAYKn32DEDoh5tMYZX9XYxWMm1j9MCcBfivJt,
BKcyuK5MK2HZzfuFLFop7QV7iguQnSPoywALVb3gnnUK,5k15YfLg5TmTeVUAuxpQgK4r3Dzuu9ce6RwmKUdtDXYH,syncspace
BKcAHpEzPhsWfwgxVukBTrhssZjx9U49tfsQUifxFa3Z,aumuHzMdUFiFCvJ7kk1djU4CViSzxJk3FjXTXgvdNZn,
BKR7gX9KzU26agy4WKjNV7vRZSse71VAZVp7UELeyRkS,Ew3j7a8k7GaGqZfp5nc8Wfza1Wx83PuVykTtQBF6j9ya,
BKPLn5qyCPJkDkhC3taYS7W2yrHj5FkahSZ1XFBx3f8i,6b4aypBhH337qSzzkbeoHWzTLt4DjG2aG8GkrrTQJfQA,
BK5SDdULKHkyHxYPjaDL3VUADJsKeU6DsJNushhtqv5f,DpiC1CEcwDtTiU35WnhDe1NfVB1dG1Zzynwq6r2vyBYL,
BJuLfbST1ECNASqBVD1TcSnaBSS6NUr1yH6PD84BLb2J,EPaN7j3NKiaCyi41izVPWDM51eKP2J4d3YNvHitvy6oK,syncspace
BJkXQjuxXuDzKy4nZDDau1e7nQWeAMCpWVPUdP44Jy12,DnkxUHYP9TTqNkEEjsz35VvZ3FfUg9tLEVicdBjmRMxk,syncspace
BJk3iuC4YpZNxkpYriZBaWhYkCW3HpoWXYcgbWoA6wAc,ECrCEVZ9Bqj9EuRJr5wW1A11aV5ctrHbqyJXcEX7swwJ,
BJiNYEqWcbsmBYHfGKE1aeErS5onGddV8nSCtQUVfHw3,7DjAwgfEGruWhrfFaGTzayn8C7z77VqnVVEm2DLrvApy,
BJPujf7kneJPTAA1xYjsdVMLDdJo9b3vD2ycGetEK64z,2miqDSetvp9kVgzvn2k4AtnjYvpgCbDzAHZhhgeGM6sK,
BJMB1nCh6jb9THWi9xrgKxECwjdgpSsoeCV1Zo5poXdF,Hq23RE564UaA9WNxMmT9Rtpr8RFUwaYoh6XrGnkMoUAc,syncspace
BJLaYyCLEzitHCSfSg2pdbGjmdAz2YRcT7JZFkDN61y3,4c9oXqhYt2fghQnMSqvTtLnKBSLUHjYxqF8nBgihnmYq,syncspace
BJGvrjZTqez1Qm5YwFrfLkB2PKg4gkEAcEVkgdVEsHoR,7MZWg6nyHxGa47XmdmCdDPpFapqtoSYwHYHMPrN1DBBp,syncspace
BJG1LX4a6NT2s249iiFvAmeaan1y7SbxG3cxWsaF3ws2,auryHMdwKGnjU4ZBjtacvARm8DcAVgEzYDzzJvVFfE8,
BJ88eHdRoF6EcS7qRRQJK6D7PyDksRiP6yeVHaHXASNq,DsmcbtNE5yRUkmGKP7X7PBGMSyNcd9kpLwE1pJFCRnez,
BHpeQ5u7zkLu1ZohveTVQ656WKyEduPHoDvWRtqx2px6,Fk8BccTKMNbVkmxVbykD1eUKWqV1WmqC28uvh7UBHytL,
BHohNphNuXJHgT5AVrgLfgyXhWPpiFpPRjYy9GfFi4TC,93azSqaX7ePugdJUYG1jP9bF6k6pEWcCYxTHNuFUqMtA,
BHm3fAugSrj7jCkdF7E3FE69jTaSuRi3x8ZXBSvYzyR7,4RBhyVcpi2QJmm7yTqgpwmLraPEncME9LkWRDrcVHAcU,
BHeNy2KUC3MNBEoC96tf31syEWQW7q74DpEJ3yvjeEww,KTKTKoT8w2yHKyfoaQ5SgDDNEg358fuXXA7UZwhHH8S,
BHe1QfNhJdM8vtzizRHWhGMP37Qp2wykF3SMWu9LUJS5,auryHMdwKGnjU4ZBjtacvARm8DcAVgEzYDzzJvVFfE8,
BHde9mKDKPTcT2pdWuGtnRsvq1bQ9BUcJus89zYXnaaE,5216BVdWUVYgE6BGkVHrANRYtxQZNGDXkYrbMyaDzPDk,
BHaBNESeV39KQxN6c5oAns49jh2NfXGTXVqPjBzVc2AX,7qubZGFvAfXajmRbKwbQcdP9LFJz4esQEhEqL7fgVvs5,
BHZqbyhhVWFgxXDjsN6azm5TfQfyidh4sVWDjFyrxXWE,6L5hnCxU8xN2aYyYBbWL3qzmtfD4QrS7JLRYptFEqD4Z,
BHUmPZeRQXHd24TqKLYxLAz8jPAKMwmoJjWoNHz1PQTS,yWHWmNwaqBDa8wVcDP1G6NqXCoHJcj3jvFpbmR6Fzh1,
BHSt55WeDkw9neLi6dC3u6wxVDa9XKBVXYD24eyfSzNe,5rxYfsXyfSd6yzutGXj6jdC2eVBawasTMXaRqAenFyWh,
BH7oTA4TQmZgnpgZV36YjHn6bjQ91uc3LNdPSbh74De5,CqA42zXaf5zXk7EW7jtCLfL2uH1efuB9GtTfjfJ2hzoq,
BH34FcVYqCATP3qbe4tDxnmQ9iEPuF1uEj7zNofksmFT,Be1KYp54DfUuuYnhdBi4anoptKQhvyQUhe8KsQSij88i,
BH1fChCWvZnfAhUdGntdbCYpYyVsU1eEtuYudLQSKAtb,2jcmG2MqUw3vB1MaY6j5kis97P5HDf43GM95uJqWKoB4,syncspace
BGxZVG6PCv5uHcBWQVSkh8R1RbgW7KvaV2rz8rZnw6ru,qstNWZCoEXK7Ro3kUbT7ujw3LUG9sxXHuvkiYX3JgHw,syncspace
BGvd22PtvTzeyWVsYKaSECVdJgUudRcxSpQfafiDLwTb,EY3jN76E3iih2oxEZzVnfB11UR7CJyr6kUFjoukSDuiG,
BGofBgdWWJKZRxYxNCmsu9z4QpmcezSNEN3cYBvmFnor,EuMU5aVya53SoToEC2x2vi5z3QC8f9nfh256vSS6PuY7,syncspace
BGiSTcLCq62Sd13mQFcc5fQbSacwVdX48SHTnDzjK1Da,81MMZdtpDzevCJLcFLiSm61DFr8kqnrPVrwG9XGQnpqQ,
BGLiWqdqyub1jQr4BdpqZCyXTefQSVAxzimQRoeHLGPt,FrpQzGzUt3tmmARHCtRKfDV5ddFtt8k9Y5zr7WtsRUGk,
BGHD6tnJwJCNPJwoCJH2abUvunkhuaPQufU39QNo1Nzm,H4eY2TSeB7nZzgngmECHJheTqg7vhgs8tEdz15CNzHRY,
BGGA43q3R77CpJhewiGRRoUqGNmbdEwaiN2kdYTGkz9P,5wceam6f3i2PNykKQkomeord2dhxsmyTEaEFxVLVaegM,syncspace
BG67mmmc1ZAkWVH8qSVYogYh7brkeySauzauXpi5XAVt,7LAjESa11JXDQHfPye1JC7jvVjtYhignL8QdL8U6VCgn,listed:magic-eden
BFuAWgrh15NfHhXz9pvtsUnPazUCzSJEW2H35Nf9RuhH,auryHMdwKGnjU4ZBjtacvARm8DcAVgEzYDzzJvVFfE8,
BFjdy31K5FB5F8WzThCSe3hXyFKaKkLfqtyv1ZNkTFBW,5wceam6f3i2PNykKQkomeord2dhxsmyTEaEFxVLVaegM,syncspace
BFfW8CwSBvqf6uz5V1uPknsZudBb5FwVpu8RocGXWzos,9RuZzjKmpb8wkPR3uXQXN2fn6VtifZER6uyfA2Gg2v51,
BFdFyjdAZZAsmYAsZNBivFvxXu9cGGocdCGhK3RPFvrA,CiS1udKWfC9tQqMLE2pDCryHMUyoCaL7PNWY3hm5o49x,syncspace
BFYEc4ABDQnHrfGRupdkgwULdeWYJJ3jVUg5QvcsADaG,5AysHo5vYHYcqNaJ4zrKKf7aRFfWXCCtQ9gdPLfpudfA,
BFSybSJRpqYusjt63F6AzARgbzh4ye2qYMvD5mx6q6cQ,5wceam6f3i2PNykKQkomeord2dhxsmyTEaEFxVLVaegM,syncspace
BF6Utt9XUtMmD12btNveLwrZShX2gsUts44mUzMfkN4N,HULScCyATWHx2LTf6JsPQL2s2rBTYmDtbxiqaCj3RTCc,syncspace
BF5ea6ymGPg34P3NouUwgM2YVLVonYF95EFNRrC7a5xm,9qj66zMkDdUBFw4GaAwKBgyyLfYRt1Ax5nmQGjhV7Lya,
BF4trkyFEDxFLKgWMrNEUFJBRASE2r196CjzED3AdSoM,4GXqcDPLJJywkFYVe4NNt3T67E6ifHYMa1iDsD3aiFoF,
BEydjE1dqykKRTS9hiyXhQuQ1kwYvBQe8856QknhsECp,DFCsk3eC8c4VLMSqzzBNBwPsb3jHh562GnnMwY3jRsck,
BEsGuE178ty7B3azisyeeLMcRuDDDAD2cHJExb6GiBX3,5C7nYEBpvwJncuDyMmA1216L4GVHdZwmu1k6uEgrxKyN,syncspace
BEqtCqrn2458UyVuJSLF3J1pu7xSbRxXAgu8S9mFFuy8,DZvtWVXWfi9PaJU1zQYGpV3yJLmuoLwPbaCHL5799DyQ,
BEjhZma5wNNtNnU5GQyYpBh9oDYic2FyMA1dwpAWrGje,2nCGgkc3DdLe5U7xiaqMpUPqLXhCjfn4o9YXuqJReuEn,
BEQ6geLY8GVeUdkxvDYDVwBfLziE2qAbkpnCSCTCqvJA,GBmWPNCzt1Acvh28mfqpigiVRo4XRE1kTyDa533RuoWZ,syncspace
BEKuQ1yK2eprcBrNpAo9UXJRJggvbX7Aq8VqSqyk9sos,5k15YfLg5TmTeVUAuxpQgK4r3Dzuu9ce6RwmKUdtDXYH,syncspace
BEFSdG8yx2yitsqVzhei6VvEcMc9ajphxZK6Xw9Ad2xm,D8iwNWsfRkg6oNy7AyTevRxNPGUKZZ2oixoqLiinSSor,
BEELxwf32hpZqNBUtt3sh9dtmUx2doMnBVKJXwkMm4x9,FPNMQhpGtXRdh4LcMBQs35KZsGpwQYJDRicPgD63gUj,listed:tensor
BE925hdD7EduJMP7ZP2YgmDDQW4DSdPrFYTLJY678A7t,DDf9zrP7MM9VbZzPj3QQ75H3CGDMFUVfMjewHt58bpSm,
BE8dYoecAMToJrqiT6AhH5WJjdkPzdr7bNjpxvc2M9aw,626HH5uwd4KvXAGV86bfg92nHaUtddos2mZRb2zbpJb,
BE6sqo2io1FNdG1HT3hmtMTTBky3RFVLWHAND3Wiiz9H,DHNHnQowiCFmX8MeL9kzuqPM4MLjSDnhCRRaFtVx6wfV,syncspace
BE2h162NSHzXUKDdYchuS16By874y4BToqBjjvHritu2,2yEw5qTq4LXZ3m2L9KFH3BBLzUvVEadyF3p5PwhhVGCf,
BDxh1Pjm3iybozw7oVY4uaWteawjEwjPTaZWSjKZ5XRL,9juYeXjaPjAT9FjCxhNVg9km4fseRZTZthYNT9xeRh5w,listed:magic-eden
BDdzXBWPbTr6XxhC6Qr9oTdL2MfhJux1JxJwPfQrAJCk,AvFnj5p2khYtsDPQ9oJQPok9nb3yNa5pVE8xfLvLUSyz,
BDcQii2pCQgyuP4DsJPh2RRuqey4AeZtrWjSumb5H91n,8ZXHCCcdFudoQEQ4AzuiQfi3AJqizHf1yziPW2QU6SH5,syncspace
BDF46yHk3BF2uAb2i9z3nNYSJBJekW91DXvSVYs57fxS,Fa8TzVCkeQd7ZMcGNZEvC3kvSKtxMymdv1gCVZoPexuW,
BD1qFnDtEQbTfhcNtRQSyG1z5Rij9qM4BTqDrSEkrefx,ApJpgs6kFaFUZkcRDZzuduSVrUat3Z5swDxkXFy7qL6f,syncspace
BCvcVLbeBHoBBJT6vtJfqHH6F5aS4NfLQRy5hcamXPrt,GuB5hC182EL34ejU21YV9FY6tkrW4pyCq81LKeD7MdsL,
BCvBP2qnm8r8pbNvKdKQMXhJCF5MaynJ6gccjunWRBax,EjUGrzEwiqD25nnF2expBVL78oL2jQrzeM1knh3Wejoq,syncspace
BCdzMU7n1CHYpFrzgUF1x6m47eKKzSyg4hnG2W1bC4Vj,KeZA7WywwYnvLJ1N2eTWkJZXPtWLpwQBZ6YwgxfHej4,
BCWW5HKHbzmjZCbx2gZWdWcxCMhAhtiYYbmEKgCA28h4,5ALm63hG9ktT51AzeVj18PdMoCh5nWTCoNnp2ThGe4ua,syncspace
BCVXM4ucpwLPJj6eHoi1PPk5ss7vxUk4Gd1zA67KTFY1,aumuHzMdUFiFCvJ7kk1djU4CViSzxJk3FjXTXgvdNZn,
BCUmMHApvUKkK6okSFRfho8hyAdZv2ue8S5vzKPPJ2qz,4U7tf3ChxC8mr3KHWnkV2bE2ogBJK6q8LHLvU1F9BhKa,
BCU7eZQbDBpG2eLr3v6z9NC4nsmNPXCBeTk4vTcoyyPA,6X4voaAc4tikvPW7qJvxmTcUR7KdNmzCPw25nheWwbaE,
BCPVuR1cAQ6tRSpfqoAof2os997tfr9uWtj8Bq56cN1R,J3S4e977GTB6HfoAYATW9q6Wkp6rPsCnFnGnLC61fpd7,
BBzAmFXDVRMZBW2ZHykWLMmotzXXwd2Z3C7TJ3iMQ57f,CWnsPhkdeoYsdHq5M3fRU17SPgEiqozNAZPm4GHeDjyU,syncspace
BBsWMrvvmZ3fZrNBXp4vvSF18PoBvMs4xPPeLdf7scAF,AkHTrLH3yCgXJh31Tb8UhQJxJKJFDpUND14ZfUzvsRG2,syncspace
BBk9HzHDQM1qQpB8hpsQc8XT4DVytjpsy3dqR9EPSKAJ,ANh8vnbuBnLA3KhjTA8PPRhzMYewjLjJcfTEpnrw3dHT,syncspace
BBdwyvPRWMcoPXRe4HABQSYHiaaXTMVZrry5hbwz7JtL,EnBdZXEgmmPV4tTgRKLbiv812zrJzhabCHD63bJEY8bh,syncspace
BBcHTYx3QZMsWcMWZREUXDL3Gxi2QrjNMcfYg8wELNsJ,2JbNWJ74QMBbBumgPot9Mo5DLNSixMDWJEdWmBZei6JK,
BBQYpfX6zSgsaLnncpKPggvURpdGoyPoyW8K7EsGDmBF,HBvKBYH8pT9HgvhEV4V7nASvAECaQUpKiaUiumKrJnF2,
BB8UQTRtqZYnVgJKd6wDGbFqnbiadKbcDtkKVv71th2e,5wceam6f3i2PNykKQkomeord2dhxsmyTEaEFxVLVaegM,syncspace
BB1dbcMV4CiWT6VVeUwcFSr4wNCDuo6S3DwPXQmuq22m,auryHMdwKGnjU4ZBjtacvARm8DcAVgEzYDzzJvVFfE8,
BB1XE976f8YjXmbufBHgth3LZwx5QcohAeJvrpHb9FYd,Fa8TzVCkeQd7ZMcGNZEvC3kvSKtxMymdv1gCVZoPexuW,
BArvApwuwRApyebBdjGN5QtDcMJgz7zApiDAthngvVaW,47E7eAGw5qWTGH5GkYw1z8nQsM6gEd6WxMm9c48kaZzv,
BAqasBLm9SeV3XX4B1xbnk2o6f9kF3T4FbUZCQBCsUHi,FRnFVoakjCChVX5DSSfoyKtTqod36uQyB7deXqNB7XYG,
BAipPK4GAvy46SXJGL2NxugXLXpZ5RcUbPj1zZjJbCTP,FRnFVoakjCChVX5DSSfoyKtTqod36uQyB7deXqNB7XYG,
BAXYgBpbDYYsGvw2uoRCxSnvLLjKTLa5uSvUVCR7b9LF,aumuHzMdUFiFCvJ7kk1djU4CViSzxJk3FjXTXgvdNZn,
BAGzHQCr2o6wA7o7y4XQfjtHwVwYhAC4UL5G76A2w9jB,6C3okBtRVg9N5Dax9JFvvw9E7BZ9gcETHEzfSfUnGf47,
BAAFVuPHzLWsXrm5xorUnDPmH8Zggsda75eCeaks6HE5,B876PYRrwopv24X4fGr3mDZM2Li9q25nmR1QsGZiHK8X,
BA6QWwf332aKs39h4yM74kaD66uSV4tFczhgam79Cfym,5k15YfLg5TmTeVUAuxpQgK4r3Dzuu9ce6RwmKUdtDXYH,syncspace
B9zpwYGPhbYpYWKiA4H2SaX55TiznsyPz7JceYmSEEm7,AGo47Ho3Uvqr7iSP7Mp9uQv339Sqy6YTwgHQBeittktz,
B9yjJrr4GieMMt9DWkdgRoe2BFTTfvKB8KfhQUSgVWcv,68bUHtpK6YtgpN8ttEizndUqHdTqJSdHaZVNb5oHBzfX,
B9hzqTJpvgSxekSbPo73WmTm3eHSUdSBVWHq9n679Ga3,9ejxjyf1iSgJf7JujEGJmJGUoEjwKe3PQ5tVJZoQPY1g,
B9Y6benXGNy2EAMbw7zguvWhiepm8pWuK6JdLo5HFPg7,7LAjESa11JXDQHfPye1JC7jvVjtYhignL8QdL8U6VCgn,listed:magic-eden
B99XUn6kZy5FQbvPZ31455poFWb8jpuqExagWB5rAnXn,85r8gvoicQ4p2qRi4n2vFeYRYY4w9LdDSQdDaCuG6tWG,
B95B82DabWurEnGB6cvHDNn1KX8EU1AArXc7wioiYyeA,4bTm3opxD2JVAwfGpAvowG83Xsq78UiyANM33iY6GVh9,
B8scJSHT326nLG365GdogchHk37SAXbZ6LZCxvhXSQdj,13zYqAmzH7fSvQ4mnhnZdin4STQHx2RMxDpXA3TfL24w,
B8rtsBYXJ7xCKHh9pH9uaxbLhGVF5kZfbLFDXF19Q4G3,qstNWZCoEXK7Ro3kUbT7ujw3LUG9sxXHuvkiYX3JgHw,syncspace
B8rKiTyuz8yG2fZPfVsWKf3suAgw18B1uiA9JP8qdL2F,4sowCpbbEkoNhcbDHbzLELXGTCyd4xiugmxtCni9hkqj,syncspace
B8mZxHExdH6xWug18CFY5a1efnQ9vxVQ3hFUWZwZBJcs,BYoRAbEKpuksniwqAzxc39vJCZMe7i7MmvGueTkBgdop,
B8kBpihWr7acqNKoAzGrBH9ApVCyoFahpNkqHs8Un1Yp,AZaqBmZ27Hr1vVZBDy1zzvZPLRLVv1S8U2qASSzqZgS1,syncspace
B8ibRRwqvnpMEuMXtMB7xkAnJ9hvUrw5VK1nRauVFieS,CPgWGPEKdcvw5noU18PjwpQAU5Pkp9TNBBHwyQxZV7Xf,syncspace
B8fvNCN3eYv14Dx81SdsyNyhGycdQ4GMNS3W88SbhPUS,autfyCR5psTc85smVAcGQajFT4TC8xxPPH1wvJu2Grr,
B8eWFNgRogiELWEFt6267bfpQTa6raQ8MFtcvkKYxHgw,7zUPXe4VqdZaXDDJLrdEs27No77CcV7j7cxHq2YqB2HT,
B8XUcouPfugoodMS4q27UZnEttQr3DbbbnitcRhKZ2T8,DFCsk3eC8c4VLMSqzzBNBwPsb3jHh562GnnMwY3jRsck,
B8M1E1LGmXqeCCuffuAaFXPbJvK97zLnfjdrgDYRgnNL,CqA42zXaf5zXk7EW7jtCLfL2uH1efuB9GtTfjfJ2hzoq,
B8H2yitTBz9NjL9mWgsxqAgQ95eDinBeorcrS86Pehnw,aumuHzMdUFiFCvJ7kk1djU4CViSzxJk3FjXTXgvdNZn,
B8FfSGnAy4eiZGTVKnzg5armLL67YLCwAxEvTX2Jq17K,65F2wSi2CWe2qdkiHTTfUAVKDtCCS4fqoZctgJeWvarR,
B8AHiBaeQnCCAkisdrANYmzLqaw9iUewkfwDLY7u7Lni,4GTJxamurcfUHhoBfhhyawfRJhyVZ6TryBZQhxUK5ira,
B7wXRciCgLWB3391wGH9axxa5NaYL9uYrTezNBnXKXHK,FPNMQhpGtXRdh4LcMBQs35KZsGpwQYJDRicPgD63gUj,listed:tensor
B7rjh1u2UyUDrcVUNPBNQhxPtpiN32QoP83Ts4PpBACh,7cM6RteigPCTi5yGe5gHB32xLSEMBkphLXKj9hPxp24P,
B7psbN3QPGAKTEBCpjzns44FVZ6SFVFSaLfpLPnfsRZG,83aiAHyRgBTKKQf6EKBUn6mwGR72K25qv43jbEdhoB8N,syncspace
B7kbBky2Lt81sq2Nn7VcwuEDZB8oGsBxPW5aVmqzngGX,5k15YfLg5TmTeVUAuxpQgK4r3Dzuu9ce6RwmKUdtDXYH,syncspace
B72y6LPKP1u556agBdU4C66GTfbpkrZoAPkRQ5hcua6a,5k15YfLg5TmTeVUAuxpQgK4r3Dzuu9ce6RwmKUdtDXYH,syncspace
B6WM7aLxYLmKFjiJWU26LaEqksNVAeu6VayorMgqu4VS,HfAzevJPAaB7tpKq7HoKK9Etr6obJ6QUM3T7ffnDDhdM,
B5rxdBZ4p9prs4nYxcRqEf6w3meW343uv77g1zz3gRaJ,9GE1fM5W7SqcnGvHfZHeTKKCwa2nLHSiV3kQ1XiXAboQ,
B5i5dNwHq7Sd1iiHxEcpjzoS92SDsqANRZdawDYJpivT,FCe1QsCGAa9i5w9SuPabrazVic4VpiQdgZZxo6nyBPqG,
B5fzS8rymVUTZiwrLmgLEwHmU91koCyD9TE5eUP2Wp78,5wceam6f3i2PNykKQkomeord2dhxsmyTEaEFxVLVaegM,syncspace
B5f8PnxYyj57d2jqzGv7JXdhgCX5oGgYtbrgKbVuLe87,6mqzB86e1frcyJiM2Ubv4moyyqgPDnPAhZYvPb2wjUvp,listed:magic-eden
B5aCuggh6z2QuiMS9kjLEqdUYAGmnLpfm5pqy2MvJZu8,36LtA8oXX6N31CzA1ryT1EuaGt6MfEZM9v62DLwnNQnW,
B5QMMGdsDzN2z6kZA4ykCzw2qKc617XBpnnper8hshho,88gNHWScPbq75QunYtRi84YqvKwJZ1cjmqrF7chp8VXo,syncspace
B5QE1RELb7qtSo3WormZmPkbbuEUreXZCQaenpGesJJV,376hh6va9939Z4k3V6QdU8NiLXZSKsrSUP4MhNDGz1AZ,syncspace
B5N1MDvZ8AyRHNXmbfErr8ncmzqorXAUWY7T1NTsmznA,25TqXN4ToREvj3CVYJcTP1MWbbi9Dd7uUeQ7uTW7pmnU,syncspace
B5HpLWeB49WmBmLc68vPPcCyxsok7MU2FDH8XQ9ciYqT,Dwjeqz1CsbrsRdMr9E4sapSq3ucK8v2fjjEWGNpagHUb,syncspace
B5HL1UWvgaCyggpsTRFNvTr8vMiLoFKmY25CV258BEDM,EJxbv3aGrLuX733SASSsV9J1LQaCoUmrArXDoF8JAKJc,
B59U2xgkjb43uU1ZA6pYbJibh7wg88okw8kvrbpKq2f8,FRnFVoakjCChVX5DSSfoyKtTqod36uQyB7deXqNB7XYG,
B59DtRzRLkgG6ZpmSm2wb8Ldd3wd7n6ybSeNHTyHUsoz,BcEfDg7CtZa7BtenPhM5RWqZWkyDrPa8JBERuTH4gSRb,
B52fjfQ8LMQ1N6f7DxFUAUh3T1Q1eUVEDmtSbpLiDzpX,6fFRCbbqS7qMJs8pDZWzJBLFo4m2p547hoSZZjdPwWFw,
B4uyZKcQv7nUphidS5LTuaL83YjFZgUgcQKD9pNMjx1M,ASCtkXWZNwqeTqk7BtGr7HGc7rkeKxYU628opcUEkSQK,
B4h1JLgb8oNyngvRs2hb1BuzyGMf6gFb9U1tkqM3cGgb,CtyBYvDMWDq6xSr68Bg4TZCSkWwH4QdSZ7duoSkAj6jR,syncspace
B4ZcaibNs5BhvxXTHFRaDuuPgh6ow1j9VsyboMpkVMgr,DCBHyKXjPa19qsR8eqM9HCnUiQbBVPyJWT29ZjC6bSJT,listed:magic-eden
B4VEKXj1QMibp9eC9q2ySNN6ktndqyawpGWo7Db9nPVq,FHbVUUSthmyFC1vt87pVcN51GSirxy2NAu2P3cQvUs5E,syncspace
B4TLxVE9YBGSZFWjWxNacwSQdHiruXVshyRAKDSvK56s,8eJUrzZnVgcrQVwYr48e9JqHZX6TRbE8WY4nzhBEmbW9,syncspace
B4SGPvhdvg734LJxC5JBCEmxz7BU6ybmBWuRXmMHMAiM,Wm1JfTdiqKZyc8VpxMw7DkJ9mCjYCjFdwuE5UHid6wp,
B3vCrGfKHaATqWLZN3bQxxSQmhw4RSjGMaxSifbX6ZmR,5k15YfLg5TmTeVUAuxpQgK4r3Dzuu9ce6RwmKUdtDXYH,syncspace
B3tJtsSPLrySbSswxF5VnN5Suw6hfgHH4NdfgcoVxzrT,5k15YfLg5TmTeVUAuxpQgK4r3Dzuu9ce6RwmKUdtDXYH,syncspace
B3Xg5CH1fmHU7ahzCGFvNTkMw6a6wsDpjwc5CJUjnpwW,DVPKpcJ4moPNQph2xmB6axNhbhYeeUp3UTJ6o8C7wjxT,
B3VBwkWX5AFcJK62D7vzsqk4fUX3DFKrAPLHYqGErZj1,autfyCR5psTc85smVAcGQajFT4TC8xxPPH1wvJu2Grr,
B3P66BL28VjX6qNSGrZBshuqMGkSvQJs8jAnU3tQ7GoP,DcMsrqztdbWVhowqbm9iBPeb2Gj53WdPmQn3keuCvqWD,
B3FdkK9BfBi4C2mhCcMKWa1S7jc59JFsfKPh6V3bZYNN,AYyEPtxbHWe1EfFrFxyUUUsJGvzHaU7dyJFLCaSim3bz,
B3DkNxPh4csi7pkxR6zuJYDmGBQ8YzAtqkeUt7ikPgP9,5k15YfLg5TmTeVUAuxpQgK4r3Dzuu9ce6RwmKUdtDXYH,
B38yJxBghjcnPD4DYFgsENDA8FydKGqY5VcfPLKtKHD7,55R8BKeTDByVWfsBGAKybrp5gxppRaYQ5tfiwnSEZVgN,
B38PJ9zCzssoBXQC6b8YckrG2Ae6r7FQkLPB55DYurjy,3j55KjrSyyegk9r8gGNNr4Np7oQaktPr4wWh7DVu62Po,syncspace
B2yPEdBXkHqifWg2NMGJ7Y9pV2V6Z7WJkqhT7JU1q9ZX,4qYWqy7eVddKcykU7XtpLUrKYdF8VtPobn6tUuqKhWtv,syncspace
B2v5qZYK4wEt2STEFnJMCzsuAMncQbEmjPiN4taNQ1G6,GPg1UBnaqBjZS2XiMfEpgWn5YBJmNkVd11HXjYrDmVsr,syncspace
B2s4E9pL1UwofAJh6FhHaghyU46jenVnvuELXvsUbS1u,HTX9BkwYdwmH3xPVAyaiVC8pVusCp4gDWTqwLwzCM1bx,syncspace
B2n8tFYhhXP91wmk3oxZ7hDnX9J96npfg91V3gUL3WCB,HRtwRVTmn6sbENbE8HPCyk8dJXURsLwBe6RMN9GnUpPW,syncspace
B2jtPMWdXmuXrFDYV2zgWgv5fZupsLh5PESCdzr4aLcA,5eh4Svgq7zaTg2mWNA99M2GMd3NfHfYViSoSCGLVUgcg,
B2hp2mNSkiXWhgPV33qasHEVVBFxA6ZgvBazQsZ1h8rS,AtE8MaYtXok5VhhLrAfrR5sLY3egzUStY7ySxTVo2h1o,syncspace
B2gEJP8AF56RoGG1oDMLNGKQAid33BdDkJh58PwpbmBu,FXMcgZ6DBjiEkwc2T47iAyCmKQocWuDfkURntMkQs25,syncspace
B2VCjCPBaoHjYzhb7xTMer46yAe1DhJhqw2yxE7nULA1,8eJUrzZnVgcrQVwYr48e9JqHZX6TRbE8WY4nzhBEmbW9,syncspace
B2Uojey7sEtUBBrn7tV8Uu4RNFePSRg75JpYYv6MmsGi,P1s9JzC4p396kkiNpn1uWz7VTdjTwqNxXcwUe51UxqV,syncspace
B2CTtdzUH5VgyzLssLRUqbp9RM13bsAhcEVhWwtDsSpi,6QbNvgEQRSTRDHHxpt8Vwe1kUeNiatPYUsiWHrvP2Pf,syncspace
B2AdsdsPSYVcFVNyt34RqRzRMxvzCiLiTtaM4iem8NNF,4ubNQ1jw1wAt1mnqrXM6gF2axdBWNo5kQVtQfyttfURq,
B1tycbkwQ6NuaxhYjfVgs2MS7vS1nFRqGWs1Cd1P9DRi,CypAV3izurLDDem14HDPZAhB8tZ3FepZFBacyAQALZ5k,
B1qNBPpoNvmyMSDgMphfRuCA3GWN3Mhsickey51PgujN,CM37DpMt2YVdVNfmYL3JW4NJWaYduASvsWwC6mz9fTJk,
B1qLfzqxjeqyAFiS8dhx2DzEDZWvNUzKEQ1FvbCNQjoM,88gNHWScPbq75QunYtRi84YqvKwJZ1cjmqrF7chp8VXo,syncspace
B1iGLkCAVdRD47rDbmW7TNsJE71wGQNfw2ef2yYfHv1i,auryHMdwKGnjU4ZBjtacvARm8DcAVgEzYDzzJvVFfE8,
B1YWDnUrfwVAMaLDa25W1B8q5T2rvELersuiLmqJKK5v,H4EQ85p6BY6cXR4LQSmHjMWs1GdVZBTv2W9yy6vF4mAK,
B1PPD7SKWi7tPK5fCxa8r2PFP21QBSmT2Xd9i8Lu21tD,6vUyLhqSCWPGt75bvGS187KR22j53teax2SVXmkxjjkz,
B1LeG1LCrySDJYeuDEFTSFqjJ6yrNwwC3D2nWVmhUkH7,7R7n1WHogMCSdUNinCUSr6ASxpxaTsotxWz4GJQsUyu4,syncspace
B19jFDuyAcPnoxGjdaCzSUPHgw7rv1AfXWeyCvHibvAZ,4YcuphQwDdJgBHqAgTPNLV1v1x4FAC82REztpgz7F4tG,
AzeVWaS4fHdkkzR3C18MTN9AEBpjAnoFpzjCmknn7btK,4U7tf3ChxC8mr3KHWnkV2bE2ogBJK6q8LHLvU1F9BhKa,
AzavSB6n266TuDyy6hvNJVztQerLh8VZuR7HrtTzeSDe,3TG9WcpGJZqZZ5pvpdWHHShKuYzrpcfKqm5Mhg7AGoDA,listed:magic-eden
AzaGRP5YDDk5C5fiGEQVmv2BDQUsNNAnECV32R6NuLye,9m9YZuu9C6pbpVqdcExnxgF42xCtwQBRGGGRcxaTCT8z,
AzX8o3QS3MMr9krgCZ9eUax5RWNCdsrrHsvw6qY7NBLJ,GUfHRH8AHiSUHVjNnVFqqsZ6Czmdm2hcebLHZqJJUoSA,syncspace
AzUxdWxBEt3yy7rJa4LmtqLwxXWeJyP1r89j3vtpPSNg,BpvbaZ7GrKt3Aq9TQC59eNfZKco3UaM5fscMjkkHLmmC,syncspace
AzKw7eE1WwvDzJU417aEXWzvJJM6xizvHSCG1LPV7bSb,Henk9mbpq88XkRdY3GddDhhmF7Byv11tnQJEx7nES9pR,
Ayzx1z3k86zwVPVWSBW3tsiwZW86216qUmLqH2pgz5cQ,6rMv5ZVQ87sksJkRDLodqG1sVtJdmxvtu4VqpP1yZsP4,
AyuAcNXrMUW4pe9aFpPr2hJAfFniuwv1cToGLKZNejxw,9PSDR8wz4vA1znxrsKfi6DGSDi1zsunXitp8Goi7cFnV,
AyfQ49yf6485gFANJYkaxo18XxfTPHP7Fs73FdNPtbW4,GoZAbNWQDsWEqvmy8vZGtc13VVVsJbpg27ghQ3KBQJ69,syncspace
AyeBD7LtJTjthc9jk2RbBqzZukjedJTQPt5yNKNCfDrr,Gkv7eKbhEpHBsUgLXSjUtNS8rYdGHPrfH2GAuDQsKy6c,listed:magic-eden
AybkhxEuZR9tCnsNHEziLQ6wuxfdJKxHTJ3qhYyVwwJv,Fa8TzVCkeQd7ZMcGNZEvC3kvSKtxMymdv1gCVZoPexuW,
AyZMQKwXr6fPzScuSCJRLhMWvpxaUeXvMvinXtDuQ7kM,4qYWqy7eVddKcykU7XtpLUrKYdF8VtPobn6tUuqKhWtv,syncspace
AySy4hiagUXavSbPgNjWC82hnWKwFBpHAkf6wwrey5JN,D5NVo4BcTXhs5cTmvUruNsiKcd698c12iphy5MpSGFv9,syncspace
AxzubXvHpem6y96vubngKeDUWsQLrupmvghvmg1wGjML,2UBYGU56E9cYmB6biyop5Fyb5Fsow2kdicDKvXZ7fRrv,
AxxXSJiD7FtXom2XgfRBGxTZFwnfF4MNj99GwvGCrCqW,5sWsediccJMsGTayzXtKWKkAaYLN17KBa78otHRrFV2x,syncspace
AxhXagoNN44DBYorxBf2FGm4LX1P7FpVVwJK9PY4MPKG,4U7tf3ChxC8mr3KHWnkV2bE2ogBJK6q8LHLvU1F9BhKa,
AxbwtZdA5qhLXZHAZGTZcJk5D4os2muWoKwRQJvnwDcU,8yS16f3u1kmgNu7fZWurGz26Rcj9g1mxnV48kQYa922S,
AxPob1qCd9F9tCYLFBXexijHdRcTXjXh4iuJ2ydmRNcX,5tPjmdv1VWzQYf22Nv843fVm5FFKHs7vWnvcgsnvEUvx,
AxMVkmaGJL8VDMkz7qjv2JRFBrRbCtypptxKQrCxspAP,7QdAT4o7KbEpgaATx9MMK7HrGRHZyEetNnEdrDM7KXfU,syncspace
AxLw48teaXhs5686tHGkjkcGyQR7rhT3uvhJtkVuuZDK,5tMEejJNtJc4ccjcz7EYYMuEMbnkoSgAjh6vcb6gjsfz,syncspace
AxEsdJ8HPADvjeeg6BMnh7hph8kvZDMCZVq6NQQt7ves,HhcMjf1dg8ysC1AS7m84AccQEoXAsMuumnG41pt6vd87,syncspace
AxBFqgqEfZ45gL7znwUpfqUB7Vo93L5dw8FLfr5XCMVd,B3WMBuZVUo1xpLVW95WubBtbsabrsyRVH4cU8SwVX5dQ,listed:magic-eden
Ax9VTEHg33dmdUDV59HtWdLfRnsqxMRS7B5do3oxrUvM,JBM32PqezW5yoUtYWF7KpoA2gTF84DEZtPMWy15Ykdb5,
Ax9GhXc6oinCfQ9Hjnrb2pYk4Ve7HzZrgMsdn2dvs4H1,GLXy5LwscvLKbEysdkDywyFg1rBQHb4EVQF9F8BQF3GG,syncspace
Ax21ZAbeBiCo7zM6mrRaKH2qFLDXGKDEM9DCek6iKZx3,88gNHWScPbq75QunYtRi84YqvKwJZ1cjmqrF7chp8VXo,syncspace
Ax14RNNqAupHQQNd9YZFwpVLoBaZHipHWsrCy2hWy3aY,81MMZdtpDzevCJLcFLiSm61DFr8kqnrPVrwG9XGQnpqQ,
AwuTyG9zmtmqJNeDRv5p8noGdeSxGerJi7VVmJFXwq1z,7LTxaEw8DYwZQ1HvE6AVAzf48Y4tUorY78rSwr2mprKB,
AwnZDGQYVCzSHNKCDei9eA91h8SWnz6nT9emntg7BcQB,H6r9R1TC8HYZcQqUtyKqk6V8qrAmjb5YwCwoAs4ePCT1,syncspace
Awk3JbhvxNeh7M1JzuBkGzxT7mcUAJw8mJ9tAcmQu2xq,FHbVUUSthmyFC1vt87pVcN51GSirxy2NAu2P3cQvUs5E,syncspace
AwhMiHU2kcEzYi8pz3t1czsw1dmsGZzqHbuLGrviDsvx,2fx7n8y2LJ8vgoUMxEPCYCD3Aqh9Hj8477ZpTZyNUoDT,
Awg8syQKir8Vufmtq85safxideyKLkgSxxBGVLqKrzAb,B3Va8SEVogmJZ3zchEqaaoeoLdkUqZmRfYjtZdPuJ652,
AwX6enmiQksTC5wyuWkBtCaWn8Lswo9LnmUpjAPoTLqK,CWsUH5RAcVH1gMZseqhhBsjfBu3gBsssk5R3rPFYoLVs,
AwWyNRmbqWoKAeePrnvF3UYSzkMNiQ1DYWquvurxG3gb,5aqRD3pYWuQ7cWVpf7xegaHxZizw36giH1ZGLReVwAK8,syncspace
AwS1fQWUxW8We8bMUEn8rAmJEm5bHQ5pFnji6zserUDZ,autfyCR5psTc85smVAcGQajFT4TC8xxPPH1wvJu2Grr,
AwQeYq5nCBDP7tojxkMnuzuVeh9LT2TYBkk6kxmFibLd,FHtBmDs9AkmtGMtPwEZCUvj8V6zePp2q5LEDT1vYrF7H,syncspace
AwNkbphGi6hZDE6iQca8T9Ebgzm8pUebeQdgoRWVkcdm,HxHF3LQ65CJVTcri2cztiftM3KcXuDCfXgNmpWvvd2gg,syncspace
AwCZGCQVCi2z1F8AZ2n5Vy9kzQ2dymp9yJUXPUmWfpuo,auryHMdwKGnjU4ZBjtacvARm8DcAVgEzYDzzJvVFfE8,
AvjZ9HC7JHGJWpQfPVezHumoP3N9p6jJWAq7W512WdPh,3py8w6WyJJNX7aBxjA7tGK8aTyUK7fr67BK4bFJJrCmt,syncspace
AvLoNHYvnKPYnBkg6ZxgmrfrDk8FaMUmDqm6rKVAASgU,5wceam6f3i2PNykKQkomeord2dhxsmyTEaEFxVLVaegM,syncspace
AvLC23VGZug4uQVBkEppJC5CYX2X11SibqerzfeafGdd,DSoWXR1s1SunJ5sDzUt8UmPLKtvzrTgo9qGDs2bABu1P,syncspace
AvKAx6p6BbhEAuJyy1Ca6GaFBnxwGqsLcb6yrTdHgWDP,HDoTr3i2p2KkLfqzFpm489EPqJ5tVrsbAQbLLYTfGjZ4,
AvGwHtzYpcVxUfwwRBzATqVryxSkKwxoiyBX7YgHDK7v,auryHMdwKGnjU4ZBjtacvARm8DcAVgEzYDzzJvVFfE8,
AvFowEZJCuDN5DzvbPv6jqf4atQM3qNFq17KPPrjyfNz,8VcHiYLd6V5fMFZzPF5zoc1gztiav4apEQvFSzHNbYm5,
AvErj5G97WhVS4z4Lw7KpREd7VxoAohqR7rtkEmDkX8C,2eWkTF8tSBp2si8Z7LDgkswJZ1LNGi7DPU3NNjV1i3VJ,syncspace
Av5F4xsppXYcEgwLUW67xJeUJSoj5ypSpeq1A6qEBES8,3fZ1iKKmHJECq3zhjjQgXP1ckTWrTcjqgXxs7gyvsTWc,
AuyfiGBUNbSBz8ufP1YJdhBadUVjeueBdGBqV16kzho9,81MMZdtpDzevCJLcFLiSm61DFr8kqnrPVrwG9XGQnpqQ,
AusnPJ5jeuWgD8A31XQi13baxQJpN5KbAiZCmCtZPFw8,8xaKTB4GehLc9nvJ1gLTCHrErU4TyZTHME4X9D1tjzry,syncspace
AupftZ3hDzKMRUs3tpHJegjNCxrW88Uwz7RuPnZEJQyz,GZPYt3GVeZVhgyKdqjrCkWY1AHwKwZTLEa7EePxRGzdV,
AukNa67yFA8QYSftSJzTnS1r5Bsz1Twdn8TNXY2sQkQb,AWLEaKE42KuiYWPGZjgQBNM5U8GEwKiHzWDB8aouxSae,
AuNraVd93GA1Wy1XmW3n6C4aNXswDEj2ZdQwvaapN2HU,GRnx8CHP9oabu2PScVBxDXb2dExQ99oqW6Uh3Sn1Dkdm,
AuMCCQjxjrRBmvjYQQ9YYJtfS2DyYbsoF8ofsRNhVXB9,7dn4aZTNA2Weiaf9jhVsRhjAPSk4f6dfGrm5JrzD5C87,syncspace
AuFQbb2UHzg4RnDhPZm6GHSSSqnC4qHk2ppJW9TL1VA9,5NFopw3W1ppxn3GxoX29z77whevSCaCGyjFEotBwv1Zk,
AtprkXUvsy2fMDcHt6kAHvaGGJSxewqpyhQ514cFQrfW,4ja2N12Zczh9K25zGFTfao6yPdTZSfA5Bw4QueSmQCYJ,
AtoPTuaea8UfeC3rYCWnmHkfqyyws3JpEjtmBbyTNivy,BaWSxWJcciBR7V2HkQeADpqx7PmrboGgfJtJBaYbHvd8,
AthT7Wn5g3J6UgmPNXhb2sM8UtjJ3vp3Ks5Fv4nKnzTt,AsqDSBE23vDZZMVjMZyt7gPbk6dqiDEcpxWgM5mrnXFL,
AtenDjC5wRcDEPng4KeLPci67r7BD3jsrpAfL8EKL6ex,2oNgREE9vA8j8eDkmFqVfhvWCzUyz8yrxmckD9L753Vm,syncspace
AtePpEVUV1G2tKuTpPRAvhJ5PDVRDgxqFYQaGajoNMHL,G43e2oSgeTEaxN3vc9iCKUg2AXaNhfs6KtRwoxgZ6qdP,
AtG9A5qT5fg29HY2d5mjU8ZW2ybfcoJCEnZRmUBJdoeY,5k15YfLg5TmTeVUAuxpQgK4r3Dzuu9ce6RwmKUdtDXYH,syncspace
AszcHz7gp7LjWSUd37QWNt2381Rp32nahADfuBY5pMHM,28aPyXgWjQwFkbcEpZFXf6mYiSiJ95o49RRQ5WDEERyZ,
Aso11fP2kLdD6YtjPhSz76TvDa96AXp3i2ASRpMqGvEq,Btk9r4wdBqgJHi84bkJxMNPFMhi4V6StaQjz1gYkuCcR,
Ase9VSsEFbfsdsMgaRuYXKfsWTziZX6RCo6jWaUt3LLF,GhDLz4SqR4KTRYtX2PzCKtgUqBhXiFVzysW8Cnu8JuDb,syncspace
Asa2RyPRGyjqvN9X9eHYUpivEwM6JxAt6tRuDyX9yTK3,G43e2oSgeTEaxN3vc9iCKUg2AXaNhfs6KtRwoxgZ6qdP,
AsZPyTWyasgp9Sv4B12yRbqBNkU8Wj5Ry2p2AvKpHa1S,2qPy2YciqMaXv5NhUk56t4L5gHooFFSonWXQpgDRHF12,
AsJbUrUmNMBASeXRtBv6RhESQ6pe4A47dfkt25Mebdux,HPmpP6DHcyzHUDkoJsL1aEhVzEyGLjZxwjzvca2AYyet,syncspace
AsCLyseSDAFFJx8jz6JohsjSPtrzamFzzhRoCTQNYdX3,6nPcv2s7JtmbN7S3diQQ3oi9yMAYoqKZfmK9F1WqtMWE,syncspace
As5NRKaV2QXMMnh9s7qoYgpLLeP9TecuMg3w4irbpZcg,A5RTfVGhN18KpBeZNQtNF5UAdswW9SF7rehKqD5CzmK3,syncspace
As3ZZhUbhJGzNGZvjK9sS1JoWersQN9N8UqvaWQV7b7a,CB8Pr9uzrrFw8BFnCqworH1wMa8DsmbSKgUNwVWnDGrL,
AryKwCsLfEmBvJnMo1dSGHotUrSTQNxcgy8BiNPthkMD,6QbNvgEQRSTRDHHxpt8Vwe1kUeNiatPYUsiWHrvP2Pf,syncspace
ArgtUmeL5G9jLwS6D2sAKdx6taDijBtAd17wC2QwXT2K,9FrL9aowUtsNQjQqCqMdwwyG4BwwMFMHXWus2fYPqK8X,
ArFeMgpiZbQXEX6CwX8g9gJ6Qdx5fAJEqe7NMpuG2A3P,5eh4Svgq7zaTg2mWNA99M2GMd3NfHfYViSoSCGLVUgcg,
ArFE9CawhqXB63YjH7uz83eQwti7Ujrb4TyHg1y1tPJC,47E7eAGw5qWTGH5GkYw1z8nQsM6gEd6WxMm9c48kaZzv,
ArF1NBmd1Js9iogW5wJN7FSWPEX3U3ZsL4sf6n9mZ1Rg,2Hm3dbAYBCSdoYnofVYpLrzETTQt613bpaQ3SxnKxZQc,
Ar7RMPafZ7xL8KQ4eYVzBArBoeEmkgafPAVnQNcC7W6Z,9Ngb4UJjvSm9zbTN4RYRFWBzTPVWQh7C2hFiDvwPsDBd,
Ar1f7ZZaFhoRWXKFHthTJTaynqGwsCvsTNqpCCjBo9xB,D9NRaYqNDCpPzwkLmJ4L8M9kNhXoXTwbJkTBLCimzwqY,
AqhWou4wvk5oao9KaE2TvwttU7hrYFVsAEbTc9qh7dBB,HBvKBYH8pT9HgvhEV4V7nASvAECaQUpKiaUiumKrJnF2,syncspace
AqgeE6UncGY1H8MvMKwEQzjQxsgKXS5aLjpq7mKKD9z6,78Zqg71dBn3N2BV6SteXpgoTotRmHaBKAxPjDtsKtfAL,syncspace
Aqfb4R5aGGRUXEDr8KgnhJMwCs1bSXAGPhcyk78w142h,CG7PhEbBizUtozFTgFfA46jSVf7LAZLTvPPxRAFNaXDu,
AqcuFJJFNzbZfQSEXn1RyS1pPegtdUBQUqgnsrfpu667,5k15YfLg5TmTeVUAuxpQgK4r3Dzuu9ce6RwmKUdtDXYH,syncspace
AqXUxLo1X6qQy6SuKsZsViyMSDRrDPowB1KajsyqeSJX,FoG4ZDcfRDMdSGwVBVZG5ddkE8V65k5tURiEcTXVSkpA,
AqW3vuox5XSeeYE11PFBdMtgnDEzAzivdqpoDa4Hty69,GPg1UBnaqBjZS2XiMfEpgWn5YBJmNkVd11HXjYrDmVsr,syncspace
AqVyQmaC1HWfEM6WWq6nPFKbX4DoJ2qFrWyBNE93S78g,DcMsrqztdbWVhowqbm9iBPeb2Gj53WdPmQn3keuCvqWD,
AqUz7tqGZkd3eQcfLQzGdaphAExoqAPtz7KHagtGiAr3,7L1CkFHENC75Z7ZfZFWwDwaxJKxYdeaJsQ4Kx9NK8L2X,syncspace
AqTsxbVWUMp82Fom83wZ8yBPXeRiEYyrSz1y2wcq2p6Y,8N8P7GGiqdfp7Jdq5BYo5mUxNoSVi42FiMp7REv6wQD4,
AqRWbfZEmR8KXyb4cMuofmCbAG1wX1p2HNWKN4uhAbaz,5wceam6f3i2PNykKQkomeord2dhxsmyTEaEFxVLVaegM,syncspace
AqQCT58R2498ZEuBvUAHDkabdiwBtC2xudFxY7mcAo7Y,9qj66zMkDdUBFw4GaAwKBgyyLfYRt1Ax5nmQGjhV7Lya,
AqKJtH5k8A9XXvUST33YaExfUcdF2obczuSKF3sJAFJX,5XnnDeorqDnYYVqnxMCXkpfH3exw93Snji9E24r3tfDi,syncspace
AqELMHunQvkQo19gtJiBAXcvNt9CW8oAvmhYceUeptu5,G43e2oSgeTEaxN3vc9iCKUg2AXaNhfs6KtRwoxgZ6qdP,
Aq9w8he9EnCYjSCy2BMeqfb2FSSSBQ2Lrjn6u7Zr1AXS,5k15YfLg5TmTeVUAuxpQgK4r3Dzuu9ce6RwmKUdtDXYH,syncspace
Aq17gUT6UCZey9sy3TZBSwCZPbsZyTM3TGZNCkoAmFx5,3ijwbSGhaDDU5jusKYU8dbm7GW8Y8SjQ43xjxrPGgY6H,syncspace
ApxffqxwVUWxtd4QXJHWxPmg2SoBXM5xVopybmj11i4Y,DTUVLn3orb1TEpkBmhZvjJ5fSXFU24RAnyscu8p4ELsg,
ApZ1o2GkCCvz9hmNtvQRHK9YStVMriQcepK5agSBTxyv,auryHMdwKGnjU4ZBjtacvARm8DcAVgEzYDzzJvVFfE8,
ApVaCtCuqg61EKFHG1jSgXSukq2FjNLUHgmoph4qLCeB,4w1KsAEnddfnijY9eDcGfVRKyaswUK3YMgb9LAfsj8Df,
ApTDuydbq1TXJ4DtK65CX1jcYwSoLrTkmzho1oQ5wq8d,DUdNW7ci9fGUd9HDGc8yTSHgBbvfAFpCeLMX5kRq5x2G,
ApKcp1nVGE4SkePYDUkz9bYvxuAuwVRFSivd1V2PDd7U,2VvcXv9s8fFqpQd9zoggZ7uLTRDozFPfvMmjup55XTkH,syncspace
Aopd6thCxjGu5jQgTThTXkZrbW15agf5fpBYdRxwRFZM,AQEMuPuw7ntpppPsaCnZjtTFSa6TVJ7quPemFMGMGFo1,
AofrePHtRhEak1L3cpn9oq3NAews59xeKFvUwC9EqUk1,ANUkikZTPfEoBrqtveRAeNkvVqZv335H5Nvspm6u9Ghh,
AoeyAsGkv13xRnvwztwVx7rkof8Lxgzm4usQkz1MWAvB,ArEVZBhB7Rf7BvRwqu7p5BWg7GHREfWdrott5tJUPs2D,
AocZTeaPGH4DC9ayaaKjSiGmgA61nwdMbXhmkrFNGfiU,GxSpto9ZJovc7p3dDoxvrfAQrx3yCPjzxoCPamnCehiL,
AoVNQEme1yeQqQ9VH5SRnqxkXFR7u73fwoW6k9eWWAWP,9yruC1cumnyZDFu3kTosWG4seLmZgg7QVrdqLsXGXCup,syncspace
AoSXCvy78YxcuiJVzxNnYFvF2Y1LdUqejJ6GjFxMBtRm,2yEw5qTq4LXZ3m2L9KFH3BBLzUvVEadyF3p5PwhhVGCf,
AoMPrtWLtouivhXHRbcqYM7jk2EnfG2yH7mx4M59FT1v,FLKMwtAACZgNwoSy9asWHkkvyNdtXQs4ZKdUzJAbzm4g,syncspace
AoK7QdruQ2AeiEZhTLXkAm2vDi3nYfFk2EjAUkFxBNUs,3vipZF5ThSaE55jGnHE1PZhCoHvRfBHvihP3pQ8Ph7cF,
AoJafMHroNfsQQcp5MePhz8TDygXk2vR3Ny6eQE8EzAU,FL1W9Qn7CSiCTVopMY5WZRJ2oeXgPdFihFGTheWMtgts,syncspace
AoGfNUHHktrEnuUyZQmVCUeca23WA5TTMhmed8QtjxaM,7LAjESa11JXDQHfPye1JC7jvVjtYhignL8QdL8U6VCgn,listed:magic-eden
Ao33RV24xrVe4Q639j7RhL9C6rw38xWxDLCC9pR7MbP1,4gGBY9oqsnb1gt97BD9vJEZ2pB8nwggyPKFGkmx9kGAh,
Anu6WNbnbUXjdjL2KT2btmuPk3iWaarxLDy9Vf1Dh7iC,4ezPrRQipo5uijtGGgMsaHA6R362q83SquMxpRLMpnh1,syncspace
AnePDyaYoAzbCWT9dsuqPJ797hUFbh5zbAJ4W9oMoRBp,4U7tf3ChxC8mr3KHWnkV2bE2ogBJK6q8LHLvU1F9BhKa,
AncvUKc29aaYgaGarosDBacMw7chvwz62tsW2c9Xnjz3,8DS3KXcN5BPo2NJXzqfGZ78xNwyXP2BEq94Einb6cfgW,syncspace
AnRndmFvyJuhXCxEKf35g1JHnAYwVjg1MrmA5GrRVSYk,AwcbpyGPiNdPrtoBd8UpyLNF5EaszrhXoKqcqqDoHYp6,syncspace
An82dADJwQMcEs1WkLZTyme1wpfjyGMPiYELk6v6RWTs,AkHTrLH3yCgXJh31Tb8UhQJxJKJFDpUND14ZfUzvsRG2,syncspace
An6RGMd245qYSnjVpisasMCffnaNt1dSC732zGkqf5F3,2qhNaXnvUwQksdG8uiRfZZb2Vs2ASeyvGSPCZz5peJaK,
An1tmRs6Ri4JYr3ssmrqaRT4Ubf3heWNyzDAEs2Ur7CG,HfZCE2KtdY45ckHHciGwy13GmPkynf6d72eqjUwXEByY,
AmrbCgpVKFSjVru2X8aZmt5oCY89oraJfLXhQruzqMEr,AFLjiBBcA6zJd35txjeAxJeAUYoTt4XKHEJ3M5VbH7Qp,
AmjL7MXB4UdgT4UmR91gKLA2Cs8HEhTxkomf127B5N1A,C8oQdPfg7wEHdeDpAxvsGdh7Af5bhzVKKU2mMTZjasU,
Amh4MjGN6FhwQ52eWowVsk4qBPC5zpzodcXS7R6SS4P8,bbC5Da7V9gyzg2Awydwy1ZYE4ir6Mm1DB2JoHXJH1sL,syncspace
AmeB3KKRgHNrM8WtneLvb7nnSkpUgJ7qwVHVka95GAMt,2XN1wUsiVGNjsnbvPZtjQiaE6y64gafbT78B9HxiK9az,syncspace
AmT8DMHy1fEmGLha2GiQULMG9EXZWWQBsmgFVkDH37Z2,EGrxM1YEc9cjJQj8AeDmQJh3LRn4FrS93ZQUKj3ccjrA,
AmQbhWvjB6xAe2a2Gd7zPSi2brRfC5ia8hsd5mZG6HCs,CtyBYvDMWDq6xSr68Bg4TZCSkWwH4QdSZ7duoSkAj6jR,syncspace
AmLfscsdSKnB1P5roZVkkhL5Lo4Q2HEGsm3pSmHdsCS5,44oSNpuGimxAeXEgjXUu8icCF8Jxr9wVXDbkBSmESA8A,syncspace
Am8dzuoJLWvfdRuqQtod1ZDqWBSMAMSFYMZZZBR6qWo9,2Ga6hzy12f7oFvS1zSYvUmvA5fLWiNP9ep5q4NdruTci,syncspace
Akr929G9HRsPfFco2R8hYS7X1Zwd75qhNPhuhjFZKq8p,8afte73xjjzP7QiChqUPbCPL22eDG3yGcEkgmQBeUmvh,syncspace
Akq4LybHPmVCcNY2YHncAQJVc5ZBmXy5fizKT3LGjgnd,7ajKJAWsGDDr7e8sX8D1YPuLSfySY98uShpTCWNKBSkf,syncspace
AknDhkmZjoiSAgjmwYG3keTBr46ps2DKkpKZ3z1qB1K6,Bnf97CQ785xnSxHsSWypXR7iUZaBQGmm9PzxSDGQam3z,
AkedkqeSYVJvJBmv6Zi5gcsdqW2QNuuMEMVzaQJKQn8s,E3v3UYxcXAG1uEFXPkUVvE6tvzeT1dqWhwbPzefexLSu,
AkPDGDcR6c3SgJQjyUF3xissuc7U46tjW1XFjFmK2hj1,4qYWqy7eVddKcykU7XtpLUrKYdF8VtPobn6tUuqKhWtv,syncspace
AkL8XjtbGAdUYMXvabWzq27oUxmxJiTFzQsJAh2Nq7iK,FwD4UEc386iJoujaDwmX6Xacu8b9S3PaShgK3MMHSF7r,syncspace
AkEPmCEuCFS7yRv1d2HksVGWLaPbj3C8ZauSXPQBTaVq,AEaMxfnmSPNGCfvG26r7gbKiPVcBWdqoVth2AuYyLbry,syncspace
AkCPPT6Fg6JxxhS12mrnMqXGsJTppJoAgeR9Jujpsv9h,Hq23RE564UaA9WNxMmT9Rtpr8RFUwaYoh6XrGnkMoUAc,syncspace
AkAznR8bWornisqKsedrQYoJoAG3aHVkBCkkzEGoPAiq,9qj66zMkDdUBFw4GaAwKBgyyLfYRt1Ax5nmQGjhV7Lya,
AkACDkpuqw8q56tkrFkpuGwHuaj3qwqUu9kJdfHWXbmv,6m5xwkX8XfkVtG9cYQTxsyNg1fhjtSeh2QSLqwMS41ky,
Ak613GsduskFyNDg8JPuLFEGaHEPXjVUNeRqAjT48ezY,3HNmsSKMruoVKV5cV6XMjWFzPH6MYAwo9AgLdztvSP5d,
AjwkyDm9GNUErzPye8y2xCYC8VbgACmS1WmPwNUdQHAH,AHy5snP8Jy584RdVg5buochaqycJytyLyQJ3BycmicHR,
AjsA2dehAMUuAkoEwYrtYKkd5Awf4uyrp4Hb6VVadMS2,9qj66zMkDdUBFw4GaAwKBgyyLfYRt1Ax5nmQGjhV7Lya,
AjcZvnBMaPE5cqBgSpnrempePQHPmAAnfUZ3hx71ugsK,7dmdC3uJze4B51nnVEQgWc25dUHW9BG8PtfYSy1iDkQS,listed:magic-eden
AjVgMtxTP6uiUhjyYk2jKyzZgZKW9oMk4i4T1uhouo8J,8XqNwakQGp1gAkPMhBWzwo87AHSVHsS8WG84NsmqRsW6,
AjTrHNXHU4CsoGckXbnyM5MacYkfRABdeLENKSp5hqtd,HTX9BkwYdwmH3xPVAyaiVC8pVusCp4gDWTqwLwzCM1bx,syncspace
AjTPxQ4NZsHtGUjRqQ5Yjub2BPqgXMzNQmLjzt19611k,EApcfCjVeAs1Bd5vWBSc9nyd2uj4QG59rLp7jxNVaxoo,syncspace
AjR4zyLd2oRRvDUVS5wBH9zhX2xpXgQVmvhYKoCBcBxd,2eWkTF8tSBp2si8Z7LDgkswJZ1LNGi7DPU3NNjV1i3VJ,syncspace
AjQwozcxopN5L3Jx4AYAEy9w68N3Snt5oRZu5m28YyBL,KwQ27yEuXPR1mhN8tTexSDQ2VDXJsZTqpf7J4k5ireo,
AjJw3HW9vKrP7y7JAJMArxUPUSARcmgGsHwzGFyohUAS,GALzMWoHB2fdXPoszv15Epk5ttQvtCJJ6oTtVbJoqtyE,
Aj5joYhWFjtEJ1p6SSQXKhuo46RV4qhNz7RsJW2mNSRg,FRnFVoakjCChVX5DSSfoyKtTqod36uQyB7deXqNB7XYG,
Aj4bzbriZbnTiYP6p4z64HBapz17kkCfejE6fX9rs1Za,GPg1UBnaqBjZS2XiMfEpgWn5YBJmNkVd11HXjYrDmVsr,syncspace
Aj2Cv6Gb85mG3f4hrL87BReHFV2VbWZGVSezmb1g9fzs,48RG2X8hvYnPYNuhGxtxzkmCtgqM7soppyoLfgbPUgRZ,
Aii4dbyQeHtmG4SYcDSvqEFBTgNQZyxhEzMPbnVrSCWe,4jvMY6Zee7GeD6hZpzefVFoHF8ZESwePtE5TSEd5AvKG,
AiWG7qjoUch3P8UAEBxs9SKcBwiUNHte1cdWKHMP9VHQ,DEZBMjMRAo9Bj3HaZkEx5XcZvTBjnUCuJa6d7LpdNPK3,
AiT3bmCzv9cGa3FzNQVhSyQ4XhkfHgtBP2vzWPTWfKtt,APyqagagZD1JzaShYPucmRPfWpwHazKye81GcHe4wfnW,
AiLFT3ZPHuEzRojxu5kHkxJ8ubqGQJsqADCC7HwnnD8U,CB8Pr9uzrrFw8BFnCqworH1wMa8DsmbSKgUNwVWnDGrL,
AiB887rsHFb4zynqNurLACbxnFCsBxdo2YjChwQn3VSq,2eVTqrZKRJRZSksKutUJoA4W4iujEiiCanVAS15mRUio,syncspace
Ai5Qeezw6zYPNihTQvjSEmk2iiGjqwEttTRWVqu9aAMv,313jzJ6AMyQTBYeQxKoMsFYE28j5KgeNsU9di1S4itoA,syncspace
AhxqPVmmkxpTne19boqdbxN8gTv3kaM6DQvEMTgpGXSV,EiASTLQAJEKDKyKMKRyPQ66MkGr9HCj9DVNxZfUuv9cM,
AhwusnTpJxnk5PwDcwqhVJFkD31BXy6dNkGJzeGkM6AC,Ab9xvTJWF1nb8Pvwhz5LAy2ypKSztDyHk5jdterJ6z9M,syncspace
AhukHrNzvBqDdty7RG36t9AVjbAfze6MaHsyfdGNcidL,26UgX9WSX9vadYdgfcp69nkYK6mjgfkVnHkfkGCyyqGh,
AhpZYHSdyBMkspjGL7BA3gCY5D1aEm8au5qcdF1DBnoW,9qj66zMkDdUBFw4GaAwKBgyyLfYRt1Ax5nmQGjhV7Lya,
AhksX3nVg18ToZKn8N7uBgo3seunrCJXkeFkY6YwR5G3,6BmnZ6VG8WX2QXzBasVEXqgXPutzxvwvHpUMg21Cpz5h,syncspace
Ahdvu2EVhQsBkouETthKTZWv6dwPLDnUeUHD4JDXGpNu,D8iwNWsfRkg6oNy7AyTevRxNPGUKZZ2oixoqLiinSSor,
AhdNZKP5Ci1eFZQzpe6n1XHNnMd9BYdrPckkcFBETRnB,4jgMAwL3wwqkKV9rBpiNHGNNVxeLyRFM4pd7dpLjDVLE,
AhHxrQXps3MCSdok9gLmNnKhA13psrKdSVhdwcGa6yAS,EFtqeR8gtNGLekqXRoitXCa2ZnpmjXf6pCp32vDYFBgX,
Ah8JjNsbFiqDXCmUgDH6AQEHQTGSEz85pXtnYNqwigb8,36k2TMsp4b67jLQqcQn8Fgxm1ZcfA4ZMTMpgNco9QbBg,
Ah6EcrqzHSj3h1i9Tt3JZZLjAGr9TkwmtwqznJXuQvfi,B2gauxtDHKLgEoL7i9qFhM9MLMT8ek73rxEXFvVrqD4C,
Agzc89MDQW5By2H4hSq1vfzTNPdrmWzrqf8F1fQ6junZ,5wceam6f3i2PNykKQkomeord2dhxsmyTEaEFxVLVaegM,syncspace
Agg82ubtMMi4CCkDC2g7npoEA5DL2xM12tHxacUeLHuo,4U7tf3ChxC8mr3KHWnkV2bE2ogBJK6q8LHLvU1F9BhKa,
AgJ8hRVgemFnGRRemhRvSkNPH2fHxz9Fx3TYNrevTnqg,48mpgkYNJuJhuFt6uk3N7erEVn2GXpFtStAhSK49Rx71,
AgEiBCXtHJPJSYMQYwu55wxpmzf3a5skMvUGNyVyB39X,BbKzvsnubJikyed1JQFuYAfRWeys5ysPWL5oGxnxEGyV,
AfysXFMXptjNZgcLZrFpYNN1Sy9C21PvS6vNBnyptT5K,FRnFVoakjCChVX5DSSfoyKtTqod36uQyB7deXqNB7XYG,
AfxyrRvSsRq6PEWerSyBxwW3ha5jybNFktjTbDFDZ1RX,8NLoXUA23qzoAA5cpHBwhaFdJVwpQr9CWwdmSRMVnLbA,syncspace
AftMewTePpwFiK2Z6AiZCn8kNm6aypaS1yTo4jCBjuWH,iVmk16BAncjJGdb557ivntgUYdTmf5iHxd5zvK3AesE,
AfrEveJXd8Cshb5DpafbJFYE2AAmUe1P8jy5YZX5misY,2i2xwD9y5BcwPmTVvRSSFuxGihB1MnFEvRmUAP56BvWB,
Afd47AonXPFKCByWqM8pKvoyJCrnPDVrUdozKEbVjELT,8BKUfBNKe7JtNzaAX6cVirKiVmVihV7yDF7tqoY9PW7o,syncspace
AfaekEpPdNFAHAAYvhqBDi6k2pT6yg9U1yaRX8cRLRe3,6mqzB86e1frcyJiM2Ubv4moyyqgPDnPAhZYvPb2wjUvp,listed:magic-eden
AfR3p2aYbTxfcGi87g1FVMA95zN4sQgDrYm9v3D3xogn,7FHj5qPLGzt14E1ZoHApbZ5hUZfqfmMQTYx9EJXghuDF,syncspace
AfP9rqKALzf2ngzicpJZEq9p1mVt7kmatkV6mif4ZrUU,2UBYGU56E9cYmB6biyop5Fyb5Fsow2kdicDKvXZ7fRrv,
AfK3p44ABd11YL6CSKXVn5sfQAcp6QSRSZgJi3rKDakt,Fa8TzVCkeQd7ZMcGNZEvC3kvSKtxMymdv1gCVZoPexuW,
AfARiKaJYhvz5dqm4tLYWe4yp742P1DbFGj1LS4ndgSz,B23AJkFmr59KAdLDq4YwbgnkEhKZ1uAhbA5iAkA16zdJ,
Aewt6fBUosv8icakESw4T64bGZdEhNrPyDuap4Yih7yq,9N5s2zEZ1UGbe8pHoRVvma439FEJjffZbNBWW8jrnW5D,
Aes36uJY8yz1pev3WeMCvSUxX5ec5eZDoLmv2e1TCS9c,DXbWn8ZShNQDdxDhNW9PtnGP6VemRGj4ercfyEsAwxNE,
Aenm89pm1X2RUtTF5yQA3B1hjbGVdogTV9QwaKhgjvFN,87DXTEovwq3JL8FBHuaVq6Ka5MmtfVkXxB5oVsWwGDQp,
AejootckvqUbRyGzy5RJaTpkqQx3cZDdiRSP19YDF7f5,Fa8TzVCkeQd7ZMcGNZEvC3kvSKtxMymdv1gCVZoPexuW,
Aeep6ABMWGCdkahV6m35JMjcCsUAvsFcBPV7hdoYo3wC,9JnKukBQsPjo7b8oVeARbUwevm9qpCunLiHBZ3gpZMfU,
AeabXXWc39oUtPGGEfxXYrdSNtK3y7yrqA8KR2SmDTk3,7NkjghEGHEuoLik9BWY4uUMDa52qZD7KgiCAXXuxvTnk,
AeXFzxKZAq8jruMuLdv5C3TsSDF8ksVZdLiDSdr2WNKW,4jeXWAS4XJvi9VRy9RU6xdvvL1NDSCbzwXsLRc9u36SY,
AeQa2zkd46ex3hfDF5dfB6NFSv1m9jACb2dy2BynHRcy,598kivRA77B4DazSayPPqdYEanrY73SJJNVdRx5fFtWj,
AeMHQaLFuXXRxbFznd6vBz7oUzmZv1Sj1WmKfsxjwLdh,CmZq8a9YkmjqdVRaAA3NxMZA1KWzxCb3m4gp5NSj3ma7,
AeGHG9g7cJXkMTqfzZvMpZpBDskHUttAPfnHweGurK4Y,aKmo7KryFFaWicWKBHxJhjz7rHAQgdmjdJBjri5ziMm,syncspace
Ae95kWb6afnywy1D5oin9HFUstjyRUHZg2GtKgEqhjmN,4U7tf3ChxC8mr3KHWnkV2bE2ogBJK6q8LHLvU1F9BhKa,
AdxHCjriwpTHLgVc1RmTZfayNvU4cHJJecYeWiWrVGJK,73Z8P6xRJLbTVRjcQ2MeyzKgX61FB7QuUDpa1Hd5V82n,
AdwHfVAW7BVBSAkxRfQve9DKy5de6bB228qgY93rXKhD,9yruC1cumnyZDFu3kTosWG4seLmZgg7QVrdqLsXGXCup,syncspace
AdnHvQM2v4jnk7wD9apSzodZjFnCT6qWZBGj3Yw4XW3f,49aiHqzkYo5ZdNRVmUsdGJJgcVAjFiQujUFenWi3WXeC,
AddbTA8Xh2ZoenFbq2P3Jj4i1RR7265cmAVVwmth2Ca3,8A2vh4YicVc9TPbzgvZz3hn95t4MkWTn8RshR2i1dsfB,syncspace
AdWadqu2fXsc7YkQ6XHcnaMkvq4DDw89n3BHEhco5Urd,R2D2MtHDrnvUVoiVqxbe7rK8u3QqzcdsCQ9McXZNezN,
AdVeBxYvQ9t4p4BkTVi2Q1UGLyPbCyYmBqy6Yt86J6VD,6N6EFhs9NHdKUoEEAgtYFyrpd9ymCGEdLQLBJzZB4wcL,
AdMLkTNmPuxHfRW8erFS3GJa9NPg4SnyN7SHH6BpuFju,CpkAowjYJLsaSTdsq7GHu641hKqpNXbNpwHXFUgLFNej,
AdCwTLfQbf1p8SmuF61VtoP31TMEsi1Vd1tGkd9nW2uK,autfyCR5psTc85smVAcGQajFT4TC8xxPPH1wvJu2Grr,
Ad9N4QzW1ZNmateEF92J7FGAWXMKngYf9gB6vBrkWU6p,HxHF3LQ65CJVTcri2cztiftM3KcXuDCfXgNmpWvvd2gg,syncspace
AcwgsqLJRGADMAhuzQf7d6DaMythWNUt4bEa2sVRP21C,DnkxUHYP9TTqNkEEjsz35VvZ3FfUg9tLEVicdBjmRMxk,syncspace
AcvxRBK7F2gPsxANhB9GyFnbTWNimsWYR7cVVQM9DAur,Gde3GRuazaSHDzeLw8ivvRnGzVqMsRwbYSNMMiJANMJm,
AcqsCTsJm7KJ6EfJAFo6ZvsgMYgewgQchhfogJYfV2F8,BWYjEdkUkdc7qjFLTNVnAcdMXR4aXeGcuHGmFqSbPRrM,syncspace
AcjSmfJffeAE2ecuyfBxspALSrZKvAfeRZ5ei8TqCUYf,5wceam6f3i2PNykKQkomeord2dhxsmyTEaEFxVLVaegM,syncspace
AcLdE5SDTPThCFAE2QRsKjVihpFMKzij1piskfx1z75e,4eVcByLcXGavuwEBzJuyPGH6mUzrJr4u6kcdhy6ZJEno,
AcLABtgxZo8UhFbbEpEDivqpsXr9oyGs8YwPDeBos4Y8,Gg1dcDi3gUqt1DhwLKgUWRRdpjgwqVAzKDXiKkCpd2H,
AcKN1aHHJhF2WECGpgL182QPPKUeXw58uuTLKXSVHLwT,6MfhUoBArYi2GFKZv9wpnkjsoHNm2zkVDFJu3on7rLdR,syncspace|escrow:3mEj2fQYC7frcuAhCdEL9eY6AfqkizxR5akWxuKHLvDG|owner-unresolved
AcJ2pA7t5z3xMjrz9iPnNmfBRAfUHnHW9bQPSBusm5k3,8ie1sZ9juqN7KUyNc6NFzcWF617xxCCL9US233AfgHuw,
AbzMy65mpa85BomTdvkm69D3tmeKM2EKHNsVDHNbqEwx,6BmnZ6VG8WX2QXzBasVEXqgXPutzxvwvHpUMg21Cpz5h,syncspace
Abw3WmUE2r3PharyaZcRR5atZhsMhqJ5BfTtQaifUs3K,3hDhDsJvC4ThuDunUzGuffCS7SbKDvD7KLDM91XqmhEw,syncspace
Abv4AWHmGsqH964vjyFWqicwBqxucRrb5PNjSRyYDoAj,GKskEYAwtz8963JitiS5Ph2uLgUSKyzU93oVxrSBNKuF,
AbncSCkaP599gqwpR4dHKDTp4bXK8D5bKp4wNFSYaAJ8,Ght2YarktgyHzrs6ZAh5HCTwHsxRcgCkpvMxf2UNhYvW,
AbmCEoLLEXw6SzHMi8vdV8B9QzXxk6eMXPnt6WgFv2Up,E6MafktJ79ksKBG3uJDReR3pWNq3rLJTPQ3VpVs9UoTU,listed:magic-eden
AbgDYo1ducmDZKYSzfuMAg25DhGiMxj34d9DSc6Kf5pS,25TqXN4ToREvj3CVYJcTP1MWbbi9Dd7uUeQ7uTW7pmnU,syncspace
AbQ6gPfBMrMa2epM4JgJk9NM5SH34zJW21qnDkM9gtXh,EmtEsqjLYp3t4HxbSPbzJ9JMKsNrYYmvC7ZykVJ17pUR,
Ab1c4T5GZ9gL64eRe8qgDMhiP7E2Efy7QdmM4g59wdfu,5k15YfLg5TmTeVUAuxpQgK4r3Dzuu9ce6RwmKUdtDXYH,syncspace
AaxT7gyjufBSwzZuiH9bR2faCSDs9vJGvy5eDg8e2kQd,CqA42zXaf5zXk7EW7jtCLfL2uH1efuB9GtTfjfJ2hzoq,
AapMYLuVnBhWRWFCrEJokgjmrNTNEeEcj3TvMr9HLvxQ,4FjhD6ZHN19Y6Hq9NS6HGgnRasbSc3aFKNEBhrGVcqjV,
AapH2YF8DXTvVzPvcnNbqTKSMtYmqRdx6zWtAutY3gym,Fa8TzVCkeQd7ZMcGNZEvC3kvSKtxMymdv1gCVZoPexuW,
AanRKKBq4TWwQj4G748mhjsbFuXRrhpnV1a2nBw2UXcN,FPnLxnjR5rGNW4kjfRMBxNYXGLJooYnGg93pfcVyDBh4,syncspace
AagHvH8gpdJFuM9zxkQYf8NH3Rsw38Ry376wL6xw2KYB,3rPzBpWszYQ8dEfPj7nPFhGzQSzt6wVGAyQNocdYpiBB,
AaWroXN3iEVcNMm6m6Gdk5dH4MVH6hRSzBfubXMvBBwh,24y3dawbENBAoZQ4FY3xFcTFxpGxAaVvKHwMpGghPLwj,
AaVHkyXT4MHRR7Tdx3FLkejS7tDNg5WkzcGd7bYY2fLC,AuLfVLF4kB8vtG441NQLm7iSYfQn5Kj9Zp7urwSuJuAk,syncspace
AaJgecPfzbYVvpfnpMm1jHv7mAA9YAia6Qomqby8tejF,hyQhuAwHFMWxcDSHYGQkucmrJjNZzZW8Z6ZJ8F6SHAd,
AaBGRUx2JTA9L9ay59NJvEkaACXsT5nQWWoQuVC98WN2,CiS1udKWfC9tQqMLE2pDCryHMUyoCaL7PNWY3hm5o49x,syncspace
AZvNtKXZjVyJ4ht9w7ZPBtpazdnsdQmXQW5UquPUnS7E,hLjBTo1mNAWUojBgeNmkM9dvqt8MWzvCU578tSvm6GK,syncspace
AZr3kSaDs7m4foHBH2kUzsozX7zkJyqu8Smnb7JfoTPW,5HgCS3rFUHptayfWZvSuiiKDYxpqBoetksDoiqMaSFY6,
AZmsaorbNKLL8q8Cf6DL6h67s1CpRTEsDpxhLjJNbJT8,8mdWvYHTwRdFL1af5RzzoFmp7Z3tXqRXFZrSY5GJXC3Z,
AZHJDxbNJYESnkDwFic8t3gN4NsZF3H7vuegVBT7XsiH,7ajKJAWsGDDr7e8sX8D1YPuLSfySY98uShpTCWNKBSkf,syncspace
AZGSoNkGEVuHXmGLG6Lg5uEUg5ESwULmMj1tDYmEgdpM,4Z1Gf51SduZCK8bkexunHLR7VzJwwyoch8SUujDytfQK,
AZ7sRx1aeNskJSSxfJW3AAmfe3u1PykGUZpUZt6QiS7T,5wceam6f3i2PNykKQkomeord2dhxsmyTEaEFxVLVaegM,syncspace
AYt1afsYrxXZVh8QoYjstLcVQtzDtpfdSm4nyaLcUcvV,4t2Zz6Mat9jQbEB1ZeVvnsUDM6SDTTTbqw4dSvh1mCuH,
AYsnY6MjAi6fDp4CyVVVvXaB1EdL8bx7tfqsVVcBUKNJ,8KGQLPkwaau3MeqL1EBrp7NatT5kq2of2AVpGngvWewc,
AYjfU75s1UKFwJPtkofweuYRrxUKPivGL7rJvVdjMrRR,DpFLX6r1QXoPuCtiWMcqpfvFwZETQSJr19uE4kogKepR,
AYVyJ7K8yJxBPc2wCJZHAoPQhLAfVimkGJBp3RuTfrDh,HXCkDsBunQ46iuNewvmYogy5PmcrQJmLrdmXKTMp1Q5S,
AYDG9ieQWsKh91qr1C2T2ooQPCMa9PUaaPK8o7PUHd2y,AUrox7sHx1L8mxEPrNqkVjHa16CXQ73UbgZtZTNPNLjx,
AY9bzBKMBZB73zAdNa44tJtw9rQecWctvuCAD2CP5bio,8xaKTB4GehLc9nvJ1gLTCHrErU4TyZTHME4X9D1tjzry,syncspace
AY4V7aufFuzj4APBgUttPWiBSVhhkJYNvEmkHomGE6JG,G43e2oSgeTEaxN3vc9iCKUg2AXaNhfs6KtRwoxgZ6qdP,
AY3ug34yYkvTur866TX8sKcCSvV3GCaXvcoycG5wKcgH,HBvKBYH8pT9HgvhEV4V7nASvAECaQUpKiaUiumKrJnF2,
AXykq3NC1XjoAcgLKDDBobBEozKs37JX791AaVTaXHXs,HM74uEQbkCk3oMZpTo1fuz6mzaNpFkVopXGmNW9wcnyn,
AXx14TrkR8gNwo7L34G9m5xBbvkXpxxPubefG5BYpZoF,GnLgAYdPYB3gRwwiZqonx63zb4XrQmmb1X7ksKxvizVX,
AXrVLeBcJb1j6rA1SbhfF5DrL18kq6cZpLNQvgGmkLNH,G8MNdTyHMBPmgyoBwydoBvYJSxnY9g2Mi6JAEFAXcEvC,syncspace
AXrD1z1cru2FrP6dTZAbovGosCqk6Wy7RH2Wej5eTjH5,25TqXN4ToREvj3CVYJcTP1MWbbi9Dd7uUeQ7uTW7pmnU,syncspace
AXRsZxoKPGPhayyjMrbhqFJtEjD8rDGyExbD8XjQPGpm,5k15YfLg5TmTeVUAuxpQgK4r3Dzuu9ce6RwmKUdtDXYH,syncspace
AXMySkE88U5HxUERwaH6sTKNwVz4abfZcNJK8uZwSMLB,5k15YfLg5TmTeVUAuxpQgK4r3Dzuu9ce6RwmKUdtDXYH,syncspace
AXGyXsmC21woinvZEWiwe8YxTXchGPxQDqzWiApz5yAy,H4VhUXEdhHvW1YXqPqMTLjVGNANGoncW7zcVf4XKrhVN,
AWxCp8E9pmwznao1KUEyEuYrHTmGZDXLa1LJohGV7X3S,Hq23RE564UaA9WNxMmT9Rtpr8RFUwaYoh6XrGnkMoUAc,syncspace
AWtzbmZ836M3U6tUoBwct1ZNyxV385nmiZ3bsa6Jpa7V,4eVcByLcXGavuwEBzJuyPGH6mUzrJr4u6kcdhy6ZJEno,
AWnSksMJU1BwwAtwsMhJHkUaia6DzfpP6SscvtWM1YQA,Hb59FoAbgCzWCGGeVovzkoKiTGJDrcstTffZvkHAJ3QA,syncspace
AWUTivLJzXgJZbbkjRgfNWoeRmHGqpRwJ91KzaKu1kYe,5wceam6f3i2PNykKQkomeord2dhxsmyTEaEFxVLVaegM,syncspace
AWQ8F5ZMYNNHwJtHqA4MUNUd2eZVufPbrixJmnVn52qR,4yBTZgH6pjY2CYzc46oBNszB3zFg1F7wFHKFUQQXwt3d,
AW8iQ3MMS8TDUQmozZQFCSVhk6eHYXG6NX5ZgGyMqGru,AP6xSGNpc7YtNvpaJranY3vMiKvxsMePBwB5UKAHeX5z,
AW2rJGZ5Rgpt8EhChHajeMk4QH7txWQba7ZENp8St1m9,4AzJbQubLcgvUMGFfZ3p3RzrthXPz3F2WnvqXB1eK7m1,
AVxBitiv2MX98RBijqP634WDWaTzGXdZ3tmYwvSq1g5z,auryHMdwKGnjU4ZBjtacvARm8DcAVgEzYDzzJvVFfE8,
AVh89amWZQ8z9EiaP6dyq2RhdEoeSDwodZmKbUFMXw22,Hg2gqbjGgL8NZDmJk6jfqskafuK2pPqccSq5FqamaTX2,syncspace
AVaKJN4eaXneDSMLAqmeQCbKr6JKXsX65y3yXEmriBuA,BPaKbgwoBKRsMwbSV8FSncjxVDXXH9Ta5YRgxjar8EnJ,
AVYtDWsdx1k3L72izMwPX8GdCKQA9YkYqiPPXnK2cRKX,G43e2oSgeTEaxN3vc9iCKUg2AXaNhfs6KtRwoxgZ6qdP,
AVWJA6cUJSppdKgtNCCko3pqqMrLyaYP6hsL9ZJwRTYK,9yVbFMydZbXHWtUs4J78a1DzhW6cB8KAL9mQ1gv6Vc75,
AVLuRdWKjdi1JpFBEs3rEviaCAuzwwLZHsSqwAmKX34v,HTX9BkwYdwmH3xPVAyaiVC8pVusCp4gDWTqwLwzCM1bx,syncspace
AVLZhEP38TeYaRi5e8Afa4zvUS8L37nyRv9qWvvXDX38,4qxpyTsoAzHUyaFMZBGtkMaiMKdZ6KNjaFRAusDnXuze,syncspace
AVJMAcUGZqeANLS64moKoyY8iqnYhWFGpDtGsieKhx94,ALf3aw9XK8fnCkdv8Cqaz92oJyfgxY9zrHGh9opc1n6e,
AVGupEnMJ6FcKfaASycMcNeZhBuXPbuP1Ap3KpwjtZpN,J5gD5d4SWAgrVzcubVCDne6En9K668ay2obtVmApenKp,
AVApXBWkJFx11sS6dkC7EQ4A6VmgqYkYxSLLTHmxcU2z,HTX9BkwYdwmH3xPVAyaiVC8pVusCp4gDWTqwLwzCM1bx,syncspace
AV7yQSanrssxYk9ApwNYoejVVQF7kHs2G4Uh369RxwDP,HJgVv7ar79eDDoPxiFm4Fq9Ek9jRzGJ8arWu1fGXX2X3,
AV5VySDsqTucNUUU9kZDHKSbszp6gvQ6wHjxgC4kbS4D,BxMJyY1EsNoWuPgfR3NEDZ8xxhYpn2eSERgWUjxcoztu,syncspace
AUuYePCRGr683c8TQ6KHc1ZP13SqTM4A2m5Z2xQc2wCy,Bc6sGepsMCinqAdbEMHuVPFmxjSswiHZ6ZTPCfjy1NP8,syncspace
AUsjSCXYBUdPanb7AsZcyiiLunTbW3v5Ar5qZ3hxSsGQ,G43e2oSgeTEaxN3vc9iCKUg2AXaNhfs6KtRwoxgZ6qdP,
AUq1raEaj1HuKiPPBTNsSXM6KMv1WDfYC45uPKFDuJQ9,8eJUrzZnVgcrQVwYr48e9JqHZX6TRbE8WY4nzhBEmbW9,syncspace
AUjyyYzXdGi6RDTtqYcYkR4sVE2dcnDaWbrqTr39wVZV,F4XZQ9KqoHx2cGYjrJb5HMPp2i9TVRZZ8cxcmjGonxkm,
AUjxBBMtaQnNoVvjjYWUvFuc2PKtoYVzNRakhhGZJcsN,aumuHzMdUFiFCvJ7kk1djU4CViSzxJk3FjXTXgvdNZn,
AUgw21wTfcC4M71EP9FsmWwDkWu6JLs2k3CnTYjLHCsF,5wceam6f3i2PNykKQkomeord2dhxsmyTEaEFxVLVaegM,syncspace
AUeTu4YJkR6iNVWG7A9a2ua6MXCZjrWiDDMyWXc7s366,FRnFVoakjCChVX5DSSfoyKtTqod36uQyB7deXqNB7XYG,
AUDF19ibDDK3PSCpg6UsAPs4DFcQ3ATM23MRLUNNHSyT,4eVcByLcXGavuwEBzJuyPGH6mUzrJr4u6kcdhy6ZJEno,
AUBVJhFZMS2i99CrThxiWGgVJKjpRKipP86ZcNpEuvEm,5eh4Svgq7zaTg2mWNA99M2GMd3NfHfYViSoSCGLVUgcg,
ATxu3sn13CwjffBJpa3YYNLGqHjnZnCHpC8TJGn98Ywj,DDmGzGuVK67aG3U7s85xJwt3gTiKK9S9tP43u6SSfuTM,
ATwSyuS6ziqzBu2s25Mchr2M77XZk2oYtB1emzf6StLD,HLQQovWxjd4XED8vzCUyyz72eaWW7NJd5MdE3iv1L2iL,syncspace
ATsAykXEc9gsoQXmZ7HQzAjWdCAfwJXqhDn4wSeCqofv,C78igr5XgqoM5GnBkLKuHwAaknLqNiheTik213NJswYF,
ATs2jE9yPRdKZzSo4mDgng6bQfG9CGykSJkXWXr5mTje,HysPXfhLyzYSvrkTgSEnyMuFZ3YJ8mV1tgdxEoXK4rws,
ATpFP7KefF8wsiuxDkiWRdu9FP2NVhWY7Wv55DpapCuU,2AhwbM7aKAdHrzd3UNbg3bakto9rzh6rMpDdJZdZ6dVQ,syncspace
ATiJNQMXBb5GXKyA7gKaoKYaoSG4EQyHMBcZpabmKJtT,5wceam6f3i2PNykKQkomeord2dhxsmyTEaEFxVLVaegM,syncspace
ATgQpxruPAPhjJrQQMXPvenT6sA92SmAGZRECghfkgpp,5jHcwjL6mmvgWEvTkPk3Ps6Fu7M6moiocASQuBLmbX4f,syncspace
ATfw7Y6wrmzHHgLtBkUAKfWvxXLcfdq4mGBPsrkbAy9g,2Ga6hzy12f7oFvS1zSYvUmvA5fLWiNP9ep5q4NdruTci,syncspace
ATYReFCKoWEdHAwtXxQnp9rcfAr4An4sYuQ1tPeAUUok,5k15YfLg5TmTeVUAuxpQgK4r3Dzuu9ce6RwmKUdtDXYH,syncspace
ATTDE8XGRKxL4axcQs4MVJYtwpoBVTJFngggvsTp58zw,25TqXN4ToREvj3CVYJcTP1MWbbi9Dd7uUeQ7uTW7pmnU,syncspace
ATQh3gaxkamG1Ag83goVKGZcykB57GuwyGp1wQz2HZmg,4eyv6krLRXV9arB1FSMByPcWMsL7trJALsMZJsEPRWW7,syncspace
ATJm8HG1K15ihUjDPdWxbYTkKfjfQrvtfY9S6KnHxoYs,GPg1UBnaqBjZS2XiMfEpgWn5YBJmNkVd11HXjYrDmVsr,syncspace
ATA9Eb6oL1S5teQTGoSFioxcnzSiV636LhDyHhJz86yt,6R3ULdQkoUbRWNVAiWpiYjyab6rnXzS8RbDemHwNTgwr,
AT4tmmEX9iG2TjkyfsafxUABj5k1X11ZW7PGuoS5eX6k,pD4AYVe49FQ3ZFgHtTjACpwVLzx87JEfxtgS9D6JwVr,syncspace
ASzrkk3rP3hNR74u5cisE8mYxZLVNKLAZKaqpfkjFE8d,G18jfuECztc7A679XC7r2PsVjTih42hnW7QdgX6TGdEf,
ASwhrRsJVqdNBqsD8XKPTtGoyX6X6UfYNQRNC2bJSy4g,6Ewsa8gHBsXpELxiusp2n3Qo46RGUDfZmDcARNcGrM3J,syncspace
ASuJh7rqqzudUT6T63zqobpBpjzGfhzQj6oZdHpzoBKy,5aqRD3pYWuQ7cWVpf7xegaHxZizw36giH1ZGLReVwAK8,syncspace
ASqz5nn1B4HZ8uQqJ9kiaNdDuAqcbGDW579fzvzuYbf7,FY9NAS62iqRVkjSwzbWkSLammaLLa7WMduHkKd7oc6Te,syncspace
ASmDMyEJy5WapUpyxXTePKG75jEHLeMMp36UcaNva9h1,HxfeAUBSopqkCyNJ8mYxakQNMEfU9tJbmhq1fYkVN5bn,
ASj2oRhWjQ1rC2e3z2Jz1ChNiveKaNdzYPkF6BXfwJHn,Fzx2MEY6fuwjoL1g4Mh5D6dcxp24HEcdZ1QsrVxE5sfs,
ASi5Q4uiUcwWRpEU55FKET5FLtbAXNC2qdsvmV5t3TDj,5wceam6f3i2PNykKQkomeord2dhxsmyTEaEFxVLVaegM,syncspace
ASfFZa5JyxsPenusGsCFLvyvELL3VP11AjZ2hKodgdvF,7DnqWV1732auGkzfKgNxzcEHJfapX2GbwZ1w3aqoAN4z,
ASbMXnDnGUAxzuJZ6CSqoePs6ZL8RSc6Le8cxhhNq7an,CB8Pr9uzrrFw8BFnCqworH1wMa8DsmbSKgUNwVWnDGrL,
ASSWjzyH3jiaLq7BcogyZbU2Cw9JBrLg2CsDav5yCPDC,DFCsk3eC8c4VLMSqzzBNBwPsb3jHh562GnnMwY3jRsck,
ASHME3H3MfmiR5ngqMWXijNaLUUiSaSJaZMoZCY8YMCq,yhjGcuNh9ncTWpydkK8iPp2bW4EjZU1M5dCX1PNGdnJ,
ASFVHTfekZdWbgjtpfpheSynK7crJxm9Vb7mpfoVEE8S,4Z1Gf51SduZCK8bkexunHLR7VzJwwyoch8SUujDytfQK,
ASDcnK4AD66MTyvaCMvaMxgLfhUEshrSHEfoc4pq92fe,HCWQuh29WhHNkTam3vrV2DrWuBDyHzcSVDrLAgo2pph6,syncspace
ARuh7XSrnb4oWMEQyWDta8zUR5RPcg15Px7nAjfE5Wri,6J9fVQJ44tGT67HmGVuWaQKBikjkndTRGmkk49cSkC6H,
ARgHQjt8kwu1ERM5ZE9hrBzX4E1FH5DkRks3wkGpEc22,EDxk7SAmyXoxyAUpJRJZ9KHbqp2ewsYkhggkax3ToWd8,syncspace
ARcQq68qtEgQ6jCh84Bne6XZfie27WjitqhKtUEWvnPu,2g32En3qy3YRFeSncgrpyw3oE88xfip9RykQiK3EKrYL,
ARYEAxPyoqtBSnmNPeyfXBCqG53Yg5aoWwT6sDnVbL9f,BjvS43TNbMfknwXRePwiL2grDp7YctbFJfHscSa2qrrr,
ARWcbB8Rm7sABno5mTmxXshT79cUWJopj5Yq4mz6Up4K,7uf61TKqMq4sAfN2dUdSNrf2g8UdQBYHaqh1b75btjRy,syncspace
ARSLW6uzjxLTtjzWkehcihtDXLQpEnsgHhfRk6wWuh6f,25TqXN4ToREvj3CVYJcTP1MWbbi9Dd7uUeQ7uTW7pmnU,syncspace
ARNF9zFb8FdVRExQsymiHNyL2bvyysfar6wCj5Lyr9Fn,FChuv36w9Mmdp5Pqc2SetdRprh8gUDmWMb4DHyWBLqWr,syncspace
ARMDr2iHisf7EroTdRu5KedK49M6BoesX3av3tCo1D29,E6MafktJ79ksKBG3uJDReR3pWNq3rLJTPQ3VpVs9UoTU,
ARFiDq2nfdFQAKg9uALfTxGJJssexsyrGtAuAyUYfkDZ,FNXmUoYirKfhgeD3s9yBupHdxnMKXtkisNUmD78rSiuq,syncspace
AR9uAVLXqpBygmqr4gdmFqqeE5FT6iZTeL75iY5jVaHJ,8umhxxTY2GXSfTrXW7LwG3sAcMGs98DTeG2FTHRQdKqu,
AR8CMU9W2iMZXJzWQmegneiRb2BiXRppucxzPP6ofirS,Hq23RE564UaA9WNxMmT9Rtpr8RFUwaYoh6XrGnkMoUAc,syncspace
AQv3onXATVK2WUpnyUB8yW5RkgYBkHYmUvEEY2sSSQYn,C9ApXw8ZoqzLqj3kJvLUu6zLmQURteRBGMUvuMP8vthb,
AQmQZVj5CtPLjb38FEhDhk3JeJVphBuAtukddcJjjMd7,9TGu2DP56SWhaeTuNHNPgtKW2tynAipADp6er9q57jAi,syncspace
AQUEKtbwxHxiYazCsmBNGLL15UG6UGEZKHg4J4cEfqPT,auryHMdwKGnjU4ZBjtacvARm8DcAVgEzYDzzJvVFfE8,
AQJUbk2udu17RzfJmaGYa61zunY8QoRzodwWyt9bNaDk,9SMpGA4Y6VJKHfu7A6B4TtdG85wyUFH5Dbmk1scEv5my,syncspace
AQF49NtrhEd7E1YoafkgCjxrEd3jDYgiXk9t3ePteFV3,HEC7shSagvRFQhvjpw8EG18u5jX1wxLKwBssKZmDRyuX,
AQDZ7J6ZE1MUmNvQSTGnUuit5L92cx6FzhxrQAmTMyMf,DJPf7edEb9ZC1WoP8TXuCn9CcMfZskxvwE468wt2GmG2,
AQ85qfQiuxerUmTwGJJ1ntNno9PEmCC6B3zpkydTW9AF,FzWyufZDiKVenDXgKPTCNQm9DEqW7cVrBbXfWiyVTDju,syncspace
AQ47LiC2YQmHH2WstpLCwn332jr9b2wB6UVnKK3sGksh,5wceam6f3i2PNykKQkomeord2dhxsmyTEaEFxVLVaegM,syncspace
AQ3B1ou6g528z8q8rFthc3ekETZB4t6rRPFkuB8uirkq,4Yh5Ud7vYD8ugVxCK7A7625PXbL2UvVVHkzgsPMexL5D,
APoMD8r3t99C2w9qwMKBCCzXJzQ7Z5Kq8rhk1xarbMtb,G43e2oSgeTEaxN3vc9iCKUg2AXaNhfs6KtRwoxgZ6qdP,
APdzv9TerciBNNdm4746qnrVrq1jsUTgPY6x9aBe9sDo,FXMcgZ6DBjiEkwc2T47iAyCmKQocWuDfkURntMkQs25,syncspace
APbTEfp5TJ2hGnxDioertH3QUGn8zfmC7gFSzHSFgBaZ,5RWPEBjv1onbqFoA1uiPoCk2iXhSvwkqEpbmo38KdXmY,
APVHVup24i4hriZbm9AShqDAAizzXw6HLXS9o3HDhbT6,8A2vh4YicVc9TPbzgvZz3hn95t4MkWTn8RshR2i1dsfB,
APMVF34upcAT9E5wdSCREvZkNfpaLgwizaBoabBDfhyj,CQ5fQi9J2EB4NyzbQVuj6GYPbh5yCDJPmfxQVHEKzD8v,
APJwsuqVH1bsKMj4LYd4kbS4MSBAa6yWqZo6S19bPVzs,HRtwRVTmn6sbENbE8HPCyk8dJXURsLwBe6RMN9GnUpPW,syncspace
AP3rYbL7m8B4JS2StkKfzUR297Mf2LCixbQtyux9FmDn,5wceam6f3i2PNykKQkomeord2dhxsmyTEaEFxVLVaegM,syncspace
ANhhufWkSrXXNUBhe7F53Zuh12rE3jtm8anSUQ52ww8r,7raSvCWMndprnWVQqdV6WZaSmAZUxuT1eAYrFJCPsubG,
ANf5UjXCv8HSivphCTFaCSsAR7hTTxfWd3dTniwQKMFk,8mdWvYHTwRdFL1af5RzzoFmp7Z3tXqRXFZrSY5GJXC3Z,
ANegUUaF1XKsShXz3mDPTmSi9jTZVqXVZzwdBb1ehYRX,7MZWg6nyHxGa47XmdmCdDPpFapqtoSYwHYHMPrN1DBBp,syncspace
ANYjPhKJtekQJWRSq3kPQSBg6zcpZAFGTC6hL2rBphfk,9drKBLQ9bVTD6sXTnLQvS7Xy2KhH3Ku68LZszPjrxFTy,
ANVBweDKFEfNqtX4VF73uMd8GRwoQwrYszoCAuUEoo9G,7LPPzy5DY1SnPELpiv6fybRVZs7zzxw24N7wSnoV3psi,
ANMwUp8eHBsXq1WC2qEFccp69XRMVupEBqDjC1uieFUj,HRkGWe1wGSsNL8BLPnPfeuZ5UpViWRRWvmWn2E6kiaV3,
ANGD8qKABnAR117ngB1THzdaMszu75bEoGK9VpR3LG5A,7LuRebQ5ePxa32SizhKJqHTTgTwKVhDcTSBNaPa9f7Wb,
ANABQRBRFKpie7AjdmGLpYiTpyL7suCDWRM8deJPC4go,5k15YfLg5TmTeVUAuxpQgK4r3Dzuu9ce6RwmKUdtDXYH,syncspace
AN8jwYyg2PYLyAiVjdtVxRkjsCpEqqBzwB7ugJCG4gnR,Fzx2MEY6fuwjoL1g4Mh5D6dcxp24HEcdZ1QsrVxE5sfs,
AN6ZWS1QjrEzFu4uay8tGm6bVzH4XTiJ5M83SgEXvoBN,6YurbRgkHJ9PzsfoTuqphvWcLMLEG5LA65Mh28G3k8Kh,syncspace
AMfEpGs6agk17yWpknKUaT9CNhytJygy3vNXzB2vu8tD,5k15YfLg5TmTeVUAuxpQgK4r3Dzuu9ce6RwmKUdtDXYH,syncspace
AMdJsXHa2VCGCwiwiypi4zHoeV5JnfMSvREprxrowvmu,2SvVrukVtQdzU34MHTXtboWoFGafSMW7Pyho88R1vYcw,
AMX2oTzptVM1zr7CUBohH3xUAmd7hEqTf1s34iDrmjxh,7ajKJAWsGDDr7e8sX8D1YPuLSfySY98uShpTCWNKBSkf,syncspace
AMRW1eBBskYv5TSiQME3YxwEVERwCW6LQzb32xVKiLow,EGrxM1YEc9cjJQj8AeDmQJh3LRn4FrS93ZQUKj3ccjrA,
AMAMDQrJKd8MJPSXC5Y6o8cfh31FYjS4p8CzeUw2GGrP,FNXmUoYirKfhgeD3s9yBupHdxnMKXtkisNUmD78rSiuq,syncspace
AM8RKpHDFYvjfCoGbqUjJzcbsh8JYUbFHawpzHG6pfwY,6MW5DAybk5TqWiJArZ4VqggDCY1pBRSLpwsBVMyFW2m7,syncspace
AM3kkXUdx7TQTQfyF7hHNnTs7NQTAXg264Bz4khehzfT,5AMKQpz7xSoUGYEPQXJ7UXbqRokGLYuKURGBzP5sScXT,
AM361SRPNyu9cfinNBotq9h1rU1LC7xDTrAeY22QcpXx,CiS1udKWfC9tQqMLE2pDCryHMUyoCaL7PNWY3hm5o49x,syncspace
AM1TxQ1TzQb3uUpMrPXAEdtwtKNa9yPkfHFJCBav23Js,DJPf7edEb9ZC1WoP8TXuCn9CcMfZskxvwE468wt2GmG2,
ALzRP6XnSzd9NtGc3mRDNFtxxg1QGmbdoNrvyU1Z4vqi,2eWkTF8tSBp2si8Z7LDgkswJZ1LNGi7DPU3NNjV1i3VJ,syncspace
ALgirxREw5RFBHLRtKi5PVjMHZwsfywoz4CwkiyMQn77,EjUGrzEwiqD25nnF2expBVL78oL2jQrzeM1knh3Wejoq,syncspace
ALeAAh9bveRxaxkedRRfSXnSVETywfkAxQt8iCDKhuap,AR6Z9Vt1N7SiCENm6hxCuJaN5FTZeUmyfB3WCrRqg9CG,
ALad4EYrLtiwSaA2dVh8kfsJeYvPe1LnCGN7BkZcRBLS,G43e2oSgeTEaxN3vc9iCKUg2AXaNhfs6KtRwoxgZ6qdP,
ALXSQKsUdcpbQRcdbwkerBBN1EAWoTuzhKjmyTvZkdRt,5KyLt4RCYFousJsN83FS1iYcSs86Sk2mv32Dyyr1zGjn,
ALR8wi1Qw8ptbbGL61csfZQ1T7szbCqJJXUJXMdFwSj7,H2CAfKakYfFuT5oEZJwtAmgy8ihPncv62iMYmQXFG3Y2,
ALQ8LoKXrFpYBAxBTcNvJGnn8hKsYjcEe3T7HRqgtQwj,2VQA3FT8tWRPgiwVPh2oKm1JTA44ocGspKn8yRZRvXiS,syncspace
ALB9SmTuBFHqkLGivV11MoKLc5dFaydeSUsuYe5TDYFW,Ef7ZWeYehe3bsUXbLGcCUSoyHJnD9gbWzYCmqBxdoRVC,
AL5wzTogx4TUydHahWdUbbpCfUr9y2frTi5bQdeAPsoR,4qYWqy7eVddKcykU7XtpLUrKYdF8VtPobn6tUuqKhWtv,syncspace
AL3G2mH1KKJtUhs2Fc3d8braA6jb1ctSZmEWqqLMmuyh,autfyCR5psTc85smVAcGQajFT4TC8xxPPH1wvJu2Grr,
AL2MpQxXEqM8UtVyEm5zc7ogBAdvHsC6mk6s1SWUiaEV,F6MjDE3SUPEdZ4o8uCwsjftCSqyVoScNi1uxfxr1b5fk,
AKzNuya1ZVioxMrdD5xRx7FA1JuQzWKzQmLypStNwn6t,CZVwY3RDi8Sxe6ai1nzqGyQoXWXcsJvJB6Stdhw8Z16U,
AKsrjN4qfhKodp4f2vmETHXJXAhZru3qYXW26SjH5ubW,BpvbaZ7GrKt3Aq9TQC59eNfZKco3UaM5fscMjkkHLmmC,syncspace
AKmVZcr6zhZVaGn8JnBzgbGMZjC8M1i5zSHccimpZE6m,HuvkYVCRK28TLM28fEiDTVxAmdrDmjxAKJzuxukgjdb6,
AKfSji4RNNLrVUSAuZdRyjtGTV8mjDtj4Y5QCTdm5QJU,42HakQGv8gKdQLyTKwHDfDQpdH13yrbmYLuDvR9bSaXF,syncspace
AKTsM7EX4ovXVVCjQSrWcvw2aiPLugKmSVCj1PskyWC9,3R5yQyhgyCCHSKNcKPZvQYQzsyhywv3bXzg9hTN4g3LC,
AKN2epGvduH2eEywgicTMoaMXkERK3WfTV2cwuEbdvzP,B85ESvpcT83n7P6qBzVGgN5VfMzxqV72yNj9F2dFGsA3,
AK5qd2yZzsvNZiWyius3jtR7Y4tZTT6rQL3YG8LVheD4,kh2nraLYWPsGp5e46APm6oh8QqvbFf6Q2kzJ8rcnXfS,syncspace
AJcSXeJvgXwxbPFWa41ajEzHBNoWNDkgKqXisw4EhpdK,9ZuAkjidZRDa9NHHrQAhrzJSvev8sPLBVv1j5Ye6M8Fn,syncspace
AJbNUypnMG4wkeNSSiJoA5CmB8H3WPV2b6LsbrUKjpKP,aumuHzMdUFiFCvJ7kk1djU4CViSzxJk3FjXTXgvdNZn,
AJU9gDfLCRki6MrSiarZfRcResGaKgFyvxmF9H2KJAQ8,HBvKBYH8pT9HgvhEV4V7nASvAECaQUpKiaUiumKrJnF2,
AJHe3qLUdiG6Eygog4cvxyLEunTivu2gHe4wqeg5exTw,Hg2gqbjGgL8NZDmJk6jfqskafuK2pPqccSq5FqamaTX2,syncspace
AHjwx7bjty7LNVU8on6XnDAXUPUduM9p6Z6VweNSTtLY,CzNPBz3XthnhGmxsa16uCUBH7SEmp2Z64ZJoHH282ru9,listed:magic-eden
AHeZvD44u1uCwCH7cJNzRPL8dUEzWei1LUmNRU5nkepm,CqA42zXaf5zXk7EW7jtCLfL2uH1efuB9GtTfjfJ2hzoq,
AHdduqjRAWmX2XyD35Spitb4UZ1Q48sG16XnjhQmZ8oF,EjRNY2FQFAVNJufkxXgkUefgKry8dWt6htGg4Qpau761,
AHMtdTCtmLMpLKS9YNcGAT3Vk5bqCxMtkGmv7xpWBnSE,F2UVwiyvWuc3BC3G58aU1sRATY37QyttAw5h6bxDNSsa,
AHL4JJUBFZJqmTfY7Uk1gbhLNuU46nyr6bMPCNUMTa4j,7AntxszuzgD7MQFa1grpqBZR9pKVHHQm7SGnkhWdWBj3,
AHEXf4pAD9TGL2US7xWCyLeAHfCzHiKFc1Wq56pG8jYi,G43e2oSgeTEaxN3vc9iCKUg2AXaNhfs6KtRwoxgZ6qdP,
AHCmKqwBAiTxyr8tABiHpuPnU5fnLvK6ZR9J2FZP5g12,AUrox7sHx1L8mxEPrNqkVjHa16CXQ73UbgZtZTNPNLjx,
AGkPaumdWJyFStJ8DtbsGP6z2pjaGGXoCZaPZvf2h9Ps,C2cVu1e2ENb32NoQ1vsqKZ29ykvjoqXrytUqPvVzMCEK,syncspace
AGdwb5VkfPWhvms4MFuhzPdbsfy7dRhr3i6LAkPHA6nr,7XopJZCEdB1fzDQGCFJ1QC5dv5LC36AEMQkEGfHaMoRj,
AGZqvEjLSi88QBdqzmCSZfCEWmNXLMSjdU1WuECgUozv,9qj66zMkDdUBFw4GaAwKBgyyLfYRt1Ax5nmQGjhV7Lya,
AGRX48hXsXDRfNPiDXjRrXsksqEiFibKzhoxXC7SUvmA,D8iwNWsfRkg6oNy7AyTevRxNPGUKZZ2oixoqLiinSSor,
AGRAJKMm4hDZg79d39AXcbuF7i3kGG6xfvF7UXJYMmJZ,FBzw5DpjmvhRWF5ZgxP1F6nCrgaYXkx2q92vwr172dit,
AG1zqu89icDSmJjMwjaf7yTUJJkYJzLdRApwTNrvVAop,9J3SZEft84mev5fGA4ZcEsF7MHyHZQ9bG1tLKYTVczTN,
AFuR4HpPJPySHdRHBnG8GeRjdWQ1PepyECyd96BHCEP8,FRnFVoakjCChVX5DSSfoyKtTqod36uQyB7deXqNB7XYG,
AFoogxrGHvmyCLB5CpurDC664ktiSj6EnUqqor4CA42R,2dvVAR5gM8hdQwfb5YUXhS1quBjvm2jzbfQuFarmn4da,
AFfqnParf6JYdgb6er6YE7o5X83p11zrguZc9Hv5q1jp,4eVcByLcXGavuwEBzJuyPGH6mUzrJr4u6kcdhy6ZJEno,
AFPWcXRtqSLoLBDP2fPSDfEP1C8dtkrgL5G2MQ1pH7ht,5wceam6f3i2PNykKQkomeord2dhxsmyTEaEFxVLVaegM,syncspace
AFNj5Ny5UyQDYQRoi336QKFG1vbWBetHBT4sqVP5bAxD,FotFcJG4GfBdqYUqzcsDLT8u68tF3EWMH6JXSwvqYWe6,syncspace
AFM2GTA7qcjxgqfNbJucswH83QvV4csQUbij9i5zLiAv,5sWsediccJMsGTayzXtKWKkAaYLN17KBa78otHRrFV2x,syncspace
AFG9U2oVuiS1tZyBEt5Mj7hPCi4W2geyp6HvAQ6JjXXT,CiS1udKWfC9tQqMLE2pDCryHMUyoCaL7PNWY3hm5o49x,syncspace
AF6Yqhue7MGEZ9KAccBsZ9Cim5LvR3vw3ZBCDGTV5ct8,HuZE68LEdPRo2jEZFVirbehg12ZJxKdKcn1WdRyBz7Bg,
AF5ntpKcs7ncRFxEsSb8S8rkLUxDaMBPmL7sD7e4w4s6,8xaKTB4GehLc9nvJ1gLTCHrErU4TyZTHME4X9D1tjzry,syncspace
AEyRh6zW3SLcW2Z8bSzJq2JeVrvnusYQb615s56nYk4P,7JMkKpMTbFVqAppACiyCAbH9CigcU6jpxwf6uPGwHVP6,syncspace
AExsizCk5gqC6vTYgoRtZaMNFGVCPfA7afwGpDqP8o3k,7LAjESa11JXDQHfPye1JC7jvVjtYhignL8QdL8U6VCgn,listed:magic-eden
AEu6qG5x538DGTRVyXu3vQuLBf4tihS9R6mr9nZwvNPn,HBvKBYH8pT9HgvhEV4V7nASvAECaQUpKiaUiumKrJnF2,syncspace
AEtaUmVh7JHa6uBGQPKZ4XAK8TWyuaffGVE8A7F8JeHy,7ujUjB9dqKEoCbJqHKZ8Dz29hwMrumSR1gSWvs1Y629G,
AEjxFkQGFLxDx6mCKXvBaTcgUmPf6PypnN6jZ3AE9CBS,9RuZzjKmpb8wkPR3uXQXN2fn6VtifZER6uyfA2Gg2v51,
AEWZRiPxf2GDYUsn9BGaT2fV4sMYn28izHkV7A9opWhz,81MMZdtpDzevCJLcFLiSm61DFr8kqnrPVrwG9XGQnpqQ,
AEPaaK1wgSwgyCZuDsDdDWm4SWZ9Nb1NkubWJKu2ZygZ,71HtZCnRRWaayEg9HrSoSmfJMwjsBdNiqGhGShCBNLpp,syncspace
AEN6WXTTXhxVDuDkx9ypvFFRKGfrjQCYi2zsF8Gf54T4,2tTU5Xs2YTK7c5SRqgYRNRvjx5fAuw4hWzPdLRFckKrD,
AEKgYPyZuRj5YRuFb54hHa8fNHdemxikbLLVu45ujx6T,DnzJ8rMq9ys3RzVH4Tvw15QE6hvE6Cx5mZzbqvgqGDeC,
AEFwLFBe7pWW47vboCWsAaqbdg1ypVWGM7aFHL7zR7pG,NSmgq1jeeXNTDYi2EkoPuQbrGT6XbAotjUwzrUAnCkH,
AEFPLxPqDJ388CmWA57yEFKWpfY3YY3qrTbazEooixYu,5k15YfLg5TmTeVUAuxpQgK4r3Dzuu9ce6RwmKUdtDXYH,syncspace
AEEbywBAB5HbhwPHk3sVzu9fEU9wjXBaNwCL6P5GYMQW,5V3tJ1hpFxB22Aw1QXM1JYe5YBA9Px7yhtTrXWFjGCWz,syncspace
AEBsoFTDPrM94D74wLKUyc83aBSdQ4X77bKRGr64AZuF,3sKkv9WAR3MWSQqWK83mgAWRsBouy2n81bt2gePHooRX,
AEBMnrjM6pxU3JJTPzNFRfBdcLP3PHRqCTPMEx3bZqF9,GPg1UBnaqBjZS2XiMfEpgWn5YBJmNkVd11HXjYrDmVsr,syncspace
AEB2yJKyPvWp8QuKvM2sbt32wwFrzasAKre4tAgcqNzB,auryHMdwKGnjU4ZBjtacvARm8DcAVgEzYDzzJvVFfE8,
AE8u4Y92riuj9JwrpT2uKNoxYN3EarZwvtr6hzGM9XxX,AUrox7sHx1L8mxEPrNqkVjHa16CXQ73UbgZtZTNPNLjx,
ADoKqtUpJAkoQj5g8GSzRTmW6N49KTgrq2efZyM94Wj7,D8iwNWsfRkg6oNy7AyTevRxNPGUKZZ2oixoqLiinSSor,
ADgGhdMwC1w7QCCfTcYzQAHQopvrtoGHCFB5yenvpVAP,2mFKNkVGMtvckAyCRsMw4mFXjC8f5sip8zfGXmS49hAa,syncspace
ADb87VSRpiX1jFq9TwQYaxzLsSm2v35UZY6FgWkYbM1J,7gd2UgGYPYspA1v4gsGNguekT6PRHN63jL5XDN8UgqAq,
ADP8yeaKPZTtyaHba62mPF5mJ38Ry4taDE4gvRXzE86p,2XCjDmR1Cz7JdHNzVqvjC8toKzv6j7M5GNU3nQKBqssn,
AD7DCniYNtkMEN6yFz4LfbmbRMnRtANES2MEszwoFZ6P,Fa8TzVCkeQd7ZMcGNZEvC3kvSKtxMymdv1gCVZoPexuW,
AD4RQwsRPSdCvqTd8NmhwKddHPJks68KhpNqWVfagpTU,EuDCjp2E7E6Gvo1C28stNpw6NkuyHjbffA1sBPpRUSsS,
ACxUoSckSwpdo9VAJJa6KSci6gUWXWvqFVfYFjdvheNr,D6KqfHrndqDnisMqPhYhkLSii3P5Bc6XUdeu6DQrNDmm,syncspace
ACtyco2BypuWx5FSAEpxsrh9P2byXkdYPUSuDzAEyqp4,G43e2oSgeTEaxN3vc9iCKUg2AXaNhfs6KtRwoxgZ6qdP,
ACtJp8tngGARj1PR9Aq2haMzNMZibST7p184zcGvbRGs,21fw378x9GDJeYzamayx7XhKv79LabXxhf7eFhxycPEd,syncspace
ACfwJg4Fzm7Ws31Jfwc1yzbpNzUjy8n4mGTZ8buYqJZG,3fKqHEXu2avZH2ShSeU3WPvMFZoTs9dM1yVf6bNaKBxZ,
ACVTsnK8Ntc2y4HfF7tJ3BLiKr3SGo8LxgJ7VG1YtKcn,FRnFVoakjCChVX5DSSfoyKtTqod36uQyB7deXqNB7XYG,
ACLgMQRrYbn49FpJLgKmkff894m4EjFbmEBpTyUnhWRa,2Mw79Fu2kHG6BqYB8W819zyWmTgAN1vhqkGyTx8kFoRk,
ACFTNeCeCaeX96Tdvfa79bk7X5a3meJwnFK8H7g9at5B,HFPaT6WKk9SkwtYVZ5m5Sqw7ZbyehGu9GHjsctigm49S,
ACAJC4x7XawBwhHMySeGpTix7KXeXBj8Dp1wYFne4gf8,Fa8TzVCkeQd7ZMcGNZEvC3kvSKtxMymdv1gCVZoPexuW,
ABvexHgZuM5AGfhA1hNnvFZFCoFitu1aD82QULaWhFkn,CfNtp4xWSEf92wi7NrQLMhq9Xj1CeDeSa7pikfG7tCdu,
ABYr2jBSDx2JapYtRa8mK9cHKYr4jeGpXv1wNShQoJy5,9MogXff8emC78JtqMRWdJrkS11GCd4nu23FmqvgHDF1Q,
ABF1d6RtBis56hdkgTyimXSZh79rmWNwNge7J4uMcUsA,4qYWqy7eVddKcykU7XtpLUrKYdF8VtPobn6tUuqKhWtv,syncspace
ABATQrfGGbxqdUkoSehnBTe4Qs962uc52PQTQqmH36Mz,HBvKBYH8pT9HgvhEV4V7nASvAECaQUpKiaUiumKrJnF2,
AB93nXjQRA4sEQNo7HbfdmMnN4JiVUJ7h7ghFoYeMqft,2CApC5Kt9WawmvvZNjHvedpT3adrrXKJBG7JQSSb6YYe,syncspace
AB7r8vCqDnJqLF8WBFzErrEPns5GW8PAaBXikzGmAojt,Fa8TzVCkeQd7ZMcGNZEvC3kvSKtxMymdv1gCVZoPexuW,
AB4uc9vvyKk5Y6YNdrmGURSkmR5KfUWtAFVuVBKnrMbL,6iNFKxsD7dNjoxykP48BZSb27DJm7piHuQquxDrrv67x,
AAwMET3ic4A1nNZRq1W4capxsJXHNfkQdQwEwXCkpNAQ,CFKJeXAUwV6HDCm2ZQrjN5mZXfqbDkFES6qDQ2UHYK8i,
AAtCgjHZjBqSKGnBnxtcTwuShmUtkH2tHwfwY31XmcjP,FRnFVoakjCChVX5DSSfoyKtTqod36uQyB7deXqNB7XYG,
AAsV62n2B9n6BVRtDuuduLqtAg5kTEEzSma1nsTpantv,H7vbEEQBARVaRwET7WdqT1SQQejVApc6pYhQQuybQQvj,
AAoW2Qn6fcmWCsHc1hi4qy76Mri5g8465JDAfBmhgxSA,ADqrk7MYjYrSf16cADA21mMkTTXf8DfkmEGbb8Vy6WHt,
AAm2MZvdx2fHyai3istz9Xd3xhgeDxbdLfcrfrteuPo7,Eu9sCq4czoMULUtBWoMLuL3huFAM5dprSUmzsQUTS6Sp,syncspace
AAjHTcbb75FTUxajA53W1cDAhG5gxfXWNZHWqMZajCRz,FDhkDUMij74XSh3efrumeE3NVNhpf5Vcv9gdVo3qy7x6,
AAitSo5gX8SiPcXNQzGSq4v3x2U2WRQrwu4xqdqPfSXy,6tMR8UKEPPcKDbLx5F1a7poY4JV3vhmKN8p9a4DtC7LJ,
AAhU3nw2spnG8tidQXJX3qxyXJCjtATBzKm6wiZqPbPo,4pfBDiR5mfTyiXQeyzCHM8E3ac7sw7dBHwE8NXdwdR7B,
AAcitGTxaAxuNUDmArwqP8bifdJiyv7NBJmLYcUQffha,Ea3KfiYqc8QdGLwFyaxzV2cjCFPYju2Nf9JZuvin5A5k,
AAcVidFB2R1UWW28UkTMAiNGaYLdi9jY9XBP53mgVU1w,26UgX9WSX9vadYdgfcp69nkYK6mjgfkVnHkfkGCyyqGh,
AAUjdiUAZRWazNDaLvV515VCUUp9EXsoHkHmueUm5YtW,2eWkTF8tSBp2si8Z7LDgkswJZ1LNGi7DPU3NNjV1i3VJ,syncspace
AAMbFXbFWHo68x6QrjfubhTXGDQSvgrrzmwj5JMosDGN,7J3uPQxm1WR8J4FZ45XqyxopzAQtDh6jnerr6RcVp2j8,
AADXoz3wLCeV7wjuxQ4MUBE3xZAh2ZKZ66MPQCEruvBH,9qj66zMkDdUBFw4GaAwKBgyyLfYRt1Ax5nmQGjhV7Lya,
AA97cNPFTdyWB7ucJSDudJAJRzjqdr7Yi13iiUiTTAHz,4U7tf3ChxC8mr3KHWnkV2bE2ogBJK6q8LHLvU1F9BhKa,
A9zjV8R6PD1EdgGinSu6zisb62UVBC3KpjCDaFR1RGz6,HoHHLLBbhzQSfzTRvNfqFdpniaXkw8TUSpLX5kGQgyXQ,syncspace
A9vbNH1Ex9EyLeSwUpe9db3LNLZMtZufoQfd2Cc4Xh38,F2i8XDT3T7sN9MwqJabV9rdNKbKRn5cjXJMWE3JgPBxQ,syncspace
A9pZHGnz5gEdNoJWokTzGzns9v1oUGk9KdUkJLMAEWQV,DnkxUHYP9TTqNkEEjsz35VvZ3FfUg9tLEVicdBjmRMxk,syncspace
A9er6qrfAqPpS5pwLcQkQuoo3HGySooC7GPSN158Lqyk,5wceam6f3i2PNykKQkomeord2dhxsmyTEaEFxVLVaegM,syncspace
A9YyAmuaXjGouHYKSPhav1tsZiHuh4yHrbb1cubpwSMW,8YXLCHvRPRUppREzrKhdeSL9utnKQqaQ7JnmSBorG754,
A9NJPihEGLKnWd4jYCp7hTg25j7DpybfEw9PhAG3odLo,8kEn9RKBcmzFYtLYGC3L2mds4miU1KG63vcrrFLhEa1M,syncspace
A9M5oA32im3qg6hUBkv5iCkSZxtJnVionwZEafpWnovz,Fa8TzVCkeQd7ZMcGNZEvC3kvSKtxMymdv1gCVZoPexuW,
A9LtJxrSDHp2jFiFRmAgoCnnof3uNg43r2aotMxe6ju1,H7vbEEQBARVaRwET7WdqT1SQQejVApc6pYhQQuybQQvj,
A9Frk6494srdKsRNqBnpN5hVgjivHp1iPi2eouxgJrKA,8TsiFYkRBCENRWt27iYfWdEdW3ny6HDXiAFdrrXsSQWC,
A8rk1qeTrByKJApbJwpekxZpxty6BXDJjp7r4Tk94iJg,9iVHgu8EbvAzdMwbak1nBMbsBs3UothBtzenrXmAGyHj,syncspace
A8mJoVvKNyrXB37yAU58WP4DFNmXdhowRnSCVwPBTowr,Fa8TzVCkeQd7ZMcGNZEvC3kvSKtxMymdv1gCVZoPexuW,
A8JBh4xERwYbQoTjZf3wZWnVGJQm54wNG4QyDFkH6GdD,3j55KjrSyyegk9r8gGNNr4Np7oQaktPr4wWh7DVu62Po,syncspace
A8Dytj9AXXxV5DDBXmEBGqCarHKtJaRbyKuZ2THXCKwk,93PQuLZzpTCFf2VQdibMQyzBuuYeSg2YYNjxQ4JnVHME,
A82ao8NhNfoy1ZvfjhaFy82E3byBJSyaFw4KeHnoSPa4,HSozDxXQsbSedsaCfXf2jjCkLX5GGzqd4fFiXtNoJH7u,
A7yR8ZDi9JNZRYrQTjdrmkTSgybHSxsgth4pWgjLiL7J,88gNHWScPbq75QunYtRi84YqvKwJZ1cjmqrF7chp8VXo,syncspace
A7u8e7E1SJkaZxSoqYf5usyrSmmSwGdZ7d6LYLWGpp9P,5fep64B4Rv9iExCLzJZnRX6XcpbjTrZjA8vS3ZHfJSoE,
A7rjF1Zi6uyaWBQPbfPo4DDA13jaw8aRUcXpzRjEAuQb,5F1QE8ZqGu4kGoRGS6Hp73L6uz5msFzT8TuCrYTRsxvW,
A7bsJamHbVrJrb5pv7vMV9i4wZ1WE3RscTa9pbyh2ZMZ,AkHTrLH3yCgXJh31Tb8UhQJxJKJFDpUND14ZfUzvsRG2,syncspace
A7Z7jCYu2qAthoie5jbKdk8BSsEd5bYcRy4K3wZr4xtr,3rPzBpWszYQ8dEfPj7nPFhGzQSzt6wVGAyQNocdYpiBB,
A7QZD9kBeWJQYYGjrV9boaswLkNFVoTSV3gUqp8z61jC,HTX9BkwYdwmH3xPVAyaiVC8pVusCp4gDWTqwLwzCM1bx,syncspace
A7ExYmvrKBEGonBEAXyTnxY8Abuh32V39pQuGtXTUXGC,5wceam6f3i2PNykKQkomeord2dhxsmyTEaEFxVLVaegM,syncspace
A76yhNVgsFrWLHP3yq3sUHvTgWprnaVhUHrASgC6mzfD,Ao9UP8Rz8ASa81UxkTTYBgEX683sJxwABdipgzmG1PEt,
A76hJo8Lnq4dE1wgzR1gXWpmJcxhKLa3nzmNg9GTXKjj,E5ETMpSXjxXVm8TXPrEdTuP7hrXQSdXN9e3HHkNJ9UaE,
A6zQE8gAZ5oxnLhSJpRgULDL4ub6wncG8cqotTehFbKn,5AysHo5vYHYcqNaJ4zrKKf7aRFfWXCCtQ9gdPLfpudfA,
A6ucw88QorgitLGjoNMwpwa5eW25RZfeBC852kdJZqCA,7aRNX5ahdRu45kwYEwkwaz9oAHBN34c981vSy1wfMks6,syncspace
A6payFAwy7Zz6f7zkk9KtZwvuf1f6a5aqQxUnKpZHJTd,88gNHWScPbq75QunYtRi84YqvKwJZ1cjmqrF7chp8VXo,syncspace
A6p434yKXJbTBdQvrpyWBoDmvambpGWcbBERWm7uPC1i,CiS1udKWfC9tQqMLE2pDCryHMUyoCaL7PNWY3hm5o49x,syncspace
A6jbxgjKn28KGc5cijv7FPE5JT6UZj3Zr43SisxRzvZ2,E5ETMpSXjxXVm8TXPrEdTuP7hrXQSdXN9e3HHkNJ9UaE,
A6fKSZKH4ayhkwif9xFcrQRMiSmBbYy2Gcj7xxApvZFA,DCepi3Ee4GUCpYD7rCm3cdsGqkyuR2VaGfyjNuKHmyM9,syncspace
A6dJdr8jxXooyBYgRoZzpDtm7sjVNF214sTBZ9fbpkjy,AcoNUq482rXpis9af4poBq7LksRS9wb2jtyYCbTPhK1i,syncspace
A6WB4wYKsEWqH2W8xKdK6sqGgPjV614R2iLufecCD4GC,5EVsxEci8FocTLnyWgpx9jsojZKfTzrNqKTACFJ4z5Wf,syncspace
A6W5dFZSjHQcepd8eaZdhBHrZ72EfeoFHUKE6L4QUVWT,HTX9BkwYdwmH3xPVAyaiVC8pVusCp4gDWTqwLwzCM1bx,syncspace
A6RWtj6k9TcU1n9oHFhTFjC5EszEJ5B8eAC1iMeSU3tF,HBvKBYH8pT9HgvhEV4V7nASvAECaQUpKiaUiumKrJnF2,
A6FPmGmbokkh7FT2FL9SZUFiLJjcBbPordD47QeVnQsu,AwcbpyGPiNdPrtoBd8UpyLNF5EaszrhXoKqcqqDoHYp6,syncspace
A6DmxuhC3G27sxcYXdQJQozL6Y5fHjTvCGNQgHn6NAYE,5k15YfLg5TmTeVUAuxpQgK4r3Dzuu9ce6RwmKUdtDXYH,syncspace
A68YdvFyhXh9T1KwkUtic51WUQ3uDR8J4Rz18Po7SUqK,2eLXuoSAqtebP6VWgu6nVyXqyDHVjVPU8mzfCgEcytti,
A5wWUYmEuBP4hjUU4w7sa63fCGXwKjQzWNaJ6o1wn5DH,E7bPW9y9tCDdk85JdJiV9bPYgGP1As9xrNQWaHUJVpyB,
A5tGNusgG4KHBzwwsd7oUm3jnhytiq6VtLnQjwQTr1bY,7LAjESa11JXDQHfPye1JC7jvVjtYhignL8QdL8U6VCgn,listed:magic-eden
A5QTsjEt1ERnJ6SR6j3hq3tA88tymUSPg6PKnxVBka45,DcMsrqztdbWVhowqbm9iBPeb2Gj53WdPmQn3keuCvqWD,
A5PtxqqiVJj3BFi3kF9snRyp5GGzdxYyGWoGafR1bkYs,88gNHWScPbq75QunYtRi84YqvKwJZ1cjmqrF7chp8VXo,
A5JiN2NVjsZgeTNq4XyJJgzMLKfxzAyv474onWRgkaBX,9kkUAkft7uLJbUXLSsAgJimtrZUvnMzwZZMENvuD79HS,
A5HtMwPov1FeC5QeW4RhoSBgvjwAGNtF1vcxYdvLWSSX,HCWQuh29WhHNkTam3vrV2DrWuBDyHzcSVDrLAgo2pph6,syncspace
A5E6soPRxhY5pWhAG74T82NxEaEqj8BarzMwB5gAVDGN,81MMZdtpDzevCJLcFLiSm61DFr8kqnrPVrwG9XGQnpqQ,
A4o2d5K42FHQMvtw76JH2ise7AMxVRXkqyuGh36WjbAm,5eh4Svgq7zaTg2mWNA99M2GMd3NfHfYViSoSCGLVUgcg,
A4a3bPwekB6XSJ1a6xXusqArFYnGV9gXgMApYzmpZgeW,9sxkW1EnysJZKbAy4uweRXu37opLdaWBp7LRXJ72Nb5f,
A4U2bFpH1Z1f32pLaFZXuKPiDdC5RLKVCRJXUz4343Qk,F5vaA4a2dZaUnJD7vUx6CuMnTqYEhmZgYTQ2Zf5Fw94G,syncspace
A47LXZrKeUg9akckei41qQruqG4fqagTrRthgVZ74tzC,Fa8TzVCkeQd7ZMcGNZEvC3kvSKtxMymdv1gCVZoPexuW,
A3uzyYnQ7UpwLbJ9zr95ucqhyY3QEXa424dXt77XtTj6,D6BoJ1wfWkBNFSBQUXQ3Fn4G1smQVCqpDB3EiAieKwMh,
A3tWZvnCyKYa45nL1oDnZe3iikyrQQ7iyZ1NW8oW2Bf7,3py8w6WyJJNX7aBxjA7tGK8aTyUK7fr67BK4bFJJrCmt,syncspace
A3oUG31yinjaqkKGC2U7f2K4EPycoY4PQQNX9r2XWRTc,4U7tf3ChxC8mr3KHWnkV2bE2ogBJK6q8LHLvU1F9BhKa,
A3nCkUBGxPcUZT6hWbFxURoxhGnrJKhC7g1r73Cica5b,autfyCR5psTc85smVAcGQajFT4TC8xxPPH1wvJu2Grr,
A3kJY3aQThttTiV4PPguKPxdTqgBwkWCxfznPeQ9vNyM,FkkaMgdEuMyaf21WZLfPr2XdY2dzZqwNEK4FgSCuTdiE,syncspace
A3VqqM7bPp6rm9i1jTZsgvnDCSDkSLia93hiNVHYo1cA,8mdWvYHTwRdFL1af5RzzoFmp7Z3tXqRXFZrSY5GJXC3Z,
A3UT1vpjbK4ir9UNFipajv9Q1QxVGKPYNo559qn5MdUo,4jgMAwL3wwqkKV9rBpiNHGNNVxeLyRFM4pd7dpLjDVLE,
A3QQ9DDkvK5G33Ggg6ULJyZ2DKjcem8ctUNHqmFben3V,5qwgZRFn8Vy7aSeYGjVYdRjwVKsh8SJobeeiaMKyWmuf,
A3NzxQ3XSY8PEqnkYyoJqboHtqYbWc2ENDProV8caxdo,93azSqaX7ePugdJUYG1jP9bF6k6pEWcCYxTHNuFUqMtA,
A3Hyju6Qg1yzrK2tqidKox53sniwpMTYYHik1QseMqY1,5sWsediccJMsGTayzXtKWKkAaYLN17KBa78otHRrFV2x,syncspace
A3Db9mAGx5v6mJEjWJ7Q6LAnAuWpfLGW69N7M33zYEet,FRnFVoakjCChVX5DSSfoyKtTqod36uQyB7deXqNB7XYG,
A3CrTYAHCLwj1i5SGfcaURQwjmBH7KMiLqh6R88ayEZn,EufpDWSyDpCVmxkiVvhJtXgovQbP9p9Juc1mgeMMMSFy,syncspace
A3Aq6ECFp4PFFiVpv1Y6wakiWB1adAHWKESacVp9SjYA,Da6NhHbxWuahePazRthG9k7odGXnGarp1TUSLKWASPqD,
A3AmFxjhGTQZAnpf15qvrS97ChGW3YptPuNBSaPRvDd1,FPNMQhpGtXRdh4LcMBQs35KZsGpwQYJDRicPgD63gUj,
A39vNYWkDieiSZU9iy7oCnAWGqA5pRLnwy1TZxo9R72B,6LnH18SQsNqVN9BY76zCsNP8ur5XVQtKgb2t2iq9aZfs,syncspace
A39hGRpEdDjEwUqRzK8kA5Vst7QEE9AkqtDfhohxHxpc,BfLpyQuepjYHUsvfpQjH9jryd6K4evB3T28kVU4f9uyc,
A38fQjf38MaEd5AMd8vKyFpYCT6QnonmxFaCyzC6bQRM,Fa8TzVCkeQd7ZMcGNZEvC3kvSKtxMymdv1gCVZoPexuW,
A379NJCgYwK7AdBjbrjhmFHhsuD8zo1QctLS31roqZte,5sWsediccJMsGTayzXtKWKkAaYLN17KBa78otHRrFV2x,syncspace
A32gsZQMW1fDAuBpMP2Sh4nGSzZJKGviLUyjEanuKRUB,aumuHzMdUFiFCvJ7kk1djU4CViSzxJk3FjXTXgvdNZn,
A2yqpWQ6kD45TYp6THi48T2Lcv7apKM421KYrXVfyBJ1,H6QkdYqFrqdFjAD6fmvbtvcjPgRGqwES612ezf4aLJ6d,
A2wxC7BUsQtehkjZ8RTUNcV3JsaxqQSeWp7nUHYTLXr3,C9ApXw8ZoqzLqj3kJvLUu6zLmQURteRBGMUvuMP8vthb,
A2pnMgMHpPPq7qTF4v5TLCTL2KAJ1otHmJNxrzcxPGq4,HTX9BkwYdwmH3xPVAyaiVC8pVusCp4gDWTqwLwzCM1bx,syncspace
A2p38QZwQ5cUHREHquiiK4S75tQVdVZiVN67wsNWN5Ra,AkHTrLH3yCgXJh31Tb8UhQJxJKJFDpUND14ZfUzvsRG2,syncspace
A2iMadLUehjqhMRCHG64GUWdNFvR6pZBedhZpG9G9SBG,2eWkTF8tSBp2si8Z7LDgkswJZ1LNGi7DPU3NNjV1i3VJ,syncspace
A2i13U8cyadMTzmj8fwNKsRDbywoKpqZ8RVD2bQSH5DU,Hmojwxj8xY9Zi9Kt4UmiY2DdZVHahLpAiQiZj5sw45vT,
A2V8aHQp42XCwFGdqT8aCaSXmEKrUpd55bFhXgMR4QqM,7LAjESa11JXDQHfPye1JC7jvVjtYhignL8QdL8U6VCgn,listed:magic-eden
A2SkFbdfhBqbvAAYEhSFXrM8hSzvHmreGnG5oJBDPbDN,9qj66zMkDdUBFw4GaAwKBgyyLfYRt1Ax5nmQGjhV7Lya,
A2GnJnkKeHXajVcNVQQrjjRSDYiGFMcGUN5Yb32R2TjL,G43e2oSgeTEaxN3vc9iCKUg2AXaNhfs6KtRwoxgZ6qdP,
A2A24Z8k5kcNeaquFPYpK2e1dmhMPi51hLNbzFzke2K6,AYvTa1QibMzWqaz6m1NiuqUnk7LbhB7664rHR3qEEGyj,
A1rz4zBfadJSUresfsNPkpRiRQHdVAPnGvgS4iFzNenS,EqvDrbwNmuB8fvdb5y1AnNaxZs7NRWGGBVhesfgEsssk,syncspace
A1rUYTbdoRLyrdTJri9fd5bMMeoMyEGi5pe9xWZ9ke29,aumuHzMdUFiFCvJ7kk1djU4CViSzxJk3FjXTXgvdNZn,
A1q6dbqK7QcdXfweAHYUY3hT9ABbsp83Z2jVbYuRysM7,GLxwFy6kKKVPbqemJhNkiVVy8za6CMx9K2UPiyFxg5ob,
A1fButNLQq48wT2d6mNm6k9xwDhHhhsQSAr2sDMpZq3H,4qYWqy7eVddKcykU7XtpLUrKYdF8VtPobn6tUuqKhWtv,syncspace
A1bctFuyoy9bBuzh5SidYQfJB8pdJP12hW7FhFH7cHGu,AkHTrLH3yCgXJh31Tb8UhQJxJKJFDpUND14ZfUzvsRG2,syncspace
A1Pcv4xqejCjQJJN6QDWAqQ7v26bENy8HQrpT1jjQpZy,4ZPj5UVnhvDJmfUSpnwD9AqX6YBi2QLtFG1VYDKwHYKD,
A1Lomhbqiv1CY3aj5cwuabVa5ec1fKi97CxpVeXPmfpj,3g2TUkrZf86bfGQXcfJ7xMCFSmnssdpeTxe5V7y5GDpb,
A1JzPd2M3AwJdQBkFvmPbGkJW7UJ9xYkHpSqJiTGbxBx,HX9CZsmEBAsbzwc8f6nN1gSK1fihamSJvGktUzWsxPuH,
A1Gwpi7NYLyiZqwUv7N82MADQfYCRSeSpEJyHkZWkBFJ,4eVcByLcXGavuwEBzJuyPGH6mUzrJr4u6kcdhy6ZJEno,
A1GK3B87WsBLRRhrbxL6NmUXqQMCzM9unQbCEVWijPrv,GHu9JhYkDiekJSvasZrCdyUPkC7jWonkWY92h1Cdd5kQ,
A1FS687s6rE6dVpYP274yp4evz45hcQxhwxux7nM5Nwp,DMr23EXPZaCjEDGeFMK97MzcvjTSaVPNDbYtSe2KvTmH,
9zz1372hMRt2ogyu1vbf3BBZ8ZaaLvmMySakyCkBhc2n,39AX6Lmhj4EFbg1mAW32Eaw8Pcq4dSX5EhQfzDusHqY2,syncspace
9zjAvaPcdjixUwMHyTYXUd2BdjkSE8Jjb9Cxybvwa3ri,9RuZzjKmpb8wkPR3uXQXN2fn6VtifZER6uyfA2Gg2v51,
9zZa4qbHgCnRfsYVbMMQ91dW2BVgUPyxftHJRF1T7FRg,4Dxk3xJzc68Kvg3eKMA5EHfLED2THCkjuXDdwbF8kzJW,listed:magic-eden
9zPwKWQd9soe4gzuCzikzwxJokGxN22TMKCocw8K3iS9,A2S63eLmhWYxxSsyrw9mCp8F2NbeP6KnwWrdhVL8vFfa,
9zHmDJPDnLXoRfmcF2esXPHcURGX2K6tXCFnBjkT68J7,auryHMdwKGnjU4ZBjtacvARm8DcAVgEzYDzzJvVFfE8,
9zAeFxZawNHFq9HTm3Tw9xL5EewzPk5HZMCH6HaMny31,CHmEjmHUwJqezvVuXpUrXVgzs4eu7fn8JJbvNJX3vbe9,
9zAWbYcvngre2GSZanwGKBA2C54jNw3wHNtw2w2qc2E8,7qo5Uc6S3NEj4TTmAD5svFtSn5c47wBTm6WvHoxqE63r,
9yneSnWSK3GT4eTrJsz38vh38ZKme1z3R21JKvU9YVuW,EgG8pEXFyNG49GcDRFahi4vKUWDim7eNS86omT4PTsXR,
9ymrJTpx7rHDp3M7tUaxxSAmg3SdgNhbr1p7GwnA9HXS,BrdK3RuowPHsxmuzsSgyZBLSB6A1erztn2Sj5U9Ab4Wf,
9ygL1VBRCABcRp6dAhyYgPvBaAHBf6RgL4X1uoDL6xAz,RUpHRzzB9WofDNEV7gMg6yN5UsXSkHdPbKDRYVTv3ni,syncspace
9yeXR2BoR4bAxiHfW4kKwYoe93Ka6dUNxo3d7Hwkne9v,FY9NAS62iqRVkjSwzbWkSLammaLLa7WMduHkKd7oc6Te,syncspace
9yKCebz2ddATEN4j2yAYjDSspaKYZth6Aa62JdLTVoby,G43e2oSgeTEaxN3vc9iCKUg2AXaNhfs6KtRwoxgZ6qdP,
9yAuzUCCPSiRLzJff35DycFKtQxXj3fNvJLFcH9E8gW8,BZDCUZd1bPnmTWX35z9sPPefu9T8Vvt8rdD13SCo4B65,
9yA4CracrBiDxZtXtxbbkioJQiMQATmj6Upf1bCU12my,aumuHzMdUFiFCvJ7kk1djU4CViSzxJk3FjXTXgvdNZn,
9y8atnLHYfm6oCy8EaijpsbXqkraLHK3sSetQ2pTQvTU,GdrWmUNWxX8JWF8bE4jAu18zbX9Z859fdRJDP6pvvLqE,
9y5DbJJGgH8YUGqxHUArgzRQne1J6HaBFsmzyjmEHTYM,Aa5FHVSAuNeh5BWqdsW83G8X2esf4kmBtubatAJqfwph,
9xvxv5wG2YL4VrX1UZP4PmPSi5zkjA9CJisLrmpwbqR5,7ugN168HdpVVfLidU9rYDBkYedz5HDv9xYpUdifZSQsQ,syncspace
9xoZpWUbWGQvNrKVBe72P6E9fMAvVsAamibyJPuqSewL,BcEfDg7CtZa7BtenPhM5RWqZWkyDrPa8JBERuTH4gSRb,
9xiqNemqf8BPEf7XKq4izmRBZsPXuZDTnUGzb2hiL9Zq,4qYWqy7eVddKcykU7XtpLUrKYdF8VtPobn6tUuqKhWtv,syncspace
9xcB7ngMJR6y7cZh4CSc1StjRhv97rwFptCHr5yHLn6t,G43e2oSgeTEaxN3vc9iCKUg2AXaNhfs6KtRwoxgZ6qdP,
9xWZMndmunC4eVgGEbu5VEk9E9LGNRwMxhv8K1XD6R3x,Hq23RE564UaA9WNxMmT9Rtpr8RFUwaYoh6XrGnkMoUAc,syncspace
9xV8VtkxgKPwNCCnCbKnCijP3kmA459DGtGFw6SQCo1S,DVSfx2DTadsKGaZEDi6mWWdiyWLF7bvbtVnJx7FcFzCo,
9xSV5G69UsUPisxQfSKNjj4iZuYpk5sqUN2pCzmMLmVk,DnVxKUR5gqfmVuYJjXjtHejYUqJbPCPgLoD9vjfenZbe,
9xPkQJHqxvpvK7Y4466r5xQGTv5B8MkbLmxjqAVPhV2L,6HzyUvinGxjnsnB4C9u8HL33YuPej6Nfxo225S9UTGV4,
9wmmtmo1hLAmbDTAkGsy5vcGzreE9heVhSiVA7CHVPjW,9LSzUWDaLfTUh6FQMCRx1CbZRNHqDw1gGafnXBajYoKw,
9wfstTR7hXcoLRanNruvMJ3bGkpuBfFm13PJmuht1fk9,Ytt5SS7MM36ha3c5A5JfR9c53ZNxoz84fvTD4YrDrzC,
9wXks9VrPL7o64RoGKTddXdShZK1vLuvScNrvASWaETZ,4fVZsRdDcUnNrT3wKTkC9CNfKJA25pCGtWxfy6i4ykWv,listed:magic-eden
9wXAFvMwCEGXoUiuS8Vr2643cQN8LsJ4JMpZx4zCvuzb,7DnqWV1732auGkzfKgNxzcEHJfapX2GbwZ1w3aqoAN4z,
9w36Pq62DWwK8acYQ2XPEc3ENm35hQGSpzkDB9rgGnWd,6tMR8UKEPPcKDbLx5F1a7poY4JV3vhmKN8p9a4DtC7LJ,
9vzwTrfRBfAZUGE5jGY9Nxnjzfbux8PETmWm7ANsMjvN,8vNmWqVA5n3v1R3bYDFKHMSNMC4CASEPuC2fTn2Db3jp,
9vz9cj2gYwh8g8zbtx9tgUJ7q3SbgRgKgTQ3VKCTH7P2,6BxxM5KDraGhAH8dDQiHwFXQsrBqiqGSoGZH48G6ytvu,syncspace
9vjiJPFwkzhWvMWYJmEhfRkGM2mo4RWBQzqcJCFDDsCk,De6xFAFpLRmrwfBRFZGNsKQ9bSrmeENShx3Qm9YhikVX,syncspace
9vW4qXDrKDz9WDj1Ep4JUtaac5aGBw5VA9yY5oiVMxS4,6iMdFs9TTqpDzoAna2rXFEoeDBUW4z31vg5xRjGaKd4D,
9vHH67oJFLG2AozYjiaKkB8gu5qTuMQaaSKR927YLwxz,H2CAfKakYfFuT5oEZJwtAmgy8ihPncv62iMYmQXFG3Y2,
9uzYQ3Hrj7cUgWxh2nFo8NXsTigbVsmvnGyKysNngAW9,8bHMVvpApEQS6M2qRv4eJUDptoW919NFrBSbeDGmoGJ6,
9uuoLFX7vsUegGhTf9XcATQRcYdWiK4G3dagd2ppDDGY,EEG2hxXminFAgtj21KwxrTeyTYKphKz6ofwaFgJVyGLm,
9usHy71jmRg1Hiui4jHz8bvhkzA6NUCSk1aUvCMLV92K,EGrxM1YEc9cjJQj8AeDmQJh3LRn4FrS93ZQUKj3ccjrA,
9uqMDpKLzRjbmwoxUhgPBTiQFo4x8HWeNrK94ARTKN1W,2oLiYD5E4oiFse38MpiNRGZvtTXJiMQ95ir2rn5V8dyR,
9up2Uwt2wT7oqHgXcJ4YHqKXtVmYFpakqFxJgC4GSvpH,8mdWvYHTwRdFL1af5RzzoFmp7Z3tXqRXFZrSY5GJXC3Z,
9udQXHfLYyLXzNCPh9rfvYH4zcXcCyjVTjwDWc5y2W8F,8mdWvYHTwRdFL1af5RzzoFmp7Z3tXqRXFZrSY5GJXC3Z,
9ucZEHcqaAuU53o33CzNrnXn8YQBuECz9jhaaNHLcyS8,5uRHvH79fX1NE4GhZotFts6rBbWjgevsLTLsMju4PWVU,
9uap1tz8fanFjMGhRaCFziAMPznCvdYh9mHDGd5dkmBy,BZ5fjb7xYenfwc12pVJV7A6aiot5SssKUHnxfx8SuBZa,
9uXgpdWhrDmHogunyv14Hnn4rXP8XWujxQihU71bumnb,Hq23RE564UaA9WNxMmT9Rtpr8RFUwaYoh6XrGnkMoUAc,syncspace
9uXW6yoEMg8RpWNXyvYYUGmncZUPjFKpgmnWoudu9xQu,3FDL8YwuAwCgwY5mx9CnZjiBXkxZv1v9U8AAfCV74X68,syncspace
9uWTn8EUKudRcKv8WXkTno3yb8ssnN8RwAWabjYZHC9U,22Pmtk76RSr3gMMeJ9U4y3Qg8uK5xBr5GA3pBd25U8rD,
9uWM3xx9uBUZc9x3qtLW6zE4DswzuNFUYdD3969fb3DN,7wPSiT972pajKEwzBgUF7rcLYqsLNfjS7BwH2XW2M9HB,
9uQKvFKVkJZ8znSH4foKLfmcovSq2c2LsL5Mo13RVNyN,EKPeNExoZ9ExLH72G7J8AFUN939PnjdXohnQK5MkWCuV,
9uNdXd8jER2X324QGcc22tJpQKmL3MAPWnRfW7j6XqaK,88gNHWScPbq75QunYtRi84YqvKwJZ1cjmqrF7chp8VXo,syncspace
9uBGzemMDgmFBbRnt31qjeB2DxBycdauxgZE67SY8vgY,5xwFoMzm8Pyiyvxre6yMwhuMNWWGDpEGELsYsCAKYBko,
9u3dHVpRqoxs8hW1tUbtMWRGRs3frB7T39GN3EXT6BkG,auryHMdwKGnjU4ZBjtacvARm8DcAVgEzYDzzJvVFfE8,
9tn7aG8LPovqe7QGQjwUeLEPaK5mxZ6fNSCN7JLacupR,G43e2oSgeTEaxN3vc9iCKUg2AXaNhfs6KtRwoxgZ6qdP,
9thjbZuQeQs6G4EyeeM7xpGwJWfuLhYEpjTa6kh7zQGW,6Dk5BrJ7rN6rVooRG1fTvrX1qmG453CGHKf15cAkJcFP,syncspace
9ta2joscfJ9NN8RbDMFY2TZ39X8n8998o7JjZwyQrejQ,EPhWVVFfyu2UbmowFUqqg7Htq2dt8rRjvDhq7mSLmKq1,
9tVm4ZZAYbXnhG6hNghNTfcFwhNy84hnBpCqSqGYt6Yh,3NeVP6FQht3C3KKQBhAAKtNKpqzNGgvwajuZDSJaYNps,
9tRhu5nEuKGwtm1H3UQKDjkTSxHasNu3N9L6Zoo1dKEt,HLTbt1GFVeazhS8VmzsBXyoFgkMu6JKQMnumPguiLcWq,
9tF6u9fYoECfnKwyFt7zGEPKUx1RMnfTunTzbLjw6kSx,9KiwrKemRrjjcZpfzk2czUBrbHwytP5hbeQmiAKYPnUD,
9squc1hrvc11HpmfkjzwcrsorBum2EQ8pABcMwUV6xru,HTX9BkwYdwmH3xPVAyaiVC8pVusCp4gDWTqwLwzCM1bx,syncspace
9sqBptR421QmXzewvDohhyi5K187fCM6JrkwpgDqj4xr,5hNxt8NmAqbK3mANRxsNPBUwiisfc5pUZawpWt2aiacc,
9sgHthZuPoPG2ExrR5zGtrD79JeAH885XAn4jwFfJWgs,aumuHzMdUFiFCvJ7kk1djU4CViSzxJk3FjXTXgvdNZn,
9sexSY5uMnDfc1a6NxHhXDpZdXaCFf1dbXR2fodsQM7R,8mdWvYHTwRdFL1af5RzzoFmp7Z3tXqRXFZrSY5GJXC3Z,
9sZto3eKYmtsZfWbDG6YCNH3zuGztbiCtaMi4VmkLM7h,25TqXN4ToREvj3CVYJcTP1MWbbi9Dd7uUeQ7uTW7pmnU,syncspace
9sU314aKPqywoVKAnUTuc1dWvgBnseE77D7A5E62NN7j,9SMpGA4Y6VJKHfu7A6B4TtdG85wyUFH5Dbmk1scEv5my,syncspace
9sLEXFcC7jjZTmBA1suFTKYYNuTaoT7YNYCPwYLyXiRz,Fa8TzVCkeQd7ZMcGNZEvC3kvSKtxMymdv1gCVZoPexuW,
9sGLnaBuarqCozYa6fwvxfHLhKGyuQNqXgZNtJjHNUMn,GdRRR7ARFZS6hX3hKWafL6EGDz15WhKxkiFWZrz2j6Gz,
9sGApYdmmEyrngq9RpT1673EBUMwByzCx2TR4DT5rEt2,ActbKjjQmsHDrEssEPKdkYhQGYfft5jn9Xk3ztbgGR29,
9s8WyPiPMXAKM42sTZs9M7yNFbhdvrs9QatNLgqNF6SD,4PnnfaFNxZjYSQNWzY1FBp1RNac4cX5eW9n1DeUqJgWJ,
9s5LrfrDS5s4zDQF6Q4CHgVMGTevwAJhMqKKYbaDas8n,4scCoQKHbS2U8YvvVsp7HskFtXuX8qSPzDTbmCw3FVmu,
9s54WhAREKNdtzCxkszTJyE7nyKdP1BWdAjitsuYkU4H,44axFzPg3wATQSMqbpELaqy8vcj1VAqcYDGmWMnZ2fsR,
9s1fnFwKtGacZhj6HF8c2kmH1EWaEV5MWm7RX5Xfd2jC,qstNWZCoEXK7Ro3kUbT7ujw3LUG9sxXHuvkiYX3JgHw,syncspace
9rwB9XuLxsbxmUnP7EG86492mXV2i2gKxUTmNcM7y2QD,Hq23RE564UaA9WNxMmT9Rtpr8RFUwaYoh6XrGnkMoUAc,syncspace
9rrKEHAHiwNdG696JgoU71wWPrVnCdartQ9kkjvNGBQx,DHNHnQowiCFmX8MeL9kzuqPM4MLjSDnhCRRaFtVx6wfV,syncspace
9resD2WHAkS1M2YMgcKnM5K24pXBhMZbxUkJBJpgqZ3C,H48EDPyj5x3rQPtj1z2PazZRsXctFmRR6jD6Tnr5JP34,syncspace
9rXvbdqYRootWEqCtDCgwpLi5nsrt5rpDMWRPBKShE2s,CB8Pr9uzrrFw8BFnCqworH1wMa8DsmbSKgUNwVWnDGrL,
9rEQgKCWvtrrysoYeAAoyvqd565gcWmScNTr46Fn2bfE,P1s9JzC4p396kkiNpn1uWz7VTdjTwqNxXcwUe51UxqV,syncspace
9rBvMhxkJhK4qfPkaNXJyuajxkeY7mTKX5EXciQNxTAx,G43e2oSgeTEaxN3vc9iCKUg2AXaNhfs6KtRwoxgZ6qdP,
9qrZcmQJfy9UCH64XU1N3ShviJ6DE6YdKgNVWMvtP3st,A7b5JoSpdLjBiC8mnUrXtKmWfxFv3gPgB2E1Ys2PgwB9,syncspace
9qRd5rDy9nrP3jEyYMBnZHFfbHMFax2b8ZjS52zoQ9cw,CB8Pr9uzrrFw8BFnCqworH1wMa8DsmbSKgUNwVWnDGrL,
9qPM3chKeqrTb8UE8teqLjnCA3x4GUdmDpF2tZstMysY,FRnFVoakjCChVX5DSSfoyKtTqod36uQyB7deXqNB7XYG,
9qMNVvAV3pJX579QRov1gkCBSjBepgHrKN4jNLeBpbzL,2Ga6hzy12f7oFvS1zSYvUmvA5fLWiNP9ep5q4NdruTci,syncspace
9qFPB1j4nGa7FtL6egT6FPxtm755UL5gu8phZFosM9x3,9qj66zMkDdUBFw4GaAwKBgyyLfYRt1Ax5nmQGjhV7Lya,
9q7fmSW82ybHGHGTTjXsf3w7s7faonPRAv47iH3knrHe,tioEGUcmaUSRJwGkddEYZHuhnUG47uirBmds6aELE1x,
9q3bicAAxPGAPchoxwG6EMvgPU8jkNNrphhQexZD7NAS,G43e2oSgeTEaxN3vc9iCKUg2AXaNhfs6KtRwoxgZ6qdP,
9pxLi73pcjJY5NakYMUEwDcVXjHea6X6bxGiNkvo8WMn,77YwEfwafni3jwyfK9jwrckSTtBHHz4NZrHozsULZj7M,syncspace
9pTyQfp9B6TvWScBveRLEeLPGXY9iYREDRbWuGWJESoR,DYBAjkmswniwXGhEpS3LyzH6ZKkkxBgWVaRLqtQBQUrM,syncspace
9pRGJqadhnnSxF2YAWwSQXr6Wx73jwduYTRTFPydQpq6,3MmUSy6ivvthYYkbX7nn9T9bLiZZa5UonYGhjZvuDrk5,
9pR8q2n3HCku6ZYqkzZxDHNsk8i2gtJgoDBTjPqfd7xy,D8iwNWsfRkg6oNy7AyTevRxNPGUKZZ2oixoqLiinSSor,
9p6wkaaUYY2LhQaRomZ3A8AMQQNXkMbif4AKnCPZAZuU,6tMR8UKEPPcKDbLx5F1a7poY4JV3vhmKN8p9a4DtC7LJ,
9oX4c6BYDNvMXd9rJ7gLbeDdHmQQZRrCKxr5rXTCq4DM,AbPBdaV4HX8kr8UVpDDomrLFXMs6HZV2Y35Mj6hZUBth,
9oPVJK2RNaRcARmfpEi3XH2zwQZ1inf84gJjQYjfDwh4,88gNHWScPbq75QunYtRi84YqvKwJZ1cjmqrF7chp8VXo,syncspace
9oCJtvRUp1cgGHQLTBJMkDNBDApgvTRA2yDUtzPtTKFD,tpdGyXMMgtcRm7Drvbj55vEbv1t8RDscyjVCmrF5Zrj,syncspace
9o867h2Z6VSCCgh2YqHsaxZjQtHVWUPN8NmWVZK2fmiG,4eVcByLcXGavuwEBzJuyPGH6mUzrJr4u6kcdhy6ZJEno,
9o5V7VCT5wAJuWkrLYLUxqZ6JsAk9KeYmuuWpvJ3YGBz,71HtZCnRRWaayEg9HrSoSmfJMwjsBdNiqGhGShCBNLpp,syncspace
9nh4P8tDzn8hxCUSN2Fegr7FQSQpvJQ9CWguS79BHn1b,4zhjTfQJWFM1mE7sj1rYg2bjuZjokcVKRNWVmKsuvCBF,
9ndDYMacd9GEgRkrxQchp6miKyx5os9HKvz3he3wed8H,5wceam6f3i2PNykKQkomeord2dhxsmyTEaEFxVLVaegM,syncspace
9nbg7sUphRGJufyg7DFFoYah1P9gBtEGyy6dy8GrRu3D,3r69kgo1Z52oLN16VJJouSAuu4avXRvqsopfQtqe1hce,syncspace
9n7iaP1JxNuXb5kahnj7yFKXr4yPfDTzyWRri7kcZMN6,EHH3PJoP5pDrjqBuafubpv6mxRWJ1GTniNGrEFFaUis6,
9n4JWqsRAAAiUhbtv4DBTyY2FKMYpTc2fwRtZRkP2LqG,4HqJXdYyvgkhNmzrCuFMCH9p6wkcGs9bo5RVHUcvPcWJ,
9msGgp8EgiULsPQdwP8miRUgVtkFFU5tWNpoWUkF83kB,5k15YfLg5TmTeVUAuxpQgK4r3Dzuu9ce6RwmKUdtDXYH,syncspace
9me7yS3qjvWGwwmawhQTVNVr7gsbRwb8ajeUWm3QPpUp,DrqP4PzFKcViMrVkq1UCJnq8v9TPHTGYcwucSLH8SPRA,
9mWHHURcYajz2agtXe958DDv3YfUv5obtgEGhN2u5oYB,BcV6o6pKeJNe9dq9QLusLvtgDD7CnG83uGbNznXqXfjK,
9mRi77UwK9whyhLkYRWb9L1DrN8riG2UKS93XVpBJNyz,aumuHzMdUFiFCvJ7kk1djU4CViSzxJk3FjXTXgvdNZn,listed:magic-eden
9mRHE3AR86gtnDFVXwPZ8Mit9et8KfEZKNVoSEtBbPbJ,3935KxTT9PrqnQJjCjvkpDKDv59SZDDxjMCXR3N3Phac,
9mMjmDh9ksojawRY6dpN9j3hgF94x3UbGEFh1VK2gWzi,EDxk7SAmyXoxyAUpJRJZ9KHbqp2ewsYkhggkax3ToWd8,syncspace
9m3ScNmft5tWpyEYCicjwyE7gUNuVfmacmUEwECxkaA1,aumuHzMdUFiFCvJ7kk1djU4CViSzxJk3FjXTXgvdNZn,
9m37DgVtWGU2iHzYYviMjzWLLqCCQT13vXua4MoYgzLZ,AvRMJMZv4dLD8K6zP3rCxSeCa7GJL4BkeMCcriQ1yngP,syncspace
9m1ykzSMJ5SB84QyDggVT97ah6TjLSkzb71Tdi6VCnH7,94iJ7CSZhu4ieRnjCNqSEesJbMs4hzasjaTEvK8cbCE8,
9m1h72nS7zbwpu443c1tFqVSoFVn75yCRu2eCGuzTt4P,SeJ3rD99FjT5PtEbYcfHvbt1fJ6becwRaEqh6xxyQCC,syncspace
9kMX6BdVMs32ZXjA8yBgSzinwzBAyrZbwvZdQHRR3vd3,HTzFNCSQABmPQKnVQTaYNmZdK8y3ySaxFPVQsudtjubT,
9kEbwcKFMG2prexsuE3reuh9ndajyJhYLPdtpUy8cBSD,9BRS7c1XQMir78CYqVzGvtLJUuSd7JxrRat7xMN9Gxy8,
9kBDaEvignCJ9cWWgKUBPtGYLpm927eKAnEhPWyiDdNX,64i7yq75eLter7M12ZyZpvvnPVyUK85dp6qnZwCxZmc7,syncspace
9k2gBRNxBNbUKXChA39bdgY8jB6pJkNoEa9dDnQMZUrd,FRnFVoakjCChVX5DSSfoyKtTqod36uQyB7deXqNB7XYG,
9jzub8VtAucn9rri88LgipwUuTNPkhxxmUqycSQoYcNg,GNfYUzErfvWaKNaUfDFgWGzC7RH96dbQtgLcYcRUf2c,
9jU3rpCYefcW1gwccE5pNYHmnHJQFEJuVme2Ag23gagX,2K3gSqgQBijh7DaUEA2HcmYk222iKhrvtuTC46vRrpzH,
9jGBFtaRW6yZGkSL9RnrragULujuqNcw8zB8ZqbTyGdw,ZNHfnwWf3i2eqj9Yu61ZpQy7di8hnzHX5wDB1HFCQn5,
9iz5LHg5E1qwZabRHZyBoW4j7nAdxQBjGd91kfRrrsBd,ENh5tGAAvc1dkBoQbQ7nkiMPm9yBc3by4ttu9KPSTRnr,syncspace
9iuhfMAixwskxePkDo3ouu5RHGukd2tyeZonaquGbfPC,FuHA9LuJw1YjAHXoeAcP7esH78h7tzozexhhYjs7K5Zq,syncspace
9itqMWAWzDG2NmPUNR8m8FKHD5QbbftpFBqZ36ngeZCG,Fa8TzVCkeQd7ZMcGNZEvC3kvSKtxMymdv1gCVZoPexuW,
9is7qgNwrugoVD2SuVDhbFjTafGKwNJdpJVBYJAy5YB5,4qYWqy7eVddKcykU7XtpLUrKYdF8VtPobn6tUuqKhWtv,syncspace
9ii9Z6fmvSyoKdwSBp1r2QfhrxjHpYgjSU4tRNgQ5AXU,24mDmQTZNbQcyrZr4zWwbjgafR1DXRFPPzbDeGTg1ZgN,
9icx9Rkp6g2fCwZBoaqnb7xF7SPxsswNQzR1oPN41fwg,HhcMjf1dg8ysC1AS7m84AccQEoXAsMuumnG41pt6vd87,syncspace
9icQhHo3VbdARDhs5sh9NDkA85XvKot5SK4NqR7Evv21,6V7SFR9DBWfQKDdMdhHHszN1K4e9XsRKD6fby26WWNfh,
9iLb4HZZKw58gxAuFi32iXNVqrQa4qwWRMS2VibyqDbQ,8Hj4C4Row7TkhXyG53NaofbaJW6xYmZCpKPzYLdNGJ5P,syncspace
9iJHx4A3BSG8427VL2GdAQrTSQiuf7zN5Pz8UzPt8waC,4uWjL28Ryp44RX6Lj6f7weTTZKFPphvrMVUuYAABJesP,
9iGgrFuYLZHRxMe7DoiTvUw2HCGxMF6omxWztivb11KQ,EzqqfWM2QV2gD8M2J3z3FAAB8ojTHC1bYeURbSbc8LiM,
9iFf4dyw67ZtfDVYcVm3HzqGPLUFLiAkoEXCNNZpuZSQ,55mWAH7Ee2WHmwgpH29z7u3kqHT7zzXgTTbkjnsUrt7h,
9i847zrtZk3xUKQNdBus3Gths999HfaYt9VGgW3fiyq5,9qj66zMkDdUBFw4GaAwKBgyyLfYRt1Ax5nmQGjhV7Lya,
9i6XJG8TTbebpotkDNy67hpyS2Jj3gxfgp8XUoop3z9Q,5k15YfLg5TmTeVUAuxpQgK4r3Dzuu9ce6RwmKUdtDXYH,syncspace
9i4sVJ6qyMDFNEaEZd7KTZGKPyGmsgodgGYqPE7kQPoY,41ekimDUWs3fcF6DWEivq2wkhbPW8oCDnv95Lf6Gn9D9,
9i2WwmUgeSsfTXXgW5xbv87nsMi8189nxqVNpeysHHWe,GZ5RZzLmkQZSmGgTEsQLsVJZNBwHxAw68e3pWo3jC1w4,
9hpM4RvZKGBGtBPDdgpphtZnLkwfRNzwGDr3QB6BQpvD,2fQ9rYsqub7fw4EeaKVoY1Ub2YdXMAqmqG5SKWTuXEaH,
9hp6q2ddehMuXpeknZUrYDZRmfFgPbRCTsxrQAPXTGzh,FXeGT1Akb1G3FbAbMp74ahMYEFwcUXXK19iVEysA9Dp8,syncspace
9hoGnhVCU7jfFZd6sBgc7MA1nYkntcfHFiDccG21nnhU,26UgX9WSX9vadYdgfcp69nkYK6mjgfkVnHkfkGCyyqGh,
9hhtzZVQxzZjXC3PuNibxVY3SKmcmPmE2MZPnn6EQgTq,CQv74nfjbVvbE7a6DDtpeqCsFi3M2yTZsw2cJjnsSykn,syncspace
9hccahNVBckXBQi6dDiC4mY6ryjQ3Roo8RSTzDWGHhv7,aumuHzMdUFiFCvJ7kk1djU4CViSzxJk3FjXTXgvdNZn,
9hTKeaYqauJYxnbmPXgFYfCxvz73Vp7wDFNuKib2Nx9j,CiS1udKWfC9tQqMLE2pDCryHMUyoCaL7PNWY3hm5o49x,syncspace
9hBisq3oDhNi5L4Z3LzpZ866JoaemySZ7DQhvz9ZFs6n,HiG5keLdeMMUnLSqZEYR9WwtnjxvWJpDrCDHtwZhHBMb,
9h14zBPeGKzSTCJfR8d6t2gRznL7FQGqjUydjZkFnAth,9GFaGfW95MTJ8Vzjbq3yPivjimBbpVhCkfz1z3rueRt,
9guU3w6jhKHC435ZyvL27MCAmjn6HHmbg2S5ypaxCXqm,C2cVu1e2ENb32NoQ1vsqKZ29ykvjoqXrytUqPvVzMCEK,syncspace
9gpz4RHgnYnJA6mg7sd14WtrVmKZWLjWXEx6ttYN42bC,EDxk7SAmyXoxyAUpJRJZ9KHbqp2ewsYkhggkax3ToWd8,syncspace
9gpGkWLgdA68319QLGsD6Lro6T8XhL42zVBNevJh4zKx,64i7yq75eLter7M12ZyZpvvnPVyUK85dp6qnZwCxZmc7,syncspace
9geCszRQFjJcPuZZ9mTbrRGrsu6JEXVQM2ALrbXY5Sc5,DfSEkjeMh3DA78RiQF175xawVP8DRNDw9B82By18A3wZ,
9gYNxDe5xjPNQrmW9R3K5EvWKrLn7oxx8AkBE1BqifNA,FRnFVoakjCChVX5DSSfoyKtTqod36uQyB7deXqNB7XYG,
9gR4dUHiU9PaRVLadYFUaLvq1xyPRr6RawteK9QKwkA4,AeWhuoTTUqRaQ52JrLQkAcXy2CD6kDX713bf5YmoCTMP,
9gGMDvRWGfsfJv8QRJdg5Bs8dH3x8SuR1FsKMw1qFfB6,3FDL8YwuAwCgwY5mx9CnZjiBXkxZv1v9U8AAfCV74X68,
9g6QEUdKVZzzPyLjaaoJnP2mhsxddEYC9wridgGQXYcU,FHbVUUSthmyFC1vt87pVcN51GSirxy2NAu2P3cQvUs5E,syncspace
9g58BVM5Dvt3cEGCVUwSjdSu6gboeAvM619wFifajJJe,ByWuxBfjXEExpbzSKU8L1ZdsNyvuGA31wrmTLdkgnBnR,
9g1JGocp3utE35KqYhpw2sf4DRsiKB7Bn7Lmj9hgYXuS,81MMZdtpDzevCJLcFLiSm61DFr8kqnrPVrwG9XGQnpqQ,
9fvRkBzZbVHSgcae7Q57uKuNR7mfEGr5FD6ZnbWcTb4m,5k15YfLg5TmTeVUAuxpQgK4r3Dzuu9ce6RwmKUdtDXYH,syncspace
9frVQWMEYxSqU7iPYokiHbBFrN53yJDP3tVuKBefvM8s,G43e2oSgeTEaxN3vc9iCKUg2AXaNhfs6KtRwoxgZ6qdP,
9fogcHDq77zxjbr81G3tSRJH5fDsCHUiCxSGuby44bbQ,57hqwGnbeFhMd42QnGavCSmpTth1s7PCZMkDuLQtbbQ2,
9fTtDoSdTtFh4KvnXUqdiBtTCkGSDoiqM7ruhUw5ZbpP,DN8HL36NodvbBUJj2Q5gYMWCcLgY78UXFZfXGG9BYSSX,syncspace
9fSsZEwqNbpeovezbsCRZEBRqQ55Akf8FdB7HQvTxDQy,Fa8TzVCkeQd7ZMcGNZEvC3kvSKtxMymdv1gCVZoPexuW,
9fGQpX5441nd6qJz7WDLsQ4HWPhUcY5EGUu2FqTXvsr3,9h5ZUmewepPUFsaPW2ND7bkvX62nZZTuzY86hbYMHS8m,syncspace
9fCQUine49YMi7D7G7aedQFyC8F32eejjFxyTmUUg8Xg,GGhjJcmbLsasjgjsF19eSxHmEcPbgXpE4KVhCb6kQf7J,
9f8dgGKsTrS5PQHrcx1wuvFA14HvMoknyEVtePfzzDtW,8ApWN5hV2nJPELuJgD25hSv8dJf23TUPk8urQnn5dEe3,
9eyiWnVdDF4ZfJybGLeeHq17GKWgaTGKbwqxhUaGA2vB,CqToK1x3z8UuCmo3WJ4wYLP5u3E2zafw5T3J9oFxQ3GW,
9ets7KBYqPKJnYCHwNB8JmUsNwnybK5TUGz8BGpFrGRw,5wceam6f3i2PNykKQkomeord2dhxsmyTEaEFxVLVaegM,syncspace
9enbt9beJ28SWCj4xWu8tBAyXus5SVyijfacT4grnEKN,FZd43yjsqwYXSWHtW6nAL1n8obhutLHzvNbDng39Wx4s,
9emvGABwCgJJ3Hko9mLrPvsL83ADfenkcjeGBJhN5Dqs,G43e2oSgeTEaxN3vc9iCKUg2AXaNhfs6KtRwoxgZ6qdP,
9ehBfFMbYFRjoVF5tmhA9Mv2pkN4inbbyrRWEpbcQTcK,9qj66zMkDdUBFw4GaAwKBgyyLfYRt1Ax5nmQGjhV7Lya,
9egjRN4eeMbKFnzLgaAJZFs2VZx4yUCUF5nYKXNkMNxz,H4bPeLQmEaC52ffCLUScCnqNNFGpUt36sHvw6kxJ5wuT,
9eWyaQxysRA2wMfNS5fkm1zTzNsLprbLw4spnoTYkh2f,6pAKAexmPp2fG7U4BriWaNeHqo43qqQ2hwbFwSbpU6Wp,
9eQFKwjJYgQXYFE75UdR7YpUvDrQQXMUejxzFQvmh4GA,Hq23RE564UaA9WNxMmT9Rtpr8RFUwaYoh6XrGnkMoUAc,syncspace
9e8mde2LymxoRsrBDorXR4P2u6qD184iWQP8iEa4Tz1b,Hq23RE564UaA9WNxMmT9Rtpr8RFUwaYoh6XrGnkMoUAc,syncspace
9e5S1FmurXuc2L5tCiMngbdWCrskWyJ9psrdVjYSpkPk,HTX9BkwYdwmH3xPVAyaiVC8pVusCp4gDWTqwLwzCM1bx,syncspace
9e2whHU5uTExP5sragcMMhL4tJNV68mdHau9xLAjkAZi,CyMxRyQCgGQyBR3BS7G26Y4c3vTho4nLhDwWZHR1xKDZ,
9dwwjC19hMkvX8zTheHoRtRPAr1Lv3AN8MoHKWjafLaB,88JGuSQpvqEWQC494s8gcE7dJXWBHSk8n5SLTaJ63wsq,
9dj379vZySmdNqT1xmkAxqBndd7gQbSKVorWn2d6jxGx,CgT89nWe6Dcmso72F8zP7sokkC1iKv3iz4PWPWH2HpwZ,syncspace
9dSUWsweJXwPV9YzqicKotd9fRJ8CC1wseG8Wh3mTESX,65F2wSi2CWe2qdkiHTTfUAVKDtCCS4fqoZctgJeWvarR,
9dLeqe8pHUAaTSAxo9kM3PDVMXWycBXRSUDnMm6AkcwF,HXtRw5AtTCPk4yHUPHKwBsB5uBcuXag3fZJuKrz1V9HR,
9dLZDSYiCmx4wB7rXyGmdaszkMFT7NAuKtN52CRSuERJ,B3kGrxijtrb8ywPZbZvmEZtDRWnnLhAqcUj4tGJharjj,
9dJBFRnPsBonYctkjfwbaiVLUguLRcBxYYrka2pyyzuT,4qYWqy7eVddKcykU7XtpLUrKYdF8VtPobn6tUuqKhWtv,syncspace
9dDCXJtym786pqkNZfgUfmtgzAtBfJHywiYXDEqjxH21,FPNMQhpGtXRdh4LcMBQs35KZsGpwQYJDRicPgD63gUj,listed:tensor
9d9ek1s2p7qMorbr6Qov4nAgKkGt1HyxfAuLTm3DJdGj,64i7yq75eLter7M12ZyZpvvnPVyUK85dp6qnZwCxZmc7,syncspace
9d9Mz2mdx22izU36ecYVmmiitT9pvUyPM9J8KBpifktU,FfZenzVM9aDbauD6urMnoVhS96woSyUftZCkRA3xJC5q,
9cvpWfk798C8SGKEXCfoG2iejSuX5qMCbq7g1PGmFa2s,FRnFVoakjCChVX5DSSfoyKtTqod36uQyB7deXqNB7XYG,
9cqq5PsxbvQRVqbDFAoogE5fSw5NdiLfYaosoS6WjwzJ,7eSvqcNvVkTJCJZn4Tf27D7NKj5a2En6tGY4HkiRHbxT,
9cmWuKLUCUg56PaSENnrJ5QP6sDuY1DkHt1nLE5VNMGD,6erKQrjX85WFqyMmHK1WW6ss6gm8rAY4DX4SfjFbdv4y,syncspace
9cfSWWh63JguHcB9ARR1Z5kK6Qdf8YRknmZX4w6kvhpf,GyktjheiBQyARPaNMPTkcKwigqsYWfayGFng88WK771v,
9cVXv3cbFz83ZSLQeCarHSZscDJXVj7Cy7N2muk6vSwR,C3PvKF1Ae76CN2Fa4ATuJkWF499fRcP8LVdWkQLCrLcB,
9cHvxBQWx5v17B7QNuSbF4yGyyQ9DieQSrX7WepSJte2,2AUrEFqzH4FSdUypojxfESvhTTBc88cMmvPPA5o7UuQR,
9cEcSzoUpBXYpt4SvV65dX1sRuPDs3WLGBpmYUCruEus,7DnqWV1732auGkzfKgNxzcEHJfapX2GbwZ1w3aqoAN4z,
9c5Mbu7VP7NhfbcJMhQLN2byJCNkPErbPH2jKvovpT8v,4eVcByLcXGavuwEBzJuyPGH6mUzrJr4u6kcdhy6ZJEno,
9bx5wfEK2bvJfe58HD1cVk1wJoqSnsGVzv9rKeLucHvB,4fknsnVEUZo4toCg7y1s27C2DKqejF2XMEGmyKfMbim6,
9brw2qCz9j97ZPP1LnVB2gsTfetpVYHWB5FZS3ukq6Cz,DHNHnQowiCFmX8MeL9kzuqPM4MLjSDnhCRRaFtVx6wfV,syncspace
9babXh24mUnEdvwArSsLVjySEM3CVDtf8qbH7jSMStnr,FN56wwWrLLxojoTvjM4aS1nKoaNMJ7YnnSf7sUMU6jVk,
9bTntfKxSwJhk5YMqfaU6VLcw4tsYevEepfH9AvFPa29,E5ETMpSXjxXVm8TXPrEdTuP7hrXQSdXN9e3HHkNJ9UaE,
9bNR4JEQWE1KUgQpp8J2B1X7uRQf1ePQDCMoQobNy91D,3AXBaHwB9QEA2H2Ur8ocX8bfxtypVNEqsEEQVP5HnKGB,
9bFp2mT9B5H162KXrt4Cpi6D5xsQLW86nGk8rXFJMRjP,EwA9wrVbjw4RL8mqpHH8HgGzV8V75AojZEssdSe2utti,
9b9pLB6fYopV7EUnHsuzmD6D2kBgetw4oQAJni7bv3vx,5k15YfLg5TmTeVUAuxpQgK4r3Dzuu9ce6RwmKUdtDXYH,syncspace
9b7WPz2dxRV44hj4NfnNujcFor5YcX6jVPuZ2sMcWxBD,5k15YfLg5TmTeVUAuxpQgK4r3Dzuu9ce6RwmKUdtDXYH,syncspace
9b4MnPTgYYJNhMgUG6DvU5hCSoLjWzP7LdYGwBa3FkFA,FRnFVoakjCChVX5DSSfoyKtTqod36uQyB7deXqNB7XYG,
9b1QCFTpMKe8jJW28PF3uw8Lo3hixRSbvRbCpz6v4vJs,9yruC1cumnyZDFu3kTosWG4seLmZgg7QVrdqLsXGXCup,syncspace
9aw8KDr7zcbwC8HspZoJ7eZVk86KECZ89nL2SAz73p4N,87dSN6oixFj6mJvsSZFg4aYgpAwJtywkn8pPGA9tLfz1,
9asYZSAjDoiLByeLBPFSG42WVa8oweUPyRLCUoNcH9xR,81MMZdtpDzevCJLcFLiSm61DFr8kqnrPVrwG9XGQnpqQ,
9aovsgF17YkZGdbZ8mcrRCodCGLQLVFCwHTUMAjXSTVC,F5vaA4a2dZaUnJD7vUx6CuMnTqYEhmZgYTQ2Zf5Fw94G,syncspace
9aoGjqXNDfvJzAJ348vpW6EGgjWyK3n29Wb78krGUbah,9MjruWb5UVnYPpZacsPN91ZzS5KJyVhG1JGoEd9kCHz5,syncspace
9aoFd7zwuTEpq8Z8jq7Bg8mRTNhupQXgrpvP7pmeXgSA,AUrox7sHx1L8mxEPrNqkVjHa16CXQ73UbgZtZTNPNLjx,
9aVwkrBZJd58do7Twe6oY46C5Dudr28a18QRM3eKJHM1,5wceam6f3i2PNykKQkomeord2dhxsmyTEaEFxVLVaegM,syncspace
9aKbz8aK83yfKFXCySnNmpeFY24ubz1YvijF3aVtzNc1,FBzw5DpjmvhRWF5ZgxP1F6nCrgaYXkx2q92vwr172dit,
9aE4MweRYekPyPLfqDTBaxhm1ntCDMYTRqsF8Dx9UBV5,FRnFVoakjCChVX5DSSfoyKtTqod36uQyB7deXqNB7XYG,
9a9nLLmrm5iVNBCNkh8DtfPmPhodEUktGjfGrGrBFbPx,6j5UK9nHeXEgZwKizWjiQ5HfgAdf2NANQdJxMn4dpbAL,syncspace
9a6KXgcnto8pdgZCkwEtGinkQg4P1gzi8NonjpSbnWp2,2yEw5qTq4LXZ3m2L9KFH3BBLzUvVEadyF3p5PwhhVGCf,
9ZnBxF5DPNyhJHMxfFDGJjsL9Kn9wFoeGhEgco75nYpj,auryHMdwKGnjU4ZBjtacvARm8DcAVgEzYDzzJvVFfE8,
9ZWtG6r7BmEVb3sGvSBLBXP2jNc7UmET9TbApQyvWk81,zCXX3L1QbdR7E2Vw7cB1YRY4CevmU7oyPwqK9Qg3epL,
9ZPxzNQ2ozE4E4BtmE2qD872wyCwBdDtXiGFwZsjqtjT,3j55KjrSyyegk9r8gGNNr4Np7oQaktPr4wWh7DVu62Po,syncspace
9ZDpeHMPEXwJoVLhL2T8UjNKCnsB8Fuvfn4fXwnHhTRX,G43e2oSgeTEaxN3vc9iCKUg2AXaNhfs6KtRwoxgZ6qdP,
9Yzgw2jqVw3ddEDfw9fGbuUkFAmtqExChhPhTxFZvdYC,HTX9BkwYdwmH3xPVAyaiVC8pVusCp4gDWTqwLwzCM1bx,syncspace
9Yp8jH8CoTrobfzeVgptSUYELDJWiyJFr1Vh2gB9HvGZ,GLXy5LwscvLKbEysdkDywyFg1rBQHb4EVQF9F8BQF3GG,syncspace
9YYBNze8ZzTprMY6oRB51Wt4EqKhq5suBc2bww8YDupc,aumuHzMdUFiFCvJ7kk1djU4CViSzxJk3FjXTXgvdNZn,listed:magic-eden
9YCd8VqjPYFzG1UCnC1cb4zqpWXiMsYYe8KVEYojTMCL,6rxw1k5U4x2vfxvn3SLxMjJJUNaqrAAVCAmHfzkTaTts,
9Y1uE6SyRysD4Sghy7BZcGyH7KxRYYJKfXN12U7zZFuQ,6BmnZ6VG8WX2QXzBasVEXqgXPutzxvwvHpUMg21Cpz5h,syncspace
9Xxdq6R9BME7ViowyN4uA7CyJpq9tkVAu7qD1ZMhs5yn,3RrzyKPnJAFVKu19qw9Bq2WtJXUcekuZRpYh1EE1zz1L,
9Xv9QdyQ8HdZLtZFuVgctuQoXfbujTaNLvLjuv2dd87s,G43e2oSgeTEaxN3vc9iCKUg2AXaNhfs6KtRwoxgZ6qdP,
9XuRebgT1MkmBveEKMWzsVQuotigL4XZ7wnwDK6q7XRE,G43e2oSgeTEaxN3vc9iCKUg2AXaNhfs6KtRwoxgZ6qdP,
9XpCyVxMpu8u1cQPhxgU4z9v2EgN3ZVZw8XpUjSbgbjH,Cz9ZSoCfQM37tzHPNCCqwohsU7pHexWPNBo3K7kcx3Sd,
9XgBYAivy4k4FGeo9qX5XQ3Q77NidDmupBi6Eg5x3fxt,GPg1UBnaqBjZS2XiMfEpgWn5YBJmNkVd11HXjYrDmVsr,syncspace
9Xen6K2Z2TeVyfrZJM6LaRRYFegUuocqecMZR1s44uJ7,4U7tf3ChxC8mr3KHWnkV2bE2ogBJK6q8LHLvU1F9BhKa,
9Xc4gZJCbzbX8G52yePYTpvMuKrBr6nSxNXqy5E9uWgt,4Z1Gf51SduZCK8bkexunHLR7VzJwwyoch8SUujDytfQK,
9XVDCDFcZpu3EY5eDFSaAUfMzoY43yENv86C1bbDFMe2,H2gc4KbikzjjMZxePhRcDNqnjK9pNewcEhqC8Nmqsfuj,
9XRxezF8zJjZFpuJc97zp6LGdgKkDcknJa4Cgwd224dW,FPNMQhpGtXRdh4LcMBQs35KZsGpwQYJDRicPgD63gUj,listed:tensor
9WrRM7NRgcw1DdnQLw9M5amK1BmfzhzzfnZBvKcawvcU,AEQ4qTvKkV8BKgpYv2pRhwHHHNbKP34isp3bHZGSXUAq,
9WiZquCaY7o5hdjM8uJNZaVYo74cRWeT2er57bs2Rss8,HLQQovWxjd4XED8vzCUyyz72eaWW7NJd5MdE3iv1L2iL,syncspace
9WJG7VC8TPLjLxQn1G3hgfJBHBdCzCToJjiDZyVbPg5p,77659g2J7AfZn2Uum6EHBjkXp6ZqTk1vWGbV9qJJK3Wj,syncspace
9W522xPgBhgD6FRqbZGeap3L3E9DNxFoz22JqC6qFUGH,FRnFVoakjCChVX5DSSfoyKtTqod36uQyB7deXqNB7XYG,
9VzZ7CwVc8dWii3gB9TGSZiMa723RbHMach8WyVgQy2g,ADqrk7MYjYrSf16cADA21mMkTTXf8DfkmEGbb8Vy6WHt,
9VymGcg2c3fvCmiFXLe2VvLnEWTmQr3zzDPjyB2veNPD,83aiAHyRgBTKKQf6EKBUn6mwGR72K25qv43jbEdhoB8N,syncspace
9VwBEECcky18ZnUWzJhEWUoNLHa5DSLqjP4aHtAUPqUd,AUrox7sHx1L8mxEPrNqkVjHa16CXQ73UbgZtZTNPNLjx,
9Vrej39716sK83tVf4KfeqEwgKMqrfqs2v89CxTeCf2n,Hq23RE564UaA9WNxMmT9Rtpr8RFUwaYoh6XrGnkMoUAc,syncspace
9Vki73aFBzRxv29qyfJDviu8u6w5Cfdy2eYAJkgLdQTk,auryHMdwKGnjU4ZBjtacvARm8DcAVgEzYDzzJvVFfE8,
9VYLcuHPS34eWyU7meK54fkMnfTYfw7g1LD4HTuU5HHD,BiAHEdts5wcYctigmxWd5B7V4ChGjPo4mcQvPLb6tHnB,
9VNv4Gt7cm6p1j8GxD5gpmMWw2XBEneDdW8YYPzbfzFh,CcoBXF3qbTToppexNZrLvNpwozj7Sw3RHDxsLoGsGbfb,syncspace
9VNSuwRiFQzWmWweoJPu2zQkUoDZ3ipPHKqjSujHpT6o,5x4xyNeNdTqeed7687bBtt6rEduPnC9RyCV6vJzr7uWw,
9VDGZdLRBHepYJsi6JogFDbEee6aH2sdPtYsa55iRbCu,3y6QvyZaAy345qF9uqDX5bHRrbp5jNhtioMvCtEdEMnu,
9VA6rtb1qg943q2Qgnf4SpjhiiHtKhXFyuRoTJHPTrXc,6eH64W538nDFbDYHq6VLemZGB1Kc9aiFhWSL7X3LgB7T,
9V6bmUWR6We8zTbv4WSpvuTMLyH2PujDRT87UQqj6PT1,5kZpFb736ToFzgxki4gFt8nWTBjmMetAL67bAJVd6uz2,syncspace
9Ux9Bf6XZb1UPpKdFZhVtGWePgLucm7VdsA6TsiePsBP,FHbVUUSthmyFC1vt87pVcN51GSirxy2NAu2P3cQvUs5E,syncspace
9UtBbq6nbfaJTwqLLttkF2A8YZmNM3LnvSbhmHxdg3MV,HRtwRVTmn6sbENbE8HPCyk8dJXURsLwBe6RMN9GnUpPW,syncspace
9Ukd928h195QikzvioHy6ivtBRGKJzUM5A5mAgEpugcc,88gNHWScPbq75QunYtRi84YqvKwJZ1cjmqrF7chp8VXo,syncspace
9Uk2mz43HeJ5d7HgBz82TB9aTp3qjBWbKdXRpRvnX96h,5wceam6f3i2PNykKQkomeord2dhxsmyTEaEFxVLVaegM,syncspace
9Ua4DJiLekUEqTXhdjPzBqntUos6b6aPhWFr9rFqJiHn,GhXMiVXHYELGMCHdGDjJCVRuzcjP3tpki3QS8pCKF7iQ,
9UQG3KBNLq3ovT6AgrUfhH7NTaW8hCMnFS1dD3irLAVn,8M2cKx7ZxpWUh9gVHonxESLHpj6W9hiXUyrMFpNBGgKh,syncspace
9UG8E8pyU6dwP1SAeZz4WgVYCbsnj13BypewqhMpVHEm,E6eaxJ6qNYvydMUgBJXdM9ZEtxS15AjjkEzKYeTciyMT,syncspace
9UBJtwKJ2SWQPfZshoRtTEfW6hHB3YybKyBoNNRhCPNe,4U7tf3ChxC8mr3KHWnkV2bE2ogBJK6q8LHLvU1F9BhKa,
9U5PViKK9JRS6hU35mzbkpY4RibQTtG6hgDmkNXevkyB,5k15YfLg5TmTeVUAuxpQgK4r3Dzuu9ce6RwmKUdtDXYH,syncspace
9Tzw1FidQn8dCSoTXAeZtYwa1cFkXKL4P5R4FZJdkWta,GCAg2RWjNK7sgovAfmzGLx94WcsnCRbHrRDf3zZ4jPp5,
9TwTTEVmKbpQ8WCBRa2Bci3dmFKdGHeGfKmgX7b6iAX3,auryHMdwKGnjU4ZBjtacvARm8DcAVgEzYDzzJvVFfE8,
9TwKQX3sHp9SZQC2nWoCGmguP4yQaHfEVwM6bTdzZxZc,HGpmiZXrEoUCrv14s8P5vLdgm8RSKHAbB3bfi5Jbkoiq,
9TrmaV91CUBmJezFhhAYzb4Ai949tjNrkDSCGjwDLJiF,5EVsxEci8FocTLnyWgpx9jsojZKfTzrNqKTACFJ4z5Wf,syncspace
9TqPyTLPYTQHLvi83HrgK8DBnEp7JccewTeLjmbJWzXD,HiXRbJfvJxhopGQhzBoeDYHmaDsKioGQ3TKBue25WzwD,
9TgUbUwthDUh1GtG4T12KXsouhWrDoaYFGiYwSs4TKYj,FChuv36w9Mmdp5Pqc2SetdRprh8gUDmWMb4DHyWBLqWr,syncspace
9TX1R5cM4kQGkZZeooG6HfaDbep3cjLMgxfU2TNdSb7D,5AysHo5vYHYcqNaJ4zrKKf7aRFfWXCCtQ9gdPLfpudfA,
9TFCrG9p9MviyGKKr9o9HYDp27uag4j5TtxkjigT3Mbj,CyXxjuwrhcU42ngbUN12tNusNbyNV9tb36nfhMb3abtR,
9T2nyWZomJcCjEvVXQPxykQvdv23PecZ8wYebv2RnmRt,B876PYRrwopv24X4fGr3mDZM2Li9q25nmR1QsGZiHK8X,
9SypiuHqp56ntixiJwhjRERNFH7jbspP8wJBAs57oVkf,Fa8TzVCkeQd7ZMcGNZEvC3kvSKtxMymdv1gCVZoPexuW,
9SxodDATv7RPnqxwWMwdSBQ72qN4w8hiriqXB3tmRp2G,E2Jb9yEJb3QqKKewrgejaT2fVG7xwyjaeFt2dc1ufyaX,
9SXYLYrihMpSrLpSxwaUQQQekEjRwKJHRdR62bYYiYGQ,DnkxUHYP9TTqNkEEjsz35VvZ3FfUg9tLEVicdBjmRMxk,syncspace
9SWdhSMEe8iRYkTyEMZ8UdheujaP38dEYaN6EHPqDKbM,CJJCXbcrbuN78kaGqzsdAuPAgXo4GB1YDLL56PRmYFPr,
9STe3Mqx8VmhmBo6o5yhjXDM22FomaJSrSw9TPFZgrZz,71HtZCnRRWaayEg9HrSoSmfJMwjsBdNiqGhGShCBNLpp,syncspace
9SJCrDngxoNuLc48CbCDRgYAdMWb2rGn5AabK89MYRBX,AkHTrLH3yCgXJh31Tb8UhQJxJKJFDpUND14ZfUzvsRG2,syncspace
9S46bzhoGCH5j4CdgpFwyGCAnZJKyHM422aXh5VfN3ff,8gZWCzKeEAeCMBk9fTPV7CY8cRGKNAP9BTUkCo42HFEm,
9S3rVL2bwUDxeLEuuUmyVUqR1SGxH7ksGZhD9d2tcGmK,21fw378x9GDJeYzamayx7XhKv79LabXxhf7eFhxycPEd,syncspace
9RxYit4dcj6K6C2AX2aUQxjmzoeu33QwUkLbreQZggrc,HqXifq1DYyKdqav85fbSo9GAyGZucUDkYDT32hzLnUhk,
9Rqfihhb44EVCrz6gT7RkozRLzWetHWKBz99v823iUZn,4U7tf3ChxC8mr3KHWnkV2bE2ogBJK6q8LHLvU1F9BhKa,
9RifkCcYQXTukkEN49W6cy99Wn9VoaWHex2465rYa2WF,5fF87PrqUvxqTWEB6hXF9rPFKnR3yPzzxXiCwbzYWK6B,syncspace
9Re1rE9v2ZMrWJMcFHJwwVzxjeR8oXfB5MJGgaq1ESjH,8cXSrBVJAYKn32DEDoh5tMYZX9XYxWMm1j9MCcBfivJt,
9RVngX7xwzVQGg3qcEpFQkfuR4oy1akWJtda4gkCg83X,5kZpFb736ToFzgxki4gFt8nWTBjmMetAL67bAJVd6uz2,syncspace
9RVWt3ZpRNJE1dG2rQwhdeEmmr5J55womXqB9mgVqG2Y,CA8jYokAV1GA5eY9LmafubZy65PcNnQ4HyBafGipGvvi,syncspace
9RPvPtCs4tWXysHU9buG2WzQXsSnB4sBGnYUiGKm8gwP,9QLWAuJcFKSYkBhhbfKUsxiSaSsYePDBhuuGcJoYwpJp,
9RKhg14ybtGAbbnwpVzwxZFPBeJH4ntgMFRGpe66FSmS,7NqWm7rs5msSZ9ZcS1ojuyG7n8qPynangcPmiavdkwyd,
9RH5W7yyQFBf9Ru3CnmvomqSkUkT9M5u1gUSmpjDRHKR,65F2wSi2CWe2qdkiHTTfUAVKDtCCS4fqoZctgJeWvarR,
9RGtNWNXM7egNn1irLuyPtRjywiva19rtenk9HtJqGHW,GwJJQ2buX5atwk5REnwFyNRhwzko3GEQTiUa86KfaPy7,
9RDWFJcF3yewp3pVaTv2Ag8wgRqEgEWUPRESocXMywuZ,F5vaA4a2dZaUnJD7vUx6CuMnTqYEhmZgYTQ2Zf5Fw94G,syncspace
9RBrN3KzuVCAM3hw7ib722bdVovtYtbLMRzjxK1p2yk5,5sWsediccJMsGTayzXtKWKkAaYLN17KBa78otHRrFV2x,syncspace
9Qpt7mraqGkpmgRPt3QtrNgWEbsjJXjvhGYqP4S9DKRG,5k15YfLg5TmTeVUAuxpQgK4r3Dzuu9ce6RwmKUdtDXYH,syncspace
9QitkhyptfD2tvtLRbhgjRdD2UHneZLiVDqaijZCvwX1,GcqGUU1UBB5rqSTKvuXS8qQcuBKaogv6MikE4c5pEZge,
9QhuabPYAGYqZCctFnDBEqjn1j1Y7UzwzEHJ8AYQXktN,3ijwbSGhaDDU5jusKYU8dbm7GW8Y8SjQ43xjxrPGgY6H,syncspace
9Qb7r5r5tK4f53ZRHbQcUCz8bqYHnfqM8hPY1gJLEvEN,DTUVLn3orb1TEpkBmhZvjJ5fSXFU24RAnyscu8p4ELsg,
9QVAoz8D6iwAZd16gfFuKsUmjinfNi3ggrrinrXrzaf3,auryHMdwKGnjU4ZBjtacvARm8DcAVgEzYDzzJvVFfE8,
9Q7rNi6MoYRkZyxd4p9KySj5FRJmyKkZtD5pSBu7WbwR,HBBkVN9gc8jwsLWkyhW37UQbN3JCeBAK5mCqzdrWPTha,
9Q2LoRNuzRwLcytV5aycJUFdmM4hZcGDqv9JGktAbFjM,DHNHnQowiCFmX8MeL9kzuqPM4MLjSDnhCRRaFtVx6wfV,syncspace
9PxvHGzfPbC9zRiF5Ehx9DwVTMeuuVev6jAhTDtboSnn,Hg2gqbjGgL8NZDmJk6jfqskafuK2pPqccSq5FqamaTX2,syncspace
9PghfvfXo1fkepwPpULzrEKzqouqPakhqyyGspYAnViN,841YFp4QifM9DccHTGNe6nV1DnRimtmmWU194ZZShxz8,
9PdSzA7dK7mkd7URhc1F5wbpp2SLWFbk75NkpEUnoBoe,H6r9R1TC8HYZcQqUtyKqk6V8qrAmjb5YwCwoAs4ePCT1,syncspace
9PbbqsJgU3qTDcZoCNjTJRUkgdFYzdYCskr4mAwHZJHu,9qj66zMkDdUBFw4GaAwKBgyyLfYRt1Ax5nmQGjhV7Lya,
9PZzrqEAZeKPUchspjw6PetpzK18irnopjXNBJVaTfXk,7ykb8AHHe9EzoazF2MbPfJopKjm9yuS6MQQZiobkgqLG,
9PWwt3mQW8RbPRfKG2hTBUMLjnHhdouod2jQvrxg39rk,AX3a9SLsPM7kyLaHehivpR1SSRTUqcuv7TKiauyjC8Zn,
9PVCFqYPraEV2speVXdpLbZMTvXhQfvu362pLQrW7wzm,FRnFVoakjCChVX5DSSfoyKtTqod36uQyB7deXqNB7XYG,
9PV7wrqygiazgogJs1eCR25myVGxLoYiR8KNipYcSKNL,EHuujbKShgCBa5dGH7S5HtsvGqPdGjMrKZ92xDiqJNat,
9PM3vKccvjsRN8w5ByuCzkJfk3s9A9cLowEoskh3osqp,EwSDWrChwFJyMQNVsNrHTdNsCKRfbeJS8Ypmi5agyMZ1,
9PDD9JeoYmsGQKCJVfWgBGo7ZjSaJBtcGV771u6dZMxu,GNAukYQFieUryRnf1TPrEVXRwJ4NAXeWzhLAgBmv5Yjr,
9PBh5P2UToCw7AuVL6RqpkHP7D1eefcda6jNUZx6wp6a,9qj66zMkDdUBFw4GaAwKBgyyLfYRt1Ax5nmQGjhV7Lya,
9PBfLLaa6nLyVji1998rX87JBTiVeD1y8PWfRvNJ2Nfy,6xmUQbicH4E7NeoSYpWA26cp3ZmKzCbpPzKFwEvkxeyg,
9PB9nmHmgoHxcKVUBoHncQB6pDgPPKxT6SzQdcQMjFqi,9Q6Djw2kvEwArLBU5K2SYSu4mxDWuTm2hAcxitCJVyna,syncspace
9PAQE147yps4Lok9GzGTJ3cqSMdjfyAsUommsffJW5df,J1nEjunTT4NbyvWeurejmjRF1MBuL4RndJzHHzvGPkC5,
9NuqWptPctq9WA9ZhJiKu5mopgKCeRZtKXm3a8unYv88,4U7tf3ChxC8mr3KHWnkV2bE2ogBJK6q8LHLvU1F9BhKa,
9Nuno87tF6pNq7h8vyDLCXpn21q8NUDMM5NYnJzW1iL3,9bnE9QnGghTKTJhzgpfKpMf6Gyjoo5ctQBi2CUHffe4h,syncspace
9NpsvKExwHH8KiPL7w76jSpFnxSkifGjACh3rgYdFTWW,97hbGy2a6CNiLJdv6WdQf9EQoMWrmLP5CX84roaeiGGD,
9NnHZvNawshD3EuWdPR9xdLPC96xjae5nQw4xQ1Mavg2,G43e2oSgeTEaxN3vc9iCKUg2AXaNhfs6KtRwoxgZ6qdP,
9NitbpwM4TUBRg5pRcGtfqsJdqMx5Sv7Er36UQkYYohY,4eVcByLcXGavuwEBzJuyPGH6mUzrJr4u6kcdhy6ZJEno,
9Nc9LddWkXhD8RdhvftUwVTpoMNMd3qFjdX1i1AtoXSG,DKmQngAhJkDoW982UBaQnjb6jpG7XqM4UMwNJZTvFW8t,
9NbRjGk1TWT9jUbTsv3ECtc5z8Jk3TAEFStrTUvVoVRG,74YV7WicZYB6QDPJBRSEzyhkEZ8bFAgbR7J3bcYMY6z3,
9NWz6DuYLABVx1PsLZJfG1nXqf1ZLk1HBVgi3k2gbDdx,QBc89PdYVbTPZXvXEuA9b9wayLGpJ9ua5amqE6LPrwB,syncspace
9NUkwScFc1FL4tptiyxLPSUi2QfA9V1a9ZgTNvsqUoSk,54F5bGLSN5zjzp4yvbiqeXCjhyD6p53EBqoYudYeLtXd,
9NTcUsDZCoSjMD1LW7B5HVy3XykdaPL9XiRKngrgvhoo,Dqj3kohHF1rLhZi1gFVwxbGUwps6BUZ8u86amKTSTa3m,syncspace
9NTJj9uuEmEEhx72EB7kLK2Y7GePfeRzDVT34iAUj6vX,aumuHzMdUFiFCvJ7kk1djU4CViSzxJk3FjXTXgvdNZn,
9NNF8hxjy3DrZx6bs2s3ADNaEPY9SvggMgkqu89HifQG,2jCANQUeYxNEfJL9pUdPRGS1GJjm43LBvuxMAhpAnBum,syncspace
9NDLVo5aWV1tn5eMqbaKdKwv5eNQoUY7AmE8qB5Mjh48,4kHHoMfo2pMCLz3WsPMdxJRP3vrtbPuq2EjFtkZqZdLv,
9NCjbL9TNEP3ZtPx9G5eM1gq6qcqcGrvShRNh76eJeZm,8mdWvYHTwRdFL1af5RzzoFmp7Z3tXqRXFZrSY5GJXC3Z,
9N6XSceJze7ENpaEaYz3HdZPSzLJ374Xg67AedDan8MN,6Z6PsSvbQHndjqNTFZUEYLpouFcExYxaceCHAyHGNgMc,
9Myb7rxqATqwJhFjmQviDLo9363YEDrut7TpDgYsjtr5,6BmnZ6VG8WX2QXzBasVEXqgXPutzxvwvHpUMg21Cpz5h,
9MozuPVG3G7FRRa96CuZnkMeVR2pTGtJgQJ4qLdJ8boc,a5iCop4mAKEHYMnkNzVmE9z2A9nhiZeSK3JD53gXVAV,syncspace
9MoxDQaw835BTuTWdC2CMPZPnrrsiLzaHohk2od835VQ,CB8Pr9uzrrFw8BFnCqworH1wMa8DsmbSKgUNwVWnDGrL,
9Mme59nEncDSHbrEJRRTQrb45C7ijvuevdxi1dYppy9d,5wceam6f3i2PNykKQkomeord2dhxsmyTEaEFxVLVaegM,syncspace
9MZfx7wTQwujTGfWtkh3DkoCfU7irqqePeHxS7ZqyjDx,auryHMdwKGnjU4ZBjtacvARm8DcAVgEzYDzzJvVFfE8,
9MHkaaD4wjj3MQfMapKq2xUVWJ9qMJnfajVL7rgXDv4e,9zTn1Zj3W17FrcHKPJ3E2yW6K8TAVjiCiiEkrvwmLsaw,syncspace
9LyBdwKsGCyBDv6joHwoe2najhrSqZNWeV42Wnnr6idN,AcSnkw6EzCDaMoxJxAraC6LvntPXtftRpAnqrutQTh2m,
9LwZX2LHn2AUwPQgiZAg3F4WwYkx1WUNQgnVxcyg96vk,G43e2oSgeTEaxN3vc9iCKUg2AXaNhfs6KtRwoxgZ6qdP,
9LifPGwXmY1ALeoGeubM2W2xbw4eH3fdmNWR2wwYQ7ua,HwMsTR9GoYgpNMxVhFRTpb1Y4fzhg3gcCpzTXtW7cAMo,
9LeUJ54HCUAYSBZgRovvkmYYvsbzeUKf64vXoHcnRfL8,Hq23RE564UaA9WNxMmT9Rtpr8RFUwaYoh6XrGnkMoUAc,syncspace
9LdqdP8uUjwDpxGALwhjKJhHj2Y3UYoomwHVd6DrXpmJ,AwcbpyGPiNdPrtoBd8UpyLNF5EaszrhXoKqcqqDoHYp6,syncspace
9LaMMXgvbgzA9NbpMrGJr1omkR5Q1Dc5TkQgoHDtic3Q,Dwjeqz1CsbrsRdMr9E4sapSq3ucK8v2fjjEWGNpagHUb,syncspace
9LYAREyzUzKnMFJ8sxTQRvi6pNkZPsaNvPLST7RVeVtC,Hq23RE564UaA9WNxMmT9Rtpr8RFUwaYoh6XrGnkMoUAc,syncspace
9LXDw4YgBLVuKX6sxs9Ppxc78po4GQnbVUUCPw7Acwtu,Gi4txvDxingESDeMfB29QxLM4ZGCVhDQGT7PAwqpRQe2,syncspace
9LT6RFne9ynD9JBy5ffYg17jiuaUMVpZ5mfYQAY6oAbQ,88gNHWScPbq75QunYtRi84YqvKwJZ1cjmqrF7chp8VXo,syncspace
9LPYp5rGRnRDE1NoAtMus293Wp9mJbjiC6kC5RNbYmZD,556kPughmPMiVSMDeX5fJzH368T2C14YMLRANXkpB4tM,syncspace
9LDwnZastjEf6o6zBd9DTBQDY6fN3yJ5u3E3LtDnsiAt,6siN1EkMrYY4UtnCk3a7SJwX1MS5o4sB1dELjrLtauyM,
9L3fZEbsz4r8ZwkqcYpXYzVkzSRzNYri7LprDs8cBwBd,25TqXN4ToREvj3CVYJcTP1MWbbi9Dd7uUeQ7uTW7pmnU,syncspace
9L2KYmfgiRUS1kHq5yQBuMS1QqVjUQTi8JPjCSwS82LZ,BaarUUgs1odpBH9ZRSATFJBhbriEidUUTMUQQ8hZh2Q7,syncspace
9KzTaEnYhTBapTFkUCXUx6fuq42aUCWzVm65D6W5cCkf,APv5PN4XeSTkfB3t4FXo5K9U6EVTkFx4YY9DgywUsBw5,
9Kt18L4674MtrRcGDPnyfSMdKFsyurSVg2w2XZjiYEPX,H2CAfKakYfFuT5oEZJwtAmgy8ihPncv62iMYmQXFG3Y2,syncspace
9KZgHyYQwEHBYjyKPsc8TrDhkxrgRQbMJ1J1KpBtZa9Q,2teEeU3y9Dz4y3SEaXbBKthfe1SRmo3ygSAkew4JQgo1,syncspace
9KQL3pZmqxBhEp9k1MxT2ALfyQrHdCFgajQV6Bs7b5ts,FY2qs9wYtUzARDJnqY1TXuGiFKBqS5b22jG1Aj9Rp6wb,
9KPBJzhiWTnZnRueJgp8J1ezo8VtBxjTKsAonksDU8Mb,5wceam6f3i2PNykKQkomeord2dhxsmyTEaEFxVLVaegM,syncspace
9KMfHp7g1hXL7Zbe2dPe58KRSyoze4fokRFUxvJogCtj,HgjCkpeKQvMbCmfS5ZkMztAtkHX7y2yzaxvQjgQzwU5K,syncspace
9KJ8MqotbybMXha5sL5DwsYbzcxoh1zQ1f3biSRKBoAh,EGrxM1YEc9cjJQj8AeDmQJh3LRn4FrS93ZQUKj3ccjrA,
9KEJhKYRjJw2WRKhTUJNxyWUJo2CUf2BBS67yDAeJpdJ,4F4i7ugkQCpkZwMnj7RsUnE31cJSsBiU4xPbLN62RpRX,
9KCyj3j77mtanWtVUYK3ZK4K2ehjJLhCpoBC76VC7E5C,5GHrCmvXQxs8ErT9P3L8DQ9Ts3PcuHJZQLZ8iEQL1teb,
9KCQhgJk3wbLKkrHj2HyyLbk5HpE5hPDyH1HzqKrJ7pt,4eVcByLcXGavuwEBzJuyPGH6mUzrJr4u6kcdhy6ZJEno,
9JzNbJbgWRvDiSmBUXCGhqM4KxC7JeNt2tYZ6jdfC18d,8c3WETEH1ayXHAEdRsD2tk5aonkETwKXzw5Yp2MvLF7p,
9JvWXDEnLrXBdSSsCd7w5jE2jpqA4FhHdv71Pb2F9uGh,CB8Pr9uzrrFw8BFnCqworH1wMa8DsmbSKgUNwVWnDGrL,
9JtZsK15aKUjzbasrQCPBhyqboSdgQE4rmfvR1jhhLrq,6LnH18SQsNqVN9BY76zCsNP8ur5XVQtKgb2t2iq9aZfs,syncspace
9JTs6oLqvaWiCzNyApSHRoNr2cggEKbkRuXZL5E11r6s,2yEw5qTq4LXZ3m2L9KFH3BBLzUvVEadyF3p5PwhhVGCf,
9JRXsJ9xDKiui6Gh7BaShUAnDkWvSFUPF9c5JqdxwXYY,CAJL62sBydZTcMYwhB9NinCkKzGuvPhWLpRoMu1KDoGS,syncspace
9JN3aWkTQTiDpDWhwHaaVD1zRY36v89noyuzECzWahXt,FRnFVoakjCChVX5DSSfoyKtTqod36uQyB7deXqNB7XYG,
9JHU68tjks8McyAFVsPzsCZecrvtyBcxwdg2wDd4sp7u,9wcFB7AoxezeBPf3kLz9s4R4iANZfX8Anio8qhk8uzrL,
9HusWBTV4St1asX3i8Kpf7tFZDG4evVRa3E2BVJ1ysq7,auryHMdwKGnjU4ZBjtacvARm8DcAVgEzYDzzJvVFfE8,
9HgFxFAYxaigBj6QoMAjsDNoGos5M12YWbqMtMYZLdHj,Fa8TzVCkeQd7ZMcGNZEvC3kvSKtxMymdv1gCVZoPexuW,
9HW575FmMLWTMW96GAS13cs5zpmHfnWyNCqSSHCA2zhD,BxMJyY1EsNoWuPgfR3NEDZ8xxhYpn2eSERgWUjxcoztu,syncspace
9H5gnwtRoMdMqqaYZ9kS9kM2rdSoe8AN4FM1y25nXAbp,CuB511SgtkUHepo5yAfoeeXDT45xV6y5yDGLzETuMDNr,
9H28sKtuydnzhF46Lwkut4naKYgtxd37GCWjLrz2S1Sb,5p8gFdL1SWDqisB9LdFRYY5fJMRubDLU1YRP7bSCwzuL,
9GyfvmQuGNoTWNfpLDNeA8jyEF2xooJcVVbPyrMH14dd,4mHzkSQtRkiVBT51F2wyCJyMfH2UZ6UDuvVpk4KSchVT,
9GoX7K57x8X3vJRjqKZ1G2mjCpesDk5VwEmocUSx8J3x,qstNWZCoEXK7Ro3kUbT7ujw3LUG9sxXHuvkiYX3JgHw,syncspace
9GgCJSL6G6ALrdgtKEw73honjBb3UFEcGnjEuAjnFC8j,EmRz91jPDewhvat9viT2tCUM3p8jgUcZEBqJYGasMpmS,
9G7izCyiR5fsTLWESnjqKrFEUhuMKxjf3MgGfu3gknts,CB8Pr9uzrrFw8BFnCqworH1wMa8DsmbSKgUNwVWnDGrL,
9FtuFn5VwViBVPzfTQfNRP7Uop7KhsAnZ6tqD9iBwL4K,6FkAxxHHhWSKtrKWmjnhGERYoJvQ8sJtyWgDvpd4HQ9G,
9FpPJHGNgezVoWWrFnvvWNisdEEEwnz5QyYMVzmwhsqv,AsGt7kKZohULaJkRWd6dDFffEkEcRY3t6LdhW1ffbhWL,
9FnopZ2PDRHGyVs3r6T8tamxgs89AuveUukYuzqXXTP9,AUrox7sHx1L8mxEPrNqkVjHa16CXQ73UbgZtZTNPNLjx,
9FVPD4pBStw3mUfarJFynBYrquUcBun82ELyW3E6F287,aumuHzMdUFiFCvJ7kk1djU4CViSzxJk3FjXTXgvdNZn,listed:magic-eden
9F7wE38QTrWBJMu1FfeynNf4kzDt1f7oYqAubymQJ1T2,BPaKbgwoBKRsMwbSV8FSncjxVDXXH9Ta5YRgxjar8EnJ,
9F6tDoT4nxmAjYvqgzE64DvTRU8mb1qGEvTnSb6u5tuR,B1VMDi9rw7QPvFfqUsSTEohwJee6PyAMJUimUyyw9rS1,syncspace
9F4XJL68YuUrnczyrFAUYGWgWb6Cz9p4bVGyYugpqdaV,9T6bCVf7AshQP1NNbsF3eCdbChKbcfrFUPFWUXRijY5M,
9EyvQ9ZoQGgAKTpDCPFZnfz1twKQC9mZ84FHRqDY5KHt,7kpZdJRutaAWjg9yeA7cm2YDfLLZMuX9DrTa9dgcgR7Z,syncspace
9EjxpRPpjf2qDXe3N6FJDjU7YhdeneT6ph2UPEDiThks,5wceam6f3i2PNykKQkomeord2dhxsmyTEaEFxVLVaegM,syncspace
9EgzKQgTocra5WgDuANZg2EEAiQX8yE4iW8T5fxcoRT9,5k15YfLg5TmTeVUAuxpQgK4r3Dzuu9ce6RwmKUdtDXYH,syncspace
9Efc9b3oZHR7ubBs2VGZYq2iyiozYpJRYwfXFkZmmWTL,4mZ9337YMK4VWN6PdVz4E7gA8Pg5oi4utnJnLqwnry8i,syncspace
9EPuNbaipHKJKer6FeXXbGXY8z7ZNirXAUpohRcumYMD,GNX4Knw6XKDZB5dCeQvBUtvEwoiMiPQ6aiEsSbSxRUyY,syncspace
9ELZS8cvSto9FRNLFBcLi2b72jszpxWX7dNZY5NMGALc,6LnH18SQsNqVN9BY76zCsNP8ur5XVQtKgb2t2iq9aZfs,syncspace
9EKnwFzdfxdXV6ao4pBQVP71GSdoeVf6trjNSxRkho6n,Dwjeqz1CsbrsRdMr9E4sapSq3ucK8v2fjjEWGNpagHUb,syncspace
9EKddHfnEqYUBbosSVbEoW9uaRL5zURArzjNeiR1vRwJ,3doLabRydqompJA92udM7RuZbnLsfcFzqtpHRSDbDhQu,
9DxvU86zEcp8nn4UVhRSbUrJaZqpWxFgQCAc5rgi4A8W,8A2vh4YicVc9TPbzgvZz3hn95t4MkWTn8RshR2i1dsfB,syncspace
9DsCAZPTFTfY6QRxUT34iv3ChQeTeKbNdWYw8A41LZZf,36BWr5Az1P5CPJAtSVM6DAqzBY4keMowLbEbLXxSnSyE,
9DWkPz3nSpscfbhaFpUNSpF3qrz2kqbEPuztr2Gns1Dy,CjhiZaC6XdAxweJVb87Q5nDSLAq3US1t2EvPM1bjREwJ,syncspace
9DKZNDMnqkzcnKgN9a84g5WG6rcBZ4Q8TXZeUpTa9hgz,EHuujbKShgCBa5dGH7S5HtsvGqPdGjMrKZ92xDiqJNat,
9D9XyoX3KpPzheafyeco3tKr28j8QhLqL1GHsQsTu9w6,4NwzrFmPQKxt1eVFr82YRKPPdLcVeJdsPjUcy3mQkW4D,syncspace
9D7fBY7UUhh1EmuVZGtYHRxVkm8t8wcVmkpaKosXG3YZ,FRnFVoakjCChVX5DSSfoyKtTqod36uQyB7deXqNB7XYG,
9CxZRXcZfaf5zN3GLynVrDLUFHtqS4eF9d977XDGjjZF,FSE1SHAKb4mtGmjdLvK5qTDYk1TDYRbaKbJooyDgSGVk,
9CvUjPt7KF8Gt92rUkdx3kaagSAcBf9BUUxKQwe679B4,8qGzpwFuvR3AaeNDxkkK61p5CMYsT1aMN5Uu8cySwcZC,
9Cuk1gS4sMKFYkEC8DRi1Zts1Gn2pLf1jyJqkdwn8Wxn,autfyCR5psTc85smVAcGQajFT4TC8xxPPH1wvJu2Grr,
9Cs5F5ANv8Xxr9Gzofi9B64EFxmwUUgxidKR4bNGMTRy,3g2TUkrZf86bfGQXcfJ7xMCFSmnssdpeTxe5V7y5GDpb,
9Cq1WXoysWbyA8bKPvPDvVvgQ2EUpxMhYfiLibXpNUZJ,8cXSrBVJAYKn32DEDoh5tMYZX9XYxWMm1j9MCcBfivJt,
9Cc2UJu4JmXwHSAV98oDsYxoMYMBrEUKrFSm1Lx8GaVD,3s9RMm1gUP3xYcBFPTfcpr8p8hNVjgNJpA6eAEjKMLPo,syncspace
9Cb9WZe7DC5EEGZAi6CrkXR4LKMa6MQmX1Qa6MHgQBFy,3cBZt63vh7RgtvGcJs893D21SwiykFz4TzGGQMRvcPkb,
9CS857Tp7hgqykyVQ7eideXv4VUwTxH4yYiSSCmTF9Zs,DcMsrqztdbWVhowqbm9iBPeb2Gj53WdPmQn3keuCvqWD,
9CQ27TELNskWsZ4DUiMEQf8CXkRag9yAQSBUiSEETNxN,6QAJZc6DRC2eej2DnMCuwSoZpoJgcXzS9KsLuAKyERYi,syncspace
9CFhFaZudYCYgsJx6RR7sgoBGYN5b2zX6KsiBKekuj3u,7LAjESa11JXDQHfPye1JC7jvVjtYhignL8QdL8U6VCgn,listed:magic-eden
9CCeUTVnoy4NAjEuDB1y5BHXVKtRaVM3r1R9dFwDEFiR,CiS1udKWfC9tQqMLE2pDCryHMUyoCaL7PNWY3hm5o49x,syncspace
9CBHWjdXnZx96PysmvEhna6Hhs5V8UCAbJFT5T7egryw,FRcfhfbffT6qyHwQRWAJAK2PoiEQS9AEgURtXrbYexUB,
9C2hJkciJ5U6mhVz71U17fe8UTLSxw7caUqXYLNaXRhM,HL81qSsskotftWTbvYZW44MoEcZy4UrhBSaH2squjPQG,
9Bz7oMRcBSFpFVFLDWZtHrX1pNQq9DmYE2YA3mYkXb2j,2jCANQUeYxNEfJL9pUdPRGS1GJjm43LBvuxMAhpAnBum,syncspace
9BrcnA9XHiFJMkHc6pPGrXYd93aoYoKp87Gw7vwDEysR,7DrVR7VL5Mkd8f84whqxbbLjwWRaGBSsJ5W4Vmvh8iUy,
9Bq6RULSzKgtoodh4myrWX8p1Bp9LWmQu9xRkALnMJER,CiS1udKWfC9tQqMLE2pDCryHMUyoCaL7PNWY3hm5o49x,syncspace
9BUGQoPRwWY5492RMz4EU1eFy9rcvYYq3w5sx57WfMCs,7FHj5qPLGzt14E1ZoHApbZ5hUZfqfmMQTYx9EJXghuDF,syncspace
9BS8naAD9oEmrhSsypMBLeEcoNowesp2QPw6eHqyE9Sx,2VQA3FT8tWRPgiwVPh2oKm1JTA44ocGspKn8yRZRvXiS,syncspace
9BKaoQF5yN9iZicfCDhCMVakLBgFF9FdG4f7iWQ8qSg9,CCK7dHyuEpixZpeRvnWMiNV6rRYDAcCfJ5GVJdkUyVQB,
9B7YyXVq6d6j6yWz3Z3BQ1VyBDDe2mQKxYgcAJhmWrqq,5eh4Svgq7zaTg2mWNA99M2GMd3NfHfYViSoSCGLVUgcg,
9B7JizjDaeaqVmXzJ7cfwdpuwEEJPg9vKAXBCiydiB3d,DnkxUHYP9TTqNkEEjsz35VvZ3FfUg9tLEVicdBjmRMxk,syncspace
9B6qHiFKoTukikuBmnq9uB5UAERzqcyszooviePxLwyM,7XopJZCEdB1fzDQGCFJ1QC5dv5LC36AEMQkEGfHaMoRj,
9AvHwo6DT8jeGW2D6Th36amguEGLLLsaSdTfi9GLNtjU,BPorKvTzMropFqSsnNwryESFJKGQmFUqQvBNEsBHXi2S,
9AuMYK6wGi6HN61dSV7qxJXYtpNmyJuGP4vLupbzrs9r,aumuHzMdUFiFCvJ7kk1djU4CViSzxJk3FjXTXgvdNZn,
9ANjqrViR6VUFzjTEEF6UZ3vQFqhxwJn1ZApzhWj2CHe,FCe1QsCGAa9i5w9SuPabrazVic4VpiQdgZZxo6nyBPqG,
9AJtwbmXkJcJcqKNxxXHjdoNQiRfzaWVrhukXEsCNqA2,DWdTVryERhHKr2VBHcj55yBhrVfCFvZTTcGnP5qSYbYx,
9AHiDK6cYLpyu9U9ADZSewZQSey4V2vjNg6zAwxkyW9M,EjDt2PHE4EKdZSR53zYo8AxU31KpsqcWdPdXLmVwTzHZ,
9AF2LKAy1EaQwYd1XAES9twd11FctoHMzwSQLxNnuFt4,autfyCR5psTc85smVAcGQajFT4TC8xxPPH1wvJu2Grr,
9AC2cQ9BPEcTmZpxqgkjGaex1mY2Fj8EKiuMKzV5L7dG,2iXiEEE4g9RdajtaCZKcFSRQN1xYXu1F6YbPGaVzg6p5,
9AARs3ggHBBS3vxi2bCpn41bpjnDx5HupgU43UpAksm4,81MMZdtpDzevCJLcFLiSm61DFr8kqnrPVrwG9XGQnpqQ,
9A3AVpFvdRJJmXdpXckxv1Weqiqvi6kzGnYBRb6sCWT1,Fa8TzVCkeQd7ZMcGNZEvC3kvSKtxMymdv1gCVZoPexuW,
9A1GZGnosuBuRVtF3XN5JsJ1WnimfyeayXdznVxgzh8J,313jzJ6AMyQTBYeQxKoMsFYE28j5KgeNsU9di1S4itoA,
99pjkqWFgQNyAWLfKLVVrSrCEDXgaeey1a6YSGos4QYS,HRtwRVTmn6sbENbE8HPCyk8dJXURsLwBe6RMN9GnUpPW,syncspace
99iGq2jQZTw8Avn5wzc9xgD5cVahpU8DBk3QYKVwNdsz,A7b5JoSpdLjBiC8mnUrXtKmWfxFv3gPgB2E1Ys2PgwB9,syncspace
99ZSjuvFq5WqdADus8aNis1mZC7vnpurRK2w5wuTMU72,Ax3YrB8SWrfqtQeas1pF4xFWRXUTKsHrYwLCg8yzHvxz,
99REtjNErb7ZyfmGTQ3cfjNXQWt6rUHERE6ehZx7rUYy,Bc6sGepsMCinqAdbEMHuVPFmxjSswiHZ6ZTPCfjy1NP8,syncspace
99GTpn4iuLaCypfQQrvKoz2FDX4PvpLbWqq8Ys2azAA4,GMFQWik8Aagm2vq49mzfDbAb3rUhLmcpee8ZDwhDshFH,
996twhbvQVayZFdz14Dx3NRtaqt9zoAjT61KC9wLPMr6,5k15YfLg5TmTeVUAuxpQgK4r3Dzuu9ce6RwmKUdtDXYH,syncspace
994b3UySCfxQVBfoXBezMqrRuGK4LZqEYd9UcPbadsNe,9vK5s36PCW1zAAJTDi3bDMtWf9HUx1NYtTHYv7DjdejM,
993JdovCyTRktfRXHHMefCFhUGb4DfaVNeG44zodK36W,9qj66zMkDdUBFw4GaAwKBgyyLfYRt1Ax5nmQGjhV7Lya,
98toruHQTgrRBP9SKFzaxNL9W8CCmBjvRdErKTjSDtWw,kvCSg25w3sKi3MbuxhGnyLPRqCnNPuqzYisQ2mm6DYN,
98os8emurqfsiDJv1aYDy2WwhxnrESWCzGa3azZaKnV7,Hq23RE564UaA9WNxMmT9Rtpr8RFUwaYoh6XrGnkMoUAc,syncspace
98e5Y3fV1kCujWuyRWuSygCssTH9Z58Q6zZic4FMG4jC,GDAkyLqvCyPDqN1sw4G7BNPDNnJWN1wtfCTcC7tfiRrk,
98Zb1nV3axD6VTbxRJu7NbyJYkcFmUBRboMxEbzb73mH,Hq23RE564UaA9WNxMmT9Rtpr8RFUwaYoh6XrGnkMoUAc,syncspace
98YqyvHoPBheZPaouM9b2ZA7NgwiJ3Z1Bad8VT9j8FFs,4U7tf3ChxC8mr3KHWnkV2bE2ogBJK6q8LHLvU1F9BhKa,
98Uf7cBndbqPUtR7mkh2XNnsrtz3ayUqJ95Y2Lu3Z4wx,CB8Pr9uzrrFw8BFnCqworH1wMa8DsmbSKgUNwVWnDGrL,
98PXcmY4zsVCWNt8A4UG96jwLpPjQnsUWt1skH1f3Nks,auryHMdwKGnjU4ZBjtacvARm8DcAVgEzYDzzJvVFfE8,
98NCnhYtfq7gaV5CHSDFPGAfvvPHCtJGXWLpZsgNYWFj,CaNSWpKRxv6CpXPBvdGZSthzH2jPvh5xqZUXqM44pUf,
98FYQkUqTfeabQkQPdr4tScfNbyKRifi547t2oXXJYvt,EHuujbKShgCBa5dGH7S5HtsvGqPdGjMrKZ92xDiqJNat,
97ySzRNKt3KHWPjReffoeC5PMVCZQN8qMbPUUE8sbV8c,88gNHWScPbq75QunYtRi84YqvKwJZ1cjmqrF7chp8VXo,syncspace
97x55utK1pbahfU8xYioWn9nUijtw1K9S6nZDW1M1oDa,9qj66zMkDdUBFw4GaAwKBgyyLfYRt1Ax5nmQGjhV7Lya,
97mpw4F3gcvPsYG1RjVaNKQT8yqXa2xQyfoQf8TPLz45,4eVcByLcXGavuwEBzJuyPGH6mUzrJr4u6kcdhy6ZJEno,
97eYeQnDeteQVu6XxganVX2gjp77HPceABfJ9Lftnf5e,AZRs68CmEJFxarAqqhXcr8M8StqtpEE6YVfE9z6D5WCA,
97dHHGz4VYDHgKEhUdDiqCexrr4PtB5tovpQMH7qJrve,4t8jDpouoYtXDT12SFADZ4iab5phJUtgRT4T2covPeVq,
97UqHVVLRKBHhFhBjqvGD2n1mCW4xEqUvStZYZApajNp,auryHMdwKGnjU4ZBjtacvARm8DcAVgEzYDzzJvVFfE8,
97SU43FyF1b6XU1uFYXXidPUNnaPQzCH83xb1ryjobUC,3MmUSy6ivvthYYkbX7nn9T9bLiZZa5UonYGhjZvuDrk5,
97HbE7sqAVkvXtFJrbPwUum38nrxUBwNQ1k3TXwJgJz9,83aiAHyRgBTKKQf6EKBUn6mwGR72K25qv43jbEdhoB8N,syncspace
97Fui14Fn3vseqquSqZo631LWMGbWPpHFroZEXSd4XRv,FHbVUUSthmyFC1vt87pVcN51GSirxy2NAu2P3cQvUs5E,syncspace
97CUMzAcxitcyaQR6KAkeNWC8tRcRPrHaFhGWmhMtNaK,36BWr5Az1P5CPJAtSVM6DAqzBY4keMowLbEbLXxSnSyE,
978GsvkErR3XJFQ52771SjuUcgRgUwBe5qBje12QkW5u,6NSAMJ2gGuyiqXgeuTEETpqqRTuEb7iqnuwF1jCfrhsp,
974CwuTf4YYMUDfiLBAPFoCg3X8fPhYg6QVSVJas1zwp,EZ14BbEVd3GnBaxA66zkdVouTcSrVEGTX6AjL5urMVpr,syncspace
972jGU2yyS3qVyHN9tXLTH6No66JAW7UqPermLAst8mT,auryHMdwKGnjU4ZBjtacvARm8DcAVgEzYDzzJvVFfE8,
971xoB1TEoeHnAveNXuKHD6P2Tn1hfhafe5HXjRNcA8V,4KyV2fjRTVzcHaksQ5jtT5wyfDzwv3MgRZpXBD1MsoYb,syncspace
96uVRpXPPUggbR8vd9te6hHynmT5Bp5UxvtGq6TmWfN8,5k15YfLg5TmTeVUAuxpQgK4r3Dzuu9ce6RwmKUdtDXYH,syncspace
96oRTCmUAQSgKSP4MQxCtSuE5aCSB9ZfbsXzr4kXaU4s,2DtXE2xjUBbQMAJ1JMdTDmuRaMANLtThSzHm4zdfMdgn,
96ZQnVK2yEfnrkUSQjgV6cbcAK6DtmpSZ7UrLTsf33ey,4eVcByLcXGavuwEBzJuyPGH6mUzrJr4u6kcdhy6ZJEno,
96ZFEXnfRbyWXjDMSyDg1dUC9npYqpCgPLEqp8SRVJi9,FRnFVoakjCChVX5DSSfoyKtTqod36uQyB7deXqNB7XYG,
96XFTrVtZdkViiEcCKCMiwxxfFU3C77Pn5gcHK3EqW7q,8HugKENNBxSwiCdvs93yMgCjRstB8s3a38RwKNTGKZXy,
96SSrXp9fnQLpwczXZ13zB2WCSqyajekEqREFHZaMqVW,FHbVUUSthmyFC1vt87pVcN51GSirxy2NAu2P3cQvUs5E,syncspace
96Eai9jpkA851QwmWtHo5eEsUmkJpxh963djeg1CZrYK,E5ETMpSXjxXVm8TXPrEdTuP7hrXQSdXN9e3HHkNJ9UaE,
963aB1FtW1DNmmnrm9QimmA6xxjQDEHHyio83cdR7Uiw,G5idJMtqTBo2S8f7t58JK44DwgWa2YwUvhrB56sLZ8NX,
95uzBhFZRF4ipxPPAyqZ94dj5dwz16KRvfX2Xue5joKe,CFuEr8epCNKoqeULvHHJ23qtCAwSy8YMXkaDcn5KVreJ,syncspace
95tJ3PazjRUEzwDi915Lpj2z5rR9F5szkZkB3D3hcVyb,FRnFVoakjCChVX5DSSfoyKtTqod36uQyB7deXqNB7XYG,
95rGQyVvW8RJMtfy6Tfr41xsxXB4EWcv5EFMRBgu2KTU,72gkJscUw7WYK4H6sevY4qXERi9Zn9FmLWZiZbqmW2i9,syncspace
95Kdd4fd6mjR73Eh9vjv1J5JA9YpghnTazfmkUB1NSDK,25TqXN4ToREvj3CVYJcTP1MWbbi9Dd7uUeQ7uTW7pmnU,syncspace
95HfyTTagHQ2G9EkTF6xAbcNutnt2qCD26gBivzWMASu,AwcbpyGPiNdPrtoBd8UpyLNF5EaszrhXoKqcqqDoHYp6,syncspace
94zL5Lwmqb5shQRBSx2ycXnQQpPkbGFVgzKMThkVqyMg,6SKb21FgCuMfyiqWyuPuUk6gUX6HiSEJpbpiw4ELcXTV,
94srcqDHbonpjKprv2A3zrz6q3PQZnqQuMMszossgejN,3ijwbSGhaDDU5jusKYU8dbm7GW8Y8SjQ43xjxrPGgY6H,syncspace
94pRLyaeu2ygw5cExfQ8XFG44veMCi8GP3ephqwNLTyh,DEVHgNbc1M118Vqo4c3Dtf2U9HtVtakUpFuas8KJ8uC2,syncspace
94kXLSAN1J95hD4XZmGjPSvA4gKrPmn29SVK4yv9QroC,4U7tf3ChxC8mr3KHWnkV2bE2ogBJK6q8LHLvU1F9BhKa,
94iz3VWyMgPJ5oY8fSe2tEDPDirFong2rAbxvpYPqXye,F4eSrQ37M9bwLHyDoQJzWJ6Gx9j7EX2NuMyAkuekR2e1,syncspace
94emuWrJst9Mz4oTMVmAyFDzoHwsSL3xL6LTmcQkXvLw,HnxwEw6wVUiW1pMEHJYYx6Utgv4mpDfrt9vhZWDAqmbX,
94e7jkuuow5H4YPkpHzeTiJn4wJo6bdNt2b5YJRHK2zB,BzwRwNJcoX9mqBaYEkiNcP23s3XfPYs2d2anwFsM6ra8,
94acjijLmuSP2uak8oSgKmcyp3TGarE4mF32N1vFHDBY,auryHMdwKGnjU4ZBjtacvARm8DcAVgEzYDzzJvVFfE8,
94We3n59EsX8DHT1HiwSAwd9NWr96cd41hhsJkYxNNQG,GLXy5LwscvLKbEysdkDywyFg1rBQHb4EVQF9F8BQF3GG,syncspace
94V2jrv8udukqTggtqCddvBpCt9gvaHXfUs351Q6WnQy,3aA4uXSxM7RyS6Vd7S3GUnQsBjPr8T8uEodasynwGSPd,
94RipkyCxo3PFscS3ury4GzUDHkULWSHfBzAFkU9obv5,3j55KjrSyyegk9r8gGNNr4Np7oQaktPr4wWh7DVu62Po,syncspace
94PTi5pVQy2iF9nzeeuH2CxWKCoGkMxC9dat58bxNEmB,6QbNvgEQRSTRDHHxpt8Vwe1kUeNiatPYUsiWHrvP2Pf,
94HceY4UxxyRGfzyyr9UCMg6D8NAcbisMGst43o4mssf,AEaMxfnmSPNGCfvG26r7gbKiPVcBWdqoVth2AuYyLbry,syncspace
94DveKRwqSu9kykpHAHE9FbxoTaY7Dkd8ZVRnQgfpv3K,7DnqWV1732auGkzfKgNxzcEHJfapX2GbwZ1w3aqoAN4z,
94ByVK5wyZVjVwDWr6U43wAn9tyjZXpAAAnVQ3RmjjKc,7aVXKLYyJfjv4Rc938MCFK3vSemWYdWfYZFGBeKPRsPw,syncspace
94BJjpPw892eUwgwQpqX56PNi1sNUzDCwaM7uc8S5u16,2UCn6DixkoC9eB8Hboqk39dHtqnygphFevdZEkBTkW6W,
94A8txUdMnhz5TRJJw1WdsjghgmKMQrRDmsytKcMYkKX,88gNHWScPbq75QunYtRi84YqvKwJZ1cjmqrF7chp8VXo,syncspace
948gUi6eWY6jtUUUhtp8hPxoXu9JfUhgdJvPGTaZ4FDU,hh1ndnz8yRNPuGVvMToarHG4wUcTQoYMkBdyWGmMYiG,
948FRfF146rKXp5FXAThYCgNQ9qtJ3EkNppVoPEBjYZn,4scCoQKHbS2U8YvvVsp7HskFtXuX8qSPzDTbmCw3FVmu,
946LPELRNQ1Esc3ofKKRt3BhbTQVYWMh5xpZ5p9vyVWH,GhMtCrzkcWxS8fsNfc23d6bqFeQpnzNG6iDjXDhf6PEH,
93zSgGi6J6q7et8fZ6tYJoEb2L78JcaMsnzVS9oPpq5L,C8KTDUh4PoULtdAMKRHMokYiDckbFrvH7QeKxPUo7mMe,
93v2DkbVYZGvb29gAFKvL9Wiz1o4FiTzTYbYZpBiv7Fz,AUrox7sHx1L8mxEPrNqkVjHa16CXQ73UbgZtZTNPNLjx,
93tV6XcmDeUZkgxDRNQm9pErkZwjKKu4QeVNhRwe5ex6,4ACwkqd2dZ8idzRNgbnUpY6QqvXxfV93a4i7mf3tK1tn,
93YyuMAjMDW1VhTUCU5Rf3CaArWte4yBbYzjAptYkUGy,5uRHvH79fX1NE4GhZotFts6rBbWjgevsLTLsMju4PWVU,
93Y568n6HTFBDxremg3ohBrihUw79aMkeVTafe67H8yy,2MD8G48Y4g4rSMhTGdpYR9cf9FYBkEBrQi4sYtj9E2UV,
93TMuGiiGD3MsA7vMEMQZMTMpN9oXUjaX4SxNT5QXr2J,BE2FhezqEfvr8k86JKCdxfR41QRMvyES81Sj9AB6W99Z,syncspace
93QQXnBb4hgXJmJB2y9bbosUA6pQiWtPnaNbTHDm2fka,3aMwUDGuxhWDfcB7hXmTAmNHiDgLRAFxfbFDmXgK5okX,
93NtLqL3metcnqMyKWcPvxjSviNKx3GA1TNrodrMSmvY,5wceam6f3i2PNykKQkomeord2dhxsmyTEaEFxVLVaegM,syncspace
93FoDWAqYjqzsf36rDyF8taaPsbFdQXFbCi6QanUosSf,Db2pB3Q9cYj8NPaDaLSxQcf4Ad2Xqv4RPgJVAyDkdkQj,syncspace
92pzfvczxkv9i6h5M6iZhU6yaDdEMBtKUQUyMm3uuoaC,72pfeoZdNAWxH55dXiYNprq2AMcon7prpDVdq9BqVWVg,syncspace
92pUf7RujV1Avabe3vuLoTTiGSnrSiw8hqQuqUxt6pq9,5wceam6f3i2PNykKQkomeord2dhxsmyTEaEFxVLVaegM,syncspace
92gegB35vaVXVHKU1eRr9JSoZEvM7HMpLGCc8kb96Hbs,DnkxUHYP9TTqNkEEjsz35VvZ3FfUg9tLEVicdBjmRMxk,syncspace
92XbxA9huNVviv9YBFMVymdvBPovWn9wLntC1qWnWUUd,4b9dfPwt4V8QTX34f5aauUu4w76dx1HcDM6GdSfTcy8H,
92TNSA2deE4e3hj1EbVzMmiH2HVkDVHdVF8KKWmkSv5g,AnYEjxNvC2kCRZtu7jFcEkc6vAossYscrYbEg698LPGA,
92R8hZ6XNeYigJ61cup9srZGpY98g13a4gRFTdWnXuq7,5AysHo5vYHYcqNaJ4zrKKf7aRFfWXCCtQ9gdPLfpudfA,
92JNConUhkeXL9gRn7ux2dGQmsfVjzSobzdFEW3FKVhy,g6sfrrVoH3MqGc1VD2JyyVFeLn1umMbBqWRHBx6pzPo,
92Hv4TY92QG89QbDTta4qQwBRSGt622Yp5eY67bKhQbY,5eh4Svgq7zaTg2mWNA99M2GMd3NfHfYViSoSCGLVUgcg,
91gMBWLoiAvLUwQ5FPnkkUoZ3ZP1ogRBy3FhL5jFYE3G,2XRqDMvqkKPLTVsD5mHe9s7fMSJ1J9R5g31xSjEabBib,
91byHcZoWRPEfmJ5mXywxhZ7r4e2rc86HuY4zgWMWX3V,CtyBYvDMWDq6xSr68Bg4TZCSkWwH4QdSZ7duoSkAj6jR,syncspace
91VqkT6KoHu5V9V9hZhSR69X6M2T8jd859hg7XCkcm3F,GLXy5LwscvLKbEysdkDywyFg1rBQHb4EVQF9F8BQF3GG,
91TvxH7RYrwF1Eg5334R3mqqR1qiLGtMWRL9jBiDQVhb,EFtqeR8gtNGLekqXRoitXCa2ZnpmjXf6pCp32vDYFBgX,
91Qs3EehYKeUUnRVCBT7jGRaTvbpnHtuhr7YRBGTf6BE,9DKZLViun1aRfL7fErvmdVikoLPYos5WHJyHB6wLN8MP,
913TFw8in8hieCEPpGB83txTf1QRPMbrs14qQ3LxXCoZ,39WNp1wT5KbkDnQZ2ZX5LtM9yoDZRsB2bJCmPNNNFvhf,syncspace
8zkychFLgoTebWgHU3zeKM16p4Yq3Be4kRqHsQ8qeAqg,HTX9BkwYdwmH3xPVAyaiVC8pVusCp4gDWTqwLwzCM1bx,syncspace
8zj5enEtNjVzsPpp4a6N9hCnEpKHyXi7rTCjKt2FqYjh,81F64MBEbjzzZP7mY1dyhyS3aLHbGbZmo86bw8f49hzC,
8zaJHA5zM7XftYMrDv1SeUWmwSmrUgs1L2g5zaPJvGpq,7y5PKJkgMBdVsTy98mTaNf3PtAf2e7xt1FBQ3SkzJGK9,
8zWiMaEqabBiyRapJFQfv4wp5nZ4J6Ev7ejBqpqiNhWr,3J74V6SaBRuaEshNX9syi2Vs4KF9EXVAMWpNkZtKCfdQ,
8z5cXY3A7deTWynaTP5C4GnL38k5BQfM7VTc8CM4KvZy,CYdVsEa3zaLjH3kZUzdcExrvZM36LmGZQeAvPMUnWs5o,
8ykeyzic6Y2tEkRtuUsVbtdrFCmURXY4vx8n8owH3EQY,3Q33nTasGtPvC5XGAtkshiZsCx8VEZiVJf2XgXVwFXqD,syncspace
8yaBhusSUrRH5RvskkSef5auGbuXzNWSbAPH4yfXTj1y,5wceam6f3i2PNykKQkomeord2dhxsmyTEaEFxVLVaegM,syncspace
8yS1nzKxn3q3k2fXWANLm6hq57nxhgKjDbseyiYHVmHD,AkHTrLH3yCgXJh31Tb8UhQJxJKJFDpUND14ZfUzvsRG2,syncspace
8yMgDHKQvP9NaBGjHFnBaM9ubhBzVBMo35kQmRwqgwcS,DFCsk3eC8c4VLMSqzzBNBwPsb3jHh562GnnMwY3jRsck,
8yMSnFUSBBaY1zyHqWB5cwimsCE4WChC5p4q89h5V8QK,DZvtWVXWfi9PaJU1zQYGpV3yJLmuoLwPbaCHL5799DyQ,
8yKyPN3G86aFjg398AKRkxMxLk6wU8Lo9PxzJUKjpZee,5AysHo5vYHYcqNaJ4zrKKf7aRFfWXCCtQ9gdPLfpudfA,
8yH12LAYuwa4sMX3o1yxJB23C7LSGne8Sbion4E7wtiy,9MjruWb5UVnYPpZacsPN91ZzS5KJyVhG1JGoEd9kCHz5,syncspace
8y5FwTR9HG9QiU5XYmXbrxCmNrgRDjsT6R7MM4M3cGEY,2yEw5qTq4LXZ3m2L9KFH3BBLzUvVEadyF3p5PwhhVGCf,
8xPiH2mjUjJk6jfv7x4vTLaqzTNQmJueQHwm4M1hM2qc,9KmnVinvoJFeGtx5j9dw159k8KMKQv5aTCxS22PCMV7k,
8xN7v11DMXsf9i9HVhbq8KDAXiJo1d293s2mMa5WY1rG,Hg2gqbjGgL8NZDmJk6jfqskafuK2pPqccSq5FqamaTX2,syncspace
8xKGLTdaJm4MHEmWwN8PB2VV8MysKk1391Wn8RcmuyEk,3vHzo4Qx5hvhu4yrhAAUGtui41L8EYw36SN8HrdNVYxk,
8xCAqfntdemxYmyjztNH7N4vaTxN1YEwkrafSFhw9GJe,5W87RfjE375vf8Ds4UJbFTmEUx9NRAUeBSsoPpPight3,
8x6ZQX5WosXCbdNmjwtUH1NG8Y2vtuGQDnQjBMPeF7rx,G43e2oSgeTEaxN3vc9iCKUg2AXaNhfs6KtRwoxgZ6qdP,
8wzwmSt31YFNiqZ8m7m81jrZn261yBbfB1ikZPsvLFTm,Fa8TzVCkeQd7ZMcGNZEvC3kvSKtxMymdv1gCVZoPexuW,
8wz6cSuFTnHj2HUey22VSbpotb6iKhdcqw82YyGeddiz,B1VMDi9rw7QPvFfqUsSTEohwJee6PyAMJUimUyyw9rS1,syncspace
8wuvV2B5SEqSnKgYzmxmNmVram8cKRPBZMQ6QjUf47d7,6tMR8UKEPPcKDbLx5F1a7poY4JV3vhmKN8p9a4DtC7LJ,
8wYyi1chZNjiyTQm1TDeEAiGxfFrkzs7s6EiqdB56qGL,D8iwNWsfRkg6oNy7AyTevRxNPGUKZZ2oixoqLiinSSor,
8w8saQ1kZxvzmL2kP92HitFz6MTCVzRdzfuG4WE1Hsju,G43e2oSgeTEaxN3vc9iCKUg2AXaNhfs6KtRwoxgZ6qdP,
8vtnhzDKFtRToFLRH6gXbj5xmCAiVPCJ2mtdXxS5hJWK,25TqXN4ToREvj3CVYJcTP1MWbbi9Dd7uUeQ7uTW7pmnU,syncspace
8vSXj6VhvrTYywsmsEJW9iE7saaxb2ozAFNJLA6Ky4LD,3QrUConrghnqCc7FHPigEBB26QyfJVtQuT2kPDNGfTzM,listed:magic-eden
8vQWMhx9jZqDSCn47cHdvqM5FARSVQDJKFVVNHJV1ktA,7MZqmL4mP1b55BbpNuWng688wFXhiXUmCf6mt7TecUH4,
8vP9Jii3HN6tXCj4nCFxPvLCSqRKBsh7x6jZwrUXregY,6YurbRgkHJ9PzsfoTuqphvWcLMLEG5LA65Mh28G3k8Kh,syncspace
8vNRSxXTArkjKoG65JDrzJojTqMg8t2RH9LjpohhaH2s,Fzx2MEY6fuwjoL1g4Mh5D6dcxp24HEcdZ1QsrVxE5sfs,
8vEsNXjxjwzjcL94wWHLxjrFx6YnANwfX6F7N32kDqMk,5AysHo5vYHYcqNaJ4zrKKf7aRFfWXCCtQ9gdPLfpudfA,
8v7LPKk5JM7KCuS9yqyzPLBEDJRkQJQ1sZrPTvZBaSKh,5NGFECbyk1GDa6aRALassqaQvrdYGH6Cv6qqDSHiTWXR,syncspace
8ux7Uddk8Fdh3JqJ8Tzo7kbpMwUGJ1iDbsmp29YCnVTR,HxHF3LQ65CJVTcri2cztiftM3KcXuDCfXgNmpWvvd2gg,syncspace
8uZ6WhhbLnoKE7cNnkWWQNzKzYdopW4YtRdKrjvjdL5s,9g7U1Tne5dmnE4oT5dnF74oGEZvNvCyWKJgHKhVffN5q,
8uWoQJ2hCD7esvvHtK3JYnMNNvSqYPFKfKrgVqRhLuTa,GYbDR4x3pUrhSZfgBeemxzriVCiYXEEMLK1uRbRgJFx9,
8uVNK28z6vLsMkEd9FBUGLny4RGbExdVsXNbXEdKeWVv,6YmkaTri9VRg1Z673Tmh7ewpCRrwAE8qwNww8orMmvh1,
8uE1LCP1rMxTsMPdHJvqXjHgZ6HAqBdFd2wEWJDS1E6j,AUrox7sHx1L8mxEPrNqkVjHa16CXQ73UbgZtZTNPNLjx,
8uDag89PiqRMy7E15bBKjjvFDY1EqmELrtiYFjumApMQ,Fa8TzVCkeQd7ZMcGNZEvC3kvSKtxMymdv1gCVZoPexuW,
8u9MeekRzDDhVkKeFDTrP8Zxce55VyxrukDcGeMhjKTq,EsQ8G3fC3LahFJo5D2Ys2HB3G4Mw7uSsVEav92CpxMGr,
8tsLRj17M5bseB1ujQD3Fvo4wF3yRbu51EzN1fw5DcJc,5wceam6f3i2PNykKQkomeord2dhxsmyTEaEFxVLVaegM,syncspace
8tdHnhPowca8aVZuue3uzfHWvHKN6TUNQssq46tUJMyc,2yEw5qTq4LXZ3m2L9KFH3BBLzUvVEadyF3p5PwhhVGCf,
8taiqrSVG2xL7udHh4viK6RTs3mgex1HDfnwJX44Tta4,2yEw5qTq4LXZ3m2L9KFH3BBLzUvVEadyF3p5PwhhVGCf,
8tX8xNhKDRguCELA4UjytywxuL6t1odVZonZ37j4CKnK,F2N7JUiUAvHV1BNQDNj8RJLV3QQwYUpfAKhbCbsKDMME,
8tP3REoAf9W2g1wMVJrw6UBFoZdVEJUWCjkYar34fujr,9VpNgR6DGrn7BwRSwgrea8GRCg2kYRMnG1BdSTAS43Cw,syncspace
8tMMwoQvunjbVXBBjjqsok4P1xaPQbgVsK9m7Aw4oN5i,HRtwRVTmn6sbENbE8HPCyk8dJXURsLwBe6RMN9GnUpPW,syncspace
8tKVp5HWy6bCE8j2WGepZZcrKNunhVV4Qu7pPzPKg117,Fa8TzVCkeQd7ZMcGNZEvC3kvSKtxMymdv1gCVZoPexuW,
8tJSruMjXdzVCNdia4nfFuEu2ei6g4MMQxUEUM4XBWqa,HRtwRVTmn6sbENbE8HPCyk8dJXURsLwBe6RMN9GnUpPW,syncspace
8tJLY8JoWgcW8A9UkMs2swoWCTTg9dFbGrKhHDguyHnr,Bu1VwnHHaLr6oPCZPHffuVa4XiRuuYzhs5eEkkNrumCC,
8t6BbFyaGxxx4SGM3AwMJzSQZc2ayySfyFh5Q3aD2GKa,2smsukCPQjfniDFRCFA5zpUniqzoK8aR3kJ4cEeX52QK,
8t241wmKb7nWC11RgnNSHkwRNLYarud3sUAGTH64sykg,CiS1udKWfC9tQqMLE2pDCryHMUyoCaL7PNWY3hm5o49x,syncspace
8stXe2bApZk6njdQaB6jhrQk3M8hyvn2WyitoEyWHfMj,i1bq7CVWTePL73CwYCL3AV6a1C6n5fg9Dqjp6SgTJJP,syncspace
8sUf78eVGX2UEU21nmvUoifubSGygkT7n1vknf5nJf95,7wdcV2MX6yaCYYPaiaSG6PzRT2L7RMSdpT9uzRUzm91K,listed:magic-eden
8sEzfFsHsUrJ8ZWt82Kxqs1b5NqVt9PoGPvnhdhua6UG,8s5dbYtzxpZo4Agj24o6HWhCaTnbMvvJ8x5AtW5EWTdQ,
8s16J9zFLFjwbzmLxdBdeCo81kNbKTx76PK7rS3ER7ia,3py8w6WyJJNX7aBxjA7tGK8aTyUK7fr67BK4bFJJrCmt,syncspace
8rwckKrDqjZD9D3n4M9qoKezxJa9SLnxw9FQqnXibSwD,4eVcByLcXGavuwEBzJuyPGH6mUzrJr4u6kcdhy6ZJEno,
8rsKv2HnxuYkwyg6z8gPbicCcCXy4K3p3WV5wpfUd9g2,BHv5sd33NdvmCrWP5Tv2y9dHU5HMMdY1TW281dtBou61,
8rWVE8nWJBWeMwQuDiRpX6MFfS4xi38aK3w1m5w62hbd,81MMZdtpDzevCJLcFLiSm61DFr8kqnrPVrwG9XGQnpqQ,
8rTUua7w4795JwP2meWLo4fcwBwHYsyBuazgrtv75ycS,9qj66zMkDdUBFw4GaAwKBgyyLfYRt1Ax5nmQGjhV7Lya,
8rLU3WNMgGKs8X7S1EAN5STCEZSzhpaVKqXRaonw7Ch5,CB8Pr9uzrrFw8BFnCqworH1wMa8DsmbSKgUNwVWnDGrL,
8rEG9KYGM8MsEXFMRfSUw4UEw5W3Mv5T4xKL5yY7Ey5e,DLgR1FmxgBVgf4MoYEbjA9cTH9weXL8q73W6tbX2Zib8,
8r6ACkRxESh6r8DF8hAJqAnKKck4hba43wdmiGc9Aa4o,6jW5RDxCtScHRAk9749NXaF2WEkKv5KpytRoAqCWCNad,syncspace
8quaU7AeH5e6y8Eto4R7PRditZSERLULJMuLGjz35K8P,EEG2hxXminFAgtj21KwxrTeyTYKphKz6ofwaFgJVyGLm,
8qt2nqwNgb6WbzyrNHcEoaYawiiD3CRy4U1PVx1HJ1cx,6J81KgSBU1WeURtGk8rGfAfcMzmuinG6xrkns7pgTPxr,
8qneNDiu4v2LK7oVYkyk3ojhYysAdvNvvn4TQigBtr9R,autfyCR5psTc85smVAcGQajFT4TC8xxPPH1wvJu2Grr,
8qYZ4jDLWMSPUZhpBNe2GDxcyqLf94ankXT5rC2aKXsf,DWwViJBpYgpJLcFUYNtFg6tdUCFzvjcuWTKs5XekLKHz,
8qKbqveGLD1v79CraE45pMJyPm1ahYEdZCDzQb2deNp4,BgXEacDc6Q4u17o3wCa3uGN7dUE34r9zgRubcMzhACGN,
8q7T5dvvTkmKURD9V5ppp2YSkpyMUM7i4LGUs2H5vUc3,DHNHnQowiCFmX8MeL9kzuqPM4MLjSDnhCRRaFtVx6wfV,syncspace
8q3CSB74ECEt4MsBt8W97KFdmuox2prNDFuJnYczuBH2,7UY7E5aApaiL6JD3RX58ZTYHKf8DGmAtSmrB7Q7tC4Cf,
8pzk8pADbpP7rdepCtzab8cPTsQf4cKEKwzvZ3kdmaSj,CtyBYvDMWDq6xSr68Bg4TZCSkWwH4QdSZ7duoSkAj6jR,syncspace
8pt4XM6azqVW2a5mhZk6gQWVtyWpSvzGgrUHFTtSV1DJ,4M2QXZYq6rAMQZfHCnzFVjG6fu9RFd95TSN9yumZxhG4,syncspace
8phs4soGaqstbDHRLmN9yRuQS5cgdmWRhezS9TMYRJzC,72RzVrBUyFLYDwnNgtpQRWAiCQM1bK79xvgBeqHPS1L3,syncspace
8pY5wHnjYYWodn24HedhC51WL2LWw1BFNtYguhqckjGM,AhMqoTaPbK6FdZkvvSBLhZNYMmRXxDfQPZYitraSqQHL,syncspace
8pNq3iE9XooEGkWPSpxbFqJqJ8Q1TnVJLoWy9PQRjG98,BxMJyY1EsNoWuPgfR3NEDZ8xxhYpn2eSERgWUjxcoztu,syncspace
8pL7rY1timie9AqhpTN9WkdH8WdStBnrPYTFEkZxdFi6,5wceam6f3i2PNykKQkomeord2dhxsmyTEaEFxVLVaegM,syncspace
8pEoLNKKPfcCiNQuadkEwioP4yPpoaibrSkikcc8KNzj,FRnFVoakjCChVX5DSSfoyKtTqod36uQyB7deXqNB7XYG,
8p9bkmJjJNMbWNERJw1ZgyPtWi2rHr1ECFmjpZLpGPNA,8bh4SCMC7vs9UDN5uPGTo5NPHLLFeeKaLVvXJt5FUSXh,
8p4aBi6Rz2UqCZNK6DJ19dvecBeneMMUSMLNaEQeNPmW,5rxYfsXyfSd6yzutGXj6jdC2eVBawasTMXaRqAenFyWh,
8p2Foiwh2qxwendStDqczF2G4p1LZ9QGWa4gfxXSUhxv,auryHMdwKGnjU4ZBjtacvARm8DcAVgEzYDzzJvVFfE8,
8p1Cf8GYkvt97wwgF2cJ8o8ncvcFDZ49mfn9iELWtNq5,GNAukYQFieUryRnf1TPrEVXRwJ4NAXeWzhLAgBmv5Yjr,
8ow1g26ZNvQgkWL2SsuA9gCG5XPSXGb4MTvJ7KhKRYGZ,5k15YfLg5TmTeVUAuxpQgK4r3Dzuu9ce6RwmKUdtDXYH,syncspace
8otpSNaNpTd1PcGaDtnYn7qKmpJnCRjVvdDEiGZ2fCwc,81eg7veeFvFp4bnR4PNRvZkj6FgWbAertgxkWB19Jfr1,
8obMuyW3oeP1fFqPCbY2PLeQQhjRJMeELVmsmeLF6Dd6,9qj66zMkDdUBFw4GaAwKBgyyLfYRt1Ax5nmQGjhV7Lya,
8oJFoUG7DFT6ELGFeXXM7ggbhCauMmLXeiYCACVhRmbj,8AdNRKRsCMB5Y74qKuVkiPCoWytkQ4AMzi7jmmJmec6z,
8oDS48ia1shZbJPtSeRVRBiNWb3VNAMpE4r59qTF7kBD,EbF23BqQLLRhhR4x4t7bAspRVDwmPPiyz85G1PRW1xVk,
8oBrQT63YkAZVfydxNYvha85g1oMGPgJ6gHnskovZ7du,CqA42zXaf5zXk7EW7jtCLfL2uH1efuB9GtTfjfJ2hzoq,
8nsftAmk3RaCAGz8XvwPDFHyyPrEeUZf8iQ2gR9AcPox,7JRGH6YeBWK1Pb7KXxS4WF1JrHqP7VmRD5u6HC18nHVj,
8npPtw5LRYZKQEeDvSMiB78Ruo1vocR5Uz8GRZWRfP8g,88gNHWScPbq75QunYtRi84YqvKwJZ1cjmqrF7chp8VXo,syncspace
8nm2L9n6TrtqYunbjCdaqq58ZUDjAjUxFvmwWCbxyr5m,2Hm3dbAYBCSdoYnofVYpLrzETTQt613bpaQ3SxnKxZQc,
8nc3NxTw1hG8uKnZ312yDzN45TEKXsncH8mQhNz3fTfh,FJALo6CszpnyU74hHUeWrdS8xi1fXK1vvEEf87uDZmXA,
8nascRwNgNAc5gznYJ1w7EpiyLu7tMPTote17MUQpKsN,3j55KjrSyyegk9r8gGNNr4Np7oQaktPr4wWh7DVu62Po,syncspace
8nWwdaYhsomCpySpRxt4QzfWvWHXgYhDbPqvxzbJY8qq,Hk5Wwd3AZ5Jo6oC6g4xMLEiHKiL1fHErd5c5RByrUYhB,
8nUiutQF6115vKjtGPX1EeDihgXk8R8iooFn532PaS4d,BmfkkH6GV81NGQLiiDNr8PWhm4XnuvkLKWAPW2dR5eYh,
8nDyNRybo7hkxzxW3xaDnUgtZG3cPFJoN1Q1GsufFpbf,Fa8TzVCkeQd7ZMcGNZEvC3kvSKtxMymdv1gCVZoPexuW,
8nC85PPe5nQW1FbgasWe983xH9w8BjcBXpBeRzSuMkH8,FotFcJG4GfBdqYUqzcsDLT8u68tF3EWMH6JXSwvqYWe6,syncspace
8n8hUfQD6e1zusQc5MTyREAhqgN1jc7sNufbZB49cXBh,FpHuF4z8kTipgXqA6CD33beYG2stba7XaQKggJdNBXbV,
8mrg7qxHWuVVezbnkeACZysDpCSWZNnsV1ufLG2FFUea,HTX9BkwYdwmH3xPVAyaiVC8pVusCp4gDWTqwLwzCM1bx,syncspace
8mkPq3xa8vC4dv38FquGrnjtscaFyEqC9w3TG1CA7Ho7,GwSRBtMtiAu6skTFkUKiKAX9eWKnbfV3LtNhgSvcTCuK,
8mcvUWwz2MhuzUhaChw2UVsE7aEB3Rxh9rbGpFh1VzuG,FCe1QsCGAa9i5w9SuPabrazVic4VpiQdgZZxo6nyBPqG,
8mSvcdPxdbT97GUgasrWANt9Pf6sCy7CCXJmXKspYd1B,auryHMdwKGnjU4ZBjtacvARm8DcAVgEzYDzzJvVFfE8,
8mRNihXRU5X4jv9B9R4AT3gfv3aGyoF99hVXrHDiLejz,GxRDnzPm1fHeLTaMgVnLj71CMJTRjvLpToQB6RaekYi3,syncspace
8mJkQava2jbQs3NJrkvkwYWFojfU8aia1AxKcr8ZeJXK,8KGQLPkwaau3MeqL1EBrp7NatT5kq2of2AVpGngvWewc,
8mEtqpqYPuwcHBLp7MsmNkRj2F35jUMmS49s5qyhYPRn,G2aZj4mLCyzt7LJmLiMJsjnF7gUrAvocLdCieatn6yNP,
8kzBSikC92sCZFcbA47fZdqrR3J448zePfRLUDuqbjU3,3g2TUkrZf86bfGQXcfJ7xMCFSmnssdpeTxe5V7y5GDpb,
8kvro565DMrDDmWkjGXpR9EFE5nqDHqdYiHUdJFqx7mH,39YD5rZrsz8mSdtyVCfwaG2cAh5Amq4wDAgqZEtgXLRj,
8kbp7D5wYkobNECKU2hgUiPCQKjHcJvwFm1f8ijnRYUF,n4TvEutRJbqpCWuckRAaoR7pCHPNrh5D6XxKXRL8fiC,
8kHbb9jbwvB4hSwZH7uLj2Eo75yF9Ku2PoKpcs732ZKZ,aumuHzMdUFiFCvJ7kk1djU4CViSzxJk3FjXTXgvdNZn,
8kFPNrmQrdP6McaYWEE45zKGhdL8yw8q7zipAQRgYAU4,G8MNdTyHMBPmgyoBwydoBvYJSxnY9g2Mi6JAEFAXcEvC,syncspace
8k7AXKK59hWqtVzLFTy9xSuvmRYaXVmsTJafQwsjX8wY,H34qm8X2aGS2ofMFQMqxKZaSSmoyTfdKjUnzyhDc4XnS,
8jwi1kAtjdedx2H2J42qd6wKNB6fuwtVUwvEuZzCRQSg,88gNHWScPbq75QunYtRi84YqvKwJZ1cjmqrF7chp8VXo,
8jwJQp2P9THtSrtFjtYxiUdBignhkmEY3isPFx3UVHeP,autfyCR5psTc85smVAcGQajFT4TC8xxPPH1wvJu2Grr,
8jstDp2fM12c2gGByJS7Ubc4dDKG1xyM3YGSkiFoaeZV,hy6Z5V8Hoa2ZC7aq2RaEzByBwVAMC6df5Mh25pu8qSS,
8jnxAv7FXps2PT2oB9hdhnvAVBPLNjmNRpyUHpwkNqPe,4eVcByLcXGavuwEBzJuyPGH6mUzrJr4u6kcdhy6ZJEno,
8jWbHCFqF5bYa9tsHuukgDENVAsrfsbYZfe9JoYMCZpF,3b65qRtTUZK9pADVq1NDvLnmx1ZgjPeXQdznxcf72imi,
8jByDX9DZcUbLv7NxcNPxRLdDMP1V7qF9ZtrbUJdmtXe,Fa8TzVCkeQd7ZMcGNZEvC3kvSKtxMymdv1gCVZoPexuW,
8j9dyDN6m2PQKgDBUTcpXHWMozG7XT3MJsPhVq1JWNny,2voLjK5K2HDe98U2o3aiQowKiiFESTuQ5Hka5w5KH485,
8j2NG3ytEqsLrEd5aEa39xZZuPmNVEAdnvwAtQa1sqpj,71HtZCnRRWaayEg9HrSoSmfJMwjsBdNiqGhGShCBNLpp,syncspace
8j1HESmsgZtsVp7P6Fv415ZHK47ir5cJJ4KG5oSLVXWe,6X4voaAc4tikvPW7qJvxmTcUR7KdNmzCPw25nheWwbaE,
8ixCcbCH9WiVQYeCK4aPZkRbS2q5MrrVNxdLNbwbYaHC,G43e2oSgeTEaxN3vc9iCKUg2AXaNhfs6KtRwoxgZ6qdP,
8ijRB8dtcieDLPEyzGfCC4C6AA8WB1oKf77bqSMzAncN,2Ga6hzy12f7oFvS1zSYvUmvA5fLWiNP9ep5q4NdruTci,syncspace
8ij3jCz6xE9St6fCQ43jDHSTAWBpsdyzJYxwLFZBCvsU,2yEw5qTq4LXZ3m2L9KFH3BBLzUvVEadyF3p5PwhhVGCf,
8ihusfdN97RYEcKnwKGQ3omS49DBR3W7ANc4FsbkfS1a,DnkxUHYP9TTqNkEEjsz35VvZ3FfUg9tLEVicdBjmRMxk,syncspace
8ic5fNvuFtPSnTPHPXLLe37vhHgQTPyhGw9giZy2QbP4,B7GvqpbR5bZ7WPoXa7i3GYEdCjBbppv4baRWiJL6HjjZ,
8iVkMpWztGAMBc6K7vogGTbApEp2gQSWHNakZyWtsrNk,CiS1udKWfC9tQqMLE2pDCryHMUyoCaL7PNWY3hm5o49x,syncspace
8iU77qGSi7wsQ5QhCt1YZQ7UodapUL8onTT2JGtPmCiD,88gNHWScPbq75QunYtRi84YqvKwJZ1cjmqrF7chp8VXo,syncspace
8iDf6vzHkKtajoEpD2T3HGCFNbyy3dAnsAAPJB8SpAZJ,6yC1GffQEYkoThewSyR3apUsEovbUKCzvvnVYkz2UsmV,
8i62i3tLrvqCDJdDNM79y14f7gfD9CZnAPYqULr24YP9,4U7tf3ChxC8mr3KHWnkV2bE2ogBJK6q8LHLvU1F9BhKa,
8i2iujfcj3vHjZw8VdweTGoB59CUtiMLT5s8uTEFjYjm,EHuujbKShgCBa5dGH7S5HtsvGqPdGjMrKZ92xDiqJNat,
8hzqLs7HB9ArMhetb5X1Cfz5z3NQXWLMrstqCYiSBQrZ,Hq23RE564UaA9WNxMmT9Rtpr8RFUwaYoh6XrGnkMoUAc,syncspace
8hzkNzamFR7Sffsh2kpLLxD8W3gQRWNz1e63mRAeEf3x,EaA5J7gPL86XosSr9uQdaMJdhhChcGi2yZSfkaNMeT5Q,
8hzaqjzePRdSywfZRXBYK8vmoHoDC8N7zPTvUV3pgqNy,8hVKgBWuqaBXGCs6MYepBQvx3ts9fDZzhWxSznMMNors,
8hxPvr1aQyHUtdLCQet5vcLhfqJMfU3W4Ru1HLwqL4Rc,4U7tf3ChxC8mr3KHWnkV2bE2ogBJK6q8LHLvU1F9BhKa,
8huut4wksqM3csQ71QB4p5jhtuUpjn6RsR5U5zw36RZG,5wceam6f3i2PNykKQkomeord2dhxsmyTEaEFxVLVaegM,syncspace
8ht5XVDXBt4xf9FckGt35d9AoRWgnMn3rFNFpL3Uq9xh,H7vbEEQBARVaRwET7WdqT1SQQejVApc6pYhQQuybQQvj,
8hgjmV3jCMx9cn713WTPyGp1Ht9x5HWUUQB5EWAitCYp,BdxhaabshYoKXbAXE5e36LrfzNjzaesSq5cNJ7A9PpUU,syncspace
8hQBM1oFD1EYMzVPJTeRpnCTdofJUegqB1VAwZ3FsXxx,2yEw5qTq4LXZ3m2L9KFH3BBLzUvVEadyF3p5PwhhVGCf,
8hNFPAi6Kd38Za8vhKeJqPzNYx7tH6E4CXEXSBTRFKnK,9enWyafEcxjWiqeGSzEWrMuh9wqJEMDR1T638duE5joy,
8hJ87h6bvqhCcXJdbPNxC3SoiDTaZTdYSC27oFxnxiUL,8Hw18LzZuGu1wgEyUoQP1DmacNDTx1wu7fyQSjWMZ6DM,
8h6WLF5HqDAhTyjaddERc2ZniH11qe6jqKqye2aZQHc6,autfyCR5psTc85smVAcGQajFT4TC8xxPPH1wvJu2Grr,
8h6WLBpPqP4WiStjM2qTLYkPsLhYYE9yScXTpPtwbyjE,4eVcByLcXGavuwEBzJuyPGH6mUzrJr4u6kcdhy6ZJEno,
8gweV9nx6HT7YK2UW5h1gJRGR2smVzDt9x6DV3gKozBt,JLHAg2FnDdTuwjfE4kAbQtu61R69m6NVjicuZFtP4xq,syncspace
8grXXupCniC3pAcDPEA3ETdyRDsa1GaoGDVo5QaKKJha,5WAzo7DwUKEJbjrWhT2pCv4qaDe23AnLAtCBeMcNDoAX,
8gqHvuiDkv89NVNNJfYa7bznKmtQUrUYXtBM4258G1sF,BAg5SNJK6qmyzoNCDrqMHFxna7Cj4yXAPMR2AQNvYMY8,
8gdqCVVagt4TV6Ca16erSFuA8mqBGH9bMwcz47mHXGPG,F6DiTa1jxnAgaWgPR2mp7NBiuMB9TX6kqkLLvi5C9bki,
8gbsh3gYXzMcBhEjhvns6MrxkgVv762SDVgF46Tkte4n,HP2Uy4EzdMbVvs1pcWFY9A6EfF79jEsfQNmTDmKpgLA1,
8gVjcbLQTtFVja8b6cYEcJGpiUyDCvbDYT7Nfib2VvCa,Ga2RAz3fpCA9vVVPbYA5d2VGnp8xYcFwoih4JPjNAmx3,
8gFSAnwooTKucYbj8niaaqDr1X2wi4nS2WGBcdv9iXFd,FY9NAS62iqRVkjSwzbWkSLammaLLa7WMduHkKd7oc6Te,syncspace
8g6H3CNkL5mY3qvAQvrCDid83hPPjU9dNoEpRvbaVfdN,4M2QXZYq6rAMQZfHCnzFVjG6fu9RFd95TSN9yumZxhG4,syncspace
8fyBDBDn9hns7Na3pDipBPvY65nxkqDKdpJTHVA1LVqQ,D4wPytxXY3LKHHxU1wPzXzSbafUyFxeY5ia2AwH4fKKk,
8fvvx3irDX8Rie6LJvAkKhsoTXyiAyCmSeoyo5uiPb3N,FYYA92H8EUpmox31oEzJjkvuHTAcujMhUh9qVtpUYzDe,
8fqTtriPPCcjUpLLdAiAXyVSkzmTseWDTpxiGi9xaSWL,5wceam6f3i2PNykKQkomeord2dhxsmyTEaEFxVLVaegM,syncspace
8fie2fYrfyi7nQxNUtFtBw7PsJQg8Gb6wsbLqDzLBQFe,DTUVLn3orb1TEpkBmhZvjJ5fSXFU24RAnyscu8p4ELsg,
8fhvAnzMJTWhCtmJNRUMQB4h2pLzviq2GjjHJNjAT4CN,5XnnDeorqDnYYVqnxMCXkpfH3exw93Snji9E24r3tfDi,syncspace
8fVaStmXq84Lm4v3rJqmYQjEZzsw3oWybxa44g9mCdTy,AxHBAW7FcZSqhJwupaaJsoAVUV9w48pym2AiqZtDxDXM,
8fSiqmZXPdJx5gow2TsanmpKjQALYy5UJsRrox3tnMqh,9ZhLjc4RkgrrCyuJwYF4oraReQydk9pXYyP6dTfY3kiE,
8f2BsEQhgAUvZ4rHTcGWmCknNDeQAoo4Mdp5YamghJbb,Hq23RE564UaA9WNxMmT9Rtpr8RFUwaYoh6XrGnkMoUAc,syncspace
8evGEzjYhE1Mr43CbGifS1nUerjAzNheFRTC2ZQjGU11,4eVcByLcXGavuwEBzJuyPGH6mUzrJr4u6kcdhy6ZJEno,
8esMUssfBEsEkA5r1RkDd5fmYrJmHYaTKfTx5eyonQVH,8HugKENNBxSwiCdvs93yMgCjRstB8s3a38RwKNTGKZXy,
8ej7xj7MU7D4RvpKKTFMsCxHvfK47UftjigMto1UzuaQ,DFCsk3eC8c4VLMSqzzBNBwPsb3jHh562GnnMwY3jRsck,
8ehX4C1W88eiBgYaVqJwou7VbohH69nmn18KGbqoxEHZ,EhrEhZKgstqHHN8VNxBGQMUE9EJ6qtitvwPN42x6LXus,syncspace
8ehAvm25z8ERjHzbaNhFAxXtG4isyqWGJKQxgpZHfgaU,G43e2oSgeTEaxN3vc9iCKUg2AXaNhfs6KtRwoxgZ6qdP,
8eTauAYUgqeL6dGbPZeAC5Me6BqbZgmFAgvBM9R9kxZV,HwMsTR9GoYgpNMxVhFRTpb1Y4fzhg3gcCpzTXtW7cAMo,
8eQpiJBbVA7AqfWtW1KwWYHzxB2RqUo539dVoMZkRTHK,auryHMdwKGnjU4ZBjtacvARm8DcAVgEzYDzzJvVFfE8,
8eP17H4XNNyxB3D8Xuyu4WTtmfQWGPc1BqCFP7Kbi1HK,7ALqfWWLmNgiBASJzdoSY3z5K5AWURYTyfXmztWpr3yL,
8eLvwu9PLQmTJDomEJ97ANHryi96C1ugxX77Z4VWL3n7,5wceam6f3i2PNykKQkomeord2dhxsmyTEaEFxVLVaegM,syncspace
8eAQKCqNq7bkD9VWNoRJBjnXyvZSPao1UawDmZLrRPtc,bFRRsCCdUtejzvmEWRNXEzX2UC2QnoFqmNujVGycQdA,
8eA1axJQh8RTjoT9C1RA9AqMS6Bn2sVGPc87oVvd6XW3,HxHF3LQ65CJVTcri2cztiftM3KcXuDCfXgNmpWvvd2gg,syncspace
8e6jgnj7w6G6csUCHZxmds3ycWaSKRqUKufy7SHD38hP,63hxJ2sf8ikByfkPwP4qs8ERQ11XU5mz9rN1Q7fzcprJ,
8e1q9VXyh6smR4tSxb7zUUfYSWGW8ovT1rgoQjyiDM7n,35i1qQBJkkVJM7uKgWF4QP6t963GaZedRuHgVYMMmWXE,
8dw1EYgHTLU7eCqkmvE5zbSrgsjw72skatMtLxYR5cQU,4U7tf3ChxC8mr3KHWnkV2bE2ogBJK6q8LHLvU1F9BhKa,
8dvtuyUbeKijh6yB4nsLoi4qYYQyiBceNrLBLSU2oY3V,HTX9BkwYdwmH3xPVAyaiVC8pVusCp4gDWTqwLwzCM1bx,syncspace
8dUuWSk2XiLoQXgcM3Xuho4ip4FvN9jpcTq9Q1cxfs1d,bbC5Da7V9gyzg2Awydwy1ZYE4ir6Mm1DB2JoHXJH1sL,syncspace
8dTFqRcnVC8zbvUWywAkAb8j9kQwrXYpNemddh4iau99,Cszx7NEwL1irZoY5SpfSDEBVQQFpZoacECLKqhWAz3RX,syncspace
8dSdBcvdjhBbZybJB8P3fnS4gUkJ8V7W6VWT1143otFg,5wceam6f3i2PNykKQkomeord2dhxsmyTEaEFxVLVaegM,syncspace
8dM6qfCRAjFp3THAEgF7QKvZEi6RuDEjFcrNPYDcJrjE,4VJY7tZRLzxExkr8g1pPGAoVGC2wzHTpzVYsSZ4VbLbC,
8ctJxz946xGtctnM5yGzx5ULPeaDZsP4JmGuya1y2qBA,9zimEgv6am5vkW7C3anrHZvRVS7RqH7YxiywWitj4DQQ,
8ciUfhCwx4hvuuuquj3sEaEsLJEpceZAxSUJU5K8ZST2,25TqXN4ToREvj3CVYJcTP1MWbbi9Dd7uUeQ7uTW7pmnU,syncspace
8cbfskY8gHAoCGsUCewdSgmxzATFgagB6FDwY9RBkULi,AZCZHSvpxSdfEw5ZD8qPmEFSnmzQy7ktbE1Yd6rXcdmz,
8cPEDhj7VShUseor9uqavDKYgWrTN7rEeedTvunXckrk,EhWT1SJXSCF6YTmUpTgH1xa8xZiGqEPSED3CWfR4cicM,
8bxXdfZiCFq7WuDuU6FYDcCochVAMHariY4Zc4BVLxNY,35cMZqHMHEngKuu7ftWau2GHb5TuhHL6wkZ89xBKkJLC,
8betvQs84jEWraJpYT8ZBkKsJHit2Nz2sZ2rjDMGDRVY,BBS9ewoMCCFJViPMA78oprgHMTBF8ZMyjw8BLwoEat2k,
8bXYzUwxJw6UG8jKH2iNwzSVApJxgSyXv9qLx2oy4xCz,2A7AezBv2BWAptTGdVAEsC7kuVMQYV7MsBEE7zFGfAx8,syncspace
8bFuTTqUHbD7N7rmR1Pq551UK7KEiREkoyFX5hEraJ5N,FRnFVoakjCChVX5DSSfoyKtTqod36uQyB7deXqNB7XYG,
8bDEunjXXBpxuBfydPTXwDFsbSweH9Af9RQkEJxkGXxP,2Ga6hzy12f7oFvS1zSYvUmvA5fLWiNP9ep5q4NdruTci,syncspace
8b6ztQUZZiMuw2KvLCP1JTLreaQHG7EkfmrAmgjYBdEp,4jvMY6Zee7GeD6hZpzefVFoHF8ZESwePtE5TSEd5AvKG,
8b1C64XhutgK7e784ajc7qF4FByYSEY1ZycjNeaJepGn,EEG2hxXminFAgtj21KwxrTeyTYKphKz6ofwaFgJVyGLm,
8axrNZsE3rDtc1sEgkQ1uR7LxaSXUUk2Ra9kFh8LVCBW,7UAXewU9e3CAWGszy2vhmprzzdnDb52v4HLnDXS6DBby,
8aqEuF9TtYfUWDYuoxNb8oZuiqqL8moPsE6vUyHmkeC8,EMW2CoproWKBM4nSYbPz42sR2XPYFbbZbzhZkWYycA1h,
8aWwqSY7Z1uieZyRD5L4QdfkodyDi4r8ME7yGFZvQcM8,Fzx2MEY6fuwjoL1g4Mh5D6dcxp24HEcdZ1QsrVxE5sfs,
8aVCLzAhk8m1CCsHS64rvWCfUx1kkaYdpJXkHTwEZ4CY,9wCTERJ1knmFZMQwgaJwWRuqcDp1sgzTsbJUQAvwQY2J,
8aUL6Gus2B3x9w1WNgFTLci6yZwPChCBvUuLYvCXbFKD,Fa8TzVCkeQd7ZMcGNZEvC3kvSKtxMymdv1gCVZoPexuW,
8aP5J41ArsShhbRpb3YJ3tKc2D6Q2pYVpNVcReqGi9rm,F87xGzGw6p7pfNggLfdhz1JhGh4Q13fkkg7QsAarCzZf,
8aKJiF8Zpff4CTGPKXYT3UvRewWykUKiyhAmXtjX8VJi,3g2TUkrZf86bfGQXcfJ7xMCFSmnssdpeTxe5V7y5GDpb,
8aEreekbBX3PsdMkZYU96kQchwYMq55TT1yHhUUWsbaQ,AwcbpyGPiNdPrtoBd8UpyLNF5EaszrhXoKqcqqDoHYp6,syncspace
8aDeP6jxAEG8BaDCuXpJgDDy5ctxK1sxFRMdvh7rgfwM,auryHMdwKGnjU4ZBjtacvARm8DcAVgEzYDzzJvVFfE8,
8aBQRP3sPQSzP12o1Uj9pV8G2WbYsRQyeLcB4QfGedb1,FRnFVoakjCChVX5DSSfoyKtTqod36uQyB7deXqNB7XYG,
8ZJbUzP4KnMD2mb23EkBjjGEHMVMsC2PxgB21ay512M2,AwcbpyGPiNdPrtoBd8UpyLNF5EaszrhXoKqcqqDoHYp6,syncspace
8ZARvgaiXbdqamV6ZjGNeZddKb9aoJqREQVT8DKc7kSw,BArL6xUM65nVibfGHShCxhbzZUDAPaPWXSHk2KmejwUH,syncspace
8ZAGN3hWf69oPdUNbcBeWPoWkroYAwLbYcVJdLMrupxd,CCK7dHyuEpixZpeRvnWMiNV6rRYDAcCfJ5GVJdkUyVQB,
8Z4ZoD4WBUgD5KXKc2Nqe7TS2ywonYSioNX7yqdXJmcs,Fa8TzVCkeQd7ZMcGNZEvC3kvSKtxMymdv1gCVZoPexuW,
8Z3Qey7EduZC8At8ku8xtPf5Xev74ierEnH7rKVh167m,BD7qSTpo1fqLvXW61kd3DYvHyAcMpHPGRQL1P5eMHWC9,
8YtnPeKSfaE6HgqNFC3uXqZQDUxbLNp6A3CUjYRDKsGF,HPHwmNGR5BHZQtwXxWfSMrLeyqASpc72miybBoUdZ78p,
8Ym4A573rYWQQXkDMxA97xSYLfe1m3Kf4ebDaJ8t8xCW,6tMR8UKEPPcKDbLx5F1a7poY4JV3vhmKN8p9a4DtC7LJ,
8YjfUaTZ1tvtmWWUuPSy5qo13hsZsdetxbGoL6HWfsbF,8RV5nZAYzT3FS49JxWmAMj4GnancVKUwJqBPjZkQP2nm,
8YiFz3Pper9WM72rcRwnxVHd6n2Ph6KJMQv4BkKggqk7,3Fyqnsgw8hNPNKdcUNGJWeEgKtUG6FPc7vH4upUrKKhW,syncspace
8YdRjPtHX6SStbFXd7jD6FkTCNxBiBFabYMYhzF7mL3b,4UsefZqaNyyWEYXRdYBbT15voWzNNbVnKBfdvyuLAwTu,
8YYML6YVLXW2RM9VyNooryzPzD32g7zy4WPQ4zL8PqbN,auryHMdwKGnjU4ZBjtacvARm8DcAVgEzYDzzJvVFfE8,
8YQqGWwn51W5ZDCTX4Z24GkJ1rPaStWBvxvgnd82rfMj,4dWCF9NcAfmfVk2yY9xhXHrgKxiMWRdwHec6BzPby4C7,syncspace
8YQMcd12NA8HXWic6NhaZ5kpQdrKv8jWGYf3HXkhGP75,2sqVLKtPE13GtTgshkuMuWkYAo6yavFr5cCQruE7jtsL,
8YHrbwfDjNvTAyAyTW16q78nxx5ss2rhqstuw8C7xxLy,8KGQLPkwaau3MeqL1EBrp7NatT5kq2of2AVpGngvWewc,
8Y5TBCn7zpTtzk5x2NNcf6et3cTc1RoD7G5eeD9Hdu9m,HTX9BkwYdwmH3xPVAyaiVC8pVusCp4gDWTqwLwzCM1bx,syncspace
8XuZsws8ayfjRnuyfWkP7Nhowq8cShKHM2adVXh7x8rK,EHuujbKShgCBa5dGH7S5HtsvGqPdGjMrKZ92xDiqJNat,
8XmFS1J2mfCkAbrbb5Peq8zTdjcFnM3jAHMY2CTARJ9r,9To8XuaniqtgzroRwQBeh6TJXEYDcgSaKhfk3y4bm5Wc,
8XkSkotr77cGKqQJ8FHaYbsEYdLPG39E6D8VfV354Csu,8mdWvYHTwRdFL1af5RzzoFmp7Z3tXqRXFZrSY5GJXC3Z,listed:tensor
8XgJASVu1DiMdTqaR4xzetZPjhR7AE2Gio9STyeTrzMp,CQ5fQi9J2EB4NyzbQVuj6GYPbh5yCDJPmfxQVHEKzD8v,
8XbqDFc9pQaonDox2HrUTmMyddK5H4Rug8SkQmEYjrbz,6Ewsa8gHBsXpELxiusp2n3Qo46RGUDfZmDcARNcGrM3J,syncspace
8XLLPu3UHf5CnkeYGtkJDGRdbjUrAy5SY6XgXJ9g6oio,GUB2oPv4ZPG6pPGT42EgG5gpYAcUzzpTsGBEyJXHkUo8,syncspace
8XHfJoR5CsnXS6Ehwsi1UhpfA3AXSspgQQPoozeANkTa,p4FeoceZszL58ZFJWL52op6uimqjDqNLBqnM6jjJVHY,
8Wwjc3N8Vhp7GNmLEwk8rYtk24xZ5Z13voZ7kHpFwJKJ,4U7tf3ChxC8mr3KHWnkV2bE2ogBJK6q8LHLvU1F9BhKa,
8Wj4VbSXFmftvypnCBWzt6nCyRvar6WcQ88MUSZrkmvS,7zeHNvxiSC9tQMmuqVD4LrUWsJDro3qNC4Fb3GHUKqPa,
8Webg3L53gqqyLikGM9AwxWqFpN6QuBzmLXZCftsxyq2,B1H4bjH7xzSUfBsQ7Dz3tavCZronq1KtKwJzWNKvQ678,
8WZNuHjoMVvaGDrPUzwLWJt4UqBp9bpw84Ygng1PhJPs,Fa8TzVCkeQd7ZMcGNZEvC3kvSKtxMymdv1gCVZoPexuW,
8WTjvgGJLgAUcskTdPsnn6Wq7w3Z6APSW2BkytcDB4ov,HRtwRVTmn6sbENbE8HPCyk8dJXURsLwBe6RMN9GnUpPW,syncspace
8WPyVDJAvkuYyVtp9444SYf1EW1eyNmgKNrcerj1xXmj,F5vaA4a2dZaUnJD7vUx6CuMnTqYEhmZgYTQ2Zf5Fw94G,syncspace
8WGVPx3gFSfjFBVBS1y49Cm4rx7yEJgwNNNwzoWukQDC,B3kGrxijtrb8ywPZbZvmEZtDRWnnLhAqcUj4tGJharjj,
8WDF45avHNyD2sXaNL8w2RHpnd76HE9WFMpEkQGJuvqt,6ZV8Z9J4LC6uU4K6RqSBij9uF35vfdWwzJoH8AdDQX2J,syncspace
8Vs4932txsmMuPMD1P3UrLRbtiboyvUDEyfKUwfEQpbs,B9N1yoXtwJFgbyNfkCAXhyaePpqJn6frnWyy8yKeTUqY,
8VhWHHc1DydHoLStPSjRgQLtjqGpqisFYHBkbcXHnDyW,JA6XGEauvsE5q3FAdduUZ3e2R7516HvY1jaJ19JEXuCG,syncspace
8VhL1AaLfD5ikHy9xWDxvoHLrjuLZeuFmAZWPEFzekyk,ByhRz5fsUqKHTQADw762X2LsPnnyY24R5Vg32bYFESqv,
8VZ42iKuoVscC96Q4kPVBu9MVoMcVFGMcAh4dpSJWnyi,4qYWqy7eVddKcykU7XtpLUrKYdF8VtPobn6tUuqKhWtv,syncspace
8VRzg92eB1ndaRPUZASecp7DGfK95RXxaYsniUW2jSz3,FY9NAS62iqRVkjSwzbWkSLammaLLa7WMduHkKd7oc6Te,syncspace
8VLiVvonyWMqyKoqhSmixgmLAggpTyWhUsnRbbKfuUnH,3R5yQyhgyCCHSKNcKPZvQYQzsyhywv3bXzg9hTN4g3LC,
8VHyV8tatCMaRukobGaybiPaEAHxRuYaChwC21N4QzVf,AUrox7sHx1L8mxEPrNqkVjHa16CXQ73UbgZtZTNPNLjx,
8V9Zft9z5XfyaMdrgpPuYJ2FFgbPnLAWNkNzwhtN5NQo,AzZ6rr8ae9s7td3qcbiW5SAzS79qVzA5nq81XGsxxWXk,
8UzCYsL4ivW64GynUwuGNBg8cixmpVZ72FFdDPyTBg2j,ADqrk7MYjYrSf16cADA21mMkTTXf8DfkmEGbb8Vy6WHt,
8UwhkfbBLfieEkxLnfEaFb4cg9JoNsBabwXMB15KGrSV,FRnFVoakjCChVX5DSSfoyKtTqod36uQyB7deXqNB7XYG,
8UpdGCSxKZUQd2RJugLkuJ4wygknD241NdHTEmotGAtk,auryHMdwKGnjU4ZBjtacvARm8DcAVgEzYDzzJvVFfE8,
8UmoFvs6rfnA97gTGFHcLexY819gAmQTG4vhGkLeGJey,CiS1udKWfC9tQqMLE2pDCryHMUyoCaL7PNWY3hm5o49x,syncspace
8UiPggKRRSADd9hMQsqQrQVz25m351BAZZUSwy6KFM5K,58Yx1W7M5uMcFhJe5Y8kfwjy7dGJ3SM6j5h2kvFZdrn7,syncspace
8UXq8DvoX58XUNDsWeKS8cFYG7UEepK27Z3t2fVJsx9c,38XvYSqcXqd6ECusFkiaHbCMxkDt1C9cxtnSUfRjcYph,
8UKdPF7XcaZbUurNrfxq8ioW69fGeVQAFLkndLQqGxBg,93PQuLZzpTCFf2VQdibMQyzBuuYeSg2YYNjxQ4JnVHME,
8UGKqSMwiEYTdNGmwZTcMoQ3Mmx15TQs7Y4R5rgHAyW8,2FsQJELBKsjgcHmdkvMNZLnNDajepB2WhyJoboi6Yq7f,syncspace
8U7MhQohvC7SsS4qqtrXqpYuBf4p5c8pXxjb2JsMrDLs,ByVuNRX25wtZYqYq4CPY5vhWx6hamgxjRPRXB7C1Nz5M,
8U4nQtQ1z5uVfxREst3TFPMrnxDP8dkQruGDC8LcV1XU,3wcuLnxQcrVUta1M1raxcD1jptwRwGxXAPBSZhdPnUSF,
8TzzSUBJVf9so5SsvFKSA9DKy8sVxCn2GE1EJTHhyM73,3Bt9z73wbKzDRgxybNH9CFgxtRxNCXz96rPE3tkTozA1,
8TwV35yAFhfNCxKomuDZXpGLGBch5rL5Gfyk8c5d6sdM,8LNpPupexXWho5zu3ehwSi6KDDV3zPyCmyaXL9m6pbyw,
8TpsXnMyzZR2kBZVYFuD4QFXWLaB8V4QETpZjDRdZHAc,AYFp6JBapPaSCf5rm9vFcuhRyhbD96MRGqz9C1BohVX1,syncspace
8TnAizJesmM8GULshCj5cabnVwPMMnBkA5sEnNJiugBB,4eQykgm9NFX99SMPsdDH4XCuPvU8Y26tEdeYQA7KNRFg,
8TgdqXrQ2K9XWNAMctwuc5AuPqVR3b4fKuwofxpAFn9m,BPaKbgwoBKRsMwbSV8FSncjxVDXXH9Ta5YRgxjar8EnJ,
8TeoPwrjaiT7bcwmVvnonVwnVvw5gpnRRXpKqvrR92ob,FRnFVoakjCChVX5DSSfoyKtTqod36uQyB7deXqNB7XYG,
8TVPshU2kBJsiYFiwbBd91tYRefEABfMswsBd5kSS6aA,DGxKo3SuFhjhaMSqfmKCSU55tCeWMs1g5tJYLY1aDbjZ,
8TTZq9fZHyTS7aAGPJZfg4UoiKZgXmKm5QeY4knxpa54,G43e2oSgeTEaxN3vc9iCKUg2AXaNhfs6KtRwoxgZ6qdP,
8TSukzNVcCB9xCHPi3iMbzeX4Hbs7nvnoAQ4fwvz5sje,G1rTKbU9TwsvzL66Pevc3CwZH1sGyEJP9fyEcnVGZWUd,
8TSarQE7vkYc3t8ckPjwaBGm5oZKLj7uUYzYZXSiWmKB,4eVcByLcXGavuwEBzJuyPGH6mUzrJr4u6kcdhy6ZJEno,
8Sq9yVpvDGUgkP7TjcdSyf52JcdDL5acjS1gZtTMR3bF,Cz9ZSoCfQM37tzHPNCCqwohsU7pHexWPNBo3K7kcx3Sd,
8Sh2Yvqy9oGj3U1yv1S7jd83YXrrrDXPKLtZuP6UBpmg,3j55KjrSyyegk9r8gGNNr4Np7oQaktPr4wWh7DVu62Po,syncspace
8SU9M2CLTzXvVYWeMFgQBTkhKHBefjRA1TJoXdHrTUkd,CiS1udKWfC9tQqMLE2pDCryHMUyoCaL7PNWY3hm5o49x,syncspace
8SF4gmDfKYcf1km2y4g5oa5iCZdo1WVBTy8q1c5tfmfU,BPHt1Ro4Wb2XRikL1z576Fgi7SWr3A1ACP3vrLBBKW9k,
8SDQLzZDcuWUQsb2v3rhCdTYVFsPc5jLfoiZVxYvPPRD,FY9NAS62iqRVkjSwzbWkSLammaLLa7WMduHkKd7oc6Te,syncspace
8RvozugYyawB9AhLvvXYN8yYtiSTpumDLvQ7KkFwDYGK,9VNc9BWtBb959bawciDdqr5zU6dTDPwSzB5PxQeHBL9p,syncspace
8RupmPYV5h6JWrE1DaS1ro2PSAWfKK1Qfeot5Md2mbYu,6BmnZ6VG8WX2QXzBasVEXqgXPutzxvwvHpUMg21Cpz5h,syncspace
8RmmhP9TWbYRmJG5mm8xVC4RNAyN62Y2KNiHxf3ThAvN,5spZwaiLpXnLrnj5ZwPqBb1cV3f79demxt8KYj4TGqby,
8RSzAvQru16MR5ehxq9qBS7DNt8sC5Kdgr2WBcCzeexR,2Hm3dbAYBCSdoYnofVYpLrzETTQt613bpaQ3SxnKxZQc,
8RFEnJksf3eWnoDuvLkz6hEpGvxz8Xoji8RzCJeiVCSK,BxMJyY1EsNoWuPgfR3NEDZ8xxhYpn2eSERgWUjxcoztu,syncspace
8RDrrQ7eK5CQdbZuxasWsXkVPo347d3DugxrenFpSHkH,DtGL3Aqz4DPFZTP7VdwRMs7dJJDLBYFzoqa2eRTa4Ptb,
8RAa3JXp8Ltme7bfKDqFsUym8sFLFj6bdFdqnDNBeQCb,7DrbRxLVnG33jjNjDntW3eG46JWumDDdMgYs7Q7tf98b,
8R7bLT8mA7yxZiUz1Lp9ouxf3cmsXHMAcxYARH5DMjab,V7JTeWRVrU2HGuM3faY1WKDTEPcYvKvRv4AvsEstNak,syncspace
8R2gDcp5fgrpF8rryioiNxBr6uUn8iUJChip7687fPvF,BGnt5Y8DZyLJ2bf5SkwwS1J2k3Gki6z6hsaGL45rDt7E,
8QxGUyH6wj7MAbaFbk4Dz8YaYEkJvXW2kx1gy7eJNKMt,5VbN4aQi6CdkmNjzi4ptQXvEHAkAXM5z4zWr2tTgRdeK,
8Qi8c8eR2HxJb7R9agQdxJ2d6ZG4TQZtpgdYV4ysSkCh,4pcVjUKSd397BUPWcXtVv9ZiVihXANWmsQRdKf1QudNh,
8QX7vD3mPommEURH84zEoE3P9GTeYmWL9LTgZNUHT3qR,4am1jJZxcNVQZCQb3JcVy56jKAEPykbhmap9AE8T7DrY,
8QVXobtRLVeSRDjYvho46GC26hQqgHUAVa4j2K38eVU4,ASA2N5ikuBWUMFCuP8TAEHEeT8KjDNXAqrmyypytJTGx,
8QUVUgmGscxT6PoCQsBCsphii1fTB4teLfwukwxeB1wS,GZCn9bLvGm9sYV9RLVi8gStnK7Vh9VnCb7G14ahjL6ge,
8PkkEF6RxgunJLUgDRT9PGYPYxSafte6ExGpnioMaM9Y,GZSAjRdbFK7Cb1KYzafu2nVhziETtQhAyrYNGADwQC8W,
8PfFzy1iPkG1XN1EZXSr4ft957Q1jhksw1fiyq8MkDTQ,4qYWqy7eVddKcykU7XtpLUrKYdF8VtPobn6tUuqKhWtv,syncspace
8PbXj5zdUvSZ7eLRYVax1ZAhJr8EPSVphbHL6ZVaZeLS,xoGf4bn8sxnYzsdgiZC57LcPZqT5YnPFtE3Y9KuvuNn,syncspace
8PZmDDV3eWqMyV47NPxJzfZnnE2N7TbHm8gKVfpkRK6x,AL8JFS4gjaQx89f9j8wtaNJgV76K8bw1ugvNtgvhgAnb,
8PJbd5gL3vnBAJwMCUP7RexiBS4XSR43uJmBinQSfpJM,9TAB2ss6Hf9MKpy2P9yuVY5ABwA9m4oWtMzhBtzRtLxA,
8PBd7t3H3Y6wwADozD8jiZLCcXEiTjuSXYDpG5JbGfJa,HbP4cAvceoEpgPyjFBRUNeUGWeqsQJ8TsrCq5SFF4YYE,syncspace
8P7vjzHwtANKmbUm1rdGdZhmQjw8TDvnCEsiMUsY9Qem,BtozKzZwR7BkeNbV4bjiafwsi1sq7M45KMu6kJbPhRSx,syncspace
8P6WEAJMyCXMNv1xKDfx6QoQPXg2sZgwCEjGz9manpSw,EGrxM1YEc9cjJQj8AeDmQJh3LRn4FrS93ZQUKj3ccjrA,
8NyguG2fdoa1wHuvXSY2VWa9NH5Cs28WGZP8WDng3WWr,9qj66zMkDdUBFw4GaAwKBgyyLfYRt1Ax5nmQGjhV7Lya,
8Np7Tu3J3WVyn4NfTFNNbzgnxtmQyd7sqwXqPP7krSyE,ATakg2kwXBFbFbzrKgMhDorBd88VNpvPEPvDtfuwWzXz,
8NjrKVekBTMFAe2dtyseSv2B7zQB3974AJQJEBopb6PK,ECSJD55DczBSSJVLLs6aHB4Br4szXV4TNep3HbeQbtLQ,syncspace
8NbXmPrq7HtjFc5CTCw4cphQfKDoZhuYoDNSAr6oxcKL,B3kGrxijtrb8ywPZbZvmEZtDRWnnLhAqcUj4tGJharjj,
8Na4zE1mTawpTdcGum6oBotz3ckcMzdaBUKEKHorFhW6,3j55KjrSyyegk9r8gGNNr4Np7oQaktPr4wWh7DVu62Po,syncspace
8NY7ZvMsbT9VnqpoWMKiGV3afEA1TPKUtCp6C7xXSDv9,EMXRVhMNVBHSzXdi6U3CLh4TAGex6tjtry18Wmu2Qtgb,
8NXHUSUhz8ZSAHiJU87sCBPGG3stZaUzPrFB9muGUBvq,J15wZMHS1skNcdKA3dRCaxg8RfhhJqwtCh2Xta4Mn3JA,
8NWBS1Zue6DXLcnA4poEvzSdNUKrqmAUydRA8vmdUyfM,AkHTrLH3yCgXJh31Tb8UhQJxJKJFDpUND14ZfUzvsRG2,syncspace
8NPtDLjgj4BFiWZauc29gjQrCohYn6krdkacshyqdNJr,DLTXMLF7JiPhJsNmzcgTF8YyUQEjnUs3GPiSdZxYnnDH,
8MnUwqqvZ1mi5TpJx1f5ZbiPgbjrNH8gK4zkFZRW2nox,5AysHo5vYHYcqNaJ4zrKKf7aRFfWXCCtQ9gdPLfpudfA,
8MhFEvH14tMazrzTV4RM3cxbavHpwdfi1DaGAQqLQPoH,5cZcLmR8UyAcNGJu2s9GcoM5vQnGnBMASi8qczV4YZwN,
8McStS5q1CQRBVim1sdAwyJAiprdZ7mCZrJ7M3bfTKix,Fa8TzVCkeQd7ZMcGNZEvC3kvSKtxMymdv1gCVZoPexuW,
8McS92FgxGcYY5Ly6Lw6zcSDV8dRzCzwXxmWad7yaEHd,61joDy4dAVhF59cv8yhPJ1FGAz3cPFUMLwzhuBuquj2F,
8MSoqeXk3sEYvqjgP1kCwhdUMdySgQwMJwXB3nW8L5Wo,auryHMdwKGnjU4ZBjtacvARm8DcAVgEzYDzzJvVFfE8,
8MR4LsCwJ6EQcZi9Vb8ohEUvxpJmLE3U7H1C1kuDeSZg,BmfkkH6GV81NGQLiiDNr8PWhm4XnuvkLKWAPW2dR5eYh,
8MEk9KZ96t52zz6KXzmFQdVd4HfyDbzzi3ZpZY86Mr3K,5AysHo5vYHYcqNaJ4zrKKf7aRFfWXCCtQ9gdPLfpudfA,
8M9pKTwMP4GxnCHFsAgiQ1BqpxzWYt4ZgawLPmyAfHVs,HtG6hXqM5KZ1pyLADGMZLtu5hmrWeDoDFUKtRnGhb4UV,syncspace
8LfK8fjnLLXwNBXm6oL8vpEYbLx56WPPiFHcwHD17uUg,Da6NhHbxWuahePazRthG9k7odGXnGarp1TUSLKWASPqD,
8LYgSPdgDk8ZkM5rMwZAeK45bkXUfXYmDXmiXoMJjLFc,GLXy5LwscvLKbEysdkDywyFg1rBQHb4EVQF9F8BQF3GG,syncspace
8LRtWHYL8fsYDRvuMRB1f62VrjCw5WUDazop6yrZ79p1,FRnFVoakjCChVX5DSSfoyKtTqod36uQyB7deXqNB7XYG,
8LAyHvM43vK7jZBvRtAeb849vHuozYiKCWMLWewQXGq7,CompuJkqBtGgNyHuz48Dt88eTBmzKgytV8yLd7osTBFD,
8KzoHBY4yfuS9sreke3YbHNn6APyVL8K9QmdpQuhcsmV,auryHMdwKGnjU4ZBjtacvARm8DcAVgEzYDzzJvVFfE8,
8KvCSuqczmxcRJSma4tgC6sV9UULd5RB5fJNbH7NXPJb,CiS1udKWfC9tQqMLE2pDCryHMUyoCaL7PNWY3hm5o49x,syncspace
8KnosL7NfE3BXaYqkCPycTnjNXSJiSGBBtbkC9dfKAo1,AjSwyVNd42B3MAavL2g9xBhmTtTEwMoE1Zt7eUwkvsjJ,syncspace
8KmUx1F5euozNdrdaYpTLU7f3Eq7FFpXb338Y1Aje9dV,6tMR8UKEPPcKDbLx5F1a7poY4JV3vhmKN8p9a4DtC7LJ,
8KKRkiuQZcUvXWzvtwsqox86Cv4jrApQ6vKkRqWYgNcw,HTX9BkwYdwmH3xPVAyaiVC8pVusCp4gDWTqwLwzCM1bx,syncspace
8KGkPPstM7SNwjRyCUvUG8aH4hZXon8T2ZnRAeoBdA3y,77YwEfwafni3jwyfK9jwrckSTtBHHz4NZrHozsULZj7M,syncspace
8KFdnuRLmEfmf6z3SeF4KT8NsaXkUMe8Bq2JaPyn56su,28q93SMQKptZVZLqnHyakP15DFywM8gBmAqsohNLpYQ4,
8KCLH3p2QfdoWAMB3TLsiEE3Zj41HoKvgoAkTcwgRNKR,g6sfrrVoH3MqGc1VD2JyyVFeLn1umMbBqWRHBx6pzPo,
8K4wL9hPnw2VjDXd6FE1Zo4ydmSM5RmFdNWjfTnr9YWo,65F2wSi2CWe2qdkiHTTfUAVKDtCCS4fqoZctgJeWvarR,
8JykF3QLDDEZDZQFvrtD8Nb5AZnA2XXZ4EEGLdNjMbBp,26UgX9WSX9vadYdgfcp69nkYK6mjgfkVnHkfkGCyyqGh,
8JuSuETFCmuCZhis3GQUPZHiAy8iJFREr9mhTKgDCiWd,6CRQkXT7cUEYFhHkWVymG9gDkNtdAuVdZTi1RXkxdxsZ,syncspace
8JsRHopcvNAuVfzdo2hgaa8HzppxuNa3NWWri712iRCy,HTX9BkwYdwmH3xPVAyaiVC8pVusCp4gDWTqwLwzCM1bx,syncspace
8JQohLTectLoms4mo8R3wXep1Xizf9SFJeLAfiM3581L,Fa8TzVCkeQd7ZMcGNZEvC3kvSKtxMymdv1gCVZoPexuW,
8JDfh6PN7nJiFnZfz74otu9ZVcSDVAYzrSw42svMBo4f,DnkxUHYP9TTqNkEEjsz35VvZ3FfUg9tLEVicdBjmRMxk,syncspace
8J6Z9ZChvLC59PzmhCVSJeScnYn9QpysjWDqjjxg812n,48mpgkYNJuJhuFt6uk3N7erEVn2GXpFtStAhSK49Rx71,syncspace
8HxHvkQegcDgmury5fjjz3m8XBGvaSiejqcJxA7iWRKq,2ZR31cLLfMBCMTC63dnRcL3cGgN6gWb2vetybXphcTTR,
8HmRBiyHgdumHjqkcbX9YiG4r4LK1szJwzCM3xwa4ycB,4U7tf3ChxC8mr3KHWnkV2bE2ogBJK6q8LHLvU1F9BhKa,
8HehFkHSGgKeuhYyhrhfVr4aPxQ5WHi8oxepwJyf284L,4U7tf3ChxC8mr3KHWnkV2bE2ogBJK6q8LHLvU1F9BhKa,
8HbZXaEbNCFrWfrYK6KoWW3VSFJzvwHVeY6UnQw7aFNW,2VvcXv9s8fFqpQd9zoggZ7uLTRDozFPfvMmjup55XTkH,syncspace
8HS8e7D68GhQted7ES1d5jY7XZD9rpS5MLboYB612CPF,FedFeuPRjhrpcd4DCZbc1uR1EoP44kcWBcRNz1WZ5moa,
8HQqTZcDLXPEmaKkw1yTHnF7V6pDTEUACug6T5hygtfR,CtWmShhjxjCfKHzkupWro7gcMpTw6paCAVAvLmW5JnbH,
8HKipHsPXVUcrUpnYfwRE4SSZApyqh4PSxZXCjHSALFG,4E5QJ6Ftq1ft9R2Nk2XpWb3Wfho5Db12VZ1FFhXAKFLc,
8HJZTuXFfveU6HJDxVRCbQa5JUsUYt2YLRuwZ7mDLLFT,4qxpyTsoAzHUyaFMZBGtkMaiMKdZ6KNjaFRAusDnXuze,syncspace
8HJBjCBVrYHZtxthjQgaWxZsbWdJwPH8RpkET4TpHKCt,8NGWUn24LPkjyAGGHPcN5ZyyKuQmQSYARXH29Cb9633K,syncspace
8HGn3UQYj4T1w9kCSUXKYYJ86G96AN3uhRvRh2yUEk7E,AJXmfLNPpxdggSniNXetjL7s9XFWSvrr5fqyxu1K3p5T,
8HCe99w6rpFw1hrFrvVTjBUKaXMnjkTsRjF4BbBUHWfe,APn9ra3FAxyRZZN2mV1HYrG7k75JpR7rQpyQgt9g7Umy,
8GzPiPZNw94dvPLsp5oTuun99LUAwTDCcscDAvLRhuqi,9bnE9QnGghTKTJhzgpfKpMf6Gyjoo5ctQBi2CUHffe4h,syncspace
8Gox4XmHbAZgnz51cNUCXeriZBme3grXUQis7gX3dQV3,FrVXvSDni3dQyxEYXU4EGe2oLEiHMPZuceH4ZL5iWqwg,
8GntUdJcv2LNhoxPVbWtUV91T5GLB6UfvKBd45KAMpQh,7eLAFgdteGHzquXHxhMG6YSeS3tvzfax55W4PQL9qq7U,
8GmZ42paZg69gvHwqcDTrRXWj9yGB37NgH518bPDQeNa,aumuHzMdUFiFCvJ7kk1djU4CViSzxJk3FjXTXgvdNZn,
8Gm6QzrRiJAGnR5YZr3anX5ZCbK41NFLWSbzBwdtPPNY,ENh5tGAAvc1dkBoQbQ7nkiMPm9yBc3by4ttu9KPSTRnr,syncspace
8Gf1Tbkvi9kXZfuHAUf8qNY6oXKAMZM58jRJiSNUSSyL,GDHeykQYxZjpRecisZaBVg92pKJtmH4T39waGiWWvczg,syncspace
8GZvr745d79GGGHQtr3Eg5RPBGoevzhMfV5whEZJKRGg,tcg1tkMz39BrYWZq1cRo97dwtYRyvSwhjUBoGVjHv3W,
8GWaBrcKdiVGobUVH4Za5pah6gYhZfeEttUPf95PTygQ,6b4aypBhH337qSzzkbeoHWzTLt4DjG2aG8GkrrTQJfQA,
8FvmSqdHoHKtSvBut3VUXwD8uXJ2zuJnQQwSd46mQg6y,6j8KeRkFhZQBzPnSbaEJP1Y2M41GbMEsojDNmyoGwbQS,syncspace
8Fku4CAocSCBjhDbUBo8SAuii3aA5i34dYWuqefJLj5m,4jgMAwL3wwqkKV9rBpiNHGNNVxeLyRFM4pd7dpLjDVLE,
8FfLq12bxEAGaufDHLLVEp34SNSuCCGsAr1rbq92U5kD,HXb2YB3VjGMZiTbZiqwgKkcYwWzWcvhbSQNwV7c6HbZB,
8FapQrWLFeCM1VAHKFWUzwbVFPCvCUZnyYTh8dbFQcqC,auryHMdwKGnjU4ZBjtacvARm8DcAVgEzYDzzJvVFfE8,
8FWoWViMeHSFT4KTjk3SV9Z1w2KmuNZFJB2JNrDtnFvx,24y3dawbENBAoZQ4FY3xFcTFxpGxAaVvKHwMpGghPLwj,
8FUtRjrH5mZQ1EHycsSE8m3FgcGQJShPJ7WtKM8QxcPh,2uig1fChZXHRUAMG6HLEZ9AsyfMG8UiqmRtDhG54zUFA,
8FLRitvnBjwjhkS7SegMPHx1eqcRBAemkrvkF45xXMy9,2ULsvtFMXBRVHehYmDup3M8w6TVoVhTHqSuPzxJN18hN,
8FDZ8zzuYkvJt5FVoivPsLmZ6GN5Ss9YoW3QCskvaJUp,AMvBeRvywSvxjixnfy3wCdJbXhZhUuAHbe9ru4Kdr5cK,syncspace
8FABCT5MgByLK6rLreBnWYDd37MFUokM3gnvzKw2rS8v,2FsQJELBKsjgcHmdkvMNZLnNDajepB2WhyJoboi6Yq7f,syncspace
8F6GdbpF6c747ApggMrtkV1qVsKpS4BubJmDThbgcz2H,Hg2gqbjGgL8NZDmJk6jfqskafuK2pPqccSq5FqamaTX2,syncspace
8F31LwGKSbaG4iPFF1eLSmSpB34bin7aDPNeDGGEKxxS,AUrox7sHx1L8mxEPrNqkVjHa16CXQ73UbgZtZTNPNLjx,
8Ey44FANAQF8QeLcTUMJ7nxnYYXNhwE2cRjMLRxPGguA,auryHMdwKGnjU4ZBjtacvARm8DcAVgEzYDzzJvVFfE8,
8ExYNE7KdHaakB17ygQq6fsZP1evHLBL4w7j2Jvv7dUc,BvAZehqZdhfSFjWYiEwvRrTyfCSTrSrJPXmpkjzXG6F2,
8EvcCfPDAXbF6CgSUy5XMtNnibdz5vMfd93U5wuR5eRZ,HJ4AY1i5CFVW797mfiJzcr9fbBWtF1m3V9aFisxVRL6a,
8EpEs7BG6FSmXJwcDmvALS2oQiH9DXgFVnLXStJNFXRb,4kHHoMfo2pMCLz3WsPMdxJRP3vrtbPuq2EjFtkZqZdLv,
8EnVz24J88cSU7SQxzuiFUnYtsABjTJYT9e8U6x52ykn,CB8Pr9uzrrFw8BFnCqworH1wMa8DsmbSKgUNwVWnDGrL,
8EiwqArfdTJWyiwq7Zh38rCPiuvtdqMYky8oCCD6cVCh,DUCqxvyFufhBnryonigeLbN8mb2y8B6LsjfpDJThS8Qe,
8EikCb8XSVQpddzLMCj2xpmGRtnm6uhVQKCS8trmYEo2,GdtmgYPv6WPQ4jgWb1tgPz7mEKmadsbWgSjfNA8oWchC,syncspace
8EedJFmbhBJF5NdunvneKrLZCL121bLXWZYDnU83mbZy,9pRyBoTvsekUV3ycQmSJtqULrYb2Dv8HFcSdLWNpzGdj,syncspace
8EMRhkYYDQYw24SXRXu5Hw471b8AoMGmDSj1vph94FGB,ASA2N5ikuBWUMFCuP8TAEHEeT8KjDNXAqrmyypytJTGx,
8EFP1xJDqjpkxwyhP729F7PgsR6huWdYeRWS2iYnRyvB,5wceam6f3i2PNykKQkomeord2dhxsmyTEaEFxVLVaegM,syncspace
8Dycea4pFmnaWMESwpzP8Yb915dvHQmg6y2rR6jZep15,7ujUjB9dqKEoCbJqHKZ8Dz29hwMrumSR1gSWvs1Y629G,
8DtJze7u8MsHUwnKFP3Yzz57vmg89jNEnD9LJevdSHJr,AZA1oRVjqBHFLvqxrbktRoi2Tf1U1ihKfqHvLSNMxDrH,
8DkrQYc2wp347YdmzxQac3g1UNbjWCpvDjvuTDoH35S6,GPg1UBnaqBjZS2XiMfEpgWn5YBJmNkVd11HXjYrDmVsr,syncspace
8Dga7KeZsBJgbJ9rMM6h7Mg4geBJeAs3cPnTP4BkWn4x,7N3gyzy5yYKCcDMst5cbugR9SYoU3kRiCjunEJKnfcFF,syncspace
8DYFBwZKnf2PQe8GriD6axgPrk6k4nLPNrRdfxmZwg11,AMS8r7yhp8PzS2R7F7P8U1w5KTD41GmLmd4piaS4v6Si,
8DRqndapmw7z92BHHxf7Dv9wb3r5Eu2mfEEvNduSz5En,FJd1xSJj5pvVJdrLGNPCWjGzJBi4xFW3TVRSRX4CzCF6,
8DQCudhABLPRiyXgjsaFyDQk97q52ZsLgxbzK87SHgnw,HTX9BkwYdwmH3xPVAyaiVC8pVusCp4gDWTqwLwzCM1bx,syncspace
8DKaPW1KjkMR1DrgLFMmLi4oSeX6JqNeG4dtHA5tk9pz,8D5GUHLAhZuC5meSxafvxJxLa2hjw8oV4zVS7YBxVhHs,syncspace
8DEUNam6QTgypiCiZStn21e3U646gqzZRf6VwKYcyH6C,E6MafktJ79ksKBG3uJDReR3pWNq3rLJTPQ3VpVs9UoTU,
8CYZK5Y2GksLFcWK6nb7qLkdvcfVnU767Hn4Ed3FhMu9,Da9HbFEvXcnD3SVRdHt1GUPdF2dMbX5QkGqzcqjcedBs,
8CU6ZeAdbEC32FcTbpuo89Gj2XRTc2oY6K71ub8SYoJU,2VQA3FT8tWRPgiwVPh2oKm1JTA44ocGspKn8yRZRvXiS,syncspace
8CBi7o1YauMdszJYKtJ6anzoRLAUr3iDJtd1m8pYYmGa,BxMJyY1EsNoWuPgfR3NEDZ8xxhYpn2eSERgWUjxcoztu,
8BoT1HwWccKDYHtDLixa83cRHoA2cYy2koGqtMfWvy5A,5k15YfLg5TmTeVUAuxpQgK4r3Dzuu9ce6RwmKUdtDXYH,syncspace
8BnC7AqxjywfUtJWXBhbW4xBC3iUXiGGqKgo9tqDEFFY,81MMZdtpDzevCJLcFLiSm61DFr8kqnrPVrwG9XGQnpqQ,
8BhYkxYTmUdqvvHar4vgH5kfC8xqFjwGs9CCTJYD16Z6,69p48W88WvK2FUKJnZvjPfRs5TnB6norWyZ8Bhb1Av3b,
8BhDU5wmyLHz3e4TYEBYJApe3Q9deN1zRsX3fUjekDBJ,5QP7XpUs95H5VZxjzmxGzC3RHYDSAjK9sYyDoK6uuNcd,
8BaE9HBrCLNkxGak4mnXgKCPTr57e3nKzSR7wDajMi6o,DTUVLn3orb1TEpkBmhZvjJ5fSXFU24RAnyscu8p4ELsg,
8BZPHTRVQTmcaDeKu6q2tuEE9bPQ63qi8YxKbqbQGs1a,autfyCR5psTc85smVAcGQajFT4TC8xxPPH1wvJu2Grr,
8BViroYQLk68Lnb9nmNivMzwJys5vRfnC2B7RKTyUZuw,83aiAHyRgBTKKQf6EKBUn6mwGR72K25qv43jbEdhoB8N,syncspace
8BRsCXCrzh2zjEiiEGRKDN85cbdsg9q9QDtGYq1FBGPy,autfyCR5psTc85smVAcGQajFT4TC8xxPPH1wvJu2Grr,
8BNmmEQKuUiE3XhJ4sWdmQuQguGbF8BoUon6rZrdhptU,8eJUrzZnVgcrQVwYr48e9JqHZX6TRbE8WY4nzhBEmbW9,syncspace
8B4mxePe8GWHk39qUveAmkCfyXi3mCiavvwGQJFt8sxk,3py8w6WyJJNX7aBxjA7tGK8aTyUK7fr67BK4bFJJrCmt,syncspace
8AzDrmtQJKJwuEYUuUL49RheMuMLnaRv8RS5BKrYK2w6,CiS1udKWfC9tQqMLE2pDCryHMUyoCaL7PNWY3hm5o49x,syncspace
8ApKTtLHYnGygTABg191h8NdLbvfKvT5B7WddU9VmGYB,G43e2oSgeTEaxN3vc9iCKUg2AXaNhfs6KtRwoxgZ6qdP,
8AhHcU1pM6tt1cGRrEpbatJrcUutYUbZkhvGXbK6ciLp,HLQQovWxjd4XED8vzCUyyz72eaWW7NJd5MdE3iv1L2iL,syncspace
8AgPJFYUr5HzfCDdH3niXtEWqmbZ5tn1rS8v6g9HC8ab,DxEYVJsdtCmx3DJsxu5A3LuSDgkyNqS7L9uKYfqoCek4,
8ATK1VXPHu6mFX3ZyyP8eEM9PzoAGH1voSnFZYwywpKg,5wceam6f3i2PNykKQkomeord2dhxsmyTEaEFxVLVaegM,syncspace
8AHTajNy1CwjheAh8F4GkmWn4rhceuwcNFHRR6WRh1NX,Cz7K9nqQNt4CAanxHxt7AeqXGDPCF3VPJNTcRjDLaSLe,
8A4WLVNkhwQJqPAeNCuhVQiphZBcYBBrEi28Wq2aYSUz,Hg2gqbjGgL8NZDmJk6jfqskafuK2pPqccSq5FqamaTX2,syncspace
89dzF782VrkUDsCTqasoyfoRpy84duJN3jWEBp4qLqNP,auryHMdwKGnjU4ZBjtacvARm8DcAVgEzYDzzJvVFfE8,
89RSzGzf2Zpo7v6vD7B6z6Mshjb9YH2eCNtA1gDaw1SW,ECrCEVZ9Bqj9EuRJr5wW1A11aV5ctrHbqyJXcEX7swwJ,
89QNcntBXzE6wt67p5wyLjwDz812BQyfkaGpNVHwKUtM,5wvpUfFHp3Qi13qssiG1nqiKhUdjBHrFaUhtVV8Bcv7E,
89N9LEvMHLFfxY6CCRJTJPctQYjQRyaGEmesryJ9PbGi,FHenuJprut3PXkTFtjcXzLEpPJp5hcuwqYZw5hYMjAeh,
89M9LpUyUwFJ5JUvpf8MxEWrRDS316n1v4WEyPnL6Czd,CZqZmhcbFsv3rpaYkyMum77euS7HRgke8wZUSbSYrNr8,syncspace
89D5PHQry8gNpZF23JuQ9fTVLqJdtS7fQM2jDzRWnhVa,aumuHzMdUFiFCvJ7kk1djU4CViSzxJk3FjXTXgvdNZn,listed:magic-eden
89C8A6GhxaWBrAiky3QqKm4GNru1Az28AM6SrAWaDQiq,auryHMdwKGnjU4ZBjtacvARm8DcAVgEzYDzzJvVFfE8,
896VVi6zQZtLwmrc4SfdruZpDgDf386Z1AtTSPBEjFQQ,G43e2oSgeTEaxN3vc9iCKUg2AXaNhfs6KtRwoxgZ6qdP,
895piUmA9aT3VC2Cvh4Rs364fNx8ZLEzEFBypMDd8tFE,4n4Sa2oyfeWocxcZZ9dgeMmujEosHCd5RZZEe6Tz5sYK,listed:magic-eden
892EGDwnwjLaktr3voMYhRW3FYpn1eum5BqGrrh93Nk2,G43e2oSgeTEaxN3vc9iCKUg2AXaNhfs6KtRwoxgZ6qdP,
88h9UDW3x3imxBEm8Y6CVgYahBmPx8cHvHqgV6xNdvbN,C8aLbQZv86ZyBePF945Ei3aRD2biTo1W8HjAAgc9Nyqq,
88aVJKwDqv6QDjBAEENKqiLaimX3RMTJQpVVpsvbxCSK,C6m55xMUjooKCptgP8yxfYGZu9YndwSypajzkd5YV4UE,
88XuriCsjstTAdrsJCQZNpddCpSj9PFBmbuVjUuUr8ks,5k15YfLg5TmTeVUAuxpQgK4r3Dzuu9ce6RwmKUdtDXYH,syncspace
88WRqo67kGKYicRrEKzZ96FpkGey3YfokM5Lk8A6ih8p,5AysHo5vYHYcqNaJ4zrKKf7aRFfWXCCtQ9gdPLfpudfA,
88DB7MgTFt6zWyyJbTLNVsjCt7oKAnvQsPrHKDHa2bKL,FPNMQhpGtXRdh4LcMBQs35KZsGpwQYJDRicPgD63gUj,listed:tensor
88AxHNEyjAimcaEZDSPSk7ML2U1VfpWbcQXBJjBcSvXk,74RsDhuu9c5vfyu6vxE9UDDBHBLW1272EpddF1G4LqV7,
888JpAniAogSE8zXSTkp9b8HNuivpWkFCFwxNcRbgFJa,6VewYYXBzM8GgCKgWyoQpimc7zNGJsM6zqgrTvYxXiZY,syncspace
87tkQVfvWcjyEjRqXrNRmruyKW2JRmWE47vej5ohGS9C,CQTTmKFSM8injf1sd2uGLKN9wHDKLYZnts9RZLyVdcmZ,
87nLzeCvU14WwB3BumGnmNMC6WGk562KSY7LiZrond97,6mqzB86e1frcyJiM2Ubv4moyyqgPDnPAhZYvPb2wjUvp,listed:magic-eden
87h6azZdbwXycsJToqAogQQLNTMX5XbkMY6etdmqpnwB,5wceam6f3i2PNykKQkomeord2dhxsmyTEaEFxVLVaegM,syncspace
87aayNBXRjpyvQMPALxr9gD24TPYgvGbjZHmZt3JKuxs,G43e2oSgeTEaxN3vc9iCKUg2AXaNhfs6KtRwoxgZ6qdP,
87KSXyxYrh3VsUjhpAdtvRbeNddPUtGBcpWysAS5SCFs,BcP94V9puoVeWQACXC9MsYNZFSV8Muobh2r3d9CZpqpW,syncspace
86My5fof2k9ZGftTdnumG8wVk5TynUzppUJ2a4nz2E9q,HTX9BkwYdwmH3xPVAyaiVC8pVusCp4gDWTqwLwzCM1bx,syncspace
86CuknTtcKaG1RA4MK6g3HCVsrasG7tEK19Mqdmeropc,2eWkTF8tSBp2si8Z7LDgkswJZ1LNGi7DPU3NNjV1i3VJ,syncspace
86A5cqRsHVfHoFnZQdqJeDtWYJpiuZaUie2qWGDcQEBZ,6ZV8Z9J4LC6uU4K6RqSBij9uF35vfdWwzJoH8AdDQX2J,syncspace
869MqqVj2kgS2vNDauVei5Ne45xu1yg4TuYcLFrXNhYY,6b4aypBhH337qSzzkbeoHWzTLt4DjG2aG8GkrrTQJfQA,
85ZzeUdFKntFMbZdsF1TB5Fjy6MVPZLGvGgp8gYzPsMJ,8HnrWxZP6DcUbfNQzaaqoaq6bFD6nQFW67Lty5kDgDDm,
85Wj3k9DkfHsJYiGhegyFaYAqXDmvxhBo8foc1W1HVuk,GpGFAkigFPG6cbPUobccKAVVD9BDHNpGd38yAuQh7N7o,
85LxuVuWSq61P68NsbLFapath3HeaTBBoX6GQZc8yF5w,5bt4wxnowyB5ZvHypfxwqJnBxAfKcHgkeRJfshBmnKad,syncspace
85F1joMrNU16o1TYLMhwU6BZBLhevwCXcAYuYr7R5fqC,6YurbRgkHJ9PzsfoTuqphvWcLMLEG5LA65Mh28G3k8Kh,syncspace
85BhFr5GMWoYXx7XVZaJPJzDjpGuQePAtRZhkH5aA3eo,65AbemsCmAALxjyQSskyQPd3VzEXfWHzQ5qFSukkXSbn,
84mbidcfS7iZGpihwHJMFbfv2LF3e3rekRMa6tHd8HAC,5k15YfLg5TmTeVUAuxpQgK4r3Dzuu9ce6RwmKUdtDXYH,syncspace
84Scs6LzCiE5mb39F6c8cTf8JPo37248Tvf7eTr5dcWa,6Bo1tFfHVzawU45VQsVhMZNdxs6FdVfTX6YxLcFX4bKc,
84KDJxu9X2FXTY4rZsayLWX2521evLDEaHiL7iiShDmz,B876PYRrwopv24X4fGr3mDZM2Li9q25nmR1QsGZiHK8X,
84JhMAMx1T95pVyFgwGK1ztkzhmR8gMHeG1ymvN7bsvo,37qBNVxLXuRRny4Sdwf6icBQ3pDJ3S43N7oUxqbTSUcv,
84Dx4VgPrfEZX3xJirwPrdysY3hqEJMRo8BMF6TAbUZW,7DnqWV1732auGkzfKgNxzcEHJfapX2GbwZ1w3aqoAN4z,
847bLsm4rW1FNFHJo1QVkgV2q9XnxgLqp4uHpiTcH7rB,HLQQovWxjd4XED8vzCUyyz72eaWW7NJd5MdE3iv1L2iL,syncspace
842KTDeLA9TWpiDH86PhG8cpQE3He3ijwtyhhMT2B3yH,9qj66zMkDdUBFw4GaAwKBgyyLfYRt1Ax5nmQGjhV7Lya,
83xb4p3Mmrd6iCfGsLruJKRcjX5bBq1LXN7C86YjU8mT,Hq23RE564UaA9WNxMmT9Rtpr8RFUwaYoh6XrGnkMoUAc,syncspace
83tDNc3EahkwWpS8iZsscyoVDckEuEpjpgSZmitWkCbf,5k15YfLg5TmTeVUAuxpQgK4r3Dzuu9ce6RwmKUdtDXYH,syncspace
83p5YrDaJqWwju1vW1QWNm85J7zpMKFRSkg2ZWeSdUmN,4U7tf3ChxC8mr3KHWnkV2bE2ogBJK6q8LHLvU1F9BhKa,
83o9NVWm5QJLJmzfycHjqM6NGn1LyKWLzTzAJASVwJeu,HBvKBYH8pT9HgvhEV4V7nASvAECaQUpKiaUiumKrJnF2,syncspace
83amQHFvSwqcQXsrNZiR23B51Sg8P8rVSpQcZcR9QkPW,3a9e7wqpJcjB7bSVJGLE6o9m4qnPjcSeQ9kPbUw6s97e,syncspace
83AJXJuivGsPMvdfaE8jJNmMPW1HPUbFnHsGbdMG5U6S,D85VnjgoN8hup6JJ1He745WvDzkEvHHWwkVVKB1rawUT,
82wCjzVvKK3ey56sPkV3r4jmvsHvNU5Yyw3F2vvfUwK2,3YBsMBr4VTUPAT8tiwAd6cWXEJp7F6CRkrLAQzyRCCAk,
82v4JRTUnL2nBNxTJLGAb3VcbVe8tkMXVevMZ2cpwJ7C,5k15YfLg5TmTeVUAuxpQgK4r3Dzuu9ce6RwmKUdtDXYH,syncspace
82q86i3iFn7dVtA7AMK55WXNZ1bUDotwWvwvwjH7VXcS,BxMJyY1EsNoWuPgfR3NEDZ8xxhYpn2eSERgWUjxcoztu,syncspace
82XEk337P9rmWMAostAWxcvjTMda8e61EYMwKMC3JRip,5wceam6f3i2PNykKQkomeord2dhxsmyTEaEFxVLVaegM,syncspace
82TFiPb93ZwBm53zGQqvF3raSATp5unpYRzDb3Qwmcbk,EjoS3vLNF9ELpxL15Av25jBvHPtvvhYSRiBQtXMn4eJ3,
82SVtpshKhGCouX6LWynD4JbuiT9SFihKRjd8Nmm4v7d,5wceam6f3i2PNykKQkomeord2dhxsmyTEaEFxVLVaegM,syncspace
82Rmbrd5Tww84NZHLQoe74GeBMzsbGAZyfEWHqEzFewW,4iCfDdgQQBqht1C5N32j6PFxHvQXuVntRhkH3m8ar1ZQ,
82HN94rhnvmW8zSnz8bM4tPCMgWwkCjQnVR8a33bnnq3,FRnFVoakjCChVX5DSSfoyKtTqod36uQyB7deXqNB7XYG,
82G6CLwrgbb9miSHfjEky8kBYoijyiajQbssGbBBmKhz,7LJraeHJfc5icBpti9Zney4VBcVKsBSQ4wfYgy36gW4U,listed:magic-eden
829DzeWrvpbDGisgDkuiWGvx6gvDDtduURjK9HuSFieC,GLXy5LwscvLKbEysdkDywyFg1rBQHb4EVQF9F8BQF3GG,syncspace
826LgeU954syNzYyFGmrLiqNSYLF22mqba3vuTRWdCHx,EUCUDuJiEQpxhTNhbNxkUTnCCYEs8fQxTE75xeuQTFYU,
81zrHgdqhhVYBtgba6DsxV2DCzts94eHjeiNTk2eSgW9,Fa8TzVCkeQd7ZMcGNZEvC3kvSKtxMymdv1gCVZoPexuW,
81rxxGFyeRfRXfznS65HGUY4V4XhLMoVifZUF8ffjhZr,5wceam6f3i2PNykKQkomeord2dhxsmyTEaEFxVLVaegM,syncspace
81m4b2A4vWiKgaZ67Pxc3iqmjhSy8B3DjPcfULLZMBVa,AtE8MaYtXok5VhhLrAfrR5sLY3egzUStY7ySxTVo2h1o,syncspace
81i4MsxJVE31AMUMfFN4umPrykhRnWHu65BnguU55dEz,35rcQyY6NuRu17XhhjxdMQdSaSMbPxQsVsd6dAyRxZ1f,
81h9THS7od2R6dey4tQvsBoCgGdhbWHJLbcRXue6P6tv,Gi4txvDxingESDeMfB29QxLM4ZGCVhDQGT7PAwqpRQe2,
81YjDBKca22XVt7ezoRJR4vCvaJmFWtMrgSfmE1ijVyu,4jvMY6Zee7GeD6hZpzefVFoHF8ZESwePtE5TSEd5AvKG,
81UKm9r84EPQwwjwTXcaKoYafze9n4KTPFWzsrES9bJX,DnkxUHYP9TTqNkEEjsz35VvZ3FfUg9tLEVicdBjmRMxk,syncspace
81SnCfJFnqsyQcJxbMG27TmLyuatH3wBpSc7LgaP3HVh,4So7zv8M2tihfJQGoCiRGh7yCCw9KLspR98FaKGwvY8u,syncspace
81SYVy5KQ8FAuVpK8me9ZcVejgooUe64qUXRq6WeyoV8,auryHMdwKGnjU4ZBjtacvARm8DcAVgEzYDzzJvVFfE8,
81Nm3M8cC2RLi59n7dyh8toxb4dZSmQ4BDUyBW7jAGmv,GFfbGoN6NDeqDHdE95CmVo26JiNWbHaJXtSfTsw16WNa,
81BpMgUJmkKmJ2ghT4t9u1zioEgpDXfq3ryS8q2Cursz,77659g2J7AfZn2Uum6EHBjkXp6ZqTk1vWGbV9qJJK3Wj,syncspace
819Vj2DAmm2HTu7HUgFihYTR9ufY5gUWDzYNS2h7houe,AUuzRXEGiaaUu8V8stdM97Gsd4AuzUDe1kkDrpyh2H2u,syncspace
7zogQzUqiDVAVPkzMweYdF7M1tEgufeHM1SJpmo6w6PR,ANUkikZTPfEoBrqtveRAeNkvVqZv335H5Nvspm6u9Ghh,
7zki6ET2Aov4uA9HjwycEftTCnuCNZKbmhrt8e4GHrGv,EDxk7SAmyXoxyAUpJRJZ9KHbqp2ewsYkhggkax3ToWd8,syncspace
7zZYnYA1bUPLUJDvLQTeBhvi3U8U59BduAEkfTMtq2gd,59H2DPE6gphRuJMsgmenwSeuVnqrZRkmUyEi7fdAvMAx,
7zVbPE9h67GyTSY9JcQHBweoYch86yTo28JAe9stgyEi,FRnFVoakjCChVX5DSSfoyKtTqod36uQyB7deXqNB7XYG,
7zUswGJyR9YD8SQagPoMdozeqPingA52Tm9MQGhTxRBr,FpqrjWJpTNwv1b1nu3Kouzn7KRZeAxcvyXfHgkGFQ9Gd,syncspace
7zUD7HwDZmX9EKkNTDtDHSKnVtWBrk4NnUZrBgBPpWQC,7CUqUFjLS9kP4YQBwpk7CVpQ86NJfHVLJ3Ha6EC3gq4G,
7zQFCvATWMZ473c37oZ3aeYNiFqcENKX9evKCPPwsGdu,GLXy5LwscvLKbEysdkDywyFg1rBQHb4EVQF9F8BQF3GG,syncspace
7zN7hE4yfxBkrtexMhoGpuN1APXStAsp61MBtmozx7Hw,4Lx36jJqGnt5Ps8G6fWGJrcQCEEApVu6na2ipZFpvkiD,
7zBGurKcze4QM7aFF6tC6k6cyAZzGBRAMJPKtTWkPEqn,BSKDGiJcq8GqECoKcsLF7j1WmM9RV4f4VrNvuUh7gvTw,
7z9DW9Jmh5PCG1UQYDqx6UXqvcV5pnZy2zVtc2JPPq7C,DVPKpcJ4moPNQph2xmB6axNhbhYeeUp3UTJ6o8C7wjxT,
7yvsWP7jkQtNrMCjH6p8NwBfLANH4euU7PZqPgc2RmeT,HBvKBYH8pT9HgvhEV4V7nASvAECaQUpKiaUiumKrJnF2,syncspace
7yvJoBew7jNxM974etz7KVc3W9UbKRsFpC1QFMFD9tTh,7DnqWV1732auGkzfKgNxzcEHJfapX2GbwZ1w3aqoAN4z,
7yvHanMRfmaafKuGRRcaZJ1Z1SRKSr2T5R2x52VmzhnR,HTX9BkwYdwmH3xPVAyaiVC8pVusCp4gDWTqwLwzCM1bx,syncspace
7yrgo8aEJCTuACXqHU168f9PMVEgzMqykhBkk824G55a,AnHCcnrfbxNSESxqmGzrzHW3bRMmdcKVChicrnsuwHk,
7ymydsWBJMV9nSfxqVDm4rVCtDe21zqSpXtqu3Cocpx9,FN56wwWrLLxojoTvjM4aS1nKoaNMJ7YnnSf7sUMU6jVk,
7yjpvysxWuzm5KyabTDBuwNf2SueVQVY7L5iribg5Czw,2eWkTF8tSBp2si8Z7LDgkswJZ1LNGi7DPU3NNjV1i3VJ,syncspace
7yhMRjp4hecud6YgDbBbKGHL2QNdC3nG8Ks8fDGjsMoV,9qj66zMkDdUBFw4GaAwKBgyyLfYRt1Ax5nmQGjhV7Lya,
7yaEJ1rknhq6mta6X2aJ97cNKmBouFxD6kFsMRKxB7RR,HDyKr56v9oFowJBxAcNoFkreavEYgkencdokVLqKzXBL,
7yPEGhqjm6QFa7uaMoxnRza6g9iTGYP4TAYABnLGTuAE,CB8Pr9uzrrFw8BFnCqworH1wMa8DsmbSKgUNwVWnDGrL,
7yD9DXSBB4gb3hJYcNDxs6vEfQhgRZsLbSj177uaPkBd,ECrCEVZ9Bqj9EuRJr5wW1A11aV5ctrHbqyJXcEX7swwJ,
7y7x4nAtwyamUKsKgM7VJWJyNDH4EMjmVqKKvBnr2ZQn,DnkxUHYP9TTqNkEEjsz35VvZ3FfUg9tLEVicdBjmRMxk,syncspace
7xsX8KAdyerH5dpVnhkYmJnqTVizpEYmY676eQeuiG8C,APWeNVF1YmnBhZ92MBPvLDDUpqXDMo1vxgC19ZxrrkSU,
7xCdQ4LVXgjFYWXqCMQVJ9RVTnR4c1ra2phnvamNxjd5,Dwjeqz1CsbrsRdMr9E4sapSq3ucK8v2fjjEWGNpagHUb,syncspace
7x5ZwM8PK9AHrLVKb5PJUhuy9X38iqDJ6yCuBhj21Cui,9wGxPo3kozypNBRQbuNrCJTTQUmggSSuV1ixq2hEbqaU,
7wwy2JdArxwTwEnspQp8RbWrQRCqFYHknxwYBp2MSDeE,4uTNVBwYzZp1QGjNoBNXaLNWqJbDrBsSEne66rEUY8GT,
7wmhKAbAEUZuPrtvPVkDcuVq8xMPE4YyBeaq9PnG4EPi,56QPERtXyZ4veoCRug7YhM53HKh9ARPEyXxP5NyFtHUB,
7wmNV9gm9bSjMW5GRnX6nstSs7oUyJREHH3XXW8uLzda,BURymscxKK4yCFfGuYq2oizbsVQbhhRVHUzHZrXBpuXq,
7waTiPH9G24AeWAkSvFCEJ5V38hpSXEvBqbBwDCz9BFr,6BxxM5KDraGhAH8dDQiHwFXQsrBqiqGSoGZH48G6ytvu,syncspace
7wRmvGBeLmPSu2mmmRAUhSpdbvwnTUjC3RphHr3idENx,5wceam6f3i2PNykKQkomeord2dhxsmyTEaEFxVLVaegM,syncspace
7wKkeBLZiY6Z4NE999hEaCdCx5P6ygXZbPwpPzLeLpmq,2yEw5qTq4LXZ3m2L9KFH3BBLzUvVEadyF3p5PwhhVGCf,
7w3z4ZXNr5q2aNLfG4qNqQrfGwi7KuWRxxFxW3k2RLQT,8239pKaFcgxsogQZQDAWEgELkHYXXkcFcVRAMZ8wk5Fr,syncspace
7vwJJVRjQKbHPguMkw26ZwwKjo6n8UzfRWxDejQp2hev,GqptRofRXZA3qrQh3RNnHirBdcBJs3y2fnaq7WrA7Luw,
7vu5RUxmuXd7qhQSZVsF6EuqfTRaWHSGxVrJyg4MLkbJ,5k15YfLg5TmTeVUAuxpQgK4r3Dzuu9ce6RwmKUdtDXYH,syncspace
7vrqgMAoi42gbxDbkLVKR7X3DUh7CvqNiL7pQfZHN9aV,6LnH18SQsNqVN9BY76zCsNP8ur5XVQtKgb2t2iq9aZfs,syncspace
7vpFrmtfRynhsRYgCcZMhmd5ZSKpWkZAGedaC7vwkaEu,5k15YfLg5TmTeVUAuxpQgK4r3Dzuu9ce6RwmKUdtDXYH,syncspace
7vfF5PFmc3ABN4fpJEh9VUL81ZmY748u5SMpdf14tt1d,4qYWqy7eVddKcykU7XtpLUrKYdF8VtPobn6tUuqKhWtv,syncspace
7vdtDEUnHQCcU1DvZuDusKb64R2ppTYdDqeDaji2bjqm,DAphBWYHaBQkRJCHpqKXmjHo2xTzhSWUsuDrSexkwrAF,
7vCCs5ycL1mkzWmHyb5JC4iu7Btfg3JPsdgCKoiPWbjr,FRnFVoakjCChVX5DSSfoyKtTqod36uQyB7deXqNB7XYG,
7urwjMhUM1q3RrpVhjStpTJ2B2Pg6vWm4D4ijqHTAUrU,B5TyoRFioETXhSodxQcC4pNgLehiCE1AxVb6au8CQ511,syncspace
7ummvsoiRVG2pW9j6WgqomNqjrZWUMZvfpB7AG2tRKmc,GLXy5LwscvLKbEysdkDywyFg1rBQHb4EVQF9F8BQF3GG,syncspace
7uiDzUHLDsm5YMWkKE9L9vEaLPx1NGCSdq7HjnLyJouQ,5k15YfLg5TmTeVUAuxpQgK4r3Dzuu9ce6RwmKUdtDXYH,syncspace
7uR1UcwepRDmPHmZwRkmY5gTek3PdHtPfFn1baYokgnX,J8uaabpsHhXnSTfiTAf5yUL6785NmxzHShKxRCK6asXr,
7uLXs9qSG44wSW2hhnJVzy1Ds2Www5WKtBTX21cxA5DZ,G43e2oSgeTEaxN3vc9iCKUg2AXaNhfs6KtRwoxgZ6qdP,
7uHhTX3yDqYGwyD2bxQDqfA4DFyYtEhjnNfqfDeFPgzX,26UgX9WSX9vadYdgfcp69nkYK6mjgfkVnHkfkGCyyqGh,
7uGUcGB3NuJrBn2iCJrLfGCvdez1Y9PpsioccrRq1JdH,61joDy4dAVhF59cv8yhPJ1FGAz3cPFUMLwzhuBuquj2F,
7uF5k495PMqJhAoRfmwhwxJDQNMwJa3LoDu1m1ZHx7Jn,DFt6QuqmM2t4CzcqPZyiBA7kXRvydxF9sQfXLpiXtM9k,syncspace
7u1f9jMi89b9jeEocEQubJb1FDgdXFRnC5Aeos2Q9ZmJ,G1rTKbU9TwsvzL66Pevc3CwZH1sGyEJP9fyEcnVGZWUd,
7tzxCRB9XTtkTTFGEEgzq5kUpQDVyjsFudvZCcqNXU1b,FhyewGDnkiA59wytPyhYJD8jMT2waGTNdaVjSaXGkeFi,
7tzQ6ZtwEda2d7czxNFAT2YRrdUnc9h9dBCJ2bKu9dLW,B85QgH2CDeHV3Fp2VCZSeTo4ePH3pWSTVEXtVet47WE1,
7tm89gx2GRNeqc6u9TFZumWcqX3sRiHsczQs2uxyKntS,6PVTZW953aVYNuCazwzTHQkqbcofEcpKq5Fg6hswz9Se,syncspace
7tefS6gn7D2jAFBNLtYnyHhdD5uzASfM7xupBuZDb5bG,3g2TUkrZf86bfGQXcfJ7xMCFSmnssdpeTxe5V7y5GDpb,
7tcFv7vcWaAaczASmBW8tWSzWwvTtrhemTSBVszBgBjf,Hu6hk4qsRXGwxMVQ6UnDPAcJD9JahAyNxhQJUqdWLpt,
7tSsVShca44i8ggXWkVHyu14bhMmitHp9K3pvBWxj5C5,FRnFVoakjCChVX5DSSfoyKtTqod36uQyB7deXqNB7XYG,
7tPGZUW3oYnNgCytYzaeNZF4gAFYSXnh9fbCo6sZCgQA,B7GvqpbR5bZ7WPoXa7i3GYEdCjBbppv4baRWiJL6HjjZ,
7tKK8tYGrGxa6F7moBj2RvVrYohtzpdVJWM4zaVcv3v2,DfCp5qFXbS9iemnU7ttSWku5E8VNz7XMZEGYXUuiP573,
7tBwS1pHY9fVUWAtXQvW64hhz6vgJV1sSZkjkFZtFUqw,G1nwCkCHB6kd6UjkRLgUnpoWB7n1v4etg55BsVP8zcBH,syncspace
7tAdzgG9qfKTaL4rMXT4kWKYZSgXreujyWDrvNSpxWJU,Bb2mxLNBQnsjGvWUhRbc2aV9vSU4iuzta6SDMQGrhgQv,
7sqm7L9jWA6ReQi25o7rny5gYkWoac9Qnhth5axZp4J3,88gNHWScPbq75QunYtRi84YqvKwJZ1cjmqrF7chp8VXo,syncspace
7sp8sA93moH7FHjknQfX65hGGyt5BbJdnDwpoWhcoWe3,AE78wuoP2tQXeTZ6CugRxTkH3snBbxmhBxa7qVJvQk6T,
7sm9jRHGmykz7hvj3eTjsA92pZj6KLy9oiK4ZTQ9FfMH,5wceam6f3i2PNykKQkomeord2dhxsmyTEaEFxVLVaegM,syncspace
7sbySDvqHaBwR4VoRnY3bXKgkXGE7akQ7p7vtrDm8Uoe,AxzJaZVN7grkmrjBTNtef4Ybq8xPDvTTZgLxwKD5gLTP,
7sYcpyqgEhRwgmHpbVXUkLw3qYNCFnZxAzNbz3wTouy1,68qjgdK5oTJcmHUgJtRghzcA1u97PtACEc5cC66K2cXw,
7sMQWWP1HqCteGENcfwLApNgsNwzwtAV6zadn3JtaZZS,HhkQmMbo7D3UAizx4VPyY8pQnxRJKFVfWYzGypjJQKxe,
7sCpM5BRnFkGdLLEvkQpcj4sa13eeAQ7BJdTsX7kdxPx,CqA42zXaf5zXk7EW7jtCLfL2uH1efuB9GtTfjfJ2hzoq,
7s99wwBKUmW1YrUCMTVHsPJLK3taTdfH5DPB2GGBZacc,7dKuMNcN5Jq3QLYibNuhNFJwxVaV6nnhadDxx9b7cvPr,syncspace
7s5oiLZag9jCtsjBe4gruCa5791yx9r6dc5Mz62nLYKt,5k15YfLg5TmTeVUAuxpQgK4r3Dzuu9ce6RwmKUdtDXYH,syncspace
7rvRfZUwc2zmVMAuWRQrEg1yRUBbp8JNhCYRTPyMtgqA,AdWVTNYj4MuXkADP6xGH1L3tMtCsB8KTaMXdttKsHPKM,
7rsJq9NoAKxPEGg3LC7D81XmWAK796dKHcgMcvFxLLhY,BZ5fjb7xYenfwc12pVJV7A6aiot5SssKUHnxfx8SuBZa,
7rq4SuvfPVKfiRAHV6nsNxsNKMUwq1t65Fq4veC51Wui,4tAW927XnqR5nAafjBKPpiLqqiyxTt43pjokUMA7hSi3,
7rpYHhaDQqmRV44Pj4dpumZBDoVU5zCJBqvXSCK25TR8,974nbDHSmpTGE8WUorAKta7Cxu3YY6UTtKJhzHMQPR5o,syncspace
7rZYSGBecYaT9tiEce2TCdcjerE1ksp98VwD1ChPYE4H,3R5yQyhgyCCHSKNcKPZvQYQzsyhywv3bXzg9hTN4g3LC,
7rVZWa6dUFWbkskmXEHUiNBgSrTq2KjDyHmqh3Zd2uv1,K3womhcTG2jhrZNGAobuF7FQ7uypkK2RBhZ2B9nQEeb,
7rCm5eRmydG383ZZgPKyiFhG5TRdMLXLTPmcfvUy5pdT,FRcfhfbffT6qyHwQRWAJAK2PoiEQS9AEgURtXrbYexUB,syncspace
7rC71BJihazNe79WZcW4aTupJVUBVgxyGVdymsSGvzMK,2Hm3dbAYBCSdoYnofVYpLrzETTQt613bpaQ3SxnKxZQc,
7r7vXRCjqUCBV9hYxMDJmMqEZjTHmS3thGTnXAez3YbX,25TqXN4ToREvj3CVYJcTP1MWbbi9Dd7uUeQ7uTW7pmnU,syncspace
7qywyUCHe9vcdhXZZH7wRyi5YtkRC41gv2eECpmLHPjp,DEmU2ioQyZQUEqPHBjqvdkvkG9x8SBoqnSH4cyjNMBxc,
7qhj9P4EbDQRjcsZhXuumNaMMZzhY9npY3sczxj5mciT,BcTstc19fjZDk3aqE8Trh2TbJHADmS7d8FFcfHi1wBME,
7qfMuEAyTaYuERYG5bqvpr3Mbqhwwgb5MrzxRA5PREgQ,9rDepoXYpo8Ee3W4mowGZTRw1SviDGCmYDav4VptP4Uz,
7qd5Ud2etkHNKntPURA58y3xBxhnyhHFvsKTh2gcUm65,4eVcByLcXGavuwEBzJuyPGH6mUzrJr4u6kcdhy6ZJEno,
7qaTrM9so9RdWwcqcwgfYyUGrGeAWhD2Ur3uEY2r8ucE,4KvPGBizyuyh2B88YTiVfh8xQyAz68QN3TwbFWeao49o,syncspace
7qNzdZn7xf9MGdwY7g7NiubxW7EemecYhktcwz7PXud2,6NSAMJ2gGuyiqXgeuTEETpqqRTuEb7iqnuwF1jCfrhsp,
7qA25f7xRzcQv9a83VgLpb4waAoQSXv7Ek7xwpnsBKi3,8HugKENNBxSwiCdvs93yMgCjRstB8s3a38RwKNTGKZXy,
7q7T8VQPFkPAdExsKwLz2vQguaXDA4ZWud4TjSJrm4bP,GPg1UBnaqBjZS2XiMfEpgWn5YBJmNkVd11HXjYrDmVsr,syncspace
7pxWAdJqgBF4rkc66iZ4XCt4VRSC5f4LscqVBwtce4Qw,auryHMdwKGnjU4ZBjtacvARm8DcAVgEzYDzzJvVFfE8,
7pwnQyWmpYikNfbdrD2xmnK6Q6gbQPQw3MufpNaj9Dkq,3xfmPayAefmDToKruJNFrtEZWQwGLEWQSGJ2rBBb1xMV,
7phd3ENqqAa9QKnioqPSDjfQVtM7uy73tcPv7GcEXQY7,6qVZFRQi7vdjMJnADhGwwMdWbaT6YVretk8ZvcxwQipF,
7pWoihk5MiGrvBNV2TAX9WCwRjSE3fgSnk1pVPMaTHFh,5k15YfLg5TmTeVUAuxpQgK4r3Dzuu9ce6RwmKUdtDXYH,syncspace
7pT5cWP5QQGzRxqTqV7p17ec1aWqeZZdH4yNEXu9q8mQ,6NSAMJ2gGuyiqXgeuTEETpqqRTuEb7iqnuwF1jCfrhsp,syncspace
7pHScT3cF4CkPP9MuXzDq6JHyskvP4guA6mYfvJfWP8w,5JR2PW49tURB3Tsc4wLNCjDh5NCuUVoqQqR5NbyUuaM5,syncspace
7pCJNBGXdfyxpHuv2ELnwCCCGEtB8mTGsrw8AdfvtvJE,8xjn8HETeMPnEysUMbiXDXzmLrRhkkyLXATmFb2mfPxU,syncspace
7p7q5PweX3ag6NQAAsr8qdaz42MMTtiQLD83FyiJx63q,7D6fQU9GJSaQMFMUfa6bjNZyfgMZrY8h55ZgfRtt3hzG,syncspace
7p27oM5X84pLx1e3CcikgW51NmmAyuL9cbGQtsuc9sng,yzRSZL6jJvJSdpCatPtMyJeYCAJKXXSEE1cUXUxzVo3,
7odNMY9CDN2drHKwkfgQ1EgRKdt7ydxzv1h24YjKnkFi,5wceam6f3i2PNykKQkomeord2dhxsmyTEaEFxVLVaegM,syncspace
7oXHH6CmZcGQcZQKsczpk1dV7AHibf2Drg7iUZkELqzb,3g2TUkrZf86bfGQXcfJ7xMCFSmnssdpeTxe5V7y5GDpb,
7oUxQCCEiBpsBJ4hC9hHFm6upRFK5XqmnMRpKrMBmZmq,D8iwNWsfRkg6oNy7AyTevRxNPGUKZZ2oixoqLiinSSor,
7oL9j2Am52U5xLXH3bFhvzWP6aabsAhERjhZFWfz9QfJ,9yVbFMydZbXHWtUs4J78a1DzhW6cB8KAL9mQ1gv6Vc75,
7oJeYyzqWGqiF4kJNuqY5yrMh3TfRHLzS1DarfFQTU27,8XdhxG4P56XTqHyZnUS2xfL7vWATLgazJE1gECKLkBDw,syncspace
7oJH5GhvisTtH5WHnZYoFhtvAx7nDKJ82o9zGaMaocnb,GZCn9bLvGm9sYV9RLVi8gStnK7Vh9VnCb7G14ahjL6ge,
7o5vNWXzNGqAjZzi7VPHfNKNNEVDT6vvqS9jAFc8W5N3,AUrox7sHx1L8mxEPrNqkVjHa16CXQ73UbgZtZTNPNLjx,
7ncVV9u9BvBUDbrruU6QKvbYRxmvRXomYRjYiRvA4NCn,GZCn9bLvGm9sYV9RLVi8gStnK7Vh9VnCb7G14ahjL6ge,
7nMBpAT7JQqd1tQAa2tE9vApgrSEcnjRkFRWbdzVJ9gu,GPg1UBnaqBjZS2XiMfEpgWn5YBJmNkVd11HXjYrDmVsr,syncspace
7nGJNZru7nw8z6gNGj6aPtiT1ZWB1mRwUeudMZVkpqg9,HCWQuh29WhHNkTam3vrV2DrWuBDyHzcSVDrLAgo2pph6,syncspace
7nAahavA44BQHYsyNKZbq9584hMMQiV7mTv51hvvoV1a,5GKnKzMJoq6A2Cw5AFgzE5dG93UdRqg23Sd1VEBHbn7p,
7nALFTBpcYGD72ppovw36tMht55zBwta8mwdbhENHPJB,FRnFVoakjCChVX5DSSfoyKtTqod36uQyB7deXqNB7XYG,
7my3uFFcpiZso6p38aUsxgEg6sUMdZFR3T84jBpitmeC,9qj66zMkDdUBFw4GaAwKBgyyLfYRt1Ax5nmQGjhV7Lya,
7mr56RE2iM4rqHTjW2DjPk5ef7MDBiZ4pKZHMiSMFcCL,9s5HXSDVcbqHCejgAGdVuv6K54csqTvjkQcwSN6Y2r3g,syncspace
7mnXPWN2Hyb7F5nahKLPCdnvUH4Lw5LZhYeajBDWhL8a,Cn9mrzVNzqaSv6Rf5uGa5ggYVDoeufBA9ZxjDxoPjwQD,
7mmB5niNbeUBy7VK5MV36HXDPvWMKHWXMgggfzfu7j6s,BZ5fjb7xYenfwc12pVJV7A6aiot5SssKUHnxfx8SuBZa,
7mj6wE4VjmueHSddyxwtJoLDJfXypbbRTnkeXHWYNEtp,H5qH6sUwmigdCdR8WmRNFM8HBvwaZwyErQ7kMVEaTHcq,syncspace
7mZiobqwkn6Qjenc4Sv3BWZfhSZPCRqTesZbHWwMFYV3,Cxi9dDGD3EuM2QJTKsem8XgRXjJmQwdMVMUbe4PnGEgW,syncspace
7mRCs4yYwMxwSKSDnNfEhZXwLMB4KnPFC1FJCnPhJPfp,aumuHzMdUFiFCvJ7kk1djU4CViSzxJk3FjXTXgvdNZn,
7mLUsC3McDugVyj5ZXBGkzSoXTZKEheB7zUxvGtwSykv,2K3gSqgQBijh7DaUEA2HcmYk222iKhrvtuTC46vRrpzH,
7ki9EBdYpBdwMyWZtFNpEM3VCSi9NXcrmXu9YHUQy4So,9TAB2ss6Hf9MKpy2P9yuVY5ABwA9m4oWtMzhBtzRtLxA,
7kQ8bvXdh5Q8fMevWEUvxhNNPLkCU82HSPeXwHNUvXAP,Hq23RE564UaA9WNxMmT9Rtpr8RFUwaYoh6XrGnkMoUAc,syncspace
7kPzNqPQ3pvycu9Yn6yEFDDHgzDB1Zwe7b5y8KLRmjws,aumuHzMdUFiFCvJ7kk1djU4CViSzxJk3FjXTXgvdNZn,
7kNH4pATbMix3ghwrYMPVxaAS215p7BJ5UrHrphZoFRM,Fzx2MEY6fuwjoL1g4Mh5D6dcxp24HEcdZ1QsrVxE5sfs,
7kM26nWfTMHTz2M5587YzDG6PJhTUNPgBxjdnGEGRDo7,5wceam6f3i2PNykKQkomeord2dhxsmyTEaEFxVLVaegM,syncspace
7k3QWszMztE4au8j4DujnpZZ6JhZGw8Vz1jz2ceexB3g,6QbNvgEQRSTRDHHxpt8Vwe1kUeNiatPYUsiWHrvP2Pf,syncspace
7jcCN4QhoLJm4u68tEywrhyb4HasKfGb87SfG8d6Gyr5,Fa8TzVCkeQd7ZMcGNZEvC3kvSKtxMymdv1gCVZoPexuW,
7ja8YVC4WytPuQfhA1pnGzy9smPVcgiJczXS2UWmtzJK,3xfmPayAefmDToKruJNFrtEZWQwGLEWQSGJ2rBBb1xMV,
7jMia9A7o3MQpeyezgogfQZNSfaySDL7T5SKzhpwbqL8,9LSzUWDaLfTUh6FQMCRx1CbZRNHqDw1gGafnXBajYoKw,
7jEAneot6h5VSXVms7m2LDpvQrfLyqdXBAHn7HJDKSkx,4U7tf3ChxC8mr3KHWnkV2bE2ogBJK6q8LHLvU1F9BhKa,
7j5GhHbFBmWTvDCx1mbFiahYiZpSJwECsSyZPRjqYjZ6,G43e2oSgeTEaxN3vc9iCKUg2AXaNhfs6KtRwoxgZ6qdP,
7idKYvnw87w4JySWdo9z89yRpp5J2jDA1X2eoCUzaX12,B1VMDi9rw7QPvFfqUsSTEohwJee6PyAMJUimUyyw9rS1,syncspace
7iaFaUbJwnNmLNR88BaG2WCrTmJYDYvT6w3AhGdYQxqa,DFCsk3eC8c4VLMSqzzBNBwPsb3jHh562GnnMwY3jRsck,
7iJDkMZr6yhPSJrQMVvPB9j2AA1UaoBcoVvjc2UEu4Nh,AKLUvTEN57F3CKiBtZth4diLJK23B2DJ3QQBcERvhV2x,
7iBBF5Hu3bKPbksrpLnCbu23Dse6SEfQzwV7jq1nUghQ,AMPwMFv8pkEPsiUVFXyiiy3zgDMJYnb4cUQpT3J53CqH,
7hoqZUg8CicoQAq2MFKoCZoVbPCfXvh6sGBTCznhAwkh,5wceam6f3i2PNykKQkomeord2dhxsmyTEaEFxVLVaegM,syncspace
7hiF1uUsDX264ef5r8otvHQsUxqeyuJWt2msHPjM4KxY,4eVcByLcXGavuwEBzJuyPGH6mUzrJr4u6kcdhy6ZJEno,
7hbzdHb2izTzXVa2PACUuhz5jvHKAoKbmE9ysJRqgDAR,hh1ndnz8yRNPuGVvMToarHG4wUcTQoYMkBdyWGmMYiG,
7h2qz8vd2RvxGY5zK9whd2dB9LdN6RKQd2WeVpNdYxPr,FRnFVoakjCChVX5DSSfoyKtTqod36uQyB7deXqNB7XYG,
7gyiy6Ge1Wns722z4NALbx9rEjwfJ3hCFYJRL1ivDknU,4U7tf3ChxC8mr3KHWnkV2bE2ogBJK6q8LHLvU1F9BhKa,
7gvyuXJJS6QXu6cpgMXshXYmFa92N3DHKx5wRJbQVB1T,HtSX7wfYPoY9iFuPDoFDQnRbjU2sUQsJNkLLduPqfJ9n,
7gm3JbDZAv4MGaebtQQ35rquhEd8aRReWQ7tQ2cUm8zY,G43e2oSgeTEaxN3vc9iCKUg2AXaNhfs6KtRwoxgZ6qdP,
7gHxhdsCy8yByeCdFFMdQ716YTAdVFpBKbdnh4SmZUfW,HVRGH1MrGzHpNCRoTSW6xYWGy9qEBp8MwxBjht46HMG1,syncspace
7gEReVNJzXqV29KgWhfifHmESEPSzR9ewcXRc3hoBpyR,JBM32PqezW5yoUtYWF7KpoA2gTF84DEZtPMWy15Ykdb5,
7gCuou6WDBwuMEFxCy1wD6ubxEBLwfNpCTfQftzQg6Gd,12Nwf8b3ngxHdY838aLpmNugf8CJQ11EFXPwL9afAnZD,listed:magic-eden
7g9dhvVTPx9kJ8uGb9auT1y4kJhGAxr2gKb9mEfGrdDa,67Spsq98dHr2K2M7uqw4zhBest8Rym1tvMT2u71rKJrL,
7g4E9vLAaNCd4erKHzyqsWHnC43uRqpB2agHxR9DueW4,6BmnZ6VG8WX2QXzBasVEXqgXPutzxvwvHpUMg21Cpz5h,syncspace
7fvsmVETG8GUeejoBEXivDix92gFvJupViESEsnpcDfD,AUrox7sHx1L8mxEPrNqkVjHa16CXQ73UbgZtZTNPNLjx,
7fkMico7WAagoch6MmchMZYSjyz92yqbNv6D5BLSAPmJ,6erKQrjX85WFqyMmHK1WW6ss6gm8rAY4DX4SfjFbdv4y,syncspace
7fdZsEVA7kNcvJNVSnC6pgCp8JrMWXXsKvey92XARS7E,9qj66zMkDdUBFw4GaAwKBgyyLfYRt1Ax5nmQGjhV7Lya,
7fLimLYSCfjpE1hFYDqYXSE5KoeomrDP43HzeL1AcrbJ,Eu9sCq4czoMULUtBWoMLuL3huFAM5dprSUmzsQUTS6Sp,syncspace
7fD89pYx3cniCJQX1EL1tmuW818DqrUipsDqudqbRXzc,2MEj8xtGE4dq47Z423HtwN4YiCBVMTBKELyYXTiypT7Z,
7f9krQnAustXXNBTiD5DX8uSYzCTRMUkzBRXH84dJMHB,CVAmScJdufjJNQqWaTaSdWWRL5ZDvC9yxpbtVvZG1ifV,syncspace
7ey415CBhpYJYoFL5JgV3Kiqso4XYunjaw9vuCbEx9Eb,Eir46XKQ9NVcr7MKy6GgrzHtKi89n9LDoeuy8KxxMnEv,
7exUqPKG4FPPXeBDUnAJKbsLiqdyM7b2jPRd4Q8kxGPC,6BmnZ6VG8WX2QXzBasVEXqgXPutzxvwvHpUMg21Cpz5h,syncspace
7ewNcWjL4dS7VK18mT1ZXL4Axg3s8Ef7Pzv1sUsdUgYq,84Hm2JF1FPT6G5J61iWwqTBKHAbz6TjhvrEWTXTeeQiu,
7eucPxdEVKeS2eg74WAN8RZcady24y1bWNYaMXZjrcaj,Gf4UyqvkGKGsNa2PEggcLoVSgTJVq4Um4uY4RuVfLVK3,
7enoQw7avQpwsP6ZGe67d5uwwgjxmtGMsuZTwbhtcNgg,5AysHo5vYHYcqNaJ4zrKKf7aRFfWXCCtQ9gdPLfpudfA,
7ekhKCvhgSrhtG9voeshYez2Pe7PQ1YJsxnAUpFG9P5z,2uXrvhdizobQt2etcQE9a91vNZT2vqBsR1HimNbeg9th,
7ehkqiHdYpoEz5LHN5825qCLFFERpWmRN7Un5NZJRUvT,2F4cBYMg1WXeBvTFoWa3Ec2Vp2WMCecP1jfqoEncWpkK,
7eXFmR8mcNknEswAghN9f7sNeBrghTpSbQ4nSwTH3sXE,6tMR8UKEPPcKDbLx5F1a7poY4JV3vhmKN8p9a4DtC7LJ,
7eW4xNdk4dpyXLT99F3Ax97H7HjWSw52LyG9vjLtfLDR,FY9NAS62iqRVkjSwzbWkSLammaLLa7WMduHkKd7oc6Te,syncspace
7eVphJFA5cs12iaKEiHMFHTEsvuRxaz36ouqGnxJxpqu,FHbVUUSthmyFC1vt87pVcN51GSirxy2NAu2P3cQvUs5E,syncspace
7eVB7NrCNvoGazJNSPgWACbXjPQ3vU7xwtLAXejxmp7C,3tdbuQvNKPXQZPiQNSzXdq8uVVZe59dgCF74sEfg3Qw2,syncspace
7e62Xpj65y6Y2nD4BBdPiKwvuSZDLduj5QYATUFo4py9,7wdcV2MX6yaCYYPaiaSG6PzRT2L7RMSdpT9uzRUzm91K,syncspace
7e5ELsgFD4c4XaAVAP5W3nHHdBoPQ5uEhCYc4xzYbjJB,CtyBYvDMWDq6xSr68Bg4TZCSkWwH4QdSZ7duoSkAj6jR,syncspace
7e1uSWwpRQfnnNSkBedcpnNLrYSo2qsREs1zYtz9QDyd,59yVRtU5XiH4YUJd9PL6yznQQx7gGvB3qYGZDMzQGddW,syncspace
7dyCDJiKArESPAzsnFVeYzfqs1CYnzu6gcHwUwz1eLNv,aumuHzMdUFiFCvJ7kk1djU4CViSzxJk3FjXTXgvdNZn,
7dx5HipyJTVjZ3BDkmpfKCc5trBh7oe6gw8k1KZLfz9c,3sRzCdTNXpBD42dwHWHgTKTaR8P6JrdHHE44oPtKjp94,
7dMR9ZuSH3UwFzubPDTzxd8z72b5yfxfGQw88zHWgPYH,H6NHZTvfNN5MWj6pCPTtppQiqBXUUszRtALUJ75GGSHf,
7dKjtg4zWmu158WyzJvTBNpf6YZWWAoLJvRqZwXh9oMx,auryHMdwKGnjU4ZBjtacvARm8DcAVgEzYDzzJvVFfE8,
7dKDZei5nmfN1c5oLa1SpmpMLqk2xTeMeviM9Z2mfEoG,2A2YcsVEKUixCwWokoy6udxQQ3aRnqtEF5SuCH5cTzxn,
7cv8pYPGXz4bNtzf4KooVzYGieKFs8SeyqhRaKpCSw7n,Gpcw4YpyQuFwHJ3iq8HeBS5VFYXKmahVgB1CFN88ntEJ,
7ctmfqHTaJq4jj6gJh9C8SuqiKxYEPQ7CxABWgMYV8cX,MsxLCwhaPpsECSrdDdC9VLfqWfbjRRF3pK1SEFMrhFu,
7cq3a4GB5WGHi4EogHtiz6B87L7EHjVgm37EsqLzK7hp,GLCJXEf7BmzEDhyMqiqZyfv1VgzFZZvSRHREdEbscQVL,
7cfntiqJNxkhqPC9Y29y2x21JzGZzuAUwEMvRag6dAUz,5rZHaLDEaytQaugHj9dfUQgysskofaSJNHgx6xbRTzpv,syncspace
7cMoFXim2WLaEMtuXBkkHzeQx1x9TPm8gjBLiajJHtNg,AtUaRSLrkqBQc3tb2gKgCqU7rbUhyVi7sxLXcbS2hJef,
7c8BKoMKzdaphHiRLBrfy4ZS9AtF31k89wmkSK9R1KEz,3a9e7wqpJcjB7bSVJGLE6o9m4qnPjcSeQ9kPbUw6s97e,syncspace
7bqvVkvaaYXuMRLLiT4AVUzSNJ1BsMb3ACNPX2xxX7cm,2Hm3dbAYBCSdoYnofVYpLrzETTQt613bpaQ3SxnKxZQc,
7boQVKwB7PXwwjAzhcKvbHJfvJBmtovJVc8Yn5iz19SC,BidW4sAQgN1P51AknKsJaSBhDUmyxAEWfgnyJHauMrLr,
7bgy2G8MsuK9fNcUB6uvhWLPKvc4R9KpDUHtXBv4AiyL,5cRzxrZsbfrzj6SNoqbNPNShQCBkYjGQrmvJsCjz6q9V,
7bbzNdEgJh4n8mHH5U9PNQku2HGN2PALLNGKAHZMJyuf,C8oQdPfg7wEHdeDpAxvsGdh7Af5bhzVKKU2mMTZjasU,
7bN2TMG3eiTV89m72ThU1uemWLff795yXpUEoV85QUUC,GqntWzGadxh13JuEiPdvLLBBcayBYhKZNiMmXoBxA5wh,
7bJRnrohVrfkN5T3HBvAGdVAGLHyVYLDLHb5wDSY2prj,2tTU5Xs2YTK7c5SRqgYRNRvjx5fAuw4hWzPdLRFckKrD,syncspace
7bDYY7bFmEgfaebPRzmF4WDQqbHERiCYxqLaYboCnUHF,C6UtswbneEuyYTUB7AVeEFFkDUA12CpGUU5LakmNnZJL,listed:magic-eden
7b99aMK7uHXUQ8opuSZrCDCwDEGhiZJgAuZCyceQdym4,EoEXHhiQZjCEE9RWCwYLciPoAznNQ28gWSd4x4nebyk,
7b7QhTWq9NAtSgghoSqspaQrcYB2Ys6Wf2zMpaKbM8SW,D8iwNWsfRkg6oNy7AyTevRxNPGUKZZ2oixoqLiinSSor,
7b5RcqWBiGy5RzhaJCYp2z5sVWhrwHhGLSxBLsUagQ6p,7MZqmL4mP1b55BbpNuWng688wFXhiXUmCf6mt7TecUH4,
7b4Nvad6aywT33PSc2kqd1kN3USnmASNsw6fn7pFsqKS,8cvZkkVGVzx8Zg58YYrEVHThuM6FXg63Ma2K8B4c3ypz,syncspace
7b2X9JnqtvLUSUwSda4rqay7zc2rRULz3z5ADz2vHkEn,8smF7bqU9i4EdW9nE1dMQux9EMXXmWa5BycMDEHZgZHy,
7awiRpR75jQcGY1CFvQyAtbj5oT53pzrEPu45QvLdmEf,5k15YfLg5TmTeVUAuxpQgK4r3Dzuu9ce6RwmKUdtDXYH,syncspace
7ardwSyYnqvrg5PsoAqH5WPhSY7AjLFQGmibMWmFa1dN,9MjruWb5UVnYPpZacsPN91ZzS5KJyVhG1JGoEd9kCHz5,syncspace
7aqLpBvgFKQvpp4Ego6rWE9rh5xActUw7kgfCGzT5LQr,Fa8TzVCkeQd7ZMcGNZEvC3kvSKtxMymdv1gCVZoPexuW,
7abg1uYZY9iD3x3uj5YTUy73NRBpzwnWWzx4eugcmro3,4eVcByLcXGavuwEBzJuyPGH6mUzrJr4u6kcdhy6ZJEno,
7aY2SGwxBCwq8CwPRWWdjfygdFLcAbybMk3E64sLmRfW,DN8HL36NodvbBUJj2Q5gYMWCcLgY78UXFZfXGG9BYSSX,syncspace
7aUC8FgHS6AMTGqCnhRcyZ2md6Dn463wEBeJauz2HzKq,9LSzUWDaLfTUh6FQMCRx1CbZRNHqDw1gGafnXBajYoKw,
7aSxnXuF4TASy9XKpESwzXSy7bXfg3cHWrT8F8b2X9HE,4TzrWLCgWZvrFBg5kQJz3u171MvBpHA9FepfZhy9w8rA,
7aKd28gsLsvxcJ5GH4AJxRm233ebC284uD9am3JSmWed,Yt3xYzocwc9vVZLffptEARvzt75VwuRo1rDFhKxFTUD,syncspace
7aKcRXgjKfvmV2fU3smfnibp8y71qWr3ntRWSui3vH8j,A4qqbUKM4hezA9bytPnuBVnrECFoYuDm123gbfJKo6H6,
7aGALLxY1tGo9hUuxQwKWmpmv4mhgUkcjSjVUxRi4Bmp,autfyCR5psTc85smVAcGQajFT4TC8xxPPH1wvJu2Grr,
7aCjdUjKJTiKzfTDed5Zpw1r6SSxRTx82PKVwVh5VfVN,5uhUoHSRo3SX2jwWmCpXx3qBRmbBXwB6dS4j21sTcVuN,
7a9YqJkb7sEuEPBgpZr9xSji9jKDF9f4RM5py3HTePCM,3sS2TJAZKvPLDAds9vTww7iTAWKpco1T1x1AFos2WSBk,
7a2PuKeb2pwhcHtpQfnwwMuNtggfz8TmxPLe4EQEjnD9,81MMZdtpDzevCJLcFLiSm61DFr8kqnrPVrwG9XGQnpqQ,
7Ztirj5GUNNui7GaxT4NhfQAvTMv8KQ68qKRsDYjcv79,ByhRz5fsUqKHTQADw762X2LsPnnyY24R5Vg32bYFESqv,
7ZpW1rVv3Ppb4QRvkhCGaMhQ5Zb6Q4Vc2obtzawaNMgi,G43e2oSgeTEaxN3vc9iCKUg2AXaNhfs6KtRwoxgZ6qdP,
7ZgxTpfKBxJmhy6FdUBXJaKJvakJLhidjMgWTjQvT1bn,CKRqJtTSNoUNf5TSCrYhNf4gMxBTuxDsKNpkkDkE75zd,
7ZfHKNvUkAmHx641ATP1GGBrwbYZzWtvqF271cXKmT77,auryHMdwKGnjU4ZBjtacvARm8DcAVgEzYDzzJvVFfE8,
7ZRe8UftUriv5T7aSor2iPm48ur6K7XXnKXGTmudteGL,CiS1udKWfC9tQqMLE2pDCryHMUyoCaL7PNWY3hm5o49x,syncspace
7Z6vGTfzJxWXT5RKqDYdzQcGsPiYbZz7ps94UokVJ6UR,5k15YfLg5TmTeVUAuxpQgK4r3Dzuu9ce6RwmKUdtDXYH,syncspace
7Z3ZfTbxTA4QrNefdCDoJitaciXxhQhk67RGgEUyNmEy,8wPVYS9DmbfubK4ypEooUZAZidUC2VyMfttukzYdUvsQ,syncspace
7YwFX5YtRiWaApD5nDktJYztoXzSomTCuYXLu9vCsMky,3mjbe1BkqMheySxNfWAsD64GangV1JLLkqKi8yqEUhy6,
7Ytw2PSuT6825BqYbGHZFvdNjBZ2BeD2Z4NWYbf9XuZQ,JDCM9sDsfJdWPntvCT9hdho86kjkDhezrVQqspfqTTbu,
7Yov7ZSS9gnJaQkjPpaRRH87GXN75L8tG8ZQhahWCfJL,HegbXqdSjyAarH8HQ8N8A8WVoQF1BDLRiK7GENaZyUCw,
7YepTQcBvxnD623w9M3KbCqyadpQ1ZmCpq4BYWv8zRhF,5N5o2EGqSTKjGSewmYtkpcnkXSaTAJiJU6yPFz2u4J8t,
7YSgLCk5m9MCcHYRx3Wyu5RBBCPUaZHJiY9HeSGdgUvR,HbP4cAvceoEpgPyjFBRUNeUGWeqsQJ8TsrCq5SFF4YYE,syncspace
7YAZSoV9ammTMsnepkWYuwkprdyaa9gWcuU7WD9L8o2X,HtG6hXqM5KZ1pyLADGMZLtu5hmrWeDoDFUKtRnGhb4UV,syncspace
7Y2TQNVd3F4d7B37VraxVh9z9614QSuZqjLRSKMAzcVS,3zgfQCVk12FXVMeRd77yTfiquA3s5jFiBsHSgV5i3RC4,
7XzrXvekuNR6M6xGj2pYtSKE26nNuhFJMwaGNPx4BVE7,Fg8kemtB4a2sx2UqqqmtVJX7wCpw2qq8nZgCwJq4dXUU,
7XoZ65iUief6rfBjpHXD3hayboaSBUzgo77zuqjdrWjp,AFfFMfD88UQKXT853sQDE54PVRPPhYPbmEBB5D7nrQEN,syncspace
7Xgq1UvqJzFgDSXSMFt5E9ms9JJZf93fHPybLpB6QFnX,FPNMQhpGtXRdh4LcMBQs35KZsGpwQYJDRicPgD63gUj,listed:tensor
7XdwLEkkLvYWFebiU2FYk99N77ciae3HwRJfe4fxDfpf,EmRm9H5jKjR57WubMuVYeTFAyYz77UEV3HiFrRH7JupF,
7XCn8fXUaWUVWdxyjGAp5rKqZMLnre7DCkfSB4ztRgzD,4qYWqy7eVddKcykU7XtpLUrKYdF8VtPobn6tUuqKhWtv,syncspace
7X5PzjZutzzHX9m6Egtyee9dkw23Gif37bdY4Lk5sijN,6BmnZ6VG8WX2QXzBasVEXqgXPutzxvwvHpUMg21Cpz5h,syncspace
7Wy7EMWzTPtGAyTSAaNLEhb8tifL1SonkApMvpe5BZnr,AEGkFiajqFTe2D9xa4RxboA4a4sXKyngbt7R24vEa24t,
7Wur3b3pbgseGUMhigEuaHX47tq8FY5m17FhymZfcTeT,2VidbSEQfuuthxUHBjWo3H6j9u2HoPV2XYTFg1zVX25N,
7WkohwoDCzfwrZZWdsah86wGQ9VbxDwTiQdg79gHvy2C,3ZE4Z1nQVr4HBQNwwRKtMLZVQ6a1zadqtXmQZSpLb2fS,syncspace
7WjHAM95cV7AxvewPqKC4ZEYsCmkHsmCpFtoqEvxdp4a,G43e2oSgeTEaxN3vc9iCKUg2AXaNhfs6KtRwoxgZ6qdP,
7Whwcy8yktYfKvTKpbcovmFXfRvt8t93tXV5F1UTNgP5,CuKm7o8C67zGE1dQHwfvnRxCCEuBpn2knFSYtR8ebHcX,
7WVixfwA54T28ekdyJpzkn2DAytBks76qzDtMcrYh2R8,BMHuCW1zJL8YeoeXHZP6xFfC5K8jNtdhZpvBPcLtxFj3,syncspace
7WUQ4hvC6JPEEfq7r9bzRnyr4BUSkVvt18kqoxZdATUy,DKmQngAhJkDoW982UBaQnjb6jpG7XqM4UMwNJZTvFW8t,
7WQi5amzmtJ3fWvEbeJVpTsPawg9EVu4jpPwKNcicXbA,25TqXN4ToREvj3CVYJcTP1MWbbi9Dd7uUeQ7uTW7pmnU,syncspace
7WMDdH3WR51gzugsPfFPMxGPSM2dHwKGNgM4batBBXcQ,2bqKKCgYwXyyfHLodFrggFi85ePdjyN6z826Lnk9DUA7,syncspace
7W4CCBjf1bpMpFWdWbZkZt2oTndsQaQiUm2tGksJu2jk,HL81qSsskotftWTbvYZW44MoEcZy4UrhBSaH2squjPQG,
7Vzpzw9iWbYuFf2Y3vjRwHhzUnwNQ9qqZYAqZzXzq2fY,Dav6suLg6CwdTMqn1ZYCsJfpbeUgFqKcG6AeY3th2LrV,
7VwzkxMFZQTTes3MeaK3hVQpn2n45o4dCgmZ4uePEwpD,CiS1udKWfC9tQqMLE2pDCryHMUyoCaL7PNWY3hm5o49x,syncspace
7Vv88cpRoFPpA23VYxSp3doncC5ge2uMFNLf9TG6BA78,4U7tf3ChxC8mr3KHWnkV2bE2ogBJK6q8LHLvU1F9BhKa,
7Vn66yrkdKVD8Vvxj85xyXgE2mtB5DD4HQWNSxUNLRkn,FkDxWyXyVXxuaXABRMz9JZtw9WVPiX2Mo7eji8Av42t2,
7VmNYfLvBHgxCmV35UDVAACFaPiyzehaU8Th1c33iFax,EHuujbKShgCBa5dGH7S5HtsvGqPdGjMrKZ92xDiqJNat,
7VicbogRvmqtMjTqrcSvSiN7zmJx2XuBNKxX5p6hMNoD,88gNHWScPbq75QunYtRi84YqvKwJZ1cjmqrF7chp8VXo,syncspace
7VheRgCkyEhqCX2HnLecjtPpidQCUoBMcWjg9iyASM4U,HxHF3LQ65CJVTcri2cztiftM3KcXuDCfXgNmpWvvd2gg,syncspace
7Ve5QDCJCqgricRUd6gxfqToQhzWGaWLNYrVEPHQc1op,7eRfmnXeiigkvgHsYu4caCSuFZco76GXTWVvaaevAYrT,syncspace
7VYFkTXyPDHiyKtv7ASsETWorswEQZJaNmeG96nE2dTH,GcRtVx2BbdK5sp5dqpauD1C8xZ3p18oVmYKKnRXoz2Bw,
7VR3vLPSNF8HbmegewY1WCb6vC7Ba9168fb6DNnHWBR5,5k15YfLg5TmTeVUAuxpQgK4r3Dzuu9ce6RwmKUdtDXYH,syncspace
7VFvkN5jj6gxzvVEFbLkkEJCTDTMo8MqZWGNwXgiMqj8,F72ZZGfTciszpW3HX1H4FNfGJPvpygkU15KtFGH2bFVh,syncspace
7VCA3c2LcaCzSz7e84Nb7Qf8iCzfquN5pi2Y982B7P8a,o9v7ALc6cgcPvkbDEGKMEtsjtQP5dLLZJYDG47S1iu7,syncspace
7V9McXfjWTgQdcswuVs9JSiTN46C7bX2ZbkHXk54BNZw,GPg1UBnaqBjZS2XiMfEpgWn5YBJmNkVd11HXjYrDmVsr,syncspace
7V2rBDhR6NwLx3cX6pJhSFihfoda2U5zdUosG4sVaKQc,9QJju2WPtLZLYy6uLZJy8qpzqa1viwSJaJBXuR1uTj7u,
7V1raXuqvF4uX41fYro1hj72S4JcJqX13WzEnDQ1tSaw,GTy35RwjSzuxKXBPrYgebLw4RXtkpW7zKGGWacuhAsnA,syncspace
7Uzh4ZMLJcYQe3TvTFYgdguMpFyVFgT4uFToEwGFqAyC,EbF23BqQLLRhhR4x4t7bAspRVDwmPPiyz85G1PRW1xVk,
7UzW3sdGe1UZKDABWk3ufeXBsvG3NMrJr8Vy7kaTJiHz,4UQPiJ2By6V3HUeRonxSLBETRBnPEAGV7x3mftqZi5g9,
7UnJzPpUopZ8m4wzxebUHzhzdFVyVa2oU8CXxedD3uLN,A7b5JoSpdLjBiC8mnUrXtKmWfxFv3gPgB2E1Ys2PgwB9,syncspace
7UkpqR1HmdrkSJU8HzvKSTr6etnMaMD2Fgc4Dc8jnnps,DY2LAxDDTHzk57xUByUfSmwaahPAmEHqoxmvaQx56hVS,
7URz6L4ehGZ6ajzsHHgbB98i2SUhXVpvysvUiPw8Gvpk,G43e2oSgeTEaxN3vc9iCKUg2AXaNhfs6KtRwoxgZ6qdP,
7URgxs7VAcRGwSUusNCrFtULo27qWB7HkrympTdLjYRN,5k15YfLg5TmTeVUAuxpQgK4r3Dzuu9ce6RwmKUdtDXYH,syncspace
7UA8iKkvtzWktb3LPvMJd6A1ukjgezP3gEVyACbZwd6u,HzqPgUmsTLrShA5CBt8iJBH4gjpTNccTJgddugf5jsLo,
7TqYkwgLKVf3etWBPqwbbmCMJFvZjXWQHzoQ2QJxzcjz,auryHMdwKGnjU4ZBjtacvARm8DcAVgEzYDzzJvVFfE8,
7TZxyFxkRsVSWMCZpzP7TW7peAG5UUma4QF4GMyCqcom,4kHHoMfo2pMCLz3WsPMdxJRP3vrtbPuq2EjFtkZqZdLv,
7TH4xpqBK9Qw2wVsQF2WtBjsPJoDz5h7XPHP7PsaJ76v,autfyCR5psTc85smVAcGQajFT4TC8xxPPH1wvJu2Grr,
7TBQcQ8XR4JgFpQSkydh2HDtuz35p4n3njrtHH5AHrvW,5AysHo5vYHYcqNaJ4zrKKf7aRFfWXCCtQ9gdPLfpudfA,
7SuXkHAPBqZNW9oyTG2SA4oUCMuUj7rXgwRZe5ePq6Fi,G8MNdTyHMBPmgyoBwydoBvYJSxnY9g2Mi6JAEFAXcEvC,syncspace
7SXc5PGFVccbBHi8sKv1uyVbA97rJJVR5TYH1jmPJQyi,5k15YfLg5TmTeVUAuxpQgK4r3Dzuu9ce6RwmKUdtDXYH,syncspace
7SKMUewLf8t9o7apwZXTVBZPcgH7LdKBPDgjorn6aiFe,8cXSrBVJAYKn32DEDoh5tMYZX9XYxWMm1j9MCcBfivJt,
7RvLMtudjABMBNs1Srwcnca1rAgQMggksGH7KB5VAdCG,5mN69sE3Zmht2Q8oWcsgprs3DnpzE3fKRFDgL2HYvJir,syncspace
7RuCEcnmkQLt7mrhaForhAVz2v6NKnKDZ9Htv2wgEEiS,3w999vMPWRvesgMCAKMWqJK4sEu7qLQpKpa2Ptaezmv6,
7Rrnk4NVBqk247vAQL1qJgK3zmZDGTaYDe4QxUrywQTS,5Q6XghJExAymfkQz6bn6hrTG7ESarmCEZH3croJHD65L,
7RiBojFHiKhyk6sG1J6yFpdzfHGWJPpCeUgDcTBPrmiS,FNFVWC2bcAu26914Pn6jxGwae54pcDqaurTrjxj9VTeM,syncspace
7Rdt5YTpXfVMGzy3qYpKEq67wErtoM7Ufm7D9Cv9euiZ,4bDhtPrxEUM2CZmEcrqDUQ1JdM2xHkBQzJeXHWFFSjNe,
7RYCE32nqFJVdBXKCfuzKJKTWmx9Bi2wd4q5aN9sR1tt,7g8KvqNhQ7cDndt8apCqbjBdLk3sDSnSm5CQzgB164Ki,syncspace
7RX5tySZrfkMabsKRehUgcmhWa6jVJSsQcsoEa9u44fW,9qj66zMkDdUBFw4GaAwKBgyyLfYRt1Ax5nmQGjhV7Lya,
7RT8spM6264jmeLQhMVwiq2zCNre3nhD3L4PdZmsb6Vt,GBQDZHHC2aHpgg4xvcxCxH6YeWP6dgZfWtGmqJMxgkqm,syncspace
7RNYRRUuVpFyHQzZYjYugG84YzBYcegxAMyjQiub9Bpd,BpPVP8dBphx5LPncK3Kb3RTHcHjYRWenxPjJ1MSTfmvx,syncspace
7RMJ4FpomsanZXZCQn1dBSXwN3ZP9KJhwYj9P2DTrK3w,9TGu2DP56SWhaeTuNHNPgtKW2tynAipADp6er9q57jAi,syncspace
7RLc79mz1abZdnnW1hyEdzCMEeDaim4NMjuN4PFkeyVS,HMCFyf2bmyBCPC2GHkDYxfA2Z139dLCQXHtHpeyKPsaT,syncspace
7R8tJkX3q9T2HrAmpYYCDAn7UUfhpKkePDBMddYFSBvS,FRnFVoakjCChVX5DSSfoyKtTqod36uQyB7deXqNB7XYG,
7R8FjSpYh4Qp18GFLdWUPCmXB1wU98766uKRZddJ6bwf,HCbFhQ9YZ66r6WWu7Yu9CXSK2KU6nfzEKQxAny1555sC,
7R7aFgz1HaqW9RN74ESuJzbvBsPJFoXbmNQRuTLP1qWZ,6btPEGiU2S5W662NNcF4s67FHK1ngLFrjaw17JmhA1Ag,
7R4jmFA9MyK5QDbhRGTJbSFHe8X4jPe2xwArNV9269w8,6ZV8Z9J4LC6uU4K6RqSBij9uF35vfdWwzJoH8AdDQX2J,syncspace
7QsKoLwwtJQVKLWkh4uX1qi8MfAwwVLeND83Yk3cxZcj,HLQQovWxjd4XED8vzCUyyz72eaWW7NJd5MdE3iv1L2iL,syncspace
7Qi2b6qVH69ZmFx3RiJ2f9ZZCM7dYFVAjf8J2P5KAczU,G43e2oSgeTEaxN3vc9iCKUg2AXaNhfs6KtRwoxgZ6qdP,
7QX3wG38v4f11VFn5de7fYyboi1P23JaRjENoq2o1fkx,CdGsHCTUoTa8qBUJbPUA6VMX9teFB35XnALYpyxKDM1n,syncspace
7QNcKcWVceyPkkR8eKcE7UVUyM689HVPb1CjNqBaWx8T,CqA42zXaf5zXk7EW7jtCLfL2uH1efuB9GtTfjfJ2hzoq,
7QJ9fHHMkhhBVzodWCQeFW8SATZpWqRA6gfBQcKiKSF6,55Vfimfe97WQgxBYJLqobFZgLDCyqg7FfwFG2vtVjrnH,
7QFe1UD8f1ZHpcFYRcxahGJoQn9eJew2c66bDPvbCnJ9,4n5YiP3Q4aKUkq8b5HmPuxL4uZsVNCV8E91QLmrpKDX4,syncspace
7Q4NVkm49CXNDbaKH2YgH2HuMbfBXdFHMacFpaTggE1X,7KKUQASoPMLi3tQw3P5c4PbtbWQoFQfc8bzz3hpND8nD,
7Q38qRgQ1TKfnAq1DjQGkhx3tHCP5Dx3Q1jAEBzzjUkG,4LDMZGZgKRRvtyfFBaZPouwKfcegdgHG2Jj7PujZmsTw,
7PvBcwYwLcDgX2WRYbhE7rq1hhzk84CYuZgL2TDEmwGv,2imciFWkbdp2jawvVNPjrrHZ8tKqgp7E39NC1Z1FRP6g,
7PaV2XScMnbrvHctT9GuGYPtJEa7fRBHSzfm5WAGyneZ,7DnqWV1732auGkzfKgNxzcEHJfapX2GbwZ1w3aqoAN4z,
7PZdyNAaQSEynv1XG2DDwJz4AvuPt8UcGmGNaEsaBhok,4scCoQKHbS2U8YvvVsp7HskFtXuX8qSPzDTbmCw3FVmu,
7PW9pwCfRkpeu62i6v6STsVnUjPKAkN5MdP5wdG7DZ45,3j55KjrSyyegk9r8gGNNr4Np7oQaktPr4wWh7DVu62Po,syncspace
7PLHqLVsetVyhe6GTrXowVeoUVapNYT7ftaSnwqASkD8,ALngCjARi7zUbcXK4pasoBQqPGdBkHBKViNPu9JwEeXG,
7P7oX8EzYPR9dJVh9D16YKuhtGU1J2ioJsgtynP6FjUy,CqA42zXaf5zXk7EW7jtCLfL2uH1efuB9GtTfjfJ2hzoq,
7P3HVvKqPcP8gwSAxKfhqgaZGXPJ3zXFVFxznTSN1VGZ,65TyMBoibNJxLghaxd9S3Y1sTmjDeerRaKMtfjnomej9,
7P1wNe17kqBTfGzeT5Ld9XeriJQuP6RdUS2UjLmexAgE,autfyCR5psTc85smVAcGQajFT4TC8xxPPH1wvJu2Grr,
7Nwhz1UxaHxqr2ttKSwgynb5vKJEv31eyiXME6xePNHz,5wceam6f3i2PNykKQkomeord2dhxsmyTEaEFxVLVaegM,syncspace
7Ntq1TAzNVppp29o4XRU5tbdGo1tGfGxjKhnRQQw8jKd,DGKKHwdHWba6BiG7WyDissNtvz6aThsgz1tQnatC81is,
7Ne5khuwDAXPr2NixefcGbsB8swZ1YYu3b6mAKnbWyzK,51AtRmEcd8KH99G9xD7fgAGHxGRqgBzaWoPDBxHzdGBv,syncspace
7NdWZDBXDaRf9rMfE4xoPQcCfgDN1QjjSaCkn4DzK4qx,3BHVbhe18zy9ghduk81GmYPF9pZqcoDfrUJsWnqMgm3k,
7NaFj4Uyjqgd3rfL9J7w2dTDp3vmdyJAUxAUDuTQ27Tt,DnkxUHYP9TTqNkEEjsz35VvZ3FfUg9tLEVicdBjmRMxk,syncspace
7NYPm9h6eRYD9Ta8QDqD3Dbhqu7pJc8jm4A8fdFGGpDK,CB8Pr9uzrrFw8BFnCqworH1wMa8DsmbSKgUNwVWnDGrL,
7NLwwMtacUGboTqSocnPqJrD4pEUpnq5FcX3WA2UWEsb,ADqrk7MYjYrSf16cADA21mMkTTXf8DfkmEGbb8Vy6WHt,
7NL4RYqMKwKnWjCi7S67avQgiQWLiUHpJNgzXccPBRy6,auryHMdwKGnjU4ZBjtacvARm8DcAVgEzYDzzJvVFfE8,
7NEpnRs1F3epMQ1WeM5SRDe6cNN32eNgSrrXX3H18joc,EJxbv3aGrLuX733SASSsV9J1LQaCoUmrArXDoF8JAKJc,
7NDki8n4ivwHNQ17ZvZKPikztZF1wWvq9wBsX6GoJYp3,5Pb54bdJjsb427AXSefktyo6pR8ZS1bk4xZbcod69JuM,
7N6UzzTVgKMvW6xddK26yUohvgAbTMd6gSztcVXiYQSW,5sWsediccJMsGTayzXtKWKkAaYLN17KBa78otHRrFV2x,syncspace
7MyvDzRLmomF1NH9jFvtS8yKaKkgAo6J6XxwDVP4t1jB,DTUVLn3orb1TEpkBmhZvjJ5fSXFU24RAnyscu8p4ELsg,
7MusVPsV994qaXPLfF1niEXdEUDBWGLmkMQTDfr9pB4K,G43e2oSgeTEaxN3vc9iCKUg2AXaNhfs6KtRwoxgZ6qdP,
7MqtSzabnvZJKt8g4wJHNizfasbDggTUtiBnvwVfb6ME,BtozKzZwR7BkeNbV4bjiafwsi1sq7M45KMu6kJbPhRSx,syncspace
7Mdz1mUR64vN4NjP8n9qbX5E4uoFaoR1gKQH8zsbEKPJ,DfjuDsuN9RVh2TpwE9iAezrSRrKBWZZH2XkYvHmKEjz1,
7MVAnt9Hp4oZdLEkCGGtGx9znJfArLKKDhuV39ob9mY8,5k15YfLg5TmTeVUAuxpQgK4r3Dzuu9ce6RwmKUdtDXYH,syncspace
7MQ5SW6DFA2yTSVHFNw7GjAQnPQkXjFgRa7B6PKNz9LG,FRcfhfbffT6qyHwQRWAJAK2PoiEQS9AEgURtXrbYexUB,
7M9V52PdMLufmhzjXwf8CzxmSs4qGBEe75dRqtoftg55,autfyCR5psTc85smVAcGQajFT4TC8xxPPH1wvJu2Grr,
7M6hvu72VRxnMPbvNkfddXBvnSbZNhUJJbsg2mYUm1Xb,EXy4w7mkzuRYBj2pxHyQ23LVgv23QQVEvfQkSn57h94i,
7M5mmvDgjUsjkqmzUPXsXxNbDeToGoLJMvWsw9cx8mGZ,AM1tQFm9YCFZaqU69iX6zg5Sy9RQRxGrU6Pp9od22pb4,
7LvnKn83XTMUeTyEFsuDLMPkw8z7uZ4TFPvbRqJWspmL,DxRV61N8XLLCf49DsrPRzc6NNpX5TYCQVvq3wCfpLLop,
7LtGhXhZgcTQrzWJ4y2xoyjxtinfGh1BrdAKPbRPnfBr,81MMZdtpDzevCJLcFLiSm61DFr8kqnrPVrwG9XGQnpqQ,
7Lt3UErpbZLfTYXr4P6aFnJRc2oQ5qdUtqyx3jvU3SGs,FRnFVoakjCChVX5DSSfoyKtTqod36uQyB7deXqNB7XYG,
7LsXNmEK9jM9inXzGrV7McovP2RvU3d39zwUkDpAuLKk,6ZNYQdEqbWdePZXoz8gum5YLsKuZLquGXcx6WCX9byZZ,
7LrxKzVhsAbTQADJGx58J9YCr7tEthK7k85Dp8oN7nX4,3dGtfoAXY2sChvo5f2ib2ZbpxMP7s3FmokW9Kynsh7NM,
7Lo3kmscGsB14DasAPAXr3BrxA8tX9emFekUNikVsApD,3UBVFnYEfjPgrr1hoX8SbeBciZC7jAECx7PuxL5Jkqak,
7Lhc8hJ7c7trkCpXQkXvsG1DpyA8U15Jy5isWaeoBAet,HRkGWe1wGSsNL8BLPnPfeuZ5UpViWRRWvmWn2E6kiaV3,
7Lgc8pxMM4CnSE2ZVbUDQb8WeWmpdriZGqQ1TnDJDgQY,4U7tf3ChxC8mr3KHWnkV2bE2ogBJK6q8LHLvU1F9BhKa,
7LeABJJREaNXBBY4x6wor3SfaNugtcokRe8jsamYYNVs,mySmDjkw22ounA7aqkSBcqq5KJRa54iUMpYhr8YZYgU,
7LdwGYRaitcE6G3iazck2xfec9XfULyrrMyEeukRXBhb,4CEjtQhEAnCs2LdrwrShoYHFMWsnK5224JQtbNTaxGAE,syncspace
7LTmgh266mNvBP1yv6R6P6pSgUE7Z18RuA3aTWnW9Mm1,DJGbJcG5bLyzdpUsLJMyZhPUdAsT22PTt1gYwUfR3PV9,
7KxSyx48QSh149uZkd1cSqM6JX9dTWLJS6LJ5dCzWHCW,Hq23RE564UaA9WNxMmT9Rtpr8RFUwaYoh6XrGnkMoUAc,syncspace
7Ktsbsu8dxdTPa19eNy6GkXuesUtsDuxQmdqaNKoJD1B,6SnJ6wHrFZkVxrXovfvmhLDHhu4BCfYyceaE9v3GE4jy,
7KorhzuALpG7E1bazNL7huRGS9ybf35JbwKvReyV49aA,Fa8TzVCkeQd7ZMcGNZEvC3kvSKtxMymdv1gCVZoPexuW,
7Kfr81An3rFS4GXacWfDGK4jmzYkTjCvjkqqYEKqMXQv,8TdcvTb3Fukbm85Sz5RrseToGM6Kfrs2fw1LaxfwGArU,
7KZUZLpPxMpMNtz5ZMEQVgMFkAN6wP2nCjtBPpv7BgkS,5x4xyNeNdTqeed7687bBtt6rEduPnC9RyCV6vJzr7uWw,
7K4du8hQ6CuM8ybTnAoXwMQoW1KY6EMq38WWqxpSfTPc,CiS1udKWfC9tQqMLE2pDCryHMUyoCaL7PNWY3hm5o49x,syncspace
7JyU7Yte9cL39AwXgHZUAGWn4mbS9H3Ag4HgAGRgA2Nv,auryHMdwKGnjU4ZBjtacvARm8DcAVgEzYDzzJvVFfE8,
7JxNfDJwmN5KvTCSZ9zGgvuza2FHwTCoana3ys6NM6es,ZN5mCLwP2XGZLdQrwQDFNXhaqpzFdkgwPGLkuTawrUm,
7JaCGBao8YN2DxjTgAeA6rujGjtcM4oxpNFZNeoTmNtL,Cz9ZSoCfQM37tzHPNCCqwohsU7pHexWPNBo3K7kcx3Sd,
7JYdV7SYP3NayQ5bBm2toFQSoq8CrE5MkQhswKFmze38,81MMZdtpDzevCJLcFLiSm61DFr8kqnrPVrwG9XGQnpqQ,
7JLt6mvwHm8hLxrmLUZZSFxwJtdzYUB4u7UmDHm9MTN2,5wceam6f3i2PNykKQkomeord2dhxsmyTEaEFxVLVaegM,syncspace
7JKPJchDkEPVksgQ9HuvmJS6gbscp8p3fttvYoiRJhvN,Dar5nrE6XWqv9vAi9o6enUQsamEJKq2zgxjNywncZpYj,
7JGKaMDGvCBTMAjBaNocrxk3E6KnteG4ogeHaCdTG5VG,CFZgv3MwKMLzgCMGGt5Jjz3mygLbNJ7x3kEGmtSuLigX,
7JCZwQJFtsqLL9ABJCXpemRAF1ztiD5AGZFw7r7Nghkv,CaSCDH1MrQCoAognbggZPBGr94H9C1EpdyUTnNFv2B5w,
7J8kUognKXKuT7FP5XffxtSCHRhgt6rMKvAgVoTznD48,hh1ndnz8yRNPuGVvMToarHG4wUcTQoYMkBdyWGmMYiG,
7J4unciPM4mF3n4TfWmKgZTjfDu7SqDMWdzbLxRbMef4,Fa8TzVCkeQd7ZMcGNZEvC3kvSKtxMymdv1gCVZoPexuW,
7J18fDVrzwUbjbabZUMyceE6uaKPAyCwJYPeND2GWkrv,3cMm38AAc4BfoeUExAxr9uNRUPYfgEV8T5pXiWRYamaa,
7Hm4yY5dt2mDRMenRsPZAuxrG4nBZN3SYqjjEkS97eT8,4U7tf3ChxC8mr3KHWnkV2bE2ogBJK6q8LHLvU1F9BhKa,
7HjBfrbpRCy4mL9xhU3gdqT12bpuHzRaqHZevkqeqkte,2Zv7JSEfAu2AY7mJ9us2yETqXibcPViYccLMsYxRsv8k,
7HTrwmG2g1AbpaWngk2kmxzR1PgvUDJXQXLcPBUhpzX3,AZA1oRVjqBHFLvqxrbktRoi2Tf1U1ihKfqHvLSNMxDrH,
7HS72g9beKY2o1dDSKSkxNk6eM7ZcgCtztCZtMsYLjN2,BPyjzVTjZJ6HvvzbNGbcyctnbyDWgyHTJvuiiSMCuz3x,
7HQStsmwjmW32V3RxwkkB2mCX5sseFuU9gtvCzEXewRj,HMCFyf2bmyBCPC2GHkDYxfA2Z139dLCQXHtHpeyKPsaT,syncspace
7GzWaH2rTiKuD8WPEkXENZXsXw9E3st9jSfNVXqrxAJZ,GLXy5LwscvLKbEysdkDywyFg1rBQHb4EVQF9F8BQF3GG,syncspace
7GtU7BcMyrPhgY1mG8sBxwBv7S3EPw9oRKD2BtUYDwJK,HxfeAUBSopqkCyNJ8mYxakQNMEfU9tJbmhq1fYkVN5bn,
7Gsu8y59K2MWZV9pJJfUckKpDAPwbUVmQ4mKxFndzDw2,BSLo8A2Efa1pH4BeJaKCWwDdh2scX91DbmWHDATHSous,
7GsQbrvkhJ9HD3JYh7zXkx67ept9ggEhtFUVs61iMhqH,TvV5dBdUpcgapRggZGxQugkLxqQbP9tME3fkcRGTteT,
7GgfDip9Ph5Ynd3PmXDVCsKgzNQCu6bYThcVZUavtzNx,DnkxUHYP9TTqNkEEjsz35VvZ3FfUg9tLEVicdBjmRMxk,syncspace
7GVvnNaykaAmZY3mwnRe8EvrouDN2DyLYTYBqHECeoVd,8o4UMkYdXJ86FsBMyH6rgnizjMdKF5gXqDEnvc8wfwwd,
7GQLBX8GC6Q324UTSWmYZez1DmT2w1EFdDFouDCDSLXR,8tpsUHn1AFZQTA6fzC5qmv5rAPdWESD2pGmNSdmYncYU,syncspace
7GNs5ASYHUtVzegz4MhTcGqbZhe5UX6J8Un2rPQoK1mw,5ALm63hG9ktT51AzeVj18PdMoCh5nWTCoNnp2ThGe4ua,syncspace
7GMfDJZ9BeWJwFnJafQ9kyJ7zgsEdk4ABCtrmJbUKKNz,FHbVUUSthmyFC1vt87pVcN51GSirxy2NAu2P3cQvUs5E,syncspace
7GGqQoqKA3cpVhrjrpohvrUGUv34YdmcY5Fz8aixgxMr,3tFEZb6abBtqRAEQTp11MmYd97fCW2RJavxiXYz7egKF,
7G9s2rivPPVA3ikHcoFwZnupn9ALRA96ShGTdYoRguHH,5FzqLqMJ1JESDqp1FdV79LmGrCk64VPBR1xobPvSkoBr,
7FQcnh6yvTdE1fzHGZH6DqLySDN9xMAZwXiawjckvZnM,7P6GNC8iwBSzpNj93VCgp7TNUr8DviqWLUFmmSSLipzk,
7FK3f6tDRmBzEUvD7KNVr1RB3P1E64Y5zUXmKdWN4VMB,8XeAqDw6CUw5THcSCQdDb8zowkao1Nm2yiyfX8zbHpmC,
7FJVz9o7gYz1HZuqQyo4LyZ6FsvAY3MzRnTSkoCXaDfV,Cszx7NEwL1irZoY5SpfSDEBVQQFpZoacECLKqhWAz3RX,syncspace
7FEphuokqnBwqBAthSPL1WB729guKi31MGT1dZc3VWAV,ACKVdLww72wkbMLUTNfxURQVCgpf9aL9Fym94kYNZFG6,
7FEoAcparreP5cX6j3NN1pRR5mswqamJyhkPGMYiHYPh,2jCANQUeYxNEfJL9pUdPRGS1GJjm43LBvuxMAhpAnBum,syncspace
7F3MzCAaf5zb7X72iw4UWor778JMoGeMyx4XPPWckSme,FPNMQhpGtXRdh4LcMBQs35KZsGpwQYJDRicPgD63gUj,
7F2RvR9vczhcXyUWRnoNMEYPPqgfpvdUkfw8Yu6vbtq1,9RuZzjKmpb8wkPR3uXQXN2fn6VtifZER6uyfA2Gg2v51,
7F2276T4cDSKVih3X5Gi2duQyhs44MRJUWnob2sTSbZH,Dd1raJzYMavBCTwyUgpmM13LFrcrdCn6wg1xzi72ikWj,
7Es2ixS7w3mQ4j24GNuZVwiyuEZTtFnDzYu3so2TYNzt,CBiD4hwYeHqDv7f2boQgdJHLCbhtznzuLeuT946SWHjG,syncspace
7EqwnCmKtak8ipvGEaFkuSjSvUByPd5KQS3ZpdN6fuaF,Fa8TzVCkeQd7ZMcGNZEvC3kvSKtxMymdv1gCVZoPexuW,
7EEYF86o5WQ3dxsoobP7UVU3R8owoJVV4Jhrs9LbEeSK,83tNfwF9rA5H8C1z8PWZyvRe7YGPydQ5Qr8FmFpwEW8H,syncspace
7E3ph9EwLaRrNDw2iuH4Pt3GB74fQ2AoS5PcK3iXiSKk,JBVCsmSXu8wHUYGL425q8aA3V8jjz2TUhH85znqTvWaG,syncspace
7DtKq3DENoLddMzxjJxK7d5P6qp5ft4GomxtdnMgH17C,GpLyGGQ1L8mAGByNqivhjhTUT5NzUAwpoG26mYpSks31,
7DmuEPduc7QLi6igkQ1nEPmwwG5aDdikr4td4KPCttXQ,5wceam6f3i2PNykKQkomeord2dhxsmyTEaEFxVLVaegM,syncspace
7DbuZ5HZhqZK836dLmrU3XvsAvEtcueS11Wyxqr57tSF,36BWr5Az1P5CPJAtSVM6DAqzBY4keMowLbEbLXxSnSyE,
7DWsw9qVH4Hmz2maM2u1SzMK5zDaVot5GjPAcbUhuKmB,CrvwENChB71VztJauXX8mwoDvFsjR1kYYigv1QmeU7mp,
7DLDNRWrPva9x3ReWcm7KN95Yy9shc4Gur3wBTUEF5G9,5SSZ6YR68jD4GUNQy5h5Wdig3iuyPLN8XQKXdesLYZ63,
7DBgKbcuUAtMfi3GfxJGzh1HyNU9v7ffxt2kex8ii9b8,DN8HL36NodvbBUJj2Q5gYMWCcLgY78UXFZfXGG9BYSSX,syncspace
7CwQUkACdzPJKdhGxqr7yjdhmXWjPC5g3QUtbLajmuwG,CVhYNyEXCTNXnBiB9QoK1CQuWcpPxSSCThaDtKRUqG9,
7CvTyAGkk6Mzz9uHtuFsGPAJxNe9bhqTc9Kng5ePvcJT,6vXJ8PKi65aysy9PjsMraa2h9Eku8GtLXY4GTLDr8ekD,
7CtsfXGvQosY1xzNnxV4ZbpjHtUwUQPni6EADJcJyHxR,CA5BUDXpJwtXKYEjwCqjKiU5c9qNkj3eARmeoSPtJ6jC,syncspace
7CthExFBHyMkdrRhc4QQ1R2PtudPZXkgaju7NdfKTygD,aumuHzMdUFiFCvJ7kk1djU4CViSzxJk3FjXTXgvdNZn,
7CtU2Fz9zYdqyj797795NyhpyNsrBWJHsgpnMzZgT8sx,4qYWqy7eVddKcykU7XtpLUrKYdF8VtPobn6tUuqKhWtv,syncspace
7CXgfy6n6TFP8oukfea2v7NBUARvNRYaca9G3xj1JG6Z,3KxYQYwaCky2gX8sZWpmBmfamEqLwneviyKfsQYmkLa7,
7CUBwWs11WqBJLqCPbvoJ1CpKCUbwCddvUJiCwsWoCh4,HRtwRVTmn6sbENbE8HPCyk8dJXURsLwBe6RMN9GnUpPW,syncspace
7CSJ4oxtDnwa78xFPLSjZG7BYytDznHPc4dKrB6sLiG3,7zUPXe4VqdZaXDDJLrdEs27No77CcV7j7cxHq2YqB2HT,
7C8jdjBg481E7WetRBFdZ3jB6G65J9sdZRQUaNVgpEvN,G43e2oSgeTEaxN3vc9iCKUg2AXaNhfs6KtRwoxgZ6qdP,
7Bto9meJ39hD4H7g5BE1zofzNYXZdTamnsB2jULWC1fT,HTX9BkwYdwmH3xPVAyaiVC8pVusCp4gDWTqwLwzCM1bx,syncspace
7BszqxsUdMsq89zW96U32XLvLJvpYDSp2w8x1KTTexBp,DCepi3Ee4GUCpYD7rCm3cdsGqkyuR2VaGfyjNuKHmyM9,syncspace
7BrwdmZJwdLrvae4ZtZnJHkPCocDBpgXansjNqV4bRC7,8eJUrzZnVgcrQVwYr48e9JqHZX6TRbE8WY4nzhBEmbW9,syncspace
7BnPhFjmx1UtVzWme3wK2fXdxETNjx3WSYhmzzGKjXnn,AEaMxfnmSPNGCfvG26r7gbKiPVcBWdqoVth2AuYyLbry,syncspace
7Bh54rWGbz2ymVjwaDnbzsDcDSUWLWfNGcAavzPBjcxT,G43e2oSgeTEaxN3vc9iCKUg2AXaNhfs6KtRwoxgZ6qdP,
7BYNdJxPUCUtgucg8EtHsTvUbmUec2pBLv8bbu8K6Vhz,9yFot3h1DFwQm3ZqaA57HupsAstmpcNDcZMLcJxkgYFw,
7BNjKiMtdWfGc1fVF3j7dKJ9rVY74At7tMbZTi8fq4Su,Fzx2MEY6fuwjoL1g4Mh5D6dcxp24HEcdZ1QsrVxE5sfs,
7BK6tKRE2joyB6rS8WdHx73e6oD1DeaxmSfL4KTtkehi,9ZuAkjidZRDa9NHHrQAhrzJSvev8sPLBVv1j5Ye6M8Fn,syncspace
7BFHEj5Ds6RvJ2dkF1HBrBREYqFf1ikW6PT4L1gUmJ8H,CB8Pr9uzrrFw8BFnCqworH1wMa8DsmbSKgUNwVWnDGrL,
7BBrGboucTKwJGCg5ymvzJxBr2D9vpiChjRMrjXE8iFb,E9pD4cAf8ywR8MxMpXjRdugg2amdevWn8DgXNGLzqL4t,listed:magic-eden
7BB6g93KeiHKnaFUEE1nMCKWfxdAbcEEyLbByXVEk14X,CiS1udKWfC9tQqMLE2pDCryHMUyoCaL7PNWY3hm5o49x,syncspace
7BA22K2HCSvDWAD8P1NVigyoXrwMUCD1FJYvoyv2Ec8D,924yfLMgGgJLEfm3EFHeSTvZUePwkWJX6E6sWxuwE5KN,syncspace
7B8ighHjH81ZR49QihTB4BGhjxidt7ZpiKKYqCJRiyKp,6tMR8UKEPPcKDbLx5F1a7poY4JV3vhmKN8p9a4DtC7LJ,
7B6vP2HLThmHTkNHgT9utCEiL1aECSTN4RDHtoF94DVy,21S5hL4q4YxuMB7gEQamH9Ced9brTkxbDkrzVqTqnWmF,
7ArWwprFbUMKFKba5AkuQLi9rZY8RnEBuUpm2SjYjcKS,FRnFVoakjCChVX5DSSfoyKtTqod36uQyB7deXqNB7XYG,
7AKVakWkAeeKywsFgj893pq4epaaJqhnqxhUwdmMYZWe,G43e2oSgeTEaxN3vc9iCKUg2AXaNhfs6KtRwoxgZ6qdP,
7A4qn58XBZWx2PzJCDMEpYL7ZxDosnTp3aoo7SX4UJ5Z,3zgfQCVk12FXVMeRd77yTfiquA3s5jFiBsHSgV5i3RC4,
79z8Lr4n8Zi4W6kdEgWNr3j7EVn8AVk59i3B2UScmDJC,6ZeiubGWxoB1vL64whnXDFATPHsfQiUt5aw8Xj5Bidrc,syncspace
79ydKgr6orcwA5QymxVroMnwWtfgAKcp1sMTn7wUM7D9,BPaKbgwoBKRsMwbSV8FSncjxVDXXH9Ta5YRgxjar8EnJ,
79xz2owpE9QDhfMS2Lz2DaCsDk4T8Rvzh3Xzxstg9G2v,CibPNpCMuRe89NXLU8UXvbZRNE8urG8wd2qA5N4rN3Vm,
79XPpc15L2k9SJae6QNvt7rezJx5GHJNM6SN53r4baS1,TMeJ4TouqG3uUJmBchbWWSM95SYSAix2Kw6cewJ1Hun,
79Qvg814w8KDeDEE5qs5xVJAt6rCWaQsyWrzoGmyHsAC,KuNHjEfxu1sibWaDu2CWVaJBjeuPYyrm5BPApxJHyK4,
79PHyxVFovSr99aY5nZqLEo1etzyKbExJGDYqFQFPWjE,5SxJHtXSQg1KXGQx46asiSYPLeaELvoifb34n76xEXSM,
79BhohGcp8BPxQbfh7n9zb6N2NXnGT71Jw1JFiszMB2n,4g41mMUjK7vTvyxNh6Fz1cbrgt2Y4XsTW7Bt4yyqnrVW,syncspace
799omeMTqAX3C79JyKt9FiSvWVxUuNVTkhUAF6iJ9bCD,Ge4TZf5EhyhucdZmzwAauzAAhGSadjzq4UKF3f34HXzu,syncspace
798UBvqhYMVneYTAy3X3Df9pM7tzaBrmMnwCsXXV1BAu,FHbVUUSthmyFC1vt87pVcN51GSirxy2NAu2P3cQvUs5E,syncspace
795wCkiPg4MkcUzZhoDQscdq4LoXduCqE14tktTrk1Ri,DvHJryvsHetNjgpVk7DjiPJaiXqvXuCNVDx5g7qPoWix,
794Hj256WgmDZKDZcoVCgv4B1quUNHtvHDypycsWZBne,ZN5mCLwP2XGZLdQrwQDFNXhaqpzFdkgwPGLkuTawrUm,
78vMqzbZZ9NN1oJ8mjjURRbNXoRmsDZT8YXa5B4ebqbq,65AbemsCmAALxjyQSskyQPd3VzEXfWHzQ5qFSukkXSbn,
78tj781ecmPagmx7xfmwvCvR2cLGZjysQMQjToULQnE5,9qj66zMkDdUBFw4GaAwKBgyyLfYRt1Ax5nmQGjhV7Lya,
78mJXPW8A5n3pGrkFuzwPMWKrd17yGfBY3EwPRR5WysB,313jzJ6AMyQTBYeQxKoMsFYE28j5KgeNsU9di1S4itoA,
78fLddLarGMpXVkkJ5SaAGpMSfqRj7m6jhF63gxAns1Q,2zHutfC4xpEDMHq1nG8ewBfhFDuphEX9KsKgDaVmdbSM,
78YL1venQXensgKLvdMjSUBTNDp3vr8Tnv8VBsuSWJgm,9RuZzjKmpb8wkPR3uXQXN2fn6VtifZER6uyfA2Gg2v51,
78WMGhHWbifU6U6RXsSeRzFmcuh5sMm1vzEyJf1iLpEW,G43e2oSgeTEaxN3vc9iCKUg2AXaNhfs6KtRwoxgZ6qdP,
78UwkTKGcA8WbwLZXBQFASxeJeim2UFGPC54gRE1h9A7,HG514VNgi9VhMt1s1yNDs2WPkShK7nEpQcGv8Fnkd8wK,
78TVL36tvMn9cLjYchBJm5ymAjqKJ4yURARJs9GsB11M,FKuY3dPCMyBa2NhjgqfBr5zzivAr3u61jrfeYdVYSyMH,
78MGgkQihSMHg1SPju73JMLUbGKGK7RTSBgTWNfAdXDR,24U3ZEDBmxnkB5S97hgrFsQKQFj6BcZDYQ13boQfqfU7,
787AbY2Q13eC3rN1wg17CTKjdi4iQmBLCZau9GJSSvrc,8A2vh4YicVc9TPbzgvZz3hn95t4MkWTn8RshR2i1dsfB,
77vpy1hvrg3nn4EHiJHmtfJDuxSJ5GGMz6wuGPZ6AFay,8uTzsAXXEyjF9arYf7k7BXyiNhtDpCDiaWw4BYJ9inzZ,
77qruzW7hwX7UT1RrXcTDnh3vXdM9WYDDrm4mMwu6Z67,CqA42zXaf5zXk7EW7jtCLfL2uH1efuB9GtTfjfJ2hzoq,
77ZbE5TNPgRaT7AqJPUCms2EvY3LyzPEdbe6p7oAZT1i,25TqXN4ToREvj3CVYJcTP1MWbbi9Dd7uUeQ7uTW7pmnU,syncspace
77RHqaMmqXWoSoiQySQHUMz66EYWRgtQvf2CB2tem8oy,GMxfLFPAdxMXcWJUB7FN3PMNPVR2yx1YycpG6kZGS1Uf,
77NoQpWeNusiJjJZWUhpTr1ek6rJtf6sFByzAJyLVJdE,Eua46y6tWTVVEDPdEyXAZmgajWYs5p7ibYFqMs6aFiBU,
77N3aRjJ7sDeYMaXqz4DtSf3YqRPav5NeiprVy4F3B3T,HCWQuh29WhHNkTam3vrV2DrWuBDyHzcSVDrLAgo2pph6,syncspace
77KoRjGTgSK1AdzSZN8o5DfvLgu3fAh7K9F7xEkymSVJ,G43e2oSgeTEaxN3vc9iCKUg2AXaNhfs6KtRwoxgZ6qdP,
77KMdAxxPXkHa6hLxacEjSBzR3z6hj1HethTaXsVcPhq,BdN6Zwi1k4ZidGuZ4Eefbc69jrEUYWvcU4ARotpMj3uT,
77KJ4DhukEXZjY3ZRRfM1u3A51aruh54UsCBGNh3xo3s,G43e2oSgeTEaxN3vc9iCKUg2AXaNhfs6KtRwoxgZ6qdP,
77JSQk6UebPwGSR6VfentXprFTfRS636QwwtarUHyY9n,C4a9kdoFQaqFNrCkvdep62ZUqxTFgWriraZYxfBZTkbP,
77EkbCadFZrcvTSeh3esyod7KLRBbz8JHLjCGDjEeKzu,i1bq7CVWTePL73CwYCL3AV6a1C6n5fg9Dqjp6SgTJJP,syncspace
77D7CsXhha5RopfLx92TAfyk4PppcxPdtgKMhkebUyVB,25TqXN4ToREvj3CVYJcTP1MWbbi9Dd7uUeQ7uTW7pmnU,syncspace
7794wcGVXH4LsfeBDREkHmwAJcvmP5cJ6vek9RfRvmnh,8ApWN5hV2nJPELuJgD25hSv8dJf23TUPk8urQnn5dEe3,
771kDWco8ZQ1PgFNkPg8PYgFKQhucArDHT5yzQQSYHCK,JCxtAf4X66yJWPsamMa2x4PeUGvjgjno6f2dnd2pqTXa,
771ddDJRSZQQbVLAsRxLpWg2J2SRs4yzpVfdJQFn9xoR,iPnZs8u7Hx4fSjzRv8bBjnho6f7S5qdgSFuRKM56V1V,syncspace
76zAq713XGVdyhFFAYYU38aV5KwNUKgqJ9VBmAu5bDLm,HRtwRVTmn6sbENbE8HPCyk8dJXURsLwBe6RMN9GnUpPW,syncspace
76ykfzuJCtordk15eS7g1AokgzJJ8JHax7VKQQunGh7V,97hbGy2a6CNiLJdv6WdQf9EQoMWrmLP5CX84roaeiGGD,
76ngV4wgQUTpiUfuFHyAeGKcif9BdtwmviT4JpLLuVmj,5GzELwwPnmqBrooyoJYToeqGDZD4389ogc7tUPDYDTvg,listed:magic-eden
76ixhVRCQ166cq5Us7SoDTdG2HCcHBSY9646NGSm76kx,4QFaDcwahasA2FDgLWUck8uh1grmsqWB5cvVeobZDStY,syncspace
76iZskMT96DE4apTQ684iPw1n1PeJPqBVzpxzsEk64bf,FY9NAS62iqRVkjSwzbWkSLammaLLa7WMduHkKd7oc6Te,syncspace
76gX5esuN4UFMZQ6aiZs5wFW6VJ7iSuoHPKHezN7YPdX,HTX9BkwYdwmH3xPVAyaiVC8pVusCp4gDWTqwLwzCM1bx,syncspace
76fmrfAjW5VdGkYMnf71gWmGqQg4tH79GZ3PFrB98Gan,54NeSkrkGYLK4JVhUNN59wdeRvLvsXAxSpPTLfR2pCs5,
76WfZDsNxac9GvgkKzDnRiwa8yDHP6jfzVxJrkgzyhn3,EETeTqhFrvHnnwPQJeU1XCxqU3Rb31HR1H13asCYnTgh,
76U8nVszEbWtFduYEJz82U7dLAAZ5wU37ifJarLSTczG,autfyCR5psTc85smVAcGQajFT4TC8xxPPH1wvJu2Grr,
76RQz7aGhvgCVqb5KuRjHSQL4ADP45hPuXhyJPmsgxaC,Hq23RE564UaA9WNxMmT9Rtpr8RFUwaYoh6XrGnkMoUAc,syncspace
76AM8YCEJyciDcMQZnd9TTGrkRjytcxN5nWiogTaMaPK,88gNHWScPbq75QunYtRi84YqvKwJZ1cjmqrF7chp8VXo,syncspace
76A6DbJB66pgLVpEbEjSbMrqKdDW72QB5bNF5UBvVNki,DFCsk3eC8c4VLMSqzzBNBwPsb3jHh562GnnMwY3jRsck,
75tASZPKhJpACe4hkyJnSBh3tBVuc8Zi1iE4hAfyV3R5,4TvZcAjr2XFc1tzu35omj9ckKkUESQ88HfBdeZ2StAQY,
75st1jf1gYcZVDaMCssQ5uDEThMnWufGVXXY3b2qK7S1,CAjet2dczt7kmByvvayoJY8S8d8PqWh7A39CKBNsSYnZ,
75oq65DigGiY7p2XVos8ascgDLpbAYMhVfiobTpTkBhf,HTX9BkwYdwmH3xPVAyaiVC8pVusCp4gDWTqwLwzCM1bx,syncspace
75ZfKuuGf9KByiTvkwSdVcgD9TwKwM3MVz5yQf97U2Z2,7L1CkFHENC75Z7ZfZFWwDwaxJKxYdeaJsQ4Kx9NK8L2X,syncspace
75PDQ4TiF1yAGVJm5m6GDZqJLCAA3M5DCTyGyNuWVyTa,92kR73fqSc9hqUsbF99mxieLQccChPR62ZdSHphyfgvq,syncspace
759ZbrKy1PrQdEGxqXQ83iBvV1yBJ1BieLbjawLj9tRz,AxHBAW7FcZSqhJwupaaJsoAVUV9w48pym2AiqZtDxDXM,
752Htw3rK15dgmGteji58Lg2wMRFhTXdKYqbALk3BnQK,6pAKAexmPp2fG7U4BriWaNeHqo43qqQ2hwbFwSbpU6Wp,
74x1mdHL64MRuvkKyckXY6EwDSpmU9nUWE9Bn32EGon1,HzcnKSsLNFADkpQ5UF58AZmTBSAyr2A8Six59mLxJfXx,
74wHLyXCA1JBPR9SLMNTzDjgAEX1CdbzX8dLEQg1mSHu,EhrEhZKgstqHHN8VNxBGQMUE9EJ6qtitvwPN42x6LXus,syncspace
74qRaCjzkRt4QUDVAX5VMMNBAZyye32LKLUGvmpdHAxX,E3SQ7zjLX5RRfk8dV5gArGthHErNr3MhTkCHMrMVz98L,
74h2xEzYEjZwANDAjvrzYiZKsixCDXJp7CAYianXziU9,2Hm3dbAYBCSdoYnofVYpLrzETTQt613bpaQ3SxnKxZQc,
74b221q5DxQA7mYruAA2w6G32DkXq8HWNRfrZUaai5J4,FvuRFXF7RAy3CR1gTtowQk8Qif6nAwuPhMVMAYM95vMc,
74MW2UkcnCP3FJ9wdu4jjAuCGUGBw7wCfj5PjEp9w7L9,6nD13XhmXw7g9fhKr87Kif2VKArHRhHiRihdrKUAGGyC,
74LUT1kFh6dhwTWH81SVnd5UCvqXBKuNy5bgvLDAZhM3,7LAjESa11JXDQHfPye1JC7jvVjtYhignL8QdL8U6VCgn,listed:magic-eden
74Cc8fQRtCgp8Ed1MC6oFPLwp9m3wy7gwWHuhSuPWxDK,BRpTwgx3QyKUfjeBeaGTcrDYTdNNxeh1BDQ8HdjocbKV,
74BZPfHWuVk7SbtujfkaeGP1NXaEasPC87xm5amBJAc4,HgrPGoYKr3xJsfXKuxxSdDdMzvBsmZauEWJ54d4sgtCz,syncspace
748Yy226jnwmErn9DwMF2JdnR3eAR4gLfdFmHsgeaeJ6,qstNWZCoEXK7Ro3kUbT7ujw3LUG9sxXHuvkiYX3JgHw,syncspace
7421SZsLzHn3MyxxXjzVdfi39C9o1pV2WVcRmuRJjaHo,HEUdcnYsFQs62NUFoY45s7kFe1GDCkvYzUXx1VZ8EV8c,
73vqbkuo82YfWMUSaGMQLwFwRUUucAjhXAUyyraGxGjW,5wceam6f3i2PNykKQkomeord2dhxsmyTEaEFxVLVaegM,syncspace
73TaBa98bHDSCU3ktC4uQcz5v5awjnLN6euuFd4TGLw2,Fa8TzVCkeQd7ZMcGNZEvC3kvSKtxMymdv1gCVZoPexuW,
73TXwtejdm1BoHXEEzuc6b6qVEkCiVHKLwY4aJ8ohWuQ,CY13yJ8NQzntDWTEtB24kmUtNAT3C8S6KCYYNFBDP7kB,
73GuWjM4wkdAy6y3wk1RsQHnZqH2TDXjVdnxBLYjmwub,2nCGgkc3DdLe5U7xiaqMpUPqLXhCjfn4o9YXuqJReuEn,
736sDSa7X8Js6VPR2xGLnYbBwhxAd4tVPiFbWX8sT5Q1,2uiUyGCfP9A7LnUcVSPfYciShC6tT9mtaYs6c9HJ8tHD,syncspace
7324pepUz5oM2pdsjRcghtqrP1m1PE8DQFL1gkEcywXy,4G46PVF4uEySFhUcJF9T35mPJ4wNT7dK2K3feAmhWfAu,syncspace
72wd9mxuKCtEp84t34tJMNcdrPZNqnzcNgUYfWZbT7M6,Ar3pGA4uy7aGs9woLu6qvogbyPvrq7dpo532JAAqFjDt,syncspace
72vgZrhnFTD9JrNwreqUh7abH2PiCYFcvHYDeFk6LwE2,E5ETMpSXjxXVm8TXPrEdTuP7hrXQSdXN9e3HHkNJ9UaE,
72mzBBYiB8wcZeNDPLFH1sB4DA5mFkdysYX1rS3RbGuc,r5QZPz6YgD8R3XzkRwezy7P1zPp2k1BsScToM3F3Hgn,
72eqNpjkYuYkZ9V1HBCqKCm5ce5PLG8Ryzu7bSKAnNEC,4U7tf3ChxC8mr3KHWnkV2bE2ogBJK6q8LHLvU1F9BhKa,
72aQs6Hk6A4MsWTJsNwfjBHDYykeDYcDLuA8J9rJcsKV,9s5HXSDVcbqHCejgAGdVuv6K54csqTvjkQcwSN6Y2r3g,syncspace
72ZZyXswGXcx46wbzS1b29sdRwEeoSTQ4WXpHwNQ8rWw,CtyBYvDMWDq6xSr68Bg4TZCSkWwH4QdSZ7duoSkAj6jR,syncspace
72NDC87cztuVT2cRrxEBEAC2yfpsaGqs84W8pJLsdB5D,5k15YfLg5TmTeVUAuxpQgK4r3Dzuu9ce6RwmKUdtDXYH,syncspace
72LVnroVtWwEySm6RAHEG8uNo4uHHqL1qpHicoZnLzpL,Fa8TzVCkeQd7ZMcGNZEvC3kvSKtxMymdv1gCVZoPexuW,
72HxvzvRNPTFvjz51D7kYBAiez5i84CmaJb5zmsttVH2,8EL6hE48c8MJk33vPQxFtXwZFESVbqL8AsNYU2SMqURx,
72CjvQkLafGPjAXQ5vCCo3fmSdvJWwBFgWA9RUC8nK65,3Uq3KvmYRTR2hmjEkJ6AyAusz9PCXZJeW9MxPtX8EfKX,
72CK8bjiMLbf2hUAT5RXvSxgRfqbk61cg6U3Z2HL93dG,7JRGH6YeBWK1Pb7KXxS4WF1JrHqP7VmRD5u6HC18nHVj,
722nbbq7MCoiD74eswr8XPjQA5cSEFcnWRQ1kApnoh4H,CJJCXbcrbuN78kaGqzsdAuPAgXo4GB1YDLL56PRmYFPr,
71tgMkMgCXUq7hsVqxbM3FgdHfRzjacU4VSR7iEvgCiG,FHbVUUSthmyFC1vt87pVcN51GSirxy2NAu2P3cQvUs5E,syncspace
71rC9Kvzqo8fhiAj1EWjDaRCyFeBK6cets39ZePPwnNp,BgF3BXks2ZT7qEthFRT9NdtxUs8HNXtv6e8Wpk2jWMJW,
71p9wu9C842FLufQy2JyCvYi85hAXrj4CZcoXxHXfMR5,2VQA3FT8tWRPgiwVPh2oKm1JTA44ocGspKn8yRZRvXiS,syncspace
71jYzQvGGsvuKp5WCrmpsz2RhcmEJ9HeXstczgaLxqN6,7KS2XwcLuMiZR4aDhTbfGyWDbCBCfL2VDQeepMxtPyoe,
71Ne25n6r4FLT7G25UX6nVrWhAWZr9BMmDef7WEqXxmo,G43e2oSgeTEaxN3vc9iCKUg2AXaNhfs6KtRwoxgZ6qdP,
71K6SBrHqSyMwuommhunwmTDY8p5aoQmDMDXBcrJj15p,HhcMjf1dg8ysC1AS7m84AccQEoXAsMuumnG41pt6vd87,syncspace
712sbdftdn85S9AGaRaAWjuGZjwAsV5g6FBTDpjw7PXU,Cyn5YRLtvJSVAbUMnGod8QA8f3B3Lb8HJyzEKugUvEra,syncspace
711UA7UuZ3hShgx8YzSRigqaUEkRxqKxPXt7sn4v9nbd,FRnFVoakjCChVX5DSSfoyKtTqod36uQyB7deXqNB7XYG,
6zz1fdZq2cstSRJskYYeUZFejkoRR894hF8kB65D74Xc,5wceam6f3i2PNykKQkomeord2dhxsmyTEaEFxVLVaegM,syncspace
6zpdHdQzU6yEFtJfMLHQhHP8h9Bnjn597n3RAetCzsAb,HTX9BkwYdwmH3xPVAyaiVC8pVusCp4gDWTqwLwzCM1bx,syncspace
6zoff1TzgzAyGw2vF88Gjfd2x6fcDbYJUTDpEtBr7ZQT,5k15YfLg5TmTeVUAuxpQgK4r3Dzuu9ce6RwmKUdtDXYH,syncspace
6znuEy1jgRSBSqZ995dbeTxB4P7SoKSaDRXLWWb9gGCW,4NaUZFuu4dtCePLFQWykJfFdWQKsPZNUthR2ui8DJr7a,
6zdxw4SDvUz8ffo3fSFVbQVuDZndNDrypuYsyZ9VLaHd,HwDbffgRdgtQeL18TwyAV4zFRrA7GHwqYCdNvhx31wSu,
6zPWarbtTCWWh86CxDZgTqdrTRCV5YhB6ncJdGLRUpVu,4eVcByLcXGavuwEBzJuyPGH6mUzrJr4u6kcdhy6ZJEno,
6zMk12rZEdMrq9rNM5RePRRq8twRJnoDpbtGFUFkj6gp,6YurbRgkHJ9PzsfoTuqphvWcLMLEG5LA65Mh28G3k8Kh,syncspace
6zG6zrVBzAdvg7VwBaSQypD4RX72tDJWegTqqF69MaVU,Fa8TzVCkeQd7ZMcGNZEvC3kvSKtxMymdv1gCVZoPexuW,
6zB3EnMupZCGUyndnaJbJa19B2bVjLYUdTCr8L5dgFqn,8N2aRQvKK2eh8vUG5146Qj9DSMpYBMgZmwcu21pTozqb,
6z6jB5r4yAS5pBuiSmyv2v4DvRNrQNcU4tCwyUHFoEaa,EwzkWJ92ZDvSim1nX43Dt4KC4mpCwHKnKpfkp7zboeC6,syncspace
6yv8QcqdBXjByG5PqbtVuRkQjPoAuwaryp1qcfAKqtjb,5wceam6f3i2PNykKQkomeord2dhxsmyTEaEFxVLVaegM,syncspace
6ypJWvgiv2BJP95aF5xpEBUC3aaVQEL5yT6h8EJj2nZ6,AtiBrooaXZjxyuXhsFFbRfTVTG1hiVpBK1XZy14coMPp,
6yig8szeMFjXnYowZXAWyKaCKDWfxx9Yy7FsQ5u7X2Hw,BmSPAvMiioj3Utz1FR4fo5urFSuYo6NEVKPjHAejA4ic,
6yhsQz8sYUKCd43Q7rNqniu6gMzoSMoABPgYo8hQJwT7,FY9NAS62iqRVkjSwzbWkSLammaLLa7WMduHkKd7oc6Te,syncspace
6yamiGUGA64FHJPLJTM1irDrjun1c8bQwJWHdBw8twhe,GLXy5LwscvLKbEysdkDywyFg1rBQHb4EVQF9F8BQF3GG,syncspace
6yLVxgixN2TA8pt3RcozvGcLsQ2d8zR8Uu4e3uBAYqr5,GPg1UBnaqBjZS2XiMfEpgWn5YBJmNkVd11HXjYrDmVsr,syncspace
6yJDRrJ58B9h1Y5579HhmkcDtDzLwSCLGf5FcK6jcCGF,7JRGH6YeBWK1Pb7KXxS4WF1JrHqP7VmRD5u6HC18nHVj,
6yHJzdHwj6Vw8XgD5NvLvGFT6puJNcxgVtzwLC4XAewa,4U7tf3ChxC8mr3KHWnkV2bE2ogBJK6q8LHLvU1F9BhKa,
6y3GjrTdnnExZwxawjrG7pTgMzwEjFggrLei5a7wQNBs,FXMcgZ6DBjiEkwc2T47iAyCmKQocWuDfkURntMkQs25,syncspace
6xyUSMyAPWqZmvrg75T3NmCtz56uhTcnsSiiSACdfN5W,HTX9BkwYdwmH3xPVAyaiVC8pVusCp4gDWTqwLwzCM1bx,syncspace
6xx77PGK9GFBfuPN7dz9FKj2LG9BJCTgkkFbVVhBsRdS,FRnFVoakjCChVX5DSSfoyKtTqod36uQyB7deXqNB7XYG,
6xwwzSXuW9eqERNSPSJsdWhF29wDcv762bM7bgAD6fbW,7cHzE56BMeNuEVVtqu9FNsXqXgjKMBjWWkktX3tSD9yi,
6xv69ePyUk2g8coV7XuX6ZffsQY1Mro297nFikrgXDNG,2xghNrAs15MeStiFGmvWDqzerCLaq5UUe6wVabh8bSx6,
6xucEvTL9bJF4MNKZCsFRxf9VwWcgAS4LbJX6EqnsXKB,GLXy5LwscvLKbEysdkDywyFg1rBQHb4EVQF9F8BQF3GG,syncspace
6xm1kUvk9wodDKGDaPwJwg4fPBmrZcX4tHhz24m7XF2p,DfjuDsuN9RVh2TpwE9iAezrSRrKBWZZH2XkYvHmKEjz1,
6xkw5P5sAdpATCXGXHFe4nanQHytVdZkPumc466Nq7wu,HdovJfuThRo2NM3tcXxN7RTmFKiu8ZNp5eMgMFVRGgAM,syncspace
6xVWdsiYsjx8zr91raseEq3nJLUtGrKpkwtsojbunuR9,HLQQovWxjd4XED8vzCUyyz72eaWW7NJd5MdE3iv1L2iL,syncspace
6xNq1d7KKoSJCpF5CCM7tTFLE5SoMxNpToSwbptavDLg,G43e2oSgeTEaxN3vc9iCKUg2AXaNhfs6KtRwoxgZ6qdP,
6xHBu4yUvTKuhVnyymWdsqQthtkFCmQ6ssQG5ge2qHSH,25TqXN4ToREvj3CVYJcTP1MWbbi9Dd7uUeQ7uTW7pmnU,syncspace
6xH1dnHqPbBWkqUP5Dwbg7zpvSrC3nxY5CVwh2ndAs1Y,H7vbEEQBARVaRwET7WdqT1SQQejVApc6pYhQQuybQQvj,
6xEhq59YUr1kRRuSuG6wkaQxx1LUm7swEN9fEK74YDZ1,EJxbv3aGrLuX733SASSsV9J1LQaCoUmrArXDoF8JAKJc,
6wxMDMYgWG9N5xxHBWo9KABVa8UijoyCZeg4EwDDY1yZ,Egug1nSTvtiQabtjocLg7AmhENCbu1WStmDn9aNLYHBF,
6wvjQMBxSyVrZSiPqzdsH7pYYTsYQhBJZ1jf8WdarHXG,2xRMvUtr88hLcLkFD1vfSADkQW92S3JxFF2vuV5pVGLr,syncspace
6wuhjrRwaL66ZxVecPpDWu4TzVGv5HK171Fz1Tq67XkM,5wceam6f3i2PNykKQkomeord2dhxsmyTEaEFxVLVaegM,syncspace
6wre7NeQGRyHQQRTYD4K6AbwFwUosFcPs1GB9LPtXpZ4,BE4RqufLswvaxv4aRvjpwtz2c4wRR2FnRDrjzg2BqUtT,syncspace
6wqxc5M9AKwkJb9yW9M8mhDzJtaAgEinyFjeCjDdcheo,GLXy5LwscvLKbEysdkDywyFg1rBQHb4EVQF9F8BQF3GG,
6wKvdEMNXweXsotVvTgF41ANKiEPWkM852ciLGThjan9,GKskEYAwtz8963JitiS5Ph2uLgUSKyzU93oVxrSBNKuF,
6w794oq51SwHyhxK2Au8jHmrvGNdMzRyryYucr8yisaW,EN18Bp862Luc3qoF9yEzoEjPoHfYdjYuayujshXfSutQ,
6vvUapHZ6CjWcW7FDSxKpWstWD1NdApBqbGFpM2AJgqU,BpGZYVyTYL43ap3J58jeENF7RuaBSWNd2K1bw3DpQsVu,syncspace
6vjkdYhVbnHiA4waj2ca4f7rnbB1pL4taKZtPJquxDoC,13X6aipAh5g8ZKudeniy3csmbRj1YkN67LiNzS3MjSuE,
6viMFVnMMhtuPLs5HHS7zntTk7uWtdQdYABEk3BneXur,CmZq8a9YkmjqdVRaAA3NxMZA1KWzxCb3m4gp5NSj3ma7,
6vF3cnL9iLzekdkG9hueuN1vp8P7YBAceFBuh7ZyTeHC,2ZGxypHDRCX8ezBmkGPtcbxEV5GWEu44SpUR6Sm3ZFtN,
6vCYdu2iAJMNLCqw7HpHFn2qQ3dyXGyjkovQqnAB3Y9L,HTqeeZNekuY56RTkq6zXejT3sp2giAqHRcLPSaLZg4ML,
6uxyE884BwRPirE3aB3PkxkFmDCvL6qV4aoYiSpPH1iD,7VVwN2xyL1trGgaKbDNW8UEQjNsozQ2qMLtNWEKtrKeB,
6us2FqBog1qJKZp23b4b6XBXvmPbrUUS56dVBayrmSPF,G43e2oSgeTEaxN3vc9iCKUg2AXaNhfs6KtRwoxgZ6qdP,
6uqzomhKm3gCr1gLVgwY9zJecKa4Vnv4ga7Naks8ErvX,3cPUuRQHyXs6hyPYdTQ7MCvMXT8nE3tn1f7jfvPYN95C,
6uodd8b3Jnn6XPN5K3UrKpRUjPpxJ5zgLBDK2rw3FfDY,4qYWqy7eVddKcykU7XtpLUrKYdF8VtPobn6tUuqKhWtv,syncspace
6uk7D4JUTxfrF1Kt9hK3xbawJt4sfQBr1V9Lwv79WkZL,AcjsASPDP7ZkEWC6YKJWTfKPXsWmG3qd6YmFtkkvUFgL,syncspace
6ugyCe4f2jgiF6XAuUoM48wjhJ83U5uMb8ZaSxQbGE2M,2jCANQUeYxNEfJL9pUdPRGS1GJjm43LBvuxMAhpAnBum,syncspace
6uc4vVuazXyHAyZmoJbEBqJM6wUNVQFQDvSp5x81myty,5wceam6f3i2PNykKQkomeord2dhxsmyTEaEFxVLVaegM,syncspace
6uKiwduC8fC7g2JKB5VtaLaic2Fca5soNaNt4zjZg48P,FY9NAS62iqRVkjSwzbWkSLammaLLa7WMduHkKd7oc6Te,syncspace
6uHjz9R462LfVVNPt957fK75utyMfTZ8mtztDZu6fb3o,FZHjwPSZVcqZdgLcU8LdsWX81XZuXJ4PvcMPfBRPSxmS,
6uFMYqts7JJ2zTgCsYqZWXTvTDrdDoQqSh945wMsPfRW,D8iwNWsfRkg6oNy7AyTevRxNPGUKZZ2oixoqLiinSSor,
6u7qmdqtttistxmukHgXci3ovfy3fkZiy9gyXVV4mtzK,Ah2QyRdBLriEfhHKtPWt8CGeAQcPhASd5n2XZrKG5xoL,
6txQZiL94tFDLjqUokK3CuvV2TeGoMn2BYbWpcDxXyjY,4eVcByLcXGavuwEBzJuyPGH6mUzrJr4u6kcdhy6ZJEno,
6tw9p1bNXnHegetSss4Ti4a7UuZcGG2GrtkprvqTTuvT,7FDGQKdCFv4cvrfYanx5V1qSmsAL13DjahW7XvP7gYRJ,
6tv4nboeH6PrvvDphuAqnuAc29ohBLkieTiNY58pbdso,CB8Pr9uzrrFw8BFnCqworH1wMa8DsmbSKgUNwVWnDGrL,
6ttTCDLqBtQBdFLKT6ZwAfhh4mbFppm9FKBvLpk5GKeE,HSozDxXQsbSedsaCfXf2jjCkLX5GGzqd4fFiXtNoJH7u,
6trWNyyKk9Kq58bbNcmVB1gPgUeMBrfNHJJ2qbDZfwop,7LyoVddM2eyn9QbPV8xct1uzBD4SB9PkauPQZAqJuVtG,
6to8HEwf52jRkqtXyUYbKknavoNf5x49yuw83E6QrncA,9TGu2DP56SWhaeTuNHNPgtKW2tynAipADp6er9q57jAi,syncspace
6tfJRw9EKUXFSXPmTVB9sGdn1mf4EwvTPW9rCi2CBXer,9iVHgu8EbvAzdMwbak1nBMbsBs3UothBtzenrXmAGyHj,syncspace
6tbauVsJGtB6RdpmRvLuEH98diJrZex4uK5tJkrW6ezA,2i2xwD9y5BcwPmTVvRSSFuxGihB1MnFEvRmUAP56BvWB,
6tLbGox2BhGf5cg3qgbRZbbdGBrBuEEP4mU8oPxwKqHZ,auryHMdwKGnjU4ZBjtacvARm8DcAVgEzYDzzJvVFfE8,
6tHhDccR7kinRvWEQtMqRoaEdDKry8EietNYMwnDwXBJ,4nomjTstoVWNk3SnD9NMUKT1ZypvMsupvZ3U35xusrxM,syncspace
6t5GRbysrPmAzfmcj6Njm1p86vxvPyhRDLKN1P4teyVY,HegbXqdSjyAarH8HQ8N8A8WVoQF1BDLRiK7GENaZyUCw,
6t2CUMzYGup3zmU96aWXsZFwEztdfcgF1gxJAnWceLWt,H2CAfKakYfFuT5oEZJwtAmgy8ihPncv62iMYmQXFG3Y2,
6stp1FiHa2DEmKSVooz1bPMo5x2o4yBVzQevZjK5DiAH,AkHTrLH3yCgXJh31Tb8UhQJxJKJFDpUND14ZfUzvsRG2,syncspace
6stcCoLmuiXf91JzMSLJhtsy1aE48GBPeDvw6eQ6tzhP,5wceam6f3i2PNykKQkomeord2dhxsmyTEaEFxVLVaegM,syncspace
6stTtfFD3JQMEJFLAN4xy99kyrRQciZPfFrkmu1aNoVk,G43e2oSgeTEaxN3vc9iCKUg2AXaNhfs6KtRwoxgZ6qdP,
6sqi8ppGBPxsbKq4pSzqQwzHaw7NEyJpnq4G87yWJ95B,Eu9sCq4czoMULUtBWoMLuL3huFAM5dprSUmzsQUTS6Sp,syncspace
6shuKQv5v4et1hzax5cZ7QH224PbgJ5kmHAaaQUL4vvu,5wceam6f3i2PNykKQkomeord2dhxsmyTEaEFxVLVaegM,syncspace
6shfwxHniebv96H2QSxNV1N9R7zJqEgBhddnkns4pfsZ,4LDMZGZgKRRvtyfFBaZPouwKfcegdgHG2Jj7PujZmsTw,
6seRiwPCYrvvGAMPh7uZQbJMqzZYhfForwbDVqfQcAML,53b82RNJVTyoKCRuy7zpmJEMBn94XAxSzHYF2VJahQ6B,
6sT2gLysaKiWBCrm6JPbXvmXHWzeAHvf7vDktkJyS38p,HxHF3LQ65CJVTcri2cztiftM3KcXuDCfXgNmpWvvd2gg,syncspace
6sMBqDvMRxo4gQP2amcNknsVm1y4pxjDL1XSfRnckz4Q,6LnH18SQsNqVN9BY76zCsNP8ur5XVQtKgb2t2iq9aZfs,syncspace
6s6xSuL5eo1mTfoVzHtpVf6vKecrYD4LU9ira1UgxSRh,2FiYU1NdK79Yqtma4N7bz7xGRjQDfPkCv34af8D4S65x,
6rr9in7ZgaeUEJg4NSXMbZXpiA2zi4vhqUM4M4h5b6y6,HWH5F8cLteBF2BEELMWZoZ3VQ1qrR3fxnb7VbSZ86aV6,
6reKt8o3RLRKvc2C67cVN1iE8jUwyGebHBcvHvuvCEKv,5k15YfLg5TmTeVUAuxpQgK4r3Dzuu9ce6RwmKUdtDXYH,syncspace
6rc8THSRBRpsqJnR7ynYNYwGYttvY49efuF2vAYYREG3,ErjzkWUqPZnX8u8sESfdLV5qVkXoLEN9iKjPD43rnD7D,
6rNz8TKozF32AzTie4bdVnFPKApP7mRg6KPfB1WsopfM,7ugN168HdpVVfLidU9rYDBkYedz5HDv9xYpUdifZSQsQ,syncspace
6rHLHJ9kwLJvoSrY2G3zPZYwhjjeJFjkEUsXAUabjtLd,G43e2oSgeTEaxN3vc9iCKUg2AXaNhfs6KtRwoxgZ6qdP,
6rGfE8HrnwKE8daUayo9F5Kiqt9BguQV4yR6HMjowFUg,6Pvo6CMHSMUyXAoP5EGU6MiNoHPz6zjqULwENYyAuzdi,
6rEgNVL4F716bQBChSFM7Kuavwrbd6GchamsbtjnFJ49,Fa8TzVCkeQd7ZMcGNZEvC3kvSKtxMymdv1gCVZoPexuW,
6qrNa1qRoApGQHR832ZioMLFcm7G1KAx9s7UtcNhC55F,4gGBY9oqsnb1gt97BD9vJEZ2pB8nwggyPKFGkmx9kGAh,
6qkQ3FPZ8niSB4doGU8fZgY6aDgKth3qoQwxLj6zNUDv,5wceam6f3i2PNykKQkomeord2dhxsmyTEaEFxVLVaegM,syncspace
6qkDSULU1v7zuG3sPaYFy2UHEhzevrT6LaBitDNNv71t,7XopJZCEdB1fzDQGCFJ1QC5dv5LC36AEMQkEGfHaMoRj,
6qUBEG21NDFuf9qVSYQCggMDwXxCAdWwYuUfFGbnZu2X,auryHMdwKGnjU4ZBjtacvARm8DcAVgEzYDzzJvVFfE8,
6qS6zfRXVuiw3QEhtKzHkvP1k4Chv28szEUGCjPkgG2B,HTX9BkwYdwmH3xPVAyaiVC8pVusCp4gDWTqwLwzCM1bx,syncspace
6qN1c5pLXX4DGb3EML1zqtnMpirp9PjrRfP8PqZnR4UB,5wceam6f3i2PNykKQkomeord2dhxsmyTEaEFxVLVaegM,syncspace
6qGz92kBoTDfiD8tnQUi1Un3pEPLVDy5kyXph2pqP5KB,74zF7HjPEoG5K5YQSmBToDzQ9vZrbp3orSRoi92UiH9w,
6qFdUt4HUXMGyw1JkgecW7xHktD6AS2L1sfsdE8wJjM9,AK4vHgUWndTe9mPgGQtCAoWd42Nt1sjuaJF2fEtBLggt,syncspace
6q5RpzpoLSYTtKncC8mStEXscNRZUL8G1DGa7aU679cK,FY9NAS62iqRVkjSwzbWkSLammaLLa7WMduHkKd7oc6Te,syncspace
6ph5MARH21FipWQWN5kZW6pmyipf68GeEa8Eis4qHR4W,8KNDERFQePdbUUSWuPrEuAGtDqNeCrP4ddNYdJ2hpvDL,
6pXVfCVZHDicD7PQbV4YCrJA8LeHRLBDCvrqj3KpxAQz,2KkShUzeBGNGDnFNga4ZHfrFKPhmrFuMGzyU1JmdAQc7,
6pUrhu7yKQGGWbAUBNqFSA2Hma2XXrTGdVmA9Eu468yE,FCe1QsCGAa9i5w9SuPabrazVic4VpiQdgZZxo6nyBPqG,
6pTiguiikQgzawQrkb8WPBbsXQSmHG7S2NmDRpcPKgSE,aumuHzMdUFiFCvJ7kk1djU4CViSzxJk3FjXTXgvdNZn,
6pSggKeSqGvLw6XSnZmsTwCyGvPLPdGa99PGFGurBaSj,Hq23RE564UaA9WNxMmT9Rtpr8RFUwaYoh6XrGnkMoUAc,syncspace
6pSPDZNZ1E6voStKG6pHMv7gxWKva4qfdbZWhmEc6N13,ARbRdAEBm3jCGoBKeAmmnJJJ5UmKhx31b1HMK3G8DLYi,syncspace
6pMhBWkDXBPuS1pc9aaAn5so4zGN8CEpZNuVfYJsgsfz,5ALm63hG9ktT51AzeVj18PdMoCh5nWTCoNnp2ThGe4ua,syncspace
6p7Pd59ast7AkgkcWYAtfuHUUb7kw5vECWcCYNuCud4q,9ZtFPMqY8eD8Fq3o1L5qey8jQwmGtoV5zZHjeyTLXDY,
6p2kG1ajvdDvBFdLQ1jUWCGyJ4XcNCRPi68hz5eD98sd,3H54g5eRUxLF9j8FitR1XDsky5VAwKfPSy4xAK628gzg,syncspace
6odTxf3Yj72VQxZcYbJ6E58YKbvXeQtxqUWvqnqADxdM,HaCYZV31kM3yYSpGiW8W7JCAbZjcvwAXUvT3PDWPNSX1,
6oUwfNZnSppWYF9m6ANjZHBA1vPvse8g6KXMTtbM9ukT,3J74V6SaBRuaEshNX9syi2Vs4KF9EXVAMWpNkZtKCfdQ,
6oTyeD12MDBZzKZNZUftXcT9JobtWTi3vsydSZk9nFdE,7LAjESa11JXDQHfPye1JC7jvVjtYhignL8QdL8U6VCgn,listed:magic-eden
6oTbTwed1ekkvp2ukUsVkXtSLKUdGeLezCxYQfpmcTci,5wceam6f3i2PNykKQkomeord2dhxsmyTEaEFxVLVaegM,syncspace
6oLc8TdDRajXgHTk3K244n6MCtFh7YkrckLFe2tSYZQp,9yVbFMydZbXHWtUs4J78a1DzhW6cB8KAL9mQ1gv6Vc75,
6oKi8QCTrdV1qjtsDHeWjmM3FMURxsAR854h6ZfnND8v,FotFcJG4GfBdqYUqzcsDLT8u68tF3EWMH6JXSwvqYWe6,syncspace
6oJWxJtGGJx2772Sr5ZSUmufW6c1rjNtJPLpU6CnDqHS,GWuAeuRDpAwKDxnVEDRW3hYn87dw8K91ZLrhhZUCftnM,
6oERSJreyPoVBQsmef19TALYfNsH9xbQUnqnRWJ2SVen,2F3pCR6Ju413NwpsC1knkXUu5WEZCYCJfN21yGcWwUZU,
6o8MCwZRR9MU6dkyWyrH6Ki4Nd1Xv57APkdiouPmcoc3,CiS1udKWfC9tQqMLE2pDCryHMUyoCaL7PNWY3hm5o49x,syncspace
6ns4hKxHQs8WmhDAzP1kpmtzG6xWC1oJnqA4mFH5Mg6d,88gNHWScPbq75QunYtRi84YqvKwJZ1cjmqrF7chp8VXo,syncspace
6noPXasSc7mbRwyyeWzT17hafUCme2AiZSWNi521M5tX,B3Mb8PQvXKMWgGjoXg6T5AvS6LLgt7D6KX2Ey9qoE98N,
6nnubEbxMYTcsZd715xxMueUFU7bMEzq4STYFSYjYVAQ,G43e2oSgeTEaxN3vc9iCKUg2AXaNhfs6KtRwoxgZ6qdP,
6nniVhic5gYo5LV4hBVQvuLTysYoMigyc7iJQpFv8GLd,7iZFW4WFd9BWFjMFgmeTGsthV9PH7RcsXzVStvR7Z13N,
6nkmVPh2XALAsNBwNPTYKJPbsWiwFsn3R1ascip9PH48,AwcbpyGPiNdPrtoBd8UpyLNF5EaszrhXoKqcqqDoHYp6,syncspace
6neS6NiCtbX6TcKDt6dvd74MEK8U1dp2Kn6YPWuEEpKx,EcoPCGhzVtg7qJTGa8fdW7K7YC1u43nmc4SW41sPrbUF,
6nbPMDzyMjtTn1iWQhFEbBeTD7BunwsrcmwTv2cGM5LM,FrpQzGzUt3tmmARHCtRKfDV5ddFtt8k9Y5zr7WtsRUGk,
6nYXY2EmQUDXkW1jC6x6ThggFdBmuw1Xd56XRd4wobMy,9arkxbiNqDLzMiB8gKqRd9QyZkKToJhMnZh66E9kZ5RF,
6nUZpDztMgPjYESXhx146xV2vWHPHhEi26J53SDMXJMj,CfNGKrk4uKHxVZi6wQ1Sb3cRobD2V7Gp8yA2mPm9XdhQ,
6nG13Myix324Hh9yyJmVTuKRgvfFZyYhqqkgwbhyvE6g,aumuHzMdUFiFCvJ7kk1djU4CViSzxJk3FjXTXgvdNZn,
6mnmRdJh2FA8jy8E9B2BQzf6crG9K46BXceBbT9Egt8t,5sWsediccJMsGTayzXtKWKkAaYLN17KBa78otHRrFV2x,syncspace
6mcXVrea44kWaf21vTDPhX3EfoWNq74C9cuYA8syv8BE,GPg1UBnaqBjZS2XiMfEpgWn5YBJmNkVd11HXjYrDmVsr,syncspace
6mc71pS9L2enBaNKLSvPU9Ec4aHKgPNVrxwNhQga68Vz,G43e2oSgeTEaxN3vc9iCKUg2AXaNhfs6KtRwoxgZ6qdP,
6mVZUShBN4NTFDRRiqinwknb7ajZsZSAVAG8kvSL4tnz,CqA42zXaf5zXk7EW7jtCLfL2uH1efuB9GtTfjfJ2hzoq,
6mQUfSyb56hGYxqhgPqeB6V2ocs91mxkSnYLupf5mwKX,BWMvG5j7QQfEVE8Cp1mqAZWqapwR9am6GJHvMZF3aqRj,
6mNrdMJWdS7uZ1rtYvzWN7pmFH2ysatTCxp5Twkxzhgd,AZ8aGz8EKUNiZHLJrP6AMgda9jx4dgrBieLeEmkzKDeu,syncspace
6mM9VWqJdANKN7PTYnYkV8DmR4rtazgL5zcY3yhqJwJ1,Ge4TZf5EhyhucdZmzwAauzAAhGSadjzq4UKF3f34HXzu,syncspace
6mFTwARGQbVJior2t4dcSNp2YX3qmmF8eMBKr1j3tcdP,Gnc6gK8YkxATeGYGzFxbv2G5SdqXMSuuGs1AHmoHQdkz,
6m8tVTSQ5R8esJ6CUXEYSuzbewoq4SLNCDeTUjQM1yKE,auryHMdwKGnjU4ZBjtacvARm8DcAVgEzYDzzJvVFfE8,
6kYY7zhLMzjM1jeRfrMc5M5WBR34WMhXh3JgCo1NsxUP,H7vbEEQBARVaRwET7WdqT1SQQejVApc6pYhQQuybQQvj,
6kXHdzhh6HoEuoaM7Yr7hBCMHQjnigC8w2PCkuQ5WkEX,AkHTrLH3yCgXJh31Tb8UhQJxJKJFDpUND14ZfUzvsRG2,syncspace
6kVVwAVfQJyWHoeayz8cnwM6aUjEG4kzQBmHBSZnZ5PA,axARhTHuJMcTK3dHjkpPB8H4gd2rY4Xzoh7zqTf6KLn,
6kJ5tXH9kfyUnvhGzD2T1dk5edwGvGRQbfx4MBUp1bfT,CaQbhbBxmv5GcUZJk3FLeo25KJJrArRAXTTJGKxZFA8g,
6k4MU1ei3fRiLkxyqWS8Q1s5Un4pyoHscNrYfjv866a5,88gNHWScPbq75QunYtRi84YqvKwJZ1cjmqrF7chp8VXo,syncspace
6k1RYXdiL87Cqdu2ZoHYrMqJ5x7kLPk6hiz8RvnGRTaY,BU1EeLrGUJzF8u33GSVmh2tyHtq9Z9G11WBAtrpunAuS,syncspace
6jpB5DdKQGSoyzE5WWTmvbPJhruuaXbUxzvFNDJNMTci,4U4TnTB2exaGzLrzg9PqproUArAkPLj7TvWVpAv1SEGm,
6jjcp11zoJiqM2HLjTzCLJDZ5dD7fkPYZTWPLB7AN51M,4U7tf3ChxC8mr3KHWnkV2bE2ogBJK6q8LHLvU1F9BhKa,
6jVAcy9JDDtkShd8N7XBRx9iF8JZT5N4V6jc9PHmYYKJ,JARJHUrUvdt87f6n21PBNyNR5X8atPmibH5t5zGouZBc,syncspace
6jPnBWmfyjJr5CKSkEsS2kakdBpHYkAUCAfsRqgqTfNn,HEUdcnYsFQs62NUFoY45s7kFe1GDCkvYzUXx1VZ8EV8c,
6iWHr7nJCaFzfNzWsrw4PiQYc7gUPoyBv9quFbZiCvDd,Hg2gqbjGgL8NZDmJk6jfqskafuK2pPqccSq5FqamaTX2,syncspace
6iSQMrRciou6xbBro745dJ3t8ufXrCmjhadmNVp2ao97,FPNMQhpGtXRdh4LcMBQs35KZsGpwQYJDRicPgD63gUj,
6i4kRpiPTDuM4xUY4fSxmXSjar4CFDEG3JKmwQp8bnRm,HTX9BkwYdwmH3xPVAyaiVC8pVusCp4gDWTqwLwzCM1bx,syncspace
6hx88Y1HRUmYPG2KKKazgJuB6eZ42kuY9BnXDHJB8c6d,CCwVo5Ec7pdesAEj5uyep4nugpKdX9h95Hi2BJGu9UXg,
6hbicNmtbe7fJ2wnx1qGFFyWErx8vj4ruFPn4U4G1tns,CiS1udKWfC9tQqMLE2pDCryHMUyoCaL7PNWY3hm5o49x,syncspace
6hXem27crx9b5tGYDqH53VALxjbHPwk9g61FFJjsLMZz,Hg2gqbjGgL8NZDmJk6jfqskafuK2pPqccSq5FqamaTX2,syncspace
6hUp2hUv5iDYebet8jr58j99aRjH8H82uRRefTiSmtti,Dsmwsfhy2MqU9FHz2DwuYdTRo8munzUbjPCZpYXHm1qk,
6hUfb46QWM65AWmwcd8EWYfq8iySHcFHnpyM5i1LkLcK,autfyCR5psTc85smVAcGQajFT4TC8xxPPH1wvJu2Grr,
6hU1yTqyUFVbLvb5Hi6pUr9H2kj4fDE8jRzWAbLidAzW,8h5DvnHr1sVCc7W8AcnartLiXYXqudo1WH5jiTzKnxUs,syncspace
6hTGwhHHoKpHc1HYF61meMT4EEbbYtYoKsi5tASAMyzp,5wceam6f3i2PNykKQkomeord2dhxsmyTEaEFxVLVaegM,syncspace
6hGkhU9ikaKaZhkLq2JLvD6egWMsiK1DN4vWuNyzf6bs,8uqTTJrymHMCoG4KLGLPgJh8rqHhMWSEX5BtyL6zdPZL,
6h6ujL8wMUzsD2JurXtKCxUDUXwMexwBgw6AULYzhFPb,FQnSiYVZD9QXjuhWV5HNhRdMNHShgs3LJXwuvgfSYZWc,syncspace
6h5sRg6UTkFQUi1btKGeyh86qaV5AtBBJRj2mebRwKzy,8mdWvYHTwRdFL1af5RzzoFmp7Z3tXqRXFZrSY5GJXC3Z,
6h3xc7P6DhpUjschEDuAYLFHYsbGtXbppEhQVjU6nV4G,7eSvqcNvVkTJCJZn4Tf27D7NKj5a2En6tGY4HkiRHbxT,
6gvudigaYSyA83Ribi8JnhfUnzESZb4jahvZabwiuBCv,26UgX9WSX9vadYdgfcp69nkYK6mjgfkVnHkfkGCyyqGh,
6grVinQy1LsTEUitnTH886KKXe32QHe44DiLTVYDR2st,EHuujbKShgCBa5dGH7S5HtsvGqPdGjMrKZ92xDiqJNat,
6gne2uU329kC48B8m5hTyxEZNCnktdY125GjJ9M219z8,3xzSbHYdsBgQqSbU362pDRnPHXYmToxPdGfA4qpZ3cmP,
6ggP6m6nWbbAp43bT1fhKMP2zNd5gc3Yh9FwN1rBUxTA,5jHcwjL6mmvgWEvTkPk3Ps6Fu7M6moiocASQuBLmbX4f,syncspace
6gX3VBYWLxVqC96LvrvZjmveNhuyCbpgtzS3jMAsSvFc,5wceam6f3i2PNykKQkomeord2dhxsmyTEaEFxVLVaegM,syncspace
6gHQ48totNW6dWhNoPLRpVwmjLzUsZo8UQfmVk42nqDU,9SMpGA4Y6VJKHfu7A6B4TtdG85wyUFH5Dbmk1scEv5my,syncspace
6g9oSo1iAYgnTrx5StsysjJggeuJ2NQZRteZLYifngKg,7MQyWasvdG3Cm97cwuafYkv23XCkVeqoTtuvuhxfgPqu,syncspace
6g6J5EdmEbnbcHMrgC1tDSeHSjiovfWSYbQWZdzom1XQ,B85ESvpcT83n7P6qBzVGgN5VfMzxqV72yNj9F2dFGsA3,
6fuzmLA1WVAo2n6gTL7ysfwuhk4q8DAvzWiirAj3qXba,Bminx95Xo2JKLnUfujmjAdWPrsTZfJHAUbYvGvBjNTef,
6fty7Q9ieYnZAmBavET67dRPiUJ4q9mTpgVMCKGX2dMR,2tTU5Xs2YTK7c5SRqgYRNRvjx5fAuw4hWzPdLRFckKrD,
6ftDwNpKmPYjDUWDyPyxfAKxwPEcJCRz5Ef8pCw5Rp6Q,4uWjL28Ryp44RX6Lj6f7weTTZKFPphvrMVUuYAABJesP,
6foAcg6MVLyA7Ar6qfCyakn8APZTvLu1E5e5P2UW6e7R,B876PYRrwopv24X4fGr3mDZM2Li9q25nmR1QsGZiHK8X,
6fjgMTQgcxGSu7P7MrPvK6XBoS2kVjFrHGQbJBeVuSvL,CB8Pr9uzrrFw8BFnCqworH1wMa8DsmbSKgUNwVWnDGrL,
6fUpZnhtNj67ZS6mojPdX7Bg7wGzbS8ypMaz6HExhiqo,4eVcByLcXGavuwEBzJuyPGH6mUzrJr4u6kcdhy6ZJEno,
6fQRJ7FEnusvfiPRUDB7C5xkLwKeXW1oKRvmYw5Hip5Q,5jZamLP1eGigWQ7WDAKJuPAADkW63Ga8mQxs4h1sh9pJ,syncspace
6fNCabZWmBUGbqWBMR8dvfW3emZpCvAUbELhRXx4uf6x,5wceam6f3i2PNykKQkomeord2dhxsmyTEaEFxVLVaegM,syncspace
6euJ9JiijNuPGFQbgHpyh17eXnKJmw2ibDzPgVQHpc8m,8VTkX3EkaSJqPujz3Ysxnsk8FGvmjVD8SHoTTyVdFgSN,
6ekZXLU7Cyq6jybNNn5v9Kw1AKQyLQZSEF596kuTbyvP,8KGQLPkwaau3MeqL1EBrp7NatT5kq2of2AVpGngvWewc,
6eiwHn8PJK2D5tvdBpJh3RLzkjuLp94f6795ZpdA1wiT,Fzx2MEY6fuwjoL1g4Mh5D6dcxp24HEcdZ1QsrVxE5sfs,
6ei2ckXeuBdUY1ELtiDGyd4ZCNbrgCsvK1DsT9FBt1BX,E6eaxJ6qNYvydMUgBJXdM9ZEtxS15AjjkEzKYeTciyMT,syncspace
6eUYjmuPULJQjvFVMR2hCBQFpVodPrZYXdtdpbqWgQop,FPwUqWEAYqX4h6gAae6bBUCtrmR3Kh2JZZM3ZBhZromq,
6eTEANJeXFCLyrHF6cmDiSSY5FvqaxCfTcAzzcaz2jdC,3qC1TmKtdZcd9LCKLSm6JjCQhDgvB5uPC4zXHPNqUaoe,
6eQwi3tRnTfoTmaoQVJFkvKwu6RRMmSXVTQiNMKFb72S,CtyBYvDMWDq6xSr68Bg4TZCSkWwH4QdSZ7duoSkAj6jR,syncspace
6eKoUVe8gtsSKF7trrdHN2MVdvMzqzdj4YnQfqGr2bZB,auryHMdwKGnjU4ZBjtacvARm8DcAVgEzYDzzJvVFfE8,
6e3BPGkhEwUos64hwXpnTXm4wp88Q2LeerrAQRVs5odZ,CqA42zXaf5zXk7EW7jtCLfL2uH1efuB9GtTfjfJ2hzoq,
6doX256UKF1sjJm1MbQ2XnnZvyGLRpSx9iifrgx3iH5T,8M2cKx7ZxpWUh9gVHonxESLHpj6W9hiXUyrMFpNBGgKh,syncspace
6dbMPCMRfzGyuW6XfnTRLKZNLc3NNQzyfMQgwe1jicLp,aumuHzMdUFiFCvJ7kk1djU4CViSzxJk3FjXTXgvdNZn,
6dDt6S68j6KR9XuFLU1iGaYc5jpF1o8bKgeWa666JCjy,5k15YfLg5TmTeVUAuxpQgK4r3Dzuu9ce6RwmKUdtDXYH,syncspace
6dCwcHuCVHLUJziigNmH6WTwpGAczEb3ZLfaRYpn7UrK,Fa8TzVCkeQd7ZMcGNZEvC3kvSKtxMymdv1gCVZoPexuW,
6dBaYAez2eYKmgyaChVp3xv6ec3SyKDUNtdVyvEoGHNz,GB5doS3vrkMNUth4Hvdc1sVhAgdCb5VtjDwXWkFVAofu,
6cy2CL7xyzo3GwyyaRqYwu3PLkufsxatfXmZTpZ8QSUB,auryHMdwKGnjU4ZBjtacvARm8DcAVgEzYDzzJvVFfE8,
6chgXzyftxGLaS7jzLYn8buXUGoCcjuBW7BjYDsWLghv,88gNHWScPbq75QunYtRi84YqvKwJZ1cjmqrF7chp8VXo,syncspace
6cRpgvFTKj9f3T9bX6XkeYEkNNBSnG6H6t5Wh8wG6Bnn,DTUVLn3orb1TEpkBmhZvjJ5fSXFU24RAnyscu8p4ELsg,
6cKpW5EeaVoonVyNLpJBJifGe8GQJXdtPteeKDJbqq46,G1ftEoygXjMgsncFjRavvTYqJT6Y4f2KpUF6sJhx2Dpq,
6buMfVMM4i1ZEEVYYYqY4xJ9bSvQNfCLnYQuiorTSEZP,8xaKTB4GehLc9nvJ1gLTCHrErU4TyZTHME4X9D1tjzry,syncspace
6btieHhMyNMrH6mW6buLuX5nmkt6XdjFZXgVkWYECZtP,FU9cazqPcKwU9ZPxmANGz9Suyfs9GGwiweSq39fgg63J,
6brRd7UeJKs8G46U7iFPCLJrt813Td9hYG5tLAxm5tZf,DKmQngAhJkDoW982UBaQnjb6jpG7XqM4UMwNJZTvFW8t,
6boi36VCeoZDatAasfhJ952ir5Px3mTNKrEiVdBhoaEd,CtyBYvDMWDq6xSr68Bg4TZCSkWwH4QdSZ7duoSkAj6jR,syncspace
6bmond9oVm7xJ54fGZXD5DRXmZDgGL8BjH6GTnHUqxRb,CB8Pr9uzrrFw8BFnCqworH1wMa8DsmbSKgUNwVWnDGrL,
6bPGmdKq8FgedJJarwR3NxV6RVP9vGE4R2AZUjRSQwwM,Dwjeqz1CsbrsRdMr9E4sapSq3ucK8v2fjjEWGNpagHUb,syncspace
6bGpRTfrkg3FiDqtJNg8iLeonr571L6pmZwU5wgGkYYc,B3kGrxijtrb8ywPZbZvmEZtDRWnnLhAqcUj4tGJharjj,
6bDpoxLyxtnN5k5MYnL7i4iBCS9GAVTZcUiAda7eaRSJ,5cRzxrZsbfrzj6SNoqbNPNShQCBkYjGQrmvJsCjz6q9V,
6bDKKo5A4tu2CgUQ733GdibCG92guvvp2xK4VPw9LaHg,auryHMdwKGnjU4ZBjtacvARm8DcAVgEzYDzzJvVFfE8,
6bABD1f432cHhEe73cbD75ndbdULKVCin9SnMra45s8j,9yVbFMydZbXHWtUs4J78a1DzhW6cB8KAL9mQ1gv6Vc75,
6arYGv8QoBmHHRDojT9g85D9imNuycLPoc1oVjbY36yn,auryHMdwKGnjU4ZBjtacvARm8DcAVgEzYDzzJvVFfE8,
6ajAPYjYHnEbxkoTh8yXfsmaUG9af9Q5HLB4fkK8CHD1,Eu9sCq4czoMULUtBWoMLuL3huFAM5dprSUmzsQUTS6Sp,syncspace
6agTgEqkxuYM3TuZTvV5XCKXMsz3BEFcwV6kfs8jEvJM,GLXdJF4QR5FTjjkL2LZttJ4nA9TtN2FdYS3PaGx73hfd,
6afNWQB58ZZa5KVcTA4dKD35cJ7rhCTTPJyZs8SGATw9,CtyBYvDMWDq6xSr68Bg4TZCSkWwH4QdSZ7duoSkAj6jR,syncspace
6adURzDGEub2C8ivcNy4qYdBYrgZFaGW1nxJRo2NDpez,A7b5JoSpdLjBiC8mnUrXtKmWfxFv3gPgB2E1Ys2PgwB9,syncspace
6aVptaZv2NKWR627AvdhdzxaxYV9wVkc7C33P9aQRyHK,Fa8TzVCkeQd7ZMcGNZEvC3kvSKtxMymdv1gCVZoPexuW,
6aSjBdBiwYSc5MEhVVsDtEBHWPBpa9CWhj9KiPhypTup,Gi7R985ufsE1Tc4EJhkF1GD3hkWsf75QQWNSMwnWhgCm,syncspace
6aPhJiDvsSRNRF3zBbp2d13qJdKyvjZ7JjYvouecYyBi,FRnFVoakjCChVX5DSSfoyKtTqod36uQyB7deXqNB7XYG,
6aNA3BtZPspkhj6S4LvhabX8wNmB4sGfStSSkvGGKjzi,2eWkTF8tSBp2si8Z7LDgkswJZ1LNGi7DPU3NNjV1i3VJ,syncspace
6aDxSy514GaTPfbUXe4Zdz9mvMR2zicegVLfKswreaKf,76H6ht7iAP5CxxfRrJ7fx8xpSdHahQbo7ByHUKjt61MW,
6a9mAbyp6b4Meq85Ef6FJ2gtDTXM1PLjnkY9w8D19K9W,7XopJZCEdB1fzDQGCFJ1QC5dv5LC36AEMQkEGfHaMoRj,
6a3F1vDFP338W7Hx2Se45r7oKurddzQHxLpKTC4uSYME,9qj66zMkDdUBFw4GaAwKBgyyLfYRt1Ax5nmQGjhV7Lya,
6a2QZRvTByHnfQmWrBQ9WiV7TJLMGuuaiCh8E3vqA9zK,4KyV2fjRTVzcHaksQ5jtT5wyfDzwv3MgRZpXBD1MsoYb,syncspace
6a1qHThmBe4m1MryvZz1EAWcdCen3WCKWmavi5rLHPRY,9GGqMzk6YuyZJXsgTUiMnDfdf5Ri9iP5iTDcDykmLoKA,
6ZytBy5PfwfU8X4EcTp5G7PUwinDEPSHWtzYkAvRDKY1,2f9bctYrX4ESUd2h1bGTCdj6CG6zR7A5DhY6TYZLQim4,
6Zf2W8aCbDUswqQC9DS37mxkXX5MgdocsiM6daEDmcRb,Hq23RE564UaA9WNxMmT9Rtpr8RFUwaYoh6XrGnkMoUAc,syncspace
6ZbScv2VVCLJP3XSRT9M1dsShU2TXAnKZUqaAKd8BXcS,7KnJ1Tpkt43iFZsg76z7QWNnmjurDYMLKH5AjZcuXB56,
6ZD2ndsJD5evphnaBEFQaUC47XA1vBrZU7th3jqMXQXJ,D8iwNWsfRkg6oNy7AyTevRxNPGUKZZ2oixoqLiinSSor,
6Z5Q6eWTwL7yQMNcMktVdztmiWvfyp4dXSipBTDqm1se,GHxvwED4o5xPERiS2uN5FGHA2EhtAX9iDiZAje5cSfgo,
6YyJVxcomF1UiryzeRCxuRBpUQiUMPZMwirontxjYWK7,DGafXXd6xHAfnYTGpazQkgiG7uFZ3yFisZUUgeiYzA2G,
6YxyHdQnzL3CUNKxhHW2TwtWFKDmy2ZCqYsgaktkkyZh,J6CDkBaF4BY2tMefCKF8V7vvvFakycUdWgNv6SAMEjkG,
6Ytu44fh5iWJwMGFafd2x7y3javcmWHGtbtgUTygD2Sd,JBVCsmSXu8wHUYGL425q8aA3V8jjz2TUhH85znqTvWaG,syncspace
6Yfr7CQu9GvFGecqrxppy9G5JuHvkt5AqQB4sJuvDVBg,FT1Y7yMajDT1SeYTEVfPHbtxtJGpULFxGaLZXcnctkRa,
6YHmVKMiJNkXGka58rLgigeMkhCGi5D6aLcYnTopFDvk,3y6QvyZaAy345qF9uqDX5bHRrbp5jNhtioMvCtEdEMnu,
6YFkSxj7FpM2mbmfxCjGHdKc8GXwSYB5o41sMTJSvbyw,BUN2LbXVFskgBMU6Rj3in7nHyTgcm2xohQUckadwEMxt,syncspace
6YEW7bN4dad4XVo7otM8U9Y7dai7ayju64QgUXFW2ht4,DZvtWVXWfi9PaJU1zQYGpV3yJLmuoLwPbaCHL5799DyQ,
6Y6oh7bKxn3ujLaFXWe7kGNe1CVXZTg9caLGeK9vG2Zu,CfNGKrk4uKHxVZi6wQ1Sb3cRobD2V7Gp8yA2mPm9XdhQ,
6XwAbEu1qQzgqinNBLYmmNB2LUYJ8i25AVBWhj2421GY,auryHMdwKGnjU4ZBjtacvARm8DcAVgEzYDzzJvVFfE8,
6XsJwdY9jUqCnQXpS9baxHJnpNCMzaWANwAaoujSybFt,FXMcgZ6DBjiEkwc2T47iAyCmKQocWuDfkURntMkQs25,syncspace
6XrJHQogoeY7nfb2duz56uH1fN8kSei9y33tYvqRRjKH,HTX9BkwYdwmH3xPVAyaiVC8pVusCp4gDWTqwLwzCM1bx,syncspace
6XayvpMUNcd1Mfdf8q7e9JG2PAFtqaxp3H2n5zVKYmST,5k15YfLg5TmTeVUAuxpQgK4r3Dzuu9ce6RwmKUdtDXYH,syncspace
6XTAAFHhidHWJGGSNt8CRzVxCtKL89gBk1AmH2ybpRBC,Fa8TzVCkeQd7ZMcGNZEvC3kvSKtxMymdv1gCVZoPexuW,
6XNXefLxL6iVqQG9FqUshxRLJGB9DK7DEkR87D32wfR4,HL81qSsskotftWTbvYZW44MoEcZy4UrhBSaH2squjPQG,
6X6zkK8wdAioa1f1XikmwSaukcdeSUa7iyEiEQbfrfWt,8jvw2TnAP5Mdsu4bVnyJpmAYZFQb3ZrDQYxrvkaQx7eG,
6X5aCoY9EbdfPco8ZGsQFkGMm1jfsobk56SN61Fsakmc,CwLkUWJM1E6MVPfWXiGyhBXafcMsqR9ChXW6KczBYEJU,syncspace
6X3Hx51kd4eAAzhhzwiu59p1iv3cdboDo1xto9VmcqSA,9qj66zMkDdUBFw4GaAwKBgyyLfYRt1Ax5nmQGjhV7Lya,
6Wz6BMkDxwTbrVS5gVgudAyNn7cBQisA3Mc3v4msxpXU,HBvKBYH8pT9HgvhEV4V7nASvAECaQUpKiaUiumKrJnF2,syncspace
6WezPAuxmg7Bcbn9o4WRqBFnG4jszXe8cuVQZGvtZyZG,AwcbpyGPiNdPrtoBd8UpyLNF5EaszrhXoKqcqqDoHYp6,syncspace
6WUzYCQLo7Qyyt6ifMEMSZTzLsPFmJmtit9AB8QXFtLg,BDniMpqbekHyMA9ko4mXzg1tYePfA2T3H1GunZFmS6iS,syncspace
6WNCjyaDzPPJXwfx1ZKZbjjStAeYpbKV1ew5VPZR4TJT,4U7tf3ChxC8mr3KHWnkV2bE2ogBJK6q8LHLvU1F9BhKa,
6WExvfYwJe4RRiCFHXg68RMsJkcPwLJ8aDJiBfBzGw56,4U7tf3ChxC8mr3KHWnkV2bE2ogBJK6q8LHLvU1F9BhKa,
6WAg7HUzBKFAuQDm3Kf1zuS3VRBmeXGyvi15jchz8Ppn,TeLi5DDCz5KobX4th1WDWpM3oeD9oxwpAjSdwRNkdMK,
6WA8Ah4FZJhQdDdtQTauR7HJx2uviU1EBS9pfYhktDfQ,DFCsk3eC8c4VLMSqzzBNBwPsb3jHh562GnnMwY3jRsck,
6W9amh7Gnxew2gNs3Zu8GQjNqW65Ngni4jmnTaArWq4D,CCK7dHyuEpixZpeRvnWMiNV6rRYDAcCfJ5GVJdkUyVQB,
6W4KCU5zqcTcSRePtK1yZJP2ZwiGeX1Cti7KBXZeYzGZ,HztqUciz9TKPs8jV4R7HHn6kXfpYYmz9VVfLJ3vCV5v,syncspace
6W46bq1QADsJq4p4ocgakqAA1CgWmkyhcb3qptchAdpp,CypAV3izurLDDem14HDPZAhB8tZ3FepZFBacyAQALZ5k,
6W19BiRzKigWjwtJgH6LVoiayxcscsxtbFwka3CDzgUh,64696WFwq3t2AzXipAJPcRzAgAqfJpeNa6bnijV7hVdS,
6VyyTqufexpgX3ciiKPB5wY4tM49T2vtZs72nbuqBH6e,FLKMwtAACZgNwoSy9asWHkkvyNdtXQs4ZKdUzJAbzm4g,syncspace
6Vuu3yvF9fKBW5d1tHpybd3CMsTsQ3pDHxyM9hiTaFvK,2su642j1VnZtHDm54Tes1w2TQw8ndQQ5KjPWMJfjQrUN,
6Vcq8tgs2PDqBYQ8ZmnYwJAmpNRTQzLRuFtnW4Adfujy,5T3aDgUgawvxuFAHDf6H5bjMLaNAfcTkeukLUGBEsrmW,
6VaZJroL1Fc1qkmjobeWyjuvJS1WjSjF1JC6TJBWUJXV,9drKBLQ9bVTD6sXTnLQvS7Xy2KhH3Ku68LZszPjrxFTy,
6VWJF2ZEgY2gU8CkRLQXBU5Kmb9QTfY7RXwmUQY3iffn,FRnFVoakjCChVX5DSSfoyKtTqod36uQyB7deXqNB7XYG,
6VMiWc4CyKT4uUdkGhFQDT7W29HMCUbu3BwUyJAq8mWe,6LnH18SQsNqVN9BY76zCsNP8ur5XVQtKgb2t2iq9aZfs,syncspace
6VJuxJXX8g7zp8pbRhAPqVCggqXnDrS1ZWHX1UTSaTUT,FRnFVoakjCChVX5DSSfoyKtTqod36uQyB7deXqNB7XYG,
6VDobynW2awfKPuBaibXn1pd7wSYKh7eBqdfxfgU9DUV,FY9NAS62iqRVkjSwzbWkSLammaLLa7WMduHkKd7oc6Te,syncspace
6VBK6umBF2NyNZForREfGWmNQA7keqGe1SNL99uazae3,HL81qSsskotftWTbvYZW44MoEcZy4UrhBSaH2squjPQG,
6V8pn1FGZ5Tiw3NnXiJgkFH8RF7RWwYJA6yJKFZJWYSV,8261CeSMuo29M8f5V43N8FtSP1vp4FNoMGkxJpKNRTqF,
6UrZRgsS26BiGNbzCLEek9AaSLNZoCYozPLh3AW9koXX,CiS1udKWfC9tQqMLE2pDCryHMUyoCaL7PNWY3hm5o49x,syncspace
6UqCDFXccZN2izUdFMa4FSZZEqRyqFVBkZ8pkWNVPhhR,CB8Pr9uzrrFw8BFnCqworH1wMa8DsmbSKgUNwVWnDGrL,
6UiuLuZfHX9VigwwPE9CBjJsnBwHHjuh2GQPTk6tauzi,4Uy9zcCyKo6tKCL8juUEKjNrwAjDRVaXVjucxkZQwchD,
6UYwqxbJZLzauUvH9DZ6QfpcXXU6Fdo5XKEt13SjPfAF,8Po9Nxm79wKqSvKNM5HumBUwbuQAtmBWpukr9hiuCTMo,
6USvmYVAoUcystA9n1nFvmpZAQFMhRVMWQpVWedBi6NM,HEXuuv8q4KStzofUA8idDDo51ortWbsaoCUy82B3Wxrv,
6ULoYP47q4fx5xjAcaDtPnbRU7E4StnH26q1JEo8A3qF,2Yb1zLm8ywdK2Rk3mLtYf9Lqf6F8hXHr6X14QKsf9hoP,
6UGUaZbAZnwKynN8jT8B7oRRWmH4kbGbdP12PM6s1VhQ,6pjwUSqZ9VKSttSGJiAebCNjMdujw5dbw7AAzNLV6XXv,syncspace
6UAz3m6NNhVgpUdH7UnMaDWc26xKa9F1EBE7UhRfyuuL,FuhWySrZgGdtnhUcXELje7X7L1SyUMDH9uHrZd26HKjF,
6TqiVJFJC8wvXZn3eKaYuCUtPij11TKo2Wh9HDVVuVZJ,2VQA3FT8tWRPgiwVPh2oKm1JTA44ocGspKn8yRZRvXiS,syncspace
6TgyZRBAnQRLmwoub3o2W3VHVpiU2GsTcKDASFmxCgXd,FHbVUUSthmyFC1vt87pVcN51GSirxy2NAu2P3cQvUs5E,syncspace
6Te4214dhWoveFsYzG2g1UbtfGJk19q1chyxkzZVoRv5,HxfeAUBSopqkCyNJ8mYxakQNMEfU9tJbmhq1fYkVN5bn,
6TbYSXrJKAaEGEKpPu9AVy9vNseaWoUAZEKzU5TpQmkd,CtyBYvDMWDq6xSr68Bg4TZCSkWwH4QdSZ7duoSkAj6jR,syncspace
6TYdaDeqcgVhJDtHapkcNv1pMyYU7t5UNqd1XvKi5ckv,Ga2RAz3fpCA9vVVPbYA5d2VGnp8xYcFwoih4JPjNAmx3,
6TDJcuEoWCLNC2PMbpXboABXbj1njcZdgBFG8hLZP9Pa,HPDpzo3i7fyiRe8Qp2EvwLy2KUb4eMkrgfRJHN2e2ycH,
6TDCwhGaHHLZvRKsvH2n1L81pPiNXP6MZtpa8qRvXp5o,B1VMDi9rw7QPvFfqUsSTEohwJee6PyAMJUimUyyw9rS1,syncspace
6TCrraLCgsy9FrrABL3YqiPj4eLSab5R7HwNAPxfUxwd,GcqGUU1UBB5rqSTKvuXS8qQcuBKaogv6MikE4c5pEZge,
6T8iR1D3iRembAQ9BJ9NyQ8UoTK6AohbQELnPkg5bkxY,HKFA3G95CHeyNJAbhogm9VqSTJgHMh1kYzvKZHzvvS9,
6T48morpsaw3nENo7q77RdZDTPCfHukh879scfYkGkhE,5WAzo7DwUKEJbjrWhT2pCv4qaDe23AnLAtCBeMcNDoAX,
6SwYjK57mNY5fxu2PFozVwqncYg5ohjxRSW5xZdQpAwU,auryHMdwKGnjU4ZBjtacvARm8DcAVgEzYDzzJvVFfE8,
6SrDnqkKr3kKYBmPRpyACmq1fTqbDwCpgqEwAhqphWyR,jrsb1B8CkaDoPvEZ3seYnQbY4oG84kzyjkWVXTBKJPG,syncspace
6SngwLXwGeXfdUkdckufLrFttPk3aTKmAPkXeyowSXVY,FXMcgZ6DBjiEkwc2T47iAyCmKQocWuDfkURntMkQs25,syncspace
6ScQpuTjNyMsyXtw47v7iC8NEzERpdsJ9akFZDzs8iRe,3R5yQyhgyCCHSKNcKPZvQYQzsyhywv3bXzg9hTN4g3LC,
6ScGnAFimvTzJ5qcbMjXAjRwKQowt2XM7sstguQzyrDK,3xfmPayAefmDToKruJNFrtEZWQwGLEWQSGJ2rBBb1xMV,
6SXteM5NoGA8d7cCoTXgQraJBjU44Nmrq3koZqYHJqvu,DsrV42f39uDres15Pzwwa9nQBy1Uc2uKEEbmmqPxUsoe,
6SWg5kppxLb4GcV5PsjKjzafQTURcQzsJwkecDevDGRX,971r6LdYfitXPuEWLiScFtGM5qjRNoT9nLUE6Vs4Jcf8,
6SG6qWXozeynAPUUcmhnTHw79biyQpVdhLDgUptmQWad,DH4fLPYK4jxJjCfpmkqFRRzmjMRZpoW1ASzA4Uqza6qL,
6S8gWcCk2BWeppH1nBEcqtyZCa7GbK7xhAEfsPa9fAso,6LnH18SQsNqVN9BY76zCsNP8ur5XVQtKgb2t2iq9aZfs,syncspace
6RzCdpGuVnHgi3inAEBH7mQjGVf38wne3ogpcSG8rEZG,2jCANQUeYxNEfJL9pUdPRGS1GJjm43LBvuxMAhpAnBum,syncspace
6RwdKS9u2vMAVhgHnoSJzL21ZHTy4xAPMGsKpgU6vRQw,8HGGQwtPdTD8bSoMR1mJkbjW3ZWfDwoDTSv1GhfvkyMY,
6R7x4DYAUT9NCk3rnHwNPw14D7L3xgveeE5x6Si3d6uT,Bminx95Xo2JKLnUfujmjAdWPrsTZfJHAUbYvGvBjNTef,
6QvXPC2wMoeccfFS19J2iTpfbpo4k58fefch2dwzbQbB,Fa8TzVCkeQd7ZMcGNZEvC3kvSKtxMymdv1gCVZoPexuW,
6QsuaKsSCrqGu4EjUHuUS1qdWgMsQXK4F5hm1NCNFxov,5k15YfLg5TmTeVUAuxpQgK4r3Dzuu9ce6RwmKUdtDXYH,syncspace
6Qsczfftpb3F3VAchaojuXZ2cXVfPXLeNC6z2MDf29dZ,FY9NAS62iqRVkjSwzbWkSLammaLLa7WMduHkKd7oc6Te,syncspace
6QrnQd575HwrcLTcQMLdLZxDgwrLqiR8aRMztiwSzzeR,5wceam6f3i2PNykKQkomeord2dhxsmyTEaEFxVLVaegM,syncspace
6QrXgHRZjV5EPCiSiAZh6C1pjGPmbMkeBc6bikvEihH8,DmHhENyvzcjwtwQoR9uZc8QCSwXgk9tUqixDFD3pvGPB,
6QhzHmrAwwFbMsJrcdFoEuWP7kwu2bxaHbVEKFwxQ4FL,CA5BUDXpJwtXKYEjwCqjKiU5c9qNkj3eARmeoSPtJ6jC,syncspace
6QVeiNNpqPcWWJfMiND4c2K3JVJQfWADNZv5Fx5Sf93C,8mdWvYHTwRdFL1af5RzzoFmp7Z3tXqRXFZrSY5GJXC3Z,
6QSY17y1bDzswS1EE1qHb4wtVZ61JF8GxTaPnaMNHag8,auryHMdwKGnjU4ZBjtacvARm8DcAVgEzYDzzJvVFfE8,
6QRgQtbTjp7g7NDWuPe5GgmCVogifZkQjXthysRV8g2z,2zMUB5aGqETtp3ECosGo8ZqTYvByM8ZhiTdsFGP3VLfg,
6QNHZKjddaMpgv4STKpaLbTnJWRqL3yg6cBbufk5jjdt,AiukDh7umb2arZ1wX9LGXYyHc7EtEDYm6ynxcBr5YbG7,syncspace
6QGAN73mTPSKSkmhwwp61KaZi3SAmgsLMKevViVPf4Df,8eJUrzZnVgcrQVwYr48e9JqHZX6TRbE8WY4nzhBEmbW9,syncspace
6Pp9ZdQu9KUTdwJNcCqFvA69gPKKftrt9hQxdTtskv8k,9qj66zMkDdUBFw4GaAwKBgyyLfYRt1Ax5nmQGjhV7Lya,
6PZcXaFBstznC54NqKJNKf5JWzDdtPHmHSvNgSxQU6rL,DM3fPrR1SpURBycFeKrx8KX3XRRB8MCE7fWwRPANchYa,
6PTwR2Chk1moNHVgKdGpDNhhvpqwzi9M8ympRcfHWrZ2,auryHMdwKGnjU4ZBjtacvARm8DcAVgEzYDzzJvVFfE8,
6PPYU3GC7cT25QhFTpgpqZpqGLLdrEJNG8Dkd6oZ6EjM,CiS1udKWfC9tQqMLE2pDCryHMUyoCaL7PNWY3hm5o49x,syncspace
6PNMRG6dSELRiLQ47qtqYVdQigRz5V9SKNTZUA4YXwJw,3g2TUkrZf86bfGQXcfJ7xMCFSmnssdpeTxe5V7y5GDpb,
6PKVrroQ1ZFkhq3PnYiFghqwx97rQjHsZLwVzymrE8TL,HtG6hXqM5KZ1pyLADGMZLtu5hmrWeDoDFUKtRnGhb4UV,syncspace
6PFgQhmZ71j9RmSq9LWvHXYgyvJVAVTkB2QDNr1PigkQ,CiTqH3c4L7a6ywi6ndofkFechzujFD5mBdQ4WQdQcAPQ,syncspace
6PDsftFbVRsYwGHEaWgf88zAEPvKAc7QAzLNrYVApDGY,7ALqfWWLmNgiBASJzdoSY3z5K5AWURYTyfXmztWpr3yL,
6PAU9BZWH6FdkR2UCpnZWFqxyZkBWRYjW6ergCHPfv57,FRnFVoakjCChVX5DSSfoyKtTqod36uQyB7deXqNB7XYG,
6PASVEeLiFB3d18K4gZ5S3zpZ2VdpaKCfwrNpYcUtX5y,AiukDh7umb2arZ1wX9LGXYyHc7EtEDYm6ynxcBr5YbG7,syncspace
6P54hCU2jmBNtsSeGGjz9yKpsaFURN16EVY4X4Rk551S,4qYWqy7eVddKcykU7XtpLUrKYdF8VtPobn6tUuqKhWtv,syncspace
6NiEPebqSkAhUDnYqouJfwGQHoiFVzRjVQ6rjoRueDxJ,GLXy5LwscvLKbEysdkDywyFg1rBQHb4EVQF9F8BQF3GG,syncspace
6NiAyWS7Ce2tMLX9HNosWZZEywCFqeFHh45y3QYWMufA,FRnFVoakjCChVX5DSSfoyKtTqod36uQyB7deXqNB7XYG,
6NW2Zk6UpmZuxUtkAMFgogS1Tmj3TRTbK9jhweWeseaG,5Pb54bdJjsb427AXSefktyo6pR8ZS1bk4xZbcod69JuM,
6NRpSTvZLxWjAq7EhbVfEQ7vqzeXnQuPvggiqVqgwQCu,Gnc263uKtxyrkiCFxcS4pTs7EKykpotDg7dZqKgn1MQX,
6NG2hFEaEZSqWVDwLmEiqRENBnxAfVSjW2rePbVM6xHZ,A7b5JoSpdLjBiC8mnUrXtKmWfxFv3gPgB2E1Ys2PgwB9,syncspace
6NFMhqkBvVXdgWz5p5dyNtkpU3DaoMPemnFGva7V8z4e,E5ETMpSXjxXVm8TXPrEdTuP7hrXQSdXN9e3HHkNJ9UaE,
6MweSnJqjNW5QudfCJsUQn3F8SiGdVQsZyN2u5RhWzPd,GuGBjaMzLamsNvXZxsD6Eb8H6xttGGFXMzwFXsoaWwWL,
6Mu8jMBrk8wMzXhp6m97BuRa5aNskara2r6ebLQV1cZe,5wceam6f3i2PNykKQkomeord2dhxsmyTEaEFxVLVaegM,syncspace
6MVNrsFvaprn7RSRKJVGhNRQ1d1DjY3F7jKFXvMUuz7U,89zzM9oMpcbcfVNxhCdqfpxCPB2NX6M5Wn2izAGahvZu,syncspace
6MQBHY7QjsxtFYHRQWPBeHrHvW87ywmRKMd6iyKD5rfg,AUaP9kxkjZPUF3C33jqX1XQHd4HK2Lt1UMxruovdJPUN,syncspace
6MMtmjTWL3XnyU4d8shL5FqxQE9DLpoup5z2LVwqhauV,8xaKTB4GehLc9nvJ1gLTCHrErU4TyZTHME4X9D1tjzry,syncspace
6MMaWwxe3nQZbKc6N8nXXzV7AWNgmcruVVj2kScTCNqB,H2CAfKakYfFuT5oEZJwtAmgy8ihPncv62iMYmQXFG3Y2,syncspace
6MM1DcLgJRuN3tJhVcHBw19xpVzezeR5T3LvGa36139y,GiMZKQU4dfXeBix1shg3noGwRyxRJBFAXnXTWAVKMVVP,
6M8DhzmqW6KFATX3gDefSzMVutQQHBuLt6zxWmoyzpJo,HCex8ZZ4aPxoN6hQhmpaJLPhb9RZ3z1xLnCTn1atDmc3,
6Lzj2ra1QpVGcjFvW45m9PTGGXGmZ1nWuKvjH2MVrKzd,79hLNPQuLXnA3osnPZyxSqe8ap2dY2PM8k2PZJvchfA6,
6LgiQMsi6gRfK8q5bCyQFpknAPdJXzs17vxYLV7JeieJ,ECrCEVZ9Bqj9EuRJr5wW1A11aV5ctrHbqyJXcEX7swwJ,
6LZTyDRtmCuersXQymaMGFwECiy1DZc6GGtEDkvWgk9N,89sVm3uCLDTEcobyjNNFAjBbrUbAUD6nP4yNGYYc2Evq,
6LSA5JLgqx9vW7wxMphpVm52DeXs6xzM4szxaZPYNGp2,5k15YfLg5TmTeVUAuxpQgK4r3Dzuu9ce6RwmKUdtDXYH,syncspace
6LMhZfN4rEasXSgH831U29eJ4ucUsePELpCEP916jRpC,bFRRsCCdUtejzvmEWRNXEzX2UC2QnoFqmNujVGycQdA,
6L7W7iwPQ7d5N4vQRQVyFcXS8B4qpFCe5EpwnDca36pF,HegbXqdSjyAarH8HQ8N8A8WVoQF1BDLRiK7GENaZyUCw,
6L1XmDU81tWJUbLYZsvzKNKwSq6soQJ8mJgvcxC4igXp,2Zyma8ua6j4DJk1hG24dEVC6Pbqq64fsCwpvSjtPxNsN,
6KzMegzZy4LawBLfWhTKeKqubkHtJdHQzFcZaASrgKfR,AQRX5e2J7V3mrfpoEAmN36yKhMu4kvTkUapvzkjDNnVZ,
6KtvmCTJ7PHcQQvHDEsy7earE3YbEzJ2KWVqLPgyGqhP,DnkxUHYP9TTqNkEEjsz35VvZ3FfUg9tLEVicdBjmRMxk,syncspace
6KrX4KJ3zvq9DU9BSJdTuey1sauJbLJkJkjaKxFd9QAJ,FRcfhfbffT6qyHwQRWAJAK2PoiEQS9AEgURtXrbYexUB,
6Kp8eeSjv24cswmztFGp3Eted1UefgFP7HkZw689jaT1,a2FTVBXoRUyvxreBfz5CzM8o5A8kyoLYnXf8Hg4zscn,syncspace
6KnEaMVR9yUV7QbVdyFURCfqa9vB6ZyJF7XcjDJdmYpG,CqA42zXaf5zXk7EW7jtCLfL2uH1efuB9GtTfjfJ2hzoq,
6KjJdjCpJtHi5i8Lz2Cqa4RLUC6vY8ude5wWSbZc6Zbb,2wuqfKBYA7WhQBEqVGFoTrueTSZusshfLV9uNS6V4eTW,
6KhBbxTacFnn6rTVd3WJRzj6NLpU9nX7pty2N34zTxhX,auryHMdwKGnjU4ZBjtacvARm8DcAVgEzYDzzJvVFfE8,
6KgaTkgev8N5gVDxAhFLsyDqtoL2tpRSwS3g5JfSBKWD,FxonPoSevZrRnUFKuTjabkWjxzViRXACMeXfoyib9fen,
6KbhgQg9JGBmovRf6ceY18u5mhBv4EyUXQSN87HDJGAJ,BcV6o6pKeJNe9dq9QLusLvtgDD7CnG83uGbNznXqXfjK,
6KW7kbanrU9E6R3zZzUvRnDNSFK3cSkipUqwC8C6JADR,5DpsHQeCCv9rK8FBtVNdx2QdRxzEiKtJX4cKfX7Zsx3Z,
6KLgPcjPdPLQjkjZpT6vxR3Hd6D7akg8Gt2RxSEV4YH4,G8PDaXxaxdBWE5S1tXAj67KivWwpsVioPhkJzhf1ie25,
6KLT1pMyMo99V7qeFjuxxRzY6wtMjF9D6BpNVx148vHD,Gi4txvDxingESDeMfB29QxLM4ZGCVhDQGT7PAwqpRQe2,
6K52QDVwrsrz8qkPrWaZSUaGh2RUSqpH2L6WdRG7ZKg7,EA9EMWMTEBE8b4ei5paM5pJUfkwWiaMyLHEth6qXvYN1,
6JyexnwWc74TxeWpqUwtfzeBCPhkc3vG29vyyXeQ7UVh,4n4Sa2oyfeWocxcZZ9dgeMmujEosHCd5RZZEe6Tz5sYK,listed:magic-eden
6Js1vPEKXjhW1TF5LWtCRqkrzu6mXHRt8ut6W4roGELd,autfyCR5psTc85smVAcGQajFT4TC8xxPPH1wvJu2Grr,
6Jd36RCkUV25uSEsqjxYXqSXh1PhSoe9bzotDCudQLLV,7dmdC3uJze4B51nnVEQgWc25dUHW9BG8PtfYSy1iDkQS,listed:magic-eden
6JZpgDXZNAvURyxuBLA46X85uAPpKzbR29hNYgMoKUpm,5AysHo5vYHYcqNaJ4zrKKf7aRFfWXCCtQ9gdPLfpudfA,
6JH5t4pnaZ5gnE2g3GoDdJt3MkUwYEGnSSHUzAGjfcpa,DWB9VFQUfd2H2LXgToCw7hGQidm7vLGiCDpGoJ2LkdJf,syncspace
6JFrnCAxRahZiaZY249s4urAPvHnDQnucNVGVJ1LUHRG,3M8WJiuJnpHF696rk7dPXALwZS6AT7ida6JWHmYb7j1o,
6J5YW3V1g9bUqvKfh493hpAtfADPffYRDd4ELtS9RWUZ,51h58hEgaH2zPDVCvMypYAnj1n79hCbqaaj9oatbCgtx,
6J281ZEtMkRkoPVmdZx4bRMK26nEX7KrRXbxJWRPvZXS,FRnFVoakjCChVX5DSSfoyKtTqod36uQyB7deXqNB7XYG,
6HnxHbpC5K95s4j7N3vUZVxiXvuPe1Y4ZCc5espp1f2r,97n77yDwAzqeZXKAGrgZidU917wC4hFo21afYEKTGfg5,
6HYGfoG9KZAkpZay8xrmVebifJACt3TbAVPnwMEx4AxM,4n4Sa2oyfeWocxcZZ9dgeMmujEosHCd5RZZEe6Tz5sYK,listed:magic-eden
6HSEVeGHRz4hGiqcrdMcgbvjPvTkgRAtrgRf8MGag3sN,5gRdH35vSTh8bXCT76dzaojk4QiQL4gWntM8wdENr7iQ,
6HS8mmKuK67EVAYKqrTS8QwmzTsikmj6bD3UKvxrKYrd,5v8ujJwwagJg1PJJrh7Y6TZzEwWy2uVjMU1S799ax7SL,
6HLqKLjPUsXY8yTWRLFadRzRLUqdkU9gQC7Mvrt31HRd,Fa8TzVCkeQd7ZMcGNZEvC3kvSKtxMymdv1gCVZoPexuW,
6HKfvkkAGXv4zUxLXm2j5hvCjx967ksxUyfZ6AhxswwG,3keHeQVWBk8fZNSDAhRZRXF55yWCCKQDzm23HGnCa6Cw,
6HJ6bmJzftzsaQjp3pFDTZJWpess1AA6gwx6wvkb2fHo,aumuHzMdUFiFCvJ7kk1djU4CViSzxJk3FjXTXgvdNZn,
6H5woTxAWRwWPVD8EPqYCWBpqR417fe8Cvwctqhqc6ar,AwcbpyGPiNdPrtoBd8UpyLNF5EaszrhXoKqcqqDoHYp6,syncspace
6GuH8Jm7QdfL5n5CBNhsp14ofLhSEceuXCVb4jqxkRUj,BtozKzZwR7BkeNbV4bjiafwsi1sq7M45KMu6kJbPhRSx,syncspace
6GrnCSXDQEphmtUCknNHr9QCK8PYD1DegZhWpuMDCPSu,BwJifz8FKeCDjQJAYK1ms6Kcg6Btuqdk358TPm428mJd,
6GpJuZCarbch8SkAJW4bgvGVpEebMFzRFFA5Fm4wpG5F,autfyCR5psTc85smVAcGQajFT4TC8xxPPH1wvJu2Grr,
6GgnTJyhCHnxHYmLLtjfeusvuWzajZ6toCsvj61nRFgr,aumuHzMdUFiFCvJ7kk1djU4CViSzxJk3FjXTXgvdNZn,
6GUjCSHrR6v9By5gZtVNBTb8AwF7bSLj5zoicj5dybCQ,8tpsUHn1AFZQTA6fzC5qmv5rAPdWESD2pGmNSdmYncYU,syncspace
6GFgkK6KUL8v3pMRBX47xaEHVeZwkPuZyrSHVSSbp1nP,FHbVUUSthmyFC1vt87pVcN51GSirxy2NAu2P3cQvUs5E,syncspace
6G1kAdYhhFdFnVSCNuk53iMXbsPQ4NJzQvgiQMCdGP93,DnkxUHYP9TTqNkEEjsz35VvZ3FfUg9tLEVicdBjmRMxk,syncspace
6FzsvRQHwPrbVvPkKAPQjsbCw29kZDMS7mFJHyUVuktM,DnkxUHYP9TTqNkEEjsz35VvZ3FfUg9tLEVicdBjmRMxk,syncspace
6FzMujekVWws7QwsC1SCY2Pf5K1wPBRvdnzttJrxrq46,4U7tf3ChxC8mr3KHWnkV2bE2ogBJK6q8LHLvU1F9BhKa,
6FxM4a4ZTtCprrHv2z3jig6fdThZp6eq8NFgvmXQ9FLy,8KGQLPkwaau3MeqL1EBrp7NatT5kq2of2AVpGngvWewc,
6FubdSmcAct1QvMgZSCY2PPVr337RuCsALYXBdAafxAQ,BduBTSNdV7z3AtAP86Py8NnAjyS9B6784T4WA42127CJ,syncspace
6Fko5HEHuvacHqrUyFrFM3YEQQzGR4vUvb7e4cuQhZN5,FHbVUUSthmyFC1vt87pVcN51GSirxy2NAu2P3cQvUs5E,syncspace
6FhZQQ8qFhd8gfVRZicwe8F32szYD9WZj3Kyh8UfVseB,AfBKRpzb9DiHmQyofRQvorc99APZZ59ofkGdyT6gf6ZG,
6FbFXkcpbkvjLRD4xt9MBBQvvkU7VsiF7RJGak7AuGEg,qstNWZCoEXK7Ro3kUbT7ujw3LUG9sxXHuvkiYX3JgHw,syncspace
6FV9oC7mo6FmpbE8Wiw173Gtx7g6U1fHpERX2DdcrYnE,G43e2oSgeTEaxN3vc9iCKUg2AXaNhfs6KtRwoxgZ6qdP,
6FEqYsBQ6DpjtsADnRnqGUHACVXLKnFxoVFvURkj2SHT,5wceam6f3i2PNykKQkomeord2dhxsmyTEaEFxVLVaegM,syncspace
6FCur3gbbgDG3gDUCLRhq7YkhV3oZr5Sb9MQgaLfuYiu,5eh4Svgq7zaTg2mWNA99M2GMd3NfHfYViSoSCGLVUgcg,
6EzohK4qNSz3Ddv1X3yuLXQEg7uicffP2emwXY3dAffk,ANh8vnbuBnLA3KhjTA8PPRhzMYewjLjJcfTEpnrw3dHT,syncspace
6EyuDnSfzQjwXxyc1v6bS21aGBqZKEZF91L3Q7CsDvPv,5kZpFb736ToFzgxki4gFt8nWTBjmMetAL67bAJVd6uz2,syncspace
6EvMeGe7YkaKobidWvmh7VDJFL7hESE34RY6JnBekjjw,51qStJd9LwRhBB5jTDdsJGMzbGhhLekboxitzz21ZYCQ,syncspace
6EuxsGuasngBzFvFpGNkuC3HCup56ucBzfkoMoM5d9r4,DmHhENyvzcjwtwQoR9uZc8QCSwXgk9tUqixDFD3pvGPB,
6EoUUy85ir66cowXE9jCRjrCXg7mngTR6jDSpsqVTH8s,GmNX8i7BDX3UNHmpvaUmsKRhsAPu3wgSVMReroGHupgA,syncspace
6EiwdPDE1zz7rUoJ9GhFa8id9NuYd2TA7KnpWNtLuRAP,E8vf6hp2ygLaDqcu2CTec75Yc8q2NWsrAYDhN1rt218b,
6EbDyPDPMpcuihfaDft3VHF2X3pMakCAkJpzhHASn3W3,3YBsMBr4VTUPAT8tiwAd6cWXEJp7F6CRkrLAQzyRCCAk,
6ES5swLLWvpZoQH3GxbwMuHAEPM6MAR5ne3aMncsHy1g,21fw378x9GDJeYzamayx7XhKv79LabXxhf7eFhxycPEd,syncspace
6ELG7C4TUg9GtSysjGC1gcGwUAnZhbCbNfwXske2ywru,9HegptAfXxMqxfbXLYyAZwfRBzVvz4C6vixkDacnEbve,
6ECDcXqWEi81y8u78nfMK4XNXwPxVPJbQNKVbzY9X2GW,HBvKBYH8pT9HgvhEV4V7nASvAECaQUpKiaUiumKrJnF2,
6E8HKM2MrPTHh9Hk9ZkxBPTUHqUA1gmRHiduyJb99Lj1,EWmzVeqhpzmgdvJGND3MB6hx9bsX2stiRPJmN4iLjRYG,
6DtSezcjvJRpNJQXUAae9vZBngR1mmjNpeCiAijc8eKn,9q8A9jnwbBrxja6JAPxnwhbS41arCyGqLJqnyRkWqAYf,
6Ds3MzMYGVDK4SoneMkMWpw4L4tezWA9nyus5vwSoUTx,GURzUPLm33v9XMJ25U8JMoZju26F6eT1E6YSVmUoGxkE,
6DqqAaTFkUkzfQMFHkD3pk9c4yJ2dQWEf9ZZ6janypKn,Eu9sCq4czoMULUtBWoMLuL3huFAM5dprSUmzsQUTS6Sp,syncspace
6DfjKqLPx1Evr4d8BmQTd19Ys1HATp9mYniR3dzyKYpw,CiS1udKWfC9tQqMLE2pDCryHMUyoCaL7PNWY3hm5o49x,syncspace
6DVDsPe4NwbNCuNekgL561iqxPdgbw4RPDbxHZGZzoM1,Hg2gqbjGgL8NZDmJk6jfqskafuK2pPqccSq5FqamaTX2,syncspace
6DHmpc1TCtqZQvPyu4ZbGgm7XhQFd1JVzHECo6xAsjbr,2VQA3FT8tWRPgiwVPh2oKm1JTA44ocGspKn8yRZRvXiS,syncspace
6DGQ9SfnnVp3wFXCrJkrg4JSuSQJ7hbjNNfhZG89FEDp,2Rxmp7vHLXGRWkXPKD7goyQ45Y3s564dgCxX4naEjEi9,
6DDM2QzXefnxGecaopdx6ej9LpztXVPrkyoRfdVnqGUu,DkpzRASeWpibMm1eoNBkkJDy1u2terdxC2s6g6ww8qQR,syncspace
6D9NqQjZXStRRnAewMdZ1ntt5hqQkeCWaRkDVGG18GgA,J5gD5d4SWAgrVzcubVCDne6En9K668ay2obtVmApenKp,
6D5diUKcGhbt1kHF92h8KwwuDGViL8qanHiwuu72LsgN,HLQQovWxjd4XED8vzCUyyz72eaWW7NJd5MdE3iv1L2iL,syncspace
6CrNaqP4BjYR6CKX95kBm6CuRSCU6cFYe8GGxSQ863RU,CtyBYvDMWDq6xSr68Bg4TZCSkWwH4QdSZ7duoSkAj6jR,syncspace
6CnDAhRvVzYQDPdzbTU9P77e8hFBPLTt5BjE7VddGu4E,auryHMdwKGnjU4ZBjtacvARm8DcAVgEzYDzzJvVFfE8,
6CD5MsmzENvCK5CfxgW9dVzfAycH6kU4aMzkxJXC35jT,HmopZA6rU9qsWYGdw4oWkAkqJwGZLfWbigCxXunotAfH,
6C7L8xurERRNcxkr4X4ZXqirDwaWbS3kViQ5sj25tXs3,CjU9MXoKVYNhkUb87v1LnDHDPz5K4yXtE7GcJnPUQfhp,
6C6fREYpYEzmS7vBAZVTy92WVqQ7K6sC2wJfbQuihJii,4kHHoMfo2pMCLz3WsPMdxJRP3vrtbPuq2EjFtkZqZdLv,
6BVbe6ZuZremy72idjr6sRjCamMpwfzyFW6qgnQae9LF,FHbVUUSthmyFC1vt87pVcN51GSirxy2NAu2P3cQvUs5E,syncspace
6BPNEnu1DhvCdNxHkuBZMeL55DM33GPzKq6cGF1azqEC,4U7tf3ChxC8mr3KHWnkV2bE2ogBJK6q8LHLvU1F9BhKa,
6BGfuCjHd4RQKiEv7D4P1pMhEKE1jsEyKZ7f2s5CuKMy,Fa8TzVCkeQd7ZMcGNZEvC3kvSKtxMymdv1gCVZoPexuW,
6BEYBWQw3He1bbBmVUhaMTHfu7ZwZmZo7uzbpMVVNZFJ,7JE33KJyyvrfCZdevERuRGpJ8yqD1aaUkhCLYPsSqjQV,
6BDpfgLbAfW4U7za7WWicshkG4VsXtqoZXUS2uwmbFt4,A37bSDtebhoaTsW3k9x8NtmonwghL2bWB9BdqtJhiC21,
6BCKbS14FizaHbDZrZvaXK975MoFaaT8nh5VVFdxwLJU,G43e2oSgeTEaxN3vc9iCKUg2AXaNhfs6KtRwoxgZ6qdP,
6B7ceEhU8uxCq17p9LeQtcbpeT3itY4G5fTaXxcHdf6A,BZDSzFZCCGUGxiUG5ouYtu2WD4XqHVn8Fcia6HxKAx9R,
6B11umqWHJhZuTW2qQzvpmTgA38486Zi2QorP4e79hoh,9qj66zMkDdUBFw4GaAwKBgyyLfYRt1Ax5nmQGjhV7Lya,
6AvYGgwB59JQsgM4BGqnckgcG9fDaHxoacV3KiULGPDp,3ndxgNBPWBb3NS4Tfuwq3PPsL3ffBgnfAxCHi76UZaca,
6AmQXRc9e4vrXXsrPLazNQbzkiYT1oq62D6oZD7CkeFF,CB8Pr9uzrrFw8BFnCqworH1wMa8DsmbSKgUNwVWnDGrL,
6AfdpcAAdwNvEzU7P2a3gMMZz8LKVEwEPSrSu3qpRFKs,BvogvtJGniKb5gzpPUmyPGFjBDNwCNsL9BzK56EL13tf,
6Ab78JCmPMytfj5GXhExow7xDB14ot2gShgF4FVAZxyC,CB8Pr9uzrrFw8BFnCqworH1wMa8DsmbSKgUNwVWnDGrL,
6AaXcvYcCgk4iaeguhg6aQMZy3ED6Hb5tmSRVWVqJnqq,3Ns9Fv6yxsgcJBp9iUpjpudSAzYNXJLjvBLiQ9eMvSS5,
6A63pQZTNAtgxN137CmcGEpefVXbEadhFTTtMur2Te7o,36BWr5Az1P5CPJAtSVM6DAqzBY4keMowLbEbLXxSnSyE,
6A2nqN93AsUJrZg7xuQzZXbzh1mQgGnZmcDDa1vyttbH,4WacNLFZ1K57o442bg6fiGVqBpGFXqgNYsJCoJQH9CrE,
69xPAmwhBnUMG6ZYSNanF5kuWVJvgBstdZdczMW4ZNJm,EWmzVeqhpzmgdvJGND3MB6hx9bsX2stiRPJmN4iLjRYG,
69vgY2dBUmbKfUzM9F9yKJbnXE1hyzXCndHWywwXsD5R,7DMK39h7BVEdijmTx6cUAFibaH2WPqDRA3aspmfe2DME,
69rt2ZgtHE38BxkSczb1F2YoPDThTXwcbCdeaQd3ojUA,6NSAMJ2gGuyiqXgeuTEETpqqRTuEb7iqnuwF1jCfrhsp,syncspace
69pbsM4CYxDYgNUrDNUY4MMJaUEfwPDknJMJMxWyvAyN,5wceam6f3i2PNykKQkomeord2dhxsmyTEaEFxVLVaegM,syncspace
69kqc4ft7HxjTjscus2qiYhN2qZSFwZWLPHx9eubE8pj,Ew3j7a8k7GaGqZfp5nc8Wfza1Wx83PuVykTtQBF6j9ya,
69kNxgzh3rsxmWne1q4AMW4sqL1ZHdNjyc7vEvP1f8KC,HTX9BkwYdwmH3xPVAyaiVC8pVusCp4gDWTqwLwzCM1bx,syncspace
69bi8gNdSZwhxSFCUnPhBeQ3pKbS7zNxyGvgFczgfWNo,4U7tf3ChxC8mr3KHWnkV2bE2ogBJK6q8LHLvU1F9BhKa,
69ad2ZSEXCQTtXecSyepgQxU6Cvn7N7vVWvzVaiV6kHU,CB8Pr9uzrrFw8BFnCqworH1wMa8DsmbSKgUNwVWnDGrL,
69GWaxerHeJsmgAndADudSee1d9orvRR9TwUSg65eXAo,9ZuAkjidZRDa9NHHrQAhrzJSvev8sPLBVv1j5Ye6M8Fn,syncspace
69CVtcrc8WexgPsj6rFVgehM31Q8i7yH73sMNN47K2im,FRnFVoakjCChVX5DSSfoyKtTqod36uQyB7deXqNB7XYG,
68ybBGJSaCAMaXCekFcgXNKCPxBZgeV9C9kEiqSQXNVD,G43e2oSgeTEaxN3vc9iCKUg2AXaNhfs6KtRwoxgZ6qdP,
68xs8QjHa8SecLQLTpn7HEnbSBbfEKrmVeKC5QvWs2y3,Cfyy69CQ7XUkjhynMU7KW24DPy29z1QELhSJBK8CZRTn,
68rNef5krMwSPsQZLeTAoyGwghLk4NyFXKPHMeHAiVTW,B1VMDi9rw7QPvFfqUsSTEohwJee6PyAMJUimUyyw9rS1,syncspace
68prJE4bQ7YmsmM3Yqt92UKrSNQkf39jo86GV8PBR6cF,9CSh3ip9tb5DqEqxTDRG4K3sMgvZkzS5hc5tKd7vy9tj,
68bL8KjR6rQjAmZwTAiWHhJzj2VH2HPRpHXR95q5x1D4,Fa8TzVCkeQd7ZMcGNZEvC3kvSKtxMymdv1gCVZoPexuW,
68bHhM2cFuu8b8b23cRXhGpCxdgtVaVeSoRe4NR88X4c,Bnf97CQ785xnSxHsSWypXR7iUZaBQGmm9PzxSDGQam3z,
68NU8fWeLiaeKd1VhPd2XeQNpKDXADg6DzXcN6pd5d1b,FPNMQhpGtXRdh4LcMBQs35KZsGpwQYJDRicPgD63gUj,listed:tensor
68JhEvRcUqWszdhNjQNVAWjx88vqqYoz2sA4EZbmmfoW,CUuKkbHcLx2BM5MD4ZJu8eTEZRzeP677rkQnDhznkCm6,
68Gr8QKzC6zW8ZEvWdSpe8oAGuc9J3vXUyGG2622xhKq,HhcMjf1dg8ysC1AS7m84AccQEoXAsMuumnG41pt6vd87,syncspace
689xKMBaERvyzYQVtgpDajpcEJEUg7zZ7pfeKZ1JDuRx,HNHAvcYq31VPR5T8urJYRyza4t3viFfr9R4BhPdYmokL,
681L67LmKTXq3sa3j6firzY2Ypwt8nyVeDLZcANTTY4k,9pa8Yb6aMqwFpmny7D2X1wsPPHT6X6qYmrqxRcr5joZz,syncspace
67vYpQ3mcjCb5HfUjDLwSBLkA6WBmg1xheWaeGmY39j4,6tMR8UKEPPcKDbLx5F1a7poY4JV3vhmKN8p9a4DtC7LJ,
67vRbXU9aQiBSoGXdrQGoC7EgeWBLAzrgXHborF51wnQ,9S1birKfRJnijto4dseiN4omQNGV4iWKFfKZdH3FZDjt,
67txtCztNizTjJXopcnGNxqXsi5SduVg9L4k9Rgz5rtt,DcMsrqztdbWVhowqbm9iBPeb2Gj53WdPmQn3keuCvqWD,
67hfEembB5bwAhBqKjuJko8vso9pSDUBY7RmVJa4LiJ2,EurorGXdTCezt9CQ9MD7W4HxfFbTi8dJevxAhNbVyCbM,
67Wnm2TvsypM25oSYcX7vR73dj3DTEdToBW2XzQhBV6j,4U7tf3ChxC8mr3KHWnkV2bE2ogBJK6q8LHLvU1F9BhKa,
67QgqugkmRGV1XRptWot3gRYpk3ccWNJLihaRt4dBNb9,64sqGDDAbMiMfE9brmJpvQfWRi3yYAEdQcbwPu6mmQwc,syncspace
67Fhpwy7Djx1viuHoV5gpoMZ6KBThynBiht7QqjeGzuv,GT7WPqk1zrH5yLxfgesvkCq6v55fUZE3NkzPaAAAod6s,
67Aqk7y5TEvarUZpap8hHNJFydMachtErAbhUdbs82wo,5k15YfLg5TmTeVUAuxpQgK4r3Dzuu9ce6RwmKUdtDXYH,syncspace
678tEt9ZCZEhdPm8CFKSvpaVu5Je8MHywiTBCoudAexW,BpPVP8dBphx5LPncK3Kb3RTHcHjYRWenxPjJ1MSTfmvx,syncspace
66y35xmxeq4BYNdoztjQpKkCRythFD9FM8Vn3uXdrTEr,5AysHo5vYHYcqNaJ4zrKKf7aRFfWXCCtQ9gdPLfpudfA,
66wCDC4Z3dxzg8T8Bftu3fyxKzQdSqpR5Kzr1W8jHstj,J29hEkQdjB9i3kxAYSHS3uWFeKgrnTeuJBBYF8GWGoGd,
66g6oRSrEbPy7SsYw1DUf69C7kxSiacjePMoFnN3eGez,GWcJPnrAuMqN83D8wDvmtoAdGATJGLsCRvgZ85qxXP3j,
66RRaNnwPxd2SBErJPUEha89pFxQoedM8dWNJcHQ8ftZ,DKmQngAhJkDoW982UBaQnjb6jpG7XqM4UMwNJZTvFW8t,
666h8nYmaBaGDfTxGp67UMYzY6behWc2Y86UrgtiJAV9,BqvnCJrgvVKekdSR6ob8uZY6pTGrirPUmi4CbgDPh5bF,
65ya21jJwGqidXxH3fTtyKSKmLUGrZgyeP82UxQdpdFq,2FYoMnoXdyniKifvup9MYEMHAWXoBjQ1JM8736N8erEP,
65bLixphWgpBYJ2hYqBzgjSbq7ve1efuyNqNfLF1N6zr,5j2Caed1zNc2Wcx93jufZpbLmqLfGRVV1wEbn4vPhhBt,syncspace
65G7o2P4KdipGY3E8D6CpptGuoCJM14BBeVShCfNEhv8,EHuujbKShgCBa5dGH7S5HtsvGqPdGjMrKZ92xDiqJNat,
656uPkKZNwCGVW2tygttsEZnxcxes1WgaqrQdciAJvF7,7wmKNEjGAH6pBnPCDAGQHKjsNxcqNEdNAwgoqeqYS6wk,
654Szz98HJ3S46PaC3K3ryUwZzLFPgvETEdBTcoAMYUn,9vK5s36PCW1zAAJTDi3bDMtWf9HUx1NYtTHYv7DjdejM,
652TdTxvXuk9n9yHHfY3SmkV57bJoVixuQcES2pXw6xs,FpqrjWJpTNwv1b1nu3Kouzn7KRZeAxcvyXfHgkGFQ9Gd,syncspace
651N39feUb5iMpyDNS7iQWYAuDgp9hxCrhDxrppVN6so,3qU8auuxbDy1umXz4LmUEuADm7kzZqZyWUvoJQi9Hf7g,
64zU3HrTfaAiRfM96MAFer3Ut2118KQ8ivaZLSYisF1L,DFCsk3eC8c4VLMSqzzBNBwPsb3jHh562GnnMwY3jRsck,
64wz6zVuB62GvoRxEENYQ2TEShTPLp35XGmVJHomfiyP,aKmo7KryFFaWicWKBHxJhjz7rHAQgdmjdJBjri5ziMm,syncspace
64sbzk9C8qJeUVs7kzNHGGmyAugghwEwaagp2LGueRdN,BZ5fjb7xYenfwc12pVJV7A6aiot5SssKUHnxfx8SuBZa,
64gavDVizrnDsNgcNRfLNLD48SnnJYhXrCTDDqCaNmqP,Tps787wStFFYudgKRUzQjzUSMoywDsjD7jArTgeQD94,
64dcg1978N5HSFeNEE1akkry811HsFvEMiM9SExrWoMC,5k15YfLg5TmTeVUAuxpQgK4r3Dzuu9ce6RwmKUdtDXYH,syncspace
64axkw81qVHdWB5wnwhFfMMz4GN9Qt9npGZNaMSA5dhz,DMr23EXPZaCjEDGeFMK97MzcvjTSaVPNDbYtSe2KvTmH,
64MLz1WbWFW5FQ7NoCdiYfbmqLJBPw3XJwDvkjabgfoL,BZ5fjb7xYenfwc12pVJV7A6aiot5SssKUHnxfx8SuBZa,
64LEh9nX5WatzQFQy5sGJ6ptEWXtMrnjk17a6Fmotef1,87DXTEovwq3JL8FBHuaVq6Ka5MmtfVkXxB5oVsWwGDQp,
64DEPUvGE1oDuSFygmAduP15ByFYQUYfQiLa3HbuBZPi,3ijwbSGhaDDU5jusKYU8dbm7GW8Y8SjQ43xjxrPGgY6H,syncspace
6452HWE6gu8E6eJRmztNNs2mRExoyWurMZba86HCYfjq,9S1birKfRJnijto4dseiN4omQNGV4iWKFfKZdH3FZDjt,
63xELpCY4bABxnksTE8M8WRmPTZaTqZ7ozJ2nZ84NyBF,EAgS5q5X6jtmQjJVsdPnPsu5zj5AWjcSwfh9ZhiT9YVh,
63Bh7ia8juTy3fCr9VYQvcAsePKDUUHLJh35NV5uAXbL,4eVcByLcXGavuwEBzJuyPGH6mUzrJr4u6kcdhy6ZJEno,
63AjTQjVfx48u4W5yTRi8WYSFob62mhH9QMW8UBtpHsn,auryHMdwKGnjU4ZBjtacvARm8DcAVgEzYDzzJvVFfE8,
639w5WBJMVB22EWpNhk6Vspj8BFJHURgP6ygS339fvFV,8MCgBvvYBBnWKgNASZcLdtGA712khYZ4ujTZSYirCtR8,
638v984d4LzcKPsqY8MTYDQmBJ5KbWduD4rB2ezJKhAZ,8bpA3r8wbUgDCwst7vH2d9DqbmTDuRzZho9NiNE57RzG,
637Xj39Jq7geGYDj5QP36apZmbTGy3ujwQiwzBxndALo,9QQwyFf7ALWXcTg4LHxgvYwYjBNMGpEPcLF5Q4VgSVC6,
635eegRr6z65LvyKtCa3RC7uYvGSPK4vHa3QiYdA3Jb7,uB8vuqpfvfLn3cRyWmmdWrhQhnfZaam9e3eZw1TFihv,
62sBvwnpjFyZhzon6szfrcsCpjWRZLF6m5bg1sx67L36,HTX9BkwYdwmH3xPVAyaiVC8pVusCp4gDWTqwLwzCM1bx,syncspace
62neMBCnAnZBYQiLPSnrfqQhXpZHaZYFSt5KyaxkN4gd,9qj66zMkDdUBFw4GaAwKBgyyLfYRt1Ax5nmQGjhV7Lya,
62kVm2FBh3khRhE5UgPktGoBWPtDHksAq7HPhJhNyFJ9,H4eY2TSeB7nZzgngmECHJheTqg7vhgs8tEdz15CNzHRY,
62cgiFXg5D3kQc67uACX5Ny3nHQLgvoH6GvwibhutTFj,5k15YfLg5TmTeVUAuxpQgK4r3Dzuu9ce6RwmKUdtDXYH,syncspace
62RVaG2uFyM5HMLptvb6mW3Mvs2Acp77yDJaK3mK8u5F,5wceam6f3i2PNykKQkomeord2dhxsmyTEaEFxVLVaegM,syncspace
62Dvz4kpG57vFe3ggJqWzNJoN4SVYJjxbXujDgYQtByd,auryHMdwKGnjU4ZBjtacvARm8DcAVgEzYDzzJvVFfE8,
621q13L9gRv4UPtjCoASKuxF8FCt7vMuuakmB7XGKWbE,2Ga6hzy12f7oFvS1zSYvUmvA5fLWiNP9ep5q4NdruTci,syncspace
61zJCWGf63SBJH1rEahe2DPtGofRfcwPaKMTXNa7v1XG,GLXy5LwscvLKbEysdkDywyFg1rBQHb4EVQF9F8BQF3GG,syncspace
61vDAn7RXqTcoBgUmYAfv4JrVmfExFcELkALvBb9j2AU,5k15YfLg5TmTeVUAuxpQgK4r3Dzuu9ce6RwmKUdtDXYH,syncspace
61v2KsewNirUNDPW88WQzXvAk8ppvfUAGWvbmHj2AyFM,Hq23RE564UaA9WNxMmT9Rtpr8RFUwaYoh6XrGnkMoUAc,syncspace
61pJRuifJBTqVv9eYTk7L2nFT1ix6bgHTimWuATL1sAt,88gNHWScPbq75QunYtRi84YqvKwJZ1cjmqrF7chp8VXo,syncspace
61e8SrgjXCrDL7PjuSzPp3uAc3hmmv3vz4LJqxQAfmBw,BZ5fjb7xYenfwc12pVJV7A6aiot5SssKUHnxfx8SuBZa,
61c1vwxanGKPLN4AH8NsFkFBn6cvJpnSwSCS3G6PwWbW,Fa8TzVCkeQd7ZMcGNZEvC3kvSKtxMymdv1gCVZoPexuW,
61bZ8AsdnmnRXbJoA3BCxjBCZ6JQyvFR4BPK3sjAZDNN,3y6QvyZaAy345qF9uqDX5bHRrbp5jNhtioMvCtEdEMnu,
61ahEfZ2nAwoujaWEHo19dLT1zCnF1z9GtJreWzwYMMg,BRjsFc8FBrrHgEDzbspwDqassNZD6JrR6w1uTNND1Bee,
61aeiHTS1psKEmFvDdPjUTTm2VLrXHfGLUhNSf73r4L6,Hq23RE564UaA9WNxMmT9Rtpr8RFUwaYoh6XrGnkMoUAc,syncspace
61aayQDCS98ExXzo4vp67MDbotJxfrUstxBSytc2mxs6,8V2HLTCDN3PaVw3kqKDzRb9JYTdH9xthPgNvHYoZ7kJ7,syncspace
61QpiZfd9vnEeP4RPub2N58ndnUVVRCgJav9RTExEWiu,FrpQzGzUt3tmmARHCtRKfDV5ddFtt8k9Y5zr7WtsRUGk,
61N3piAmoa6WbSwuNghCzvSWEvQ8bpZFcLYSVifcrWLN,5AysHo5vYHYcqNaJ4zrKKf7aRFfWXCCtQ9gdPLfpudfA,
61BEv3X2xJnXSZDDt6PkNKkPWTuSgd7j4PmCBNoZ9enh,6LnH18SQsNqVN9BY76zCsNP8ur5XVQtKgb2t2iq9aZfs,syncspace
615b5jDaaV1jJvFtwdWfY3Sq15qaik3uvJyotZrRbguV,FRnFVoakjCChVX5DSSfoyKtTqod36uQyB7deXqNB7XYG,
5zrFdSFGvvcp6SPFftwrLjRetgcfJ1rQiwoxGRqdjqHJ,Hq23RE564UaA9WNxMmT9Rtpr8RFUwaYoh6XrGnkMoUAc,syncspace
5zjmxmkqFRDwZUSBRqdAoqH268uUQbqDWchmAweKLsYa,BCwCpeABMuENfyX8C8dVW24fjByz1ZdoUM7ASYk8BnqE,
5zTmTBEBXppeW2bTJB5sCnFMM58xbQA3YdpYy1TLU8jM,5wceam6f3i2PNykKQkomeord2dhxsmyTEaEFxVLVaegM,syncspace
5zK3bUig8ZRSxYfwiYZrsca4D1SPUyqeGUrUQWeGFrkE,auryHMdwKGnjU4ZBjtacvARm8DcAVgEzYDzzJvVFfE8,
5zFJDDt3g56K4zuaXYofynivx4bKAEk9bbcifeVPihmL,7ALqfWWLmNgiBASJzdoSY3z5K5AWURYTyfXmztWpr3yL,
5zAYPSbz8CDZQHsq2JoSncxdpmWuLT59tkCFhT4xytZT,FRnFVoakjCChVX5DSSfoyKtTqod36uQyB7deXqNB7XYG,
5z811Xta9MSdw8wAgFSDdhju6Sj4cJukGLxNSggFrXvv,5wceam6f3i2PNykKQkomeord2dhxsmyTEaEFxVLVaegM,syncspace
5z3TLFdRDTWTsmn1YNiwvwTSK27VjvrJJR7BsFD5rd2u,FCLqC22N5UsM9bjqnfvnnL4WSfARAZyPcbrkM6HEA4NY,syncspace
5z1TayDVv9cRmAJxZr344RTnhuAw2BNgcFj6j4WXB4rd,2XZ6J7nnoL6osQwGD3WcvQeqFguFrP7BhwBmBvG6Y3LN,syncspace
5yxdHG8NqkZQyR5MmQaAQvwnu4XdexhfXY26PcXMSV3R,auryHMdwKGnjU4ZBjtacvARm8DcAVgEzYDzzJvVFfE8,
5yt33HvV6wJuG5w4jhHUmzu3J1CFwRHbKURMC6dtSYcJ,H1L4DjDqrgYWj7SdTNP57ezxNChkeDntnYJTA2ZYZBro,listed:magic-eden
5ymWspThXrW3AjgHBffvstjGTdhRgakgLUNHR1w5AcnX,G43e2oSgeTEaxN3vc9iCKUg2AXaNhfs6KtRwoxgZ6qdP,
5yf2XXKCrX5gTjqBYfKqqyDTLMH5cy9VPvbrN7eJe2ca,G43e2oSgeTEaxN3vc9iCKUg2AXaNhfs6KtRwoxgZ6qdP,
5ye54kMNe3XTanTT8fZ19kBY4L35EpHSMGULWiGRprAX,EWxiswZM5VQPYLu93A1LX8g3qdp7ZSwQPK62CfWvFzS9,
5yYMM62qsUFBSzvxu4JeZXvsotwGv18AFDFhLdJvZH71,94WygoTdSBoQJeF1METquW94eU4oGZ5z7B33jBjDS2yR,
5yU7t5JGkaE7K2gMzMjviPNVC4PTV1RWhQ5Y6wqDjZ91,5kXucS9oPcpTqNMJ1YEf22pEitXtDtmgPK4NWhyQp4eh,
5yTH2Waw2XkVZjhC3GwXgwJXYdJWKDRKYdoQnhPcs6TZ,ENpE8e7N7U8ds6u88fAQqDu21gz7HVqQ8gMUYg1HFTTg,
5y4YMJvTUhq4fafjpGUmEftTCymrhozTKqXwFsrCsWE7,G7UfBYHd1ZoLuZuH6q3zvemujCSeYt7eSwD2u69hdAiN,
5xNnzN9QPkhF8MfJa5SCAEeppvPgLTzQ7f4wG4fiAcWQ,25TqXN4ToREvj3CVYJcTP1MWbbi9Dd7uUeQ7uTW7pmnU,syncspace
5xH1H22e6BQyaeBNi2i9ri7PUo4KfzYAFxBs5WpPGhYy,FRnFVoakjCChVX5DSSfoyKtTqod36uQyB7deXqNB7XYG,
5xG8oGPpDs4Zqy8rd6MY74LFmVLu6Hp8748zeZoZBhei,aumuHzMdUFiFCvJ7kk1djU4CViSzxJk3FjXTXgvdNZn,
5x8NRNGJuCxUuhbELxQNNDuK6Fshi66kmqCePkSAUWyR,5ALm63hG9ktT51AzeVj18PdMoCh5nWTCoNnp2ThGe4ua,syncspace
5x5mJeoJ6k5tzGE5XvUgGMm2DB7zKL6AUtv5vUvwkHCG,FHbVUUSthmyFC1vt87pVcN51GSirxy2NAu2P3cQvUs5E,syncspace
5x5cCZoQHmDAzn8dJ997fEmsK6H2fyYLaGqNLRTvM6NX,89zzM9oMpcbcfVNxhCdqfpxCPB2NX6M5Wn2izAGahvZu,syncspace
5x2uMNr3CLZfPxAfCzEir9hMdAcPXjxe5rb8XBM7gi7B,HDG7R8G6vtj3cWr55TWgwjgBBNydZVoBBMgsa1mi7srk,
5wrac4ABmU2tp8J13NdadNzPor6KbMfkgWpFop7fENr5,5sWsediccJMsGTayzXtKWKkAaYLN17KBa78otHRrFV2x,syncspace
5wkjdQ4VT2cCJXaMZdvDdJuFBsbZGusKWVK8TPdkUU2d,HTX9BkwYdwmH3xPVAyaiVC8pVusCp4gDWTqwLwzCM1bx,syncspace
5wQvdTCvEVF61CYccdGudQJYkroVyLokHE6L9BkWuFHj,AcupqPyrPsDoTenLXATU7Ajub73xckvPGrmuzQEhe4bF,
5wL58m3xMsCQNPLZrFiExE5kYF3k8b6LcwD4RQcJ3af3,CQ5fQi9J2EB4NyzbQVuj6GYPbh5yCDJPmfxQVHEKzD8v,
5wJrMYzwx1qdvS2wpiXYuoExFCYkVoTNhNhyNP1ueVS6,GpXg3fZA38DYSbbimEMWMYj4i9F6gDs1T2q4dng1cRA7,
5wJcmGDz4z4x4ZevMDLMYrPndrYrvxt9vFayfnmdCTd2,CcXXbrRZM3s3tjZSfB9GKAny5oyCWpHBTkvV2G41RtnR,
5w7kLCEm4PgFe2wnJ8VKRMuk9P5x21hwVDSCDc61EevP,CqA42zXaf5zXk7EW7jtCLfL2uH1efuB9GtTfjfJ2hzoq,
5w6Bgo4eKDgpC9jjTXjJ9Cap3KLNTG625CoQbQBfP7aP,CqA42zXaf5zXk7EW7jtCLfL2uH1efuB9GtTfjfJ2hzoq,
5w1spmTYrU97BYt1hNWXRNEV2x8tMJgyNLCsZNZekQhe,Eu9sCq4czoMULUtBWoMLuL3huFAM5dprSUmzsQUTS6Sp,syncspace
5vjgcgBg2iVTSJbypUFURKZx87SYaN2Q5vZPb9VfUfzF,5wceam6f3i2PNykKQkomeord2dhxsmyTEaEFxVLVaegM,syncspace
5vhALK4c3A1Sbbn2JovwFWHWHa4gSLK5zQqVrvn5Dp9y,H1L4DjDqrgYWj7SdTNP57ezxNChkeDntnYJTA2ZYZBro,syncspace
5vGiFzxTxFPByPgzaLpMfBZvp3GUbaMHgQJdyknEjRVb,HLQQovWxjd4XED8vzCUyyz72eaWW7NJd5MdE3iv1L2iL,syncspace
5v5moktT1JTFJDSws9gYXJ4LpsfeX4oVn5e6XogsuTht,3j55KjrSyyegk9r8gGNNr4Np7oQaktPr4wWh7DVu62Po,syncspace
5v43wHKbCbrmj3oyA8odVW5eEeYrJr7Ge3638sK7wmEd,6vU87T6LteSCgyUbpge7ZjTPfjzcXAyCZcRiX4pimPyC,syncspace
5us6EFgBooTGkXhDhnWXY2shu6Hu2UAVeig9MZhecxdF,6tMR8UKEPPcKDbLx5F1a7poY4JV3vhmKN8p9a4DtC7LJ,
5ugyTLP3tJESn5TcKjUJKBTQJsZ6oyFfTZWWZ1kvk545,SeJ3rD99FjT5PtEbYcfHvbt1fJ6becwRaEqh6xxyQCC,syncspace
5ueT6KCKf9rJaaAsvWcuSdRbCSH5xNNuPGPm9ztoXFSF,H2CAfKakYfFuT5oEZJwtAmgy8ihPncv62iMYmQXFG3Y2,syncspace
5ucaCKtnt1hiMCU3gYD31nnZjRS5yz8P6porFA3Uowyj,5k15YfLg5TmTeVUAuxpQgK4r3Dzuu9ce6RwmKUdtDXYH,syncspace
5uXitZXeWubTVvvb9da3ghSc4KfJXakQQnTUx1RwbC7d,2WkPKh2HqudssFdhTJRdj5q44oTwZrdPJQ2hGbgwMXrN,
5uWosfsfZ9G8E3WT86qSJ6PY3wsiGUdeGfrQ1X3cBe4o,B7GvqpbR5bZ7WPoXa7i3GYEdCjBbppv4baRWiJL6HjjZ,
5uWhnR5fGwqNV6B9Rh6RSTtbVmtHpH5kyF8DgCBjh9W7,5216BVdWUVYgE6BGkVHrANRYtxQZNGDXkYrbMyaDzPDk,
5uPe4FnG9SLF45MH7ej7z3zJESpQUZKu41FtpmGTsxKm,Hg2gqbjGgL8NZDmJk6jfqskafuK2pPqccSq5FqamaTX2,syncspace
5uH3zq7g9E1rudun5hrmsmevXmHra7Tz2Z4TQaZUaXf7,G43e2oSgeTEaxN3vc9iCKUg2AXaNhfs6KtRwoxgZ6qdP,
5u6vnes2od3fb3RW5ZyJsjN2TnB72Q81VPXci9wTGpyx,HhcMjf1dg8ysC1AS7m84AccQEoXAsMuumnG41pt6vd87,syncspace
5u6otwJ2vKZg5KEqxYiiPsyjThwUYsnkVBCJtCQHUNQz,auryHMdwKGnjU4ZBjtacvARm8DcAVgEzYDzzJvVFfE8,
5tzuX8roVpXtMGGwLpVdmDvrQnw3WJ7MTeZcp9WzETQD,3xfmPayAefmDToKruJNFrtEZWQwGLEWQSGJ2rBBb1xMV,
5txrbDcmwEkaJyGbFWaJtg7C1YFkiZ4JWqVskrYaMjci,7yGGwNH2oEFhNFg2eJYYSmbGoPLEXR1nTYpK4H79wdVM,
5ttjW8XwQSEmkTCkbtPFMDScmY5Dn75igEGmSTqjPkLy,HTX9BkwYdwmH3xPVAyaiVC8pVusCp4gDWTqwLwzCM1bx,syncspace
5tjvcmz1endz7dQbd6Q92rGmQgGwNPG569dMtYWBEa2R,FRnFVoakjCChVX5DSSfoyKtTqod36uQyB7deXqNB7XYG,
5tePohbC5iFgwCC8kfGg91tKWD1m5dQjsckogGF7YemB,D82as9GeYw8gSCfdKxRunH9VmkgWQnX8ciPHq4ByqdCv,
5tcXufZa5YWpShXwkoBRKYm3xs1e63vLXgpWt6DCRRpi,8bYb6fLUS9h9y8LGP656YzgeXh65A5fH5vyiQx6SVd7u,
5tTjvQsvYLjDXQja74RavZZ37ddESZqJ4Er96wedesV2,7NkjghEGHEuoLik9BWY4uUMDa52qZD7KgiCAXXuxvTnk,
5tRLr3ZX8sPEXtkNvojmV6wMYnipUQ1y2KHbF2UNtEJf,7DnqWV1732auGkzfKgNxzcEHJfapX2GbwZ1w3aqoAN4z,
5tFDVeNgVMyTjdGJ7RsZDiJNS5KN2U6gp6qisn4tKiTT,5XnnDeorqDnYYVqnxMCXkpfH3exw93Snji9E24r3tfDi,syncspace
5tDrQ8asvnKR85KiEGwap8yd12HJF3S2iReMKLqZ6xph,3g2TUkrZf86bfGQXcfJ7xMCFSmnssdpeTxe5V7y5GDpb,
5t9tUVKNtzwUbZY9My52Kgix2MdbaHZ1F4d6RqFzqb75,yYPkmTY6BXZ6Xz69oyUVhQLkGFot4NFe5QEW4Ma1Nis,listed:magic-eden
5t2mMCfxssA8nWmteeTrgtV195gAMAzNHvUHj5fkWzC4,4qYWqy7eVddKcykU7XtpLUrKYdF8VtPobn6tUuqKhWtv,syncspace
5spDdbG2gzfGGGLk6YTBLTYpBYUsvtf8sURgUNSzriUf,ECrCEVZ9Bqj9EuRJr5wW1A11aV5ctrHbqyJXcEX7swwJ,
5snE2k9QMYFTTGLSoBjJFCGVXAxyN9UdzQVTyJ1Jrzow,4qYWqy7eVddKcykU7XtpLUrKYdF8VtPobn6tUuqKhWtv,syncspace
5sk3VuvPZnWhMQBrCgrMJkxKCqAaq6uBoqNFR8stKQzU,6ZV8Z9J4LC6uU4K6RqSBij9uF35vfdWwzJoH8AdDQX2J,syncspace
5sdbUZvvxErxMJxePxh9KCp8B7LzpKjpuRPnsrbVfLei,376hh6va9939Z4k3V6QdU8NiLXZSKsrSUP4MhNDGz1AZ,
5sS34o9qTfnyCeHDvjj4qVjzqYqEskAkvDoWWdD9g8i5,22Sto1bkXphuGPwYziFMPJCMKaJziQHYbiy8dL7NpdVT,
5sPew9GtgorrMWXKMo7Jj2WJsU6MoPVXiVSxFM5wFrHf,G43e2oSgeTEaxN3vc9iCKUg2AXaNhfs6KtRwoxgZ6qdP,
5sDWnbEV7nwRkY9LfWVqCoQBFqc1sHfh9xG5hdQ8wxwz,9hzs3MuqU36pvZfaZMb2V7Q984NHn7q4TcaUS8pAbN19,
5s4TwR18q5JWoUhpuPgeM1KhPdsEZWo4gZWAPvsokQBU,Ba2xzhCiozbWxCDxjfHPwEhPuDyZ2RVecX2LDWjRZQws,
5rvsQNRxTS66yc7gXAYRkhvkhcaiBmUryE2ho3Nh4KtA,AbbtsXhasRzS1Svvnqt1PFExMjuHNfhS3gMFCuxetpfq,
5rsKmGUfGTHrhZPUUd6HZziCvuhrzTSxizDEu5J4wfoj,aumuHzMdUFiFCvJ7kk1djU4CViSzxJk3FjXTXgvdNZn,
5rdrZosDUSDNLkxNpBvioJNM2AkZRRkudbZDGPe96r9p,CqA42zXaf5zXk7EW7jtCLfL2uH1efuB9GtTfjfJ2hzoq,
5rFWGUN3czacRVZdfzWFQjUChdi8V3Fb5Fu7jeLQy4Rz,HWXBnUThH5wH4MM5fh2y4mSDUwhEkJaHci1G6hW5qiLB,syncspace
5r5UczD8PnnJAjWtgX9bLPKVVMPDifGeBw9DQNcTJFvj,4eVcByLcXGavuwEBzJuyPGH6mUzrJr4u6kcdhy6ZJEno,
5qvNEo9yYPpLyuWFwaHGpbpLDHDishANcGng9AaGFzaz,9SD4K9To9fvAVA9my717go7BL6udrV7bhcC2LQm5g4HH,syncspace
5qs3gLxGQgbFcy7mC4B2Hd8LuuJzzqNpsrLYG2q1xafU,FHtBmDs9AkmtGMtPwEZCUvj8V6zePp2q5LEDT1vYrF7H,
5qp9FyCJiSHHhKQWw9fr6uwUJtt2KaFiLwnDGhy7Y8Wv,GPg1UBnaqBjZS2XiMfEpgWn5YBJmNkVd11HXjYrDmVsr,syncspace
5qASuWxF7PWZJydCuusghqRXD7K6NLbyCxvJ1w3B5TTW,auryHMdwKGnjU4ZBjtacvARm8DcAVgEzYDzzJvVFfE8,
5q4Frz2Tx6U7TmKiYrMowD3w8yeZ91VswNZPqgW2Y55D,G43e2oSgeTEaxN3vc9iCKUg2AXaNhfs6KtRwoxgZ6qdP,
5pt36xxcFSUEqerAHb2FnkQTUDC8MaeLtZocaHFCjq7z,AuT4jYEVCYKWA8PgBmrDrnechoLhp8E1rBX8kZFqJUqe,
5ppqXMHADaw6QzVS9xs9i1pN7YpsBXT9VkcKb11st58S,Hg2gqbjGgL8NZDmJk6jfqskafuK2pPqccSq5FqamaTX2,syncspace
5pi14fX3YiH3Akqw2p3rHxoVGMEJQSiG1dGwXbFHjsdC,Gi4txvDxingESDeMfB29QxLM4ZGCVhDQGT7PAwqpRQe2,
5pbzLoXFQXAnKWnYBWmtSAuYuMw6iDwnhdFiQuezieHB,EWmzVeqhpzmgdvJGND3MB6hx9bsX2stiRPJmN4iLjRYG,
5pQzMmTHvrmEeJR4z4Ubh27eUFQ9kDqTuyABZetDMvxL,2CApC5Kt9WawmvvZNjHvedpT3adrrXKJBG7JQSSb6YYe,syncspace
5pPH13vV9Va6vgvGNY1uYbZMVQGQn162DWbLzKiAEef1,DeSnThdMn6YC6jbT1TXGgsJnN4enduht8nATmMuF7MVF,syncspace
5p2NP1fFchMhJuBeuJmQwjQebsUU7ZKynvNwSuDQ8qTz,DdgAvEgdpjpdTkLE31Xe7qtMnh4NT6tjJSExXBzDMcuS,syncspace
5ou9yTnwzoDDwdAtpoSwoSz19jBT41EyZ6zL7MQSgb12,4qxpyTsoAzHUyaFMZBGtkMaiMKdZ6KNjaFRAusDnXuze,syncspace
5oqTpSHRbeF3rkrip1zNLH5s45btWJxDBAVR8fjqSyjW,GoZAbNWQDsWEqvmy8vZGtc13VVVsJbpg27ghQ3KBQJ69,syncspace
5oojgr2DekhHT5nAkQqswbr5V5M1LKNNwrmPidSuUTTb,FRnFVoakjCChVX5DSSfoyKtTqod36uQyB7deXqNB7XYG,
5ojfRgG2bRoM8Z12KogdEfBGGWKgnbJDN7qS3o532y4Q,BsCzSkFJVCBd2k1ku5FME12px3jsxS6X1MEZvjZ3HaVT,
5oaE8okN5RTds9sMhAfGxpR5AvoBBGoY3Fm3rBwhzqiV,zGB8sWzpXY9ifTqxtnYqugrWGMpM9YMf15xC84NDVKY,syncspace
5oQssn4ig58zMtvS6VnmzQB3nuJpEVK1WbmR92La8wB4,4eVcByLcXGavuwEBzJuyPGH6mUzrJr4u6kcdhy6ZJEno,
5oN3SKCNyHKyUv46NPLAnWeRwsamzUqJzgGjcvboK6aG,36FfVN2RHxRhdoKfrcbTe2WEJnoco9yL5JxwWa1CNgkC,
5oEgas7VCBa462uqES33LYLZxdNAygdqdCbi2xmVLyff,9sDoWhZe6K2nm3UeKsEp4ej2WjNsmCnWi3WWkCXYgjdN,syncspace
5nkRSEwu2z8c8SyxN9aoZ254fgGPxf4T7B9WH8L3dAL5,Eu9sCq4czoMULUtBWoMLuL3huFAM5dprSUmzsQUTS6Sp,syncspace
5nhAPBzPUWzzbWuJhCUTPtAKBdKwSjzXnFf23CEhMJtZ,G43e2oSgeTEaxN3vc9iCKUg2AXaNhfs6KtRwoxgZ6qdP,
5nNiiE5EATqmAYTjTNqaBQDXPHoxuKwJ5vm1T35WChqC,F5vaA4a2dZaUnJD7vUx6CuMnTqYEhmZgYTQ2Zf5Fw94G,syncspace
5nGbFYHoa2dEZ81CA9pjeaE2hdyBfcvsZ5ShykuCCkKz,EJxbv3aGrLuX733SASSsV9J1LQaCoUmrArXDoF8JAKJc,
5nA4jr57A5t8FvM4cLqQswYNesZT9CAR9EEgJbTXGW2C,ALngCjARi7zUbcXK4pasoBQqPGdBkHBKViNPu9JwEeXG,
5n5qDvXMcd6nenpZKWzHCQTDgfFakGVi561x5qTe3BXP,G8MNdTyHMBPmgyoBwydoBvYJSxnY9g2Mi6JAEFAXcEvC,syncspace
5n4T8UA6HcoQHH6dKtXMcQp7FrhoGkzSErDtkWiHCqDM,aumuHzMdUFiFCvJ7kk1djU4CViSzxJk3FjXTXgvdNZn,
5mxYDf7JahdD5dfLUbDLWdT1QFM6mj5JroUjCEfha3T8,FRnFVoakjCChVX5DSSfoyKtTqod36uQyB7deXqNB7XYG,
5mwbFVqwBHPyj5z2ioWGdUH8i2aFVXkU8ut7u9PS6x2P,5AysHo5vYHYcqNaJ4zrKKf7aRFfWXCCtQ9gdPLfpudfA,
5mmy2XskUiUk22AarjAfAmHdxLjMzY5Szr6gcEMoUtVH,Fa8TzVCkeQd7ZMcGNZEvC3kvSKtxMymdv1gCVZoPexuW,
5mkkgzPURd3YmyRR97hwEsKyJurJrndJry83JQLPBaex,KGreoQoovUcwNB2PDLRvYm4AsCnJ3Jo98ZBR3sAFoD4,
5mfoihrUfUBsA6Y8VkpTLFkEUCZ5EPs1ZHoXN9kGBz9p,Fa8TzVCkeQd7ZMcGNZEvC3kvSKtxMymdv1gCVZoPexuW,
5mePLT8v53kMTLDAA4VZjJbGAiUcg6gSgKne92jLtWmK,98oPYQoQu7JDPDDvQ7X4s1U9Rt3w3B49pHHe94CD35Av,
5me28xJqxKzaErXERkJVL8Ln5A1YFhjEvLNt2JmMZGfY,E6eaxJ6qNYvydMUgBJXdM9ZEtxS15AjjkEzKYeTciyMT,syncspace
5mdbS3uiH1oXugSEACm3SmaUmTK42ooW7jt9uin8RzWC,4U7tf3ChxC8mr3KHWnkV2bE2ogBJK6q8LHLvU1F9BhKa,
5mcjSFFwLk25mTJa9Sw6mgPGgisPefZL5GWda51a514A,8fvG7uUPru83hqf6YUbbftqWf83EcGiyVbbDDTwxtRF9,syncspace
5mZUH5Hhpqpv22joMrNeaRv18xkUjKDxsXQbWEMmKEKn,51yNAKDUHrLgsmBWPGYGv22GdLavjiDjysti5yrGpJBP,
5mM6y49sAhh8XG74VGdk8ez8X4XE6pf8ZAvzqkG6DseK,AeqSuBfhUM1VRnJsZ6xURh2sTygDCjeMhh4oR3vKmBUg,
5m3aFY9EQkgSRsor5UHhvS1zdcAFTXKLNa8HZHQhdcUF,HTX9BkwYdwmH3xPVAyaiVC8pVusCp4gDWTqwLwzCM1bx,syncspace
5kwx2cEW5GHQnH1uAZRRJtLwvhdZ5cN5kAYroxFvQmXv,Cvx7DFsYbkVFV6ASpGppp88m3QBR8UEn196Xmc5XVkry,
5koVDGTemJk3DGvezZTVS223QBVCTLWYuW1PdcxPjtN2,4U7tf3ChxC8mr3KHWnkV2bE2ogBJK6q8LHLvU1F9BhKa,
5kj6fR7MMJpiEtzE4HV4yfJAYpDTNLEXHNnyZhWYU66q,5wceam6f3i2PNykKQkomeord2dhxsmyTEaEFxVLVaegM,syncspace
5kimPoKAZzft8sJPX73X3UQzcB6Bm3eLumVjUj2A3m68,7FSTGL1t7vmP8G1k6zMBPhE1PrfbajmZ9VXHkjCKYLRG,
5kgQ29JH7UtRsbt5xXByotSNE7x3vVqpxAHmGZVe5AMQ,Hq23RE564UaA9WNxMmT9Rtpr8RFUwaYoh6XrGnkMoUAc,syncspace
5kcVxoXSwbHbj1M7auRNbx9AJjLfCY8PNA1EVha1mtrf,HWX3hK4pKBSQ8SKeUNVmcTaX69VS6uenCZASptfX2WF2,
5kUGffbhQhaKV8GJgWEC6zAFEXE1DcaDFAaHyn3tre8C,Hq23RE564UaA9WNxMmT9Rtpr8RFUwaYoh6XrGnkMoUAc,syncspace
5k5zTB1nvVYbYWKuf1sL3w7TmrpVb54HPgh4DZX7KZ5u,H2gc4KbikzjjMZxePhRcDNqnjK9pNewcEhqC8Nmqsfuj,
5k5E33hgeZcudpFk3R6CCEuMHN1HAftb65ZvQxQqX9P9,7iZFW4WFd9BWFjMFgmeTGsthV9PH7RcsXzVStvR7Z13N,
5k1Qtbyg38aargnGnT31atNivhNdciyPVk628CjL9CYP,FB2MK4fNPRsnwFfKGWi3p9st6qgNdF1wTzZQ8NL5GciB,
5jw7dLA5qm2cP5Ea1tXpvB1ahLq9MAiuvunhoFeoxYLk,3j55KjrSyyegk9r8gGNNr4Np7oQaktPr4wWh7DVu62Po,syncspace
5jq44zKXfJtR3hQijzSUQggGDL3HJ2tMr1dodNKYRPmM,Cyn5YRLtvJSVAbUMnGod8QA8f3B3Lb8HJyzEKugUvEra,syncspace
5jp7o64U1yLLmsmqmkZtxGPrZs9ZoEsTNAV1NTZsbnDU,4LDMZGZgKRRvtyfFBaZPouwKfcegdgHG2Jj7PujZmsTw,
5jjz1qx5fVHLTSwafHP5j9ZUtY3kAr1N5PchmExn9xrz,auryHMdwKGnjU4ZBjtacvARm8DcAVgEzYDzzJvVFfE8,
5jMhh22245q2Z1raMbHPrPYaRFbrSq6j1DLAA5taU9pY,5wceam6f3i2PNykKQkomeord2dhxsmyTEaEFxVLVaegM,syncspace
5jGQhePJTGo4s8SjQjSh87tC3g4FsYZb6PnSeijRLEvv,H6AgL19Mtiea5nHdKxq2TVfLRDHfB1DiQpgfBnP7FZ2u,
5jCuQKNswAxmPvoQLyrDGPd52RRG75G2MXuhKY3SsQ65,5zpmMe6yGGN2TDsBp3Xazad3JjkVYSoUizSK83wx81gJ,syncspace
5jAwGmtJto7z6TVrbFRiWSTUhhKdmhWzLqhiS77Ubt7Z,FPNMQhpGtXRdh4LcMBQs35KZsGpwQYJDRicPgD63gUj,
5j2QpmSBt7BCFQ3y9KLpEwfxTVxE3955zddWcQ8VQH8J,2Hm3dbAYBCSdoYnofVYpLrzETTQt613bpaQ3SxnKxZQc,
5izmRv1d3QPJoReHteodwTBnT2Tb2jco8E1nxmtkPirn,E3gWszZdA6PbizpqnQAPrVfaPACCdX9GsDpcJGKbPkfR,syncspace
5iwR3dCwKdRoQT4GdMVCZpd85fZFdqytWyGCYJf3gSea,H2CAfKakYfFuT5oEZJwtAmgy8ihPncv62iMYmQXFG3Y2,
5iqusCQchttD3gK3CTumuJ9S98n2i7hAPWj7RPG3nXxh,2yEw5qTq4LXZ3m2L9KFH3BBLzUvVEadyF3p5PwhhVGCf,
5ioBPkSZFJL3wEuo7vwKwgmr44Vj897znwtr3oKfPcTW,89rXzpFDeAknb6YinTEjjnV7VXYTmrRLXmhrFFjFJsj6,
5icBasLWZwqcygHwoE3jArrVMifSwAHVBUTGd6bQqhtL,CQekVuyB61UBQP99dSwQTJz9EgZGiB4G5p7DJT7W4YBZ,
5iXKWYRZcsU5EC9s9mXg4u989MQct8o1vw55KMUgFNy6,5sWsediccJMsGTayzXtKWKkAaYLN17KBa78otHRrFV2x,syncspace
5iAPS8Z7P56An1tVoavxZc123bGZhEzavXPpL6ocJhFP,DPRC9GVQKX2WrhCjcFTYMKiMcoqUpz3TnCvaviPfPKE4,
5hubvf2xibttXpn9t5K1SWrPR8skdhZjuDDeHRwwr5MU,FRnFVoakjCChVX5DSSfoyKtTqod36uQyB7deXqNB7XYG,
5hiL2DFiCwGecdHP7zwXxFDpDnZJFQzrJojoP2Z8A7gT,5AysHo5vYHYcqNaJ4zrKKf7aRFfWXCCtQ9gdPLfpudfA,
5hWmEfdzuezpgLgPtrpZgHDEwBNvqcmbHxkSPTt34fZ5,Avduz7yWw2AoVLtLaPtuCZKM7A9jwuTCqRvS9DPu23nB,syncspace
5hVJFbP19KPjDtbUafoYJD5Aaxvqiv3D8dyPtrMdtYmC,2eWkTF8tSBp2si8Z7LDgkswJZ1LNGi7DPU3NNjV1i3VJ,syncspace
5h9zXGk8TagkxHeoxoJ7TN8pxNpoMJD9rv66TWb6UbSQ,7DnqWV1732auGkzfKgNxzcEHJfapX2GbwZ1w3aqoAN4z,
5h5mW1t4hNWwTevqDHCgcEBiyufVVgA97EFsaWR9QdPQ,U291d1eQg9ZjZNG1qCP6Gsy9rAeqerLqf1Nvv4rxi93,listed:magic-eden
5gc2ctmPm1wfXFtv51a87auNuPviv1542BUKkkHcCvcF,G43e2oSgeTEaxN3vc9iCKUg2AXaNhfs6KtRwoxgZ6qdP,
5gbcqJLhYoBFETDiH3xYp9kajjgW79Zse9AQM6hfBHKp,5wceam6f3i2PNykKQkomeord2dhxsmyTEaEFxVLVaegM,syncspace
5gKH73HPrzobhDechxptQrpEVfDgMpCtCppTLkvCNVzB,HjQVreRQcKXcKENchCXtfgeYrww93EnrF7XB6HKvS41n,
5gDBt1Uiy4sJdgZ17p7HA3RD7rQeknEz5p921wzHWqtQ,FHbVUUSthmyFC1vt87pVcN51GSirxy2NAu2P3cQvUs5E,syncspace
5g9rtvU8y5c448xUdScJiddz2ZWPuEoxBxah5Fh53aS4,88gNHWScPbq75QunYtRi84YqvKwJZ1cjmqrF7chp8VXo,syncspace
5g8qefkifTtMiH6Cse2yhnExc7zbZGg5GJ1yKR7Fb22h,5wceam6f3i2PNykKQkomeord2dhxsmyTEaEFxVLVaegM,syncspace
5g6qZLhesbcprng87czohjZ4uEwwD41V5NzKTDCsCCP1,7LuRebQ5ePxa32SizhKJqHTTgTwKVhDcTSBNaPa9f7Wb,
5g4z4J6BMQvyRHCpCVfSTKdXmQFJRT8xhXSZYy7wVQA5,CqA42zXaf5zXk7EW7jtCLfL2uH1efuB9GtTfjfJ2hzoq,
5fqm3uLHeeSnANEQe1TRVHXAb2ZBEcpvu7GjS7JirfHU,HuYGJ3MT2dzPYjfAaUEtk9i25aeiWThHrmBe9wVtgQ4L,
5fgnFDvJibcBjdNfFSbehA6xw3w9b8kfeuL5UKPZcu7r,6dFUnJ6B31brEWTH1S3cUv6vsJaHrpboHdCvskfnkbRB,
5fEkEefqB1wtVPfpydJi7itWDhfoP6AC1MuHdWYYyaXf,CYLo3G8AYqeepbzD6grwshXHR6Cuf2cvgANK19Axozc8,
5fA2HsL5z6678BvNxaj3KdkT2sb2JEZUx68i7W21f6z3,HgwTK7o1tELAPMNm9X2mAgC49jSqwVTYiPSTZHpL9DbK,syncspace
5eqABnCUCp7QXQEavZ1Ch4hD1ZvsAyL9U1eCyYbwqMYB,kh2nraLYWPsGp5e46APm6oh8QqvbFf6Q2kzJ8rcnXfS,
5emitTrmB2o8u1n4s91ue52BaWFz3jcDFq7yDZj9vvwM,G6rZaKxnusktP9JFMSB1iytkycVpbZ2Z6oevfWCEDxGz,
5ehSqj9ZQ6Te6TmRxFvM91PoP6ZuJyAL459KEHqpHfYb,3xfmPayAefmDToKruJNFrtEZWQwGLEWQSGJ2rBBb1xMV,
5eg5N2i7mRwAahhJtpTcmARQAgf2JFwkmMtTHQbaZ7xU,B3WMBuZVUo1xpLVW95WubBtbsabrsyRVH4cU8SwVX5dQ,listed:magic-eden
5efy75CEJbRsG3zGSdXcmjxvBhA8BXmtyR4BuAua7rda,9Lp568ShQUS5kWfE4yUxRQKaTL7ryUE9VqeJp3LQU7Nj,
5efbYi5JTdkTEcZympyh818qTqdHLp9wbTBaFWSU9Qit,5BXtxJH1SDEPcBNiuSswDVN37qqpSa19arSvWPWcG2eh,syncspace
5ePYzs92kmrACbqYfZB4GMwm9cLcBqtvXJ1RZNzd8jKQ,FRnFVoakjCChVX5DSSfoyKtTqod36uQyB7deXqNB7XYG,
5eNUoyYLGwMFskZ9F8GSGVPR12DxyJgCcpwwspV3vVHM,D8iwNWsfRkg6oNy7AyTevRxNPGUKZZ2oixoqLiinSSor,
5eN9wmtAKs6N8S662Gx1hmtYFetrgnpGjLVxQySQZV9o,HYfzNhjQpiqg6GF9U7uzhHaBY9rEQicgsH6PqFTVRmfA,
5eKKUPaKGCmkFFZ1buEp9mccnj9NyvCQwDCeFWac1JuR,4U7tf3ChxC8mr3KHWnkV2bE2ogBJK6q8LHLvU1F9BhKa,
5dXMMTfbXsyS2xR7SytqmHALF5ggfyGD59hyMCV7vy49,FpHuF4z8kTipgXqA6CD33beYG2stba7XaQKggJdNBXbV,
5dFAo9pEUQGbLZiNqxB9S5UqjXoB6yVE9H3pvUZoCiGA,HLQQovWxjd4XED8vzCUyyz72eaWW7NJd5MdE3iv1L2iL,syncspace
5chs9W5R8a6SMsKpwYLbkdWgFYgiEDyeXsamkisQiW8E,25TqXN4ToREvj3CVYJcTP1MWbbi9Dd7uUeQ7uTW7pmnU,syncspace
5cWxP9meGmdondZTv8h8vtuSHTFkHyxuQRpMHJC9GqX5,7iZFW4WFd9BWFjMFgmeTGsthV9PH7RcsXzVStvR7Z13N,
5cWAtsNzRyggmjSvQ7CfZe2uuNstkrTUHiFPeiR5u57c,AxzeadVRqwZxqPSJ4DtfAzEpbzMNDqGa5Ki1fPjdNJ4Y,
5cRhMmiozoPkcLVrynqGPZixRaeHQUEFsJiyrubxswsy,aumuHzMdUFiFCvJ7kk1djU4CViSzxJk3FjXTXgvdNZn,
5cNMwitC8NqoQtjtqhCDFmWNSKP6rte4RKZ8cYAJzUSM,8bA13PKEth3TEKKAHQmrqNdVPU4SazsjUeSfc5JC6Guc,
5cGExgnv3UpH6ui55CF9vhGCzeEgT6jPHQYjBErc57RP,5wceam6f3i2PNykKQkomeord2dhxsmyTEaEFxVLVaegM,syncspace
5cD8oSMR3FxeQwHBVC2SWbLyZGL2dTrN8zRa53Ejtmzq,71HtZCnRRWaayEg9HrSoSmfJMwjsBdNiqGhGShCBNLpp,syncspace
5cAR8SkPs18gZVGSnaH8ahXKBY2meukwZybvYt1eMKh1,3j55KjrSyyegk9r8gGNNr4Np7oQaktPr4wWh7DVu62Po,syncspace
5c7poNXwvLJiWYCiX6TmRdUzHi9vgLh2amoiJoBR9MHi,5gdGXYeYu8Qmqn5syH9C8HEgzqPv8LVr1bRw9jbnudWx,syncspace
5c1tGnSkNbqXsnbckhfu2ycXeThUFEABLjTByG1jnSWy,AkHTrLH3yCgXJh31Tb8UhQJxJKJFDpUND14ZfUzvsRG2,syncspace
5bsgBcRN6yQwYPrqgPWxr2q3FruAuved7rpgeKrnD22H,GYbDR4x3pUrhSZfgBeemxzriVCiYXEEMLK1uRbRgJFx9,
5bpN48Z3wwWMRnqKaBEMgFGBGYTQFZfdyaf4odSBmq71,NnbrSqdNmVLydyLM1bZVASgj4spXydmzSKoEbNvdkkK,syncspace
5bniNVHFiamE87n7uBde2BSb5a5bQNhgtMbfFzfzJcWC,CvcP7RVR3kQNBdCUFbwZTs1gygqsKFjsmfR7ZvWY4G4A,
5bmer4uh866xHNcoVMzz5QeLAMR8oTA65FdQa5nWww3a,DaWAGbzEGqmVe3mQt9Fg17zE1NBStEagbSdFYUkm79CH,syncspace
5bN2wkWKLDjHRLCvUsZNUZx3tkBzqRLBk8hXrBbKjUEx,D8iwNWsfRkg6oNy7AyTevRxNPGUKZZ2oixoqLiinSSor,
5bMoDgX1x8h3XHU9Bh9SBbHSBFDYwro2Vwi6HJyKKC9L,FRnFVoakjCChVX5DSSfoyKtTqod36uQyB7deXqNB7XYG,
5bD9bw3AH6BijrwseapgR8xY2sEtmGHjqp1pAAwUDPsT,AkHTrLH3yCgXJh31Tb8UhQJxJKJFDpUND14ZfUzvsRG2,syncspace
5bABLphcxQbNdb7ChPLPpGhbBQU9tL4zVKmSWRpJJoHD,5wceam6f3i2PNykKQkomeord2dhxsmyTEaEFxVLVaegM,syncspace
5b7W6cRFAjCWqNcWwhtZd9Y8ZcNRgC9wNx7KTBxgcMZF,6ZV8Z9J4LC6uU4K6RqSBij9uF35vfdWwzJoH8AdDQX2J,syncspace
5at3GKsKpZhNEPSCKMMyXgtpDm97mjcGMGWQdmTUdEKT,PEr9tdkSvSVsi1f8n6Kg9CeeQRmxKctoQWGmy9sSQbu,
5ansgtRiM9cFXviXyXKDojCwNPjJKF3awxNWcZWB5CFf,E5GFXx5mJHLX5KZvCcEyHMuzYEdY9N5V7QCZ8KVYc7o8,
5aboeZaFoEeiD57ui5cnn6TTJy4zcYXyVCGAEdzN9JsA,D3SxUsF9uutCNEtDYAYwsKpZJ1a8BkipNncQzfWUwXX2,
5aMgLhFrfsm2Eo5Vozf5PS1MF8BfFMVAvbjBDDv7N9hr,H7vbEEQBARVaRwET7WdqT1SQQejVApc6pYhQQuybQQvj,
5aDC3cmjXv3r6Eeeh64n3DsY715dNZRzPTaCbpgjPD14,76MQXJwMKxEdFs5EXxyuwm7bhqpYduEtMg2UvjMJbnmC,
5a9Bwxys2k7cAoks9g59vJn7VKu8vsBtanEDgkGoYA48,HP2Uy4EzdMbVvs1pcWFY9A6EfF79jEsfQNmTDmKpgLA1,
5a8Aq1BuQVj8QANX1VnxRvuFTgYYYvmrRhbDDbJafCuj,rkChAmcgrUe6Q3emtWU52Z8wwTpvq9jqXGRVFbRq569,
5a2CWu1hrA6QDvaJFkqJi7KaS9KuDYsLRneMxHZLdT6W,8ZsSqfMKDiTNdbJV1tb4JRRNpqBWvrx8qESoW9RbkYoj,
5a1LrV2zNnNpgD8ecvGELMuLJN19zwif1fMPvW2oaBsp,D8iwNWsfRkg6oNy7AyTevRxNPGUKZZ2oixoqLiinSSor,
5ZoaBFtgMWWxqg5dvVAo5xTwgcZn3woy4ygkr6eZJnA9,HyLKBr5Z4zzntmCm6hCp519s9Tr28MYM8VSKyqvFHVbi,syncspace
5ZmrFJTmvj2f2PaV7pSCadw6nfruTP3Hi6pWeQrnihFd,5k15YfLg5TmTeVUAuxpQgK4r3Dzuu9ce6RwmKUdtDXYH,syncspace
5ZmT41yHG1YhpZaUgq8MYJyyGDdK6PWtqiJ8G3bteDMo,GUfHRH8AHiSUHVjNnVFqqsZ6Czmdm2hcebLHZqJJUoSA,syncspace
5Zf1ST5gFUamtqrRrb2axF6dHs88NeNAisNZyYUVcZPr,CB8Pr9uzrrFw8BFnCqworH1wMa8DsmbSKgUNwVWnDGrL,
5ZTMpRorwvWsnrAB1BaZY2JYWsQ6e4ZD26Ff3HYANNbC,F9QHwfpKurHTg8fh4iLyssds9r1VXcvHPDBLnWNRukvw,syncspace
5ZPdqGmGTXjpErNp4FduyWHvzwKFiQJc1oJ6fsApncnW,26YzQPNW8HxmvEWCJCzpkF6cTZuhQA6F94WLbnUH5fne,
5ZFUPmHGyiw7wWh6iBJEUX3cvyBhfgpuKp3GW9QTwy4x,Bp9QrZYpf7ionycCt5gjdBn6cyBm2UYMwLEhjXq7sFS8,
5Z6QazcWKvSP616RV4Cwsv37es25yAHvVWTPyqnuxL2f,D8iwNWsfRkg6oNy7AyTevRxNPGUKZZ2oixoqLiinSSor,
5Z389aSULR8fEzuHhRVzKzqwxtLjc551fkc8mjD56PvL,3i7xPwh1ZjxWEZL3fRN6tYsfix39FwuEJQkHQ81u5t2X,
5Z1Acx1wLc82BQ1wopUNW3DNLHhywAo7jK8qAc3PdRsy,81MMZdtpDzevCJLcFLiSm61DFr8kqnrPVrwG9XGQnpqQ,
5YyhfFZ9RdwdPWHu5ZCh8VQQAq3afGN5CCwJBgsD23ww,CB8Pr9uzrrFw8BFnCqworH1wMa8DsmbSKgUNwVWnDGrL,
5YuiefZyxa6QtUtxnY5WdyncXucp5HqBApNnSHaj9LGZ,9ZbjGVwvADQ8roWVYXywvut9Thmv5GwtZV2oCtiNuLqS,syncspace
5YoGq2J3GBZQREjK5SwA7h8AtCZkvwiLTEn7qLx7Z7Ks,auryHMdwKGnjU4ZBjtacvARm8DcAVgEzYDzzJvVFfE8,
5YmRPan3BXVmYsh2X3oS9ias1TVpqPwJodXZucn1kEgG,9TGu2DP56SWhaeTuNHNPgtKW2tynAipADp6er9q57jAi,syncspace
5Ym55LfRohpY2JQqWMjCHga4NCk5ABrhFo97X7edKJgM,218zW2fpiZNKtSTkXniH15pbJ4y8f1aPJqied5iat3Wd,
5YgmAhvLD9ppDA2F6HR5i1znLy8QtNzxX3m71cYKeZWt,51h58hEgaH2zPDVCvMypYAnj1n79hCbqaaj9oatbCgtx,
5YYpjXPodSzCr3JuA9qLLWc5ixej9Gy6aAjdzGi7B8Rb,CB8Pr9uzrrFw8BFnCqworH1wMa8DsmbSKgUNwVWnDGrL,
5YHiM52E3fshDe1yj3nrradwMTBfXkno1ev1ae7yCDf4,2SWbeeArL3YwuxKBg1S6iLBgS1suWCf57Ly6PYc1oAV2,
5YBiK5CnYmJ2DMqkiLn4fbf4xHBY6g47YRur6AdAg25U,42wCBDXBeuTubsEoWuP3kMNBRnDVR4bv7ZD67Um6qzgE,
5Y8po4awFxPypP1ADUzBzyfZdChcfzK7UKWc8LtFk7fJ,CqA42zXaf5zXk7EW7jtCLfL2uH1efuB9GtTfjfJ2hzoq,
5XwnCHjJx9cGjM4Rw5wKXvJZJDicLuFpSPNEA717gfya,AwcbpyGPiNdPrtoBd8UpyLNF5EaszrhXoKqcqqDoHYp6,syncspace
5XouK8ChJkxLwDdUYDApTh7ZDuNeXN9CKbJuYRfcEUaQ,auryHMdwKGnjU4ZBjtacvARm8DcAVgEzYDzzJvVFfE8,
5XkfgD9bCjzRdQshA6REnLYYfUxVnrpubsTUK7ihpSDE,5F1QE8ZqGu4kGoRGS6Hp73L6uz5msFzT8TuCrYTRsxvW,
5XjkQAqffVrqF6fzPXXy8U61CLqT7tVpdCfwZyrkqYWw,57AQgUcsQ9VNY7ZbxMAG3uVvGT7queH38NTpQx9Jx5uC,
5XWZvRX6SYwgW28SDjbXrAzxD8GN4PnEHqos9hsD4pfG,12Nwf8b3ngxHdY838aLpmNugf8CJQ11EFXPwL9afAnZD,listed:magic-eden
5XU6UqHpXZSQ6mTc98xeWBWo65uJsW78bXFtCFWYeJU9,FUCA1JYUdNq7vz5JUK3MxE6x8wvUrcy8k5TnRHRYA1uS,
5XGL92xRoL67dUmmKuxknGHmALhsn8Z9E3Vy9Grj3dab,6tMR8UKEPPcKDbLx5F1a7poY4JV3vhmKN8p9a4DtC7LJ,
5Wwj31FAtkyyo92p9ser5EYrnYeDrv1gQPuYPvaEH41A,qstNWZCoEXK7Ro3kUbT7ujw3LUG9sxXHuvkiYX3JgHw,syncspace
5WwHhCXmPtTvv9H33fTbJFRrsZUPytePQbfqPBcGUKET,F6TUs4onYq3FxKtmPRBqmVWkzQ3DdTKK3BiDtt6yGUJA,syncspace
5WvAR3nxkBEi2Zw98AdoHNNdrctjz7EeY2JHmgYLYCWZ,4qxpyTsoAzHUyaFMZBGtkMaiMKdZ6KNjaFRAusDnXuze,syncspace
5WeFN44GfKgjCjFzYkeaH4rkr9NoL6q1kPXV3zFp6rJC,6QbNvgEQRSTRDHHxpt8Vwe1kUeNiatPYUsiWHrvP2Pf,syncspace
5WdbzvhLvpAMyiHRrp68qna9GtC5ntU7sfUFgdkAuMPy,5sWsediccJMsGTayzXtKWKkAaYLN17KBa78otHRrFV2x,syncspace
5WZh4ZBnqKqtnXdnkG2ie93NmJJM5JC7abRd3ocQHvs5,9iVHgu8EbvAzdMwbak1nBMbsBs3UothBtzenrXmAGyHj,syncspace
5WZgnimuTSgEQgyCUPVhYS5yZeY4iUNd5FUo4ysogjg3,FRcfhfbffT6qyHwQRWAJAK2PoiEQS9AEgURtXrbYexUB,syncspace
5WUxVWmBN3SPenonUEjogougsSMykwSvUvaudjQxpYzS,D4cBTpTGT4Qx1urrdwfiKZjhNybEr62cgPcTPQaa7AFA,
5WNY96QNuVvdf5SXLNte7iUiEkW6obboq48GorgaQvcR,B1VMDi9rw7QPvFfqUsSTEohwJee6PyAMJUimUyyw9rS1,syncspace
5WCacYmmx4LWfuvMfEVmX6mh3wrM5LkCaE5PwdFppPcG,GZCn9bLvGm9sYV9RLVi8gStnK7Vh9VnCb7G14ahjL6ge,
5WC2YLEs1cqHcQK3E8NJt5GEtYvNjLYV3kizuGUTLx7j,4Mc2HqrVU89z5EKW21Tb2H76mefP2sTgcXwd9yx5J8ur,
5WAyem9BG5fpFwvapd9DWJkMZpGoNgDFdmdsUFQ1hPdr,4U7tf3ChxC8mr3KHWnkV2bE2ogBJK6q8LHLvU1F9BhKa,
5VxgQChksaxdPJXrUrirvdchaFdtNNb2PTucrfCwtEVk,C4C8b5K6PkSnT75Xyx6Mj59ZvN2GLpTnriL84LxR6j1v,syncspace
5VxTWmsf8KMLo4EntrQnHbYW9yuCVFYuDorfBJKFCMzR,7f9pPpBc1q41yu4M2WkYzKWZSiGjzJ6F7J9KikB8dvwX,syncspace
5VssnfJxrwyc36XjU5AeKWX94BjQx1eNfwHtVLrcnjzT,C2cVu1e2ENb32NoQ1vsqKZ29ykvjoqXrytUqPvVzMCEK,syncspace
5VsFmikgBKgzdLi9nKdc3zv14HHC8m9cj2P5VrmZTMe9,DWSdcvT66SjDnf544yQVZYrkyxcFkev9cFkToAV3kNJk,
5VdfREhMruVbmHSFyZqP3vVYZoQk2uxDiZDTZnCUt9KS,2qhNaXnvUwQksdG8uiRfZZb2Vs2ASeyvGSPCZz5peJaK,
5VUq5CP4cUqmoxeY1eDEWU3MdQQwHwVhJPuyjBftmZT9,F9Z22FmpiSDvWLYUXPXpwXvPgoQTnPHtf6u8HNDckZDb,
5VTyQHrPzrFq4CtmVpxBNueRBmj33txLh9oVm6hGPXda,HTX9BkwYdwmH3xPVAyaiVC8pVusCp4gDWTqwLwzCM1bx,syncspace
5VQuwL8oQYFXpsRGMqifuezdH2516ZdifEjzHBfVfmKE,autfyCR5psTc85smVAcGQajFT4TC8xxPPH1wvJu2Grr,listed:tensor
5VKYvNyC1DDhyT9jdYfHYnR16A9PzaVJuRjC4WVfaKBq,Hj6s6cRMZSy3fhUyvYuiURfrX1jL54utE88n5YyNejap,
5V6qZr7Z3mfFEHwbKAzSgN8WMk8Gs7zrNTjJAMY6ppUM,3py8w6WyJJNX7aBxjA7tGK8aTyUK7fr67BK4bFJJrCmt,syncspace
5UuaRncXThCfdx2QiwE69MeDTJPEs3oHwUsxPUwkZo4Y,5WPrfMFeDvGTdsprgJzEQuemuBzvAzuYR27f65rhLWLc,
5UnH9JkSUrT2jqBa83A5DgCTxeXoEwD7kF8LjGWJC1CR,5mN69sE3Zmht2Q8oWcsgprs3DnpzE3fKRFDgL2HYvJir,syncspace
5Uh9xwQmW8c3MDBexgiWGiddGZSJqrNdxpgcuND8cKFr,5k15YfLg5TmTeVUAuxpQgK4r3Dzuu9ce6RwmKUdtDXYH,syncspace
5UcLz8wMA5NBoFnvRZRzCiLRHvMZJLRhMMPyeZqYbFzL,5k15YfLg5TmTeVUAuxpQgK4r3Dzuu9ce6RwmKUdtDXYH,syncspace
5UQMs4Bjh7xb7go3V2QVbD16oA6KV25VBV7hMBJBnY9W,HwDbffgRdgtQeL18TwyAV4zFRrA7GHwqYCdNvhx31wSu,
5UEUeN72Xf92sQt7NcBnHURhoi54ZJUFU4vjaMs91Rh7,auryHMdwKGnjU4ZBjtacvARm8DcAVgEzYDzzJvVFfE8,
5UDwNs8rcoSYbLSv3SMgUv7y1xxTRxvLqdkRuDj32tUR,5PNXHXZD7CHuJUomnGR3GEeXcVcZwb7rMKLo4H4Rpvj9,syncspace
5UBDsQi6WN9GDAJwyELedB2sWYb7rAte3q7g9focZ95Z,auryHMdwKGnjU4ZBjtacvARm8DcAVgEzYDzzJvVFfE8,
5U8s5hpEzUubi9dJ6vRqcJ3CSLvujUwumWZRKsxX3hF5,DdEhux6GRTUbJauom81g9XDC2Wdev9zC9hWoQz4wVQRJ,
5TvVKoFYY44WKvrYZeDowNQDhaPAyz7teVFU1tDv4J7D,Ew3j7a8k7GaGqZfp5nc8Wfza1Wx83PuVykTtQBF6j9ya,
5TtYBoovSeNtoym7sTtBVyAfhAGNckR7fYy2jr7YEe2Z,B1fFtitePRizXAoXCUiDA1HcDWVKirrLYHu4gCsQQ7KA,
5TffJEP7REHbymvWZKPog5ykgt7KEe1hLQMSdHRwxsXq,5VyoQcL5tQYrEVxPrDBtQ8ebsnoWi1eavZDfESVTdgRe,
5TeXo7iS71QaXmqzt8LhHGrYQpjeaNq9LWMKW1WKK7Dz,6QbNvgEQRSTRDHHxpt8Vwe1kUeNiatPYUsiWHrvP2Pf,syncspace
5TTYiA5hwvytQyzy67hVTKXhqhb8rkzRqaoPr6pbJgF4,Fh7VU57iYi436YWUWfyzxTQudhfR5DsssE7vxTnT5VaS,
5TNTiczqhN9oaBEagfbnkEEy64a4aZm1sStxZZ6neFmL,A37bSDtebhoaTsW3k9x8NtmonwghL2bWB9BdqtJhiC21,
5TH17o8hifCgddfKgoyTNSbazucU34MSrnaEFNooRbU2,FHbVUUSthmyFC1vt87pVcN51GSirxy2NAu2P3cQvUs5E,syncspace
5T9hmGSrdxPykpCJ3GvcAmYwgEZ3NVFWTEtdf1kF8RRF,9pRyBoTvsekUV3ycQmSJtqULrYb2Dv8HFcSdLWNpzGdj,syncspace
5SuvnXN5Yz5sHnGQ7yLUQ6SiyivFiJ8EG4Vz8dLv5i4R,G43e2oSgeTEaxN3vc9iCKUg2AXaNhfs6KtRwoxgZ6qdP,
5SoiqanEnrqjKhNG9QmhPc8MPTueHcKNMZpPsNHPzoLv,4ukgfZUoShWnEMSJyvkJGXott8hEijfy1ADWqjxStEir,
5SjJ9emNxkBgBAwiUKRuZ3bdfzj66H4UydF7XsQKDq36,FRnFVoakjCChVX5DSSfoyKtTqod36uQyB7deXqNB7XYG,
5ShYWt3To6eEXEC3d89uUBEMWVQBJBTdzACKsu8oxKp6,Ftyy3pNZc2yfQj9ecuXEvrGrR3A6Noqo55yGYrXuraEC,
5ShDETkaHsFANpbjUpQLZxvVG2ftKcFKrhtGx9NbVXdo,H7vbEEQBARVaRwET7WdqT1SQQejVApc6pYhQQuybQQvj,
5SQNm29uyKsqmV2bzstgFoXcpHxBLrMCZT4Ycdgvoknb,5RuGGWfR8mYHLzivU37u97zziDbcTRz32pUMALVNFakz,syncspace
5SNr7AdP8qCsRefVTxFbTBp3C3xNfzuGSWWz49SXyqN5,autfyCR5psTc85smVAcGQajFT4TC8xxPPH1wvJu2Grr,
5SLpp2RmcNfrSa1HqpG2kDENLdCs6gumjJYNBexwhmvo,EQp6Qks5AqdnAyDsbdQaymTwDDcC8qNEfKoS1F9ao55k,
5SHhMLsDS4aZzMLeMYVC38jJDDzs5jsz5ewAtUgANYHj,FdQHeaAxdnVL62ZMZhG7PWshD9oXwKyuFCi55nfDSUmK,
5SHSsMYqBzrzP9hNwCNj1qakdUYALk6ztLdtS94Dxh4x,6iNFKxsD7dNjoxykP48BZSb27DJm7piHuQquxDrrv67x,
5SGZx2EBY74XXVSadokaBFikxj8RnbfWydJcZsW1RSPA,gkEVBSiF2nzcgQAVRY44ha9rzjBNBSBsgjAXhpDXEHe,
5S8MG4QZ47AZkBueY1KBYG7JmgVWZrABkBbFgU14Vc8T,FXMcgZ6DBjiEkwc2T47iAyCmKQocWuDfkURntMkQs25,syncspace
5S8B58jGwbqs8Zw4BzUvAMh8DK4Q1tfQk4XMu6PLnBT8,CiS1udKWfC9tQqMLE2pDCryHMUyoCaL7PNWY3hm5o49x,syncspace
5S6bRRMCVGh38YWkz1GVN8bKQW8uj6f4c6wnBqwCNcpJ,ALngCjARi7zUbcXK4pasoBQqPGdBkHBKViNPu9JwEeXG,
5Rb9LbmnTev3P7v5i8XKRuCA3cHeM93d3PgGk1wfhfYf,81MMZdtpDzevCJLcFLiSm61DFr8kqnrPVrwG9XGQnpqQ,
5RWj6LMGoqvH98pPoYVvvkk3BMNdRXtxZo8iAvPrDXDy,9qj66zMkDdUBFw4GaAwKBgyyLfYRt1Ax5nmQGjhV7Lya,
5RLMN2KSaMbmNgoKcB9Pd2WVzXTMRLFegqkD5PbzsTJC,AxXhiZKyFHxgkjDF6XpGZ8SSo9sPAT1H2VR4sUiqrm83,
5RDNvVd3rMDkKbLijRXs7a7wfK3aZ2mk171VL3w1boHL,E2Jb9yEJb3QqKKewrgejaT2fVG7xwyjaeFt2dc1ufyaX,
5R9nvs3ycSB9kwJtfewRcEuaJ34YaigTUggdWqnUXpdi,4qxpyTsoAzHUyaFMZBGtkMaiMKdZ6KNjaFRAusDnXuze,
5R16NH9eVSyAmVa8JkPdMeKZV4uvCTCr2qrryhXXxGyT,Uz6rV5XyxS1Ay9NLNMXDNm55t4j6iPkxu8ftnmBHKXu,syncspace
5QpC2YN77iHCZvoRn6jGer2Ubr8d6js2wsKQQB945zmN,AkHTrLH3yCgXJh31Tb8UhQJxJKJFDpUND14ZfUzvsRG2,syncspace
5QkV3y7T9SF6uu2DHDsFhsqDpjkMEc5tLQbk6Mx6xpZc,Fa8TzVCkeQd7ZMcGNZEvC3kvSKtxMymdv1gCVZoPexuW,
5QgKQjBHJ5YJ53fNS1VPDwT5DxFboNXvXdzzrX8RY5QL,GZkuFyYWttzKBPqELavti2dFJuZ5jGyw3pfXDCY8GxRE,
5QS51sPbRdyuVeHSJcFjSem1xTTVHJenCAupM28Qurr9,HTX9BkwYdwmH3xPVAyaiVC8pVusCp4gDWTqwLwzCM1bx,syncspace
5QQBobJnqZSCbB7y1DcmvmSywU3JFnZMCLkvrJqdbqFG,4scCoQKHbS2U8YvvVsp7HskFtXuX8qSPzDTbmCw3FVmu,
5QL7evf1qqTUS9eUoF4NwXLNqW6TaDwCw7pLKJ3WvPB7,Ce4WMgX8tWq56pDXqfhyAWfvH8WjpeCMYKmpvwjGz1iS,
5PqKZTKNi6VCmTVEeWKNa9ATdxsgiCN5U6tVLzEYr4rq,4nBcwU8p1rHRakMu2KpBNTKvAJ25ztd8V2L2a9gbZ9M3,
5Phj54JFzh5iCWtFpDUEqc8w3VbpsDerjYtPFDkSZzjU,26UgX9WSX9vadYdgfcp69nkYK6mjgfkVnHkfkGCyyqGh,
5PgmqYvM4DVgRU6MB2vgoxpR6ub1sBQBTxaA86aYsjQF,BSqXzvQ4HebM53kHAaYthTRWUUGVN93wgwMT16v4dpYY,
5PcfmMzg1EqkKkZ6SNkE39TpXcSrwSuzEbtESwrWzWcp,HTX9BkwYdwmH3xPVAyaiVC8pVusCp4gDWTqwLwzCM1bx,syncspace
5Pbpo3nh9CrbthYtro1GNPrdkuUYsvXmh6Aq3droevn1,2Ga6hzy12f7oFvS1zSYvUmvA5fLWiNP9ep5q4NdruTci,syncspace
5PbaHYBeU5J3GYnp14qw7hDgEKr1WwTQ1ZXSjcaBHRbA,auryHMdwKGnjU4ZBjtacvARm8DcAVgEzYDzzJvVFfE8,
5PV4bTAV8TuFmoZ28Xb4G5xjxPEpaqKu4nij4PbZQ7Bt,G43e2oSgeTEaxN3vc9iCKUg2AXaNhfs6KtRwoxgZ6qdP,
5P5kLEzPj16c6oN1kEjtiXo5P6u4kqLriyozKB3SdJKq,CB8Pr9uzrrFw8BFnCqworH1wMa8DsmbSKgUNwVWnDGrL,
5P2FkdyvV6uRvRuu6Mr61df8LjmD3Spf7ikHexNLdZiB,DuYXbjH77d5Cg3EBejV3cN6DnXAcTQ8K7ZRGYPREEFQi,
5P1gaawYB3fADS9DydC4hBrJKrLSu6goHVm933qJTTqF,BYBU8y1zv5iJ8cFRTFDjQXWrdmYJR2UtFnWkBJsbYgB8,syncspace
5NkwEW2tJrkNUBvm6dDdcJQSXBu7zzKnVHF35Lw4jr1j,9qj66zMkDdUBFw4GaAwKBgyyLfYRt1Ax5nmQGjhV7Lya,
5NkHm6kSmL4BQ12ACwfNNjrxqfeSjjYYhpv43fXx6SSH,GUGiT8xswWbhPw422Ejhz8Di7892sPycGbMbiMwa5uYx,
5NixUMw2UyibRSGGBudHYbQg4nPAYacd6b27R7xzVER3,FSrnHDpTq7KWpE42wkDjJaHkYe3QbkdtJNjCgJJRN17z,
5NYT9WkBEuLQcJZwNbmntEz6Ft7tWGndjofowkhMTT87,HBvKBYH8pT9HgvhEV4V7nASvAECaQUpKiaUiumKrJnF2,syncspace
5NKtdk11STrUhfjYhLqQ1qM1uAykKgGkLsqe1EEScMRS,CtyBYvDMWDq6xSr68Bg4TZCSkWwH4QdSZ7duoSkAj6jR,syncspace
5NAntrorF48LPxBGAidCF6UmBrVn1KTCipD4soeTkMVa,4eVcByLcXGavuwEBzJuyPGH6mUzrJr4u6kcdhy6ZJEno,
5NAbALaJHGB4MTUyNz39qbDNZbFSawa6GTrCwSbJ1sgx,7d6UB8TUT6QVpSdDzsPW4eBMBPdvXaJnukZNTx1422rF,
5N8HhkCokbQnYWho2QxWS6ynEnVSjSFj7xHHzwf59xWg,oAwD8hr4BxF6rMZa8MS6nAj5rXLtGRbgySnnzbcJbbK,syncspace
5MGqx8ktziEvkqvggq98JyiaRnyB5ZxWo2cxwVesQejQ,FRnFVoakjCChVX5DSSfoyKtTqod36uQyB7deXqNB7XYG,
5MCLBwqegT1ReDhc16YKstHAKZoFtdcHvCsBNa2bRE4k,9S1birKfRJnijto4dseiN4omQNGV4iWKFfKZdH3FZDjt,
5LvdcX933UFz21fhuWW6DdgZZxVqx6wS9HU1YxZjVFec,7appMYSxw5TtQf5xKZScnjSuWx8tcy7aAFcFbZy2mdUw,syncspace
5LncRyF3SMBeUQD7btjnSiFQxvvckZHS5iGJp8Pp4EQh,AUrox7sHx1L8mxEPrNqkVjHa16CXQ73UbgZtZTNPNLjx,
5Lmg1JSv1maPAGqci6nKALjG2JCcREfmhwRo2JvPUCjh,HBvKBYH8pT9HgvhEV4V7nASvAECaQUpKiaUiumKrJnF2,syncspace
5LcKu7tSFjvV3vMhg5mGHMMKxmdqQSw9s7z3aj2WrbQx,5XnnDeorqDnYYVqnxMCXkpfH3exw93Snji9E24r3tfDi,syncspace
5LZepPTqiBZ4iz3ck1uVDnFt7o8CkKuukTbnD9c19Aag,E6MafktJ79ksKBG3uJDReR3pWNq3rLJTPQ3VpVs9UoTU,
5LUs4QpTftRQtyDQvhzfNZSacyQn1RycxmJMZH6ymJLQ,5sWsediccJMsGTayzXtKWKkAaYLN17KBa78otHRrFV2x,syncspace
5LP68av1pk2XcCRWemQRNzVcuh6J8Qp7zhpPptAaHGyg,aumuHzMdUFiFCvJ7kk1djU4CViSzxJk3FjXTXgvdNZn,
5LKhGoUsaJ4W3haZkVpSp3HoLdVfM5YuamfwZpaQyfz3,HdnN1toHP1Etpou5j75k2Wv4fmJkkGLUvYxV4X5FfQ1P,syncspace
5LKYggVp6uhTs4rR4eViQFtJKAbFZWXePVUH84zQv1Vb,HTX9BkwYdwmH3xPVAyaiVC8pVusCp4gDWTqwLwzCM1bx,syncspace
5LBvrjT4zNdhh6iGGWGBKFm3EiXbBihGzadMjsKUxHMn,Fq9gQ4KNxYh7rkjcPKiNRLu95UnKkfWxcXDLd1FgZnrU,
5LAArAtVc4TWYwXU4PfRjU1toKmFpzC2bRAtKm3jE4kU,2FsQJELBKsjgcHmdkvMNZLnNDajepB2WhyJoboi6Yq7f,syncspace
5Kw3DNH8qSzw9RstjM6uXAqYJ3BQ9vMVjgQr3RC24Rur,auryHMdwKGnjU4ZBjtacvARm8DcAVgEzYDzzJvVFfE8,
5KsoDEt74LBbP6cjV8tdazPRT3Hgn71i1HcHhHnoc2mt,5wceam6f3i2PNykKQkomeord2dhxsmyTEaEFxVLVaegM,syncspace
5KgqQ84mTnbyY9PEBANmGGhW8BoPFuPrgf4xQjJWyLCS,5sWsediccJMsGTayzXtKWKkAaYLN17KBa78otHRrFV2x,syncspace
5Ke5vHPWoV6dSyWUaf1kJp3t3uRPy7eUqCqDBrpi9UGW,J2qqpUHcKrhE2Mv591YdT7k1j5cvZ2jaL5CMQb5A6FG7,syncspace
5KXYbAkrq88xxq1wXog5i3JvTCq5Pxr7TEzTXWSoCrXD,aKmo7KryFFaWicWKBHxJhjz7rHAQgdmjdJBjri5ziMm,syncspace
5KVFt4x4PWHERcXvYKsLbQmKMqxCfrX5tmQ1ejvXT7x2,8KGQLPkwaau3MeqL1EBrp7NatT5kq2of2AVpGngvWewc,
5KV5xmCQnFyfFwVrw3Kw1FcCd6hfwqwDnnF9vkgJTbdv,88gNHWScPbq75QunYtRi84YqvKwJZ1cjmqrF7chp8VXo,syncspace
5KT9EPhyGtjXahCPYdpWASworJmV28g8Egj42VXvwZjX,3xX5v7RP8vv4NoCr7JWmAV6tbJ521WFFp9xgF65nFgZh,
5KCkbowNb1DyVWQaqjgb6WHwh3xWAPZPFR5HnCPzhpsk,77659g2J7AfZn2Uum6EHBjkXp6ZqTk1vWGbV9qJJK3Wj,syncspace
5JgzjHQtShktufDdivtH2v21SYWaWWH3ZuR4ZH9rPmBg,3ijwbSGhaDDU5jusKYU8dbm7GW8Y8SjQ43xjxrPGgY6H,
5JP3cr8bT83zbiYwWrJVrHbxvNfmWtaHnvo7yfb1nMW4,BqBDgD7D4MkPFB7bUNSagP5hCRLn7VvjjthZo9QWpajx,
5JBuPPH9PfxdwguEhhobUPjzq7jwcMUGrCLe4REmA7pT,aumuHzMdUFiFCvJ7kk1djU4CViSzxJk3FjXTXgvdNZn,
5HsWKRQixKbqp8tQxC3T5GmAzidqMGupgG3ZTdvmnjQf,6mUr3o3YbMLDMLVnh2LqFwn9gAvPY7ue1sGgwgsPkexu,
5HnautWYz9QRszEd6Y9FtwoCsm822zjvTVfSBUCFU7jk,GLXy5LwscvLKbEysdkDywyFg1rBQHb4EVQF9F8BQF3GG,syncspace
5HiTc1QEz2LEEwCeVSrKyKKwtTvBzA11GjtXp6jN2hFk,5wceam6f3i2PNykKQkomeord2dhxsmyTEaEFxVLVaegM,syncspace
5HdVGMcXexDedFA5DrmnhUV5KDgavkckJiuceyqTLfdd,GUfHRH8AHiSUHVjNnVFqqsZ6Czmdm2hcebLHZqJJUoSA,syncspace
5HapkbxQRecgy1AUhCeemBMQeseb51sioGy9KccC9cLK,aumuHzMdUFiFCvJ7kk1djU4CViSzxJk3FjXTXgvdNZn,
5Ha98LUYrbwzHjVsAkG3yc1X99DK6NrVgqYusnPrAzyw,AkHTrLH3yCgXJh31Tb8UhQJxJKJFDpUND14ZfUzvsRG2,syncspace
5HUU75eTZEFiYb95Z3ne9vB3MEz8x1gcwqgW6Z54p2aw,7PBZv1sg51NdWVZ5nw7w7odorWVPJ4ZSdpDKeZJJZwBs,
5HRvf11kGad8aWmorYPUgQexSu1bsDSrXZhJ5vXdKzzS,5wceam6f3i2PNykKQkomeord2dhxsmyTEaEFxVLVaegM,syncspace
5HCoJu97brkV5bDNboBrhTE5GpFW25HiQbG66UunzUtq,FRcfhfbffT6qyHwQRWAJAK2PoiEQS9AEgURtXrbYexUB,
5H6dxruzQRYEXgJMDV1jiaXnE2pAixkjGDgH4vAwvq1p,HdesLg94mUYw4YX69J9RzU5HH5kx8Pkkj8b9MmoM5Rzn,syncspace
5H2gYTYHGiWPCSv1pt6utXC6vhp7hqYZEpnHp9JYXnYN,Hq23RE564UaA9WNxMmT9Rtpr8RFUwaYoh6XrGnkMoUAc,syncspace
5GxHGXZxWSeujeGvzAzxLpP3c2R8PdeVXdFzD8MPFEPq,2Ga6hzy12f7oFvS1zSYvUmvA5fLWiNP9ep5q4NdruTci,syncspace
5GpF9UFTgA5c52HVAZzdtpQxVNwmWgsdyf8158i9pvzb,Fa8TzVCkeQd7ZMcGNZEvC3kvSKtxMymdv1gCVZoPexuW,
5GgPLRmmUAyqaB6KEp6dYBGKr8B8LQ4Fcvz6UPsbbQuH,88gNHWScPbq75QunYtRi84YqvKwJZ1cjmqrF7chp8VXo,syncspace
5Gg4kzDZn5v6oMWkQwSmC53Q6quk9rPotS9etzadasaT,8xjn8HETeMPnEysUMbiXDXzmLrRhkkyLXATmFb2mfPxU,syncspace
5GbiuGB1re2tUVdkPWBkNqvSPEMAmJZHXgPrhvd13HnM,JCeMG3XbDCcxd8kmdV4TrBZAcvNPuE2SpiBWDCz79YvS,
5GTB9RNvpPkUmpCMf7Mx4jX15fADsFmLEQxsfmKpcLEM,BoEEzYDUw99uXGSRh7ya2H9hWMBFkGB95mJCQksxoim3,syncspace
5GHLyvaMbtvcixEsvNaYgjdUgKdTYSD4ZK47X8sCv9q9,5wceam6f3i2PNykKQkomeord2dhxsmyTEaEFxVLVaegM,syncspace
5GH6BRqiTXy8MB4sF7vuRwCBMPWUw5PdZG9c2bu1AEXJ,GECxj2A7RBs4kwwTX97uJL1MQRm3tU2RL9WCEzvFRVmB,
5GCKG6zevNv79piHUBTxXPymKjQ9fAeuYs42EExoNoqw,8HugKENNBxSwiCdvs93yMgCjRstB8s3a38RwKNTGKZXy,
5FzT1MpL2fESV8uxmVE9K9GjxQHu22uHM83xHcdSiy6x,8nQLP7pvkTD5ezg5YkSnKuzArduELXUozLGLabYEyJfT,
5FyJ4DDvWbEr3oMCed963SN7ff1sgY8PA8hnabRkn6Wh,Gi4txvDxingESDeMfB29QxLM4ZGCVhDQGT7PAwqpRQe2,syncspace
5FmeNcbSLg4DDQ73pLEk1M3JbtuJ6j6BVDuM4KBnn1sK,DYBAjkmswniwXGhEpS3LyzH6ZKkkxBgWVaRLqtQBQUrM,syncspace
5FhbWQEZ5DuAQTEu3PoN1aQCNttx926gTsqzZtUz1ecU,3BbZPU26Y4pC7UPbsaEcGHexRuPZw15Pn8ZHDcfLWjJv,
5Faby7fBwqvocdBB8J87j5phpsJVr6gy2MtgiEPMshQS,HYoBQFucfi6wrkamo12F7i4KzjvXZohXT5EdfdzJNY3R,
5FNDcn872TS1Eq7Z4F2Fm4ZQnP512CWATSBFK1UrSf4o,Nm7ATG21MBbbWDwaWP4AR7FrHp7PtBN3GJGGv6Sk7Vy,syncspace
5F65Wm5EB1qfCfbZQVUTHwinHXLDga1aeZ4CtSZhhvGh,7DnqWV1732auGkzfKgNxzcEHJfapX2GbwZ1w3aqoAN4z,
5F1Cnycf5fHr2N9pt9xzb78To511udQwMD9d85PHRtYF,Fa8TzVCkeQd7ZMcGNZEvC3kvSKtxMymdv1gCVZoPexuW,
5EzN64MNevsbcrAEHJkg5VvBvRG4NyNRu4qbDJGAswsC,upVZuaQZPEaXjwmHaSDxignUgfCebUcYVQfvpaKxhgL,
5Ep15CWDRRwDFA4hdK2RX8K7beZMhUa71uPAn3r34sMf,2jcmG2MqUw3vB1MaY6j5kis97P5HDf43GM95uJqWKoB4,syncspace
5EkWi5UV2phX7TYW5sYjQtqL21uv7fjRh3sAu9mmgU8s,FHbVUUSthmyFC1vt87pVcN51GSirxy2NAu2P3cQvUs5E,syncspace
5EcbT4bC9iMScHhwbYrFri2SEVXHxsqpE1bRageg37yd,4g4xSUqUz6Zi5BEuWhLXHqjRRxwFaD3cm7X5LKTwK6te,
5EbobvAjSWi9QM8TcjL26oXCwr5P1iruUajpt44ipqfd,6BmnZ6VG8WX2QXzBasVEXqgXPutzxvwvHpUMg21Cpz5h,syncspace
5EXDHoJ3nz1HabhmnaSnYWVYhQQAwsGxHaVDqsFRvkTi,EAWEDPA2k5vuAr2prfm1SbzxPC8RnNVQQSHMWBKkYJe1,
5EQXGhT1LbLfNBPYSex9ZHC7FKs7ssNbNLrXxcLY2Fyo,5wceam6f3i2PNykKQkomeord2dhxsmyTEaEFxVLVaegM,syncspace
5EQBjbzWNKAceMWnWNYwgwGEGi8edg1QWLVutM1jz3MM,83aiAHyRgBTKKQf6EKBUn6mwGR72K25qv43jbEdhoB8N,syncspace
5EKU4zzvfqasvXakHU1JAFxqj2MY6xAriFmB8EF7bAhp,Cn7ZxMJAU5gV7HQgmq3iupPxpfc8shrDArYtWLdntgor,syncspace
5EJ4LY7nvJRqMicsoSeSu3y7V15u16dqprb4BwWJRBXB,CiS1udKWfC9tQqMLE2pDCryHMUyoCaL7PNWY3hm5o49x,syncspace
5EHPofBQjiRAgfe3Kuu7XJC9S7sXYvzyH61j2hJQAQAy,5fwZAuZgF24TvLP4WMGNSLBNKVNWKFYVpyHUzNNWjB7z,
5DxayT3VWoMwRJpRoDZ31jAZ6w36rsGDwKPFv3124fq6,9eUsVanSp9CxhnVg2QRV2NSBMGkMEtyFj9jJWN8M6vQn,syncspace
5Du2eJveCaB5gE3GZWVSuDycHSkjqt7mAyeR4VjRZv1G,FsMRWqwGibZFiNgk7JBKKcAqPkNbgpDVf6jJHWsaEwNx,
5DsHRKbsneQWcvoYdDhay8x321FYLRQ6LL55kkUEVgQ3,jxFUbnnaFQ8CVW2cPBsEnsF9DAvtKncGW3ZEaneSrUF,
5Do7k5YXNj3cRbTMgwacmUBWrPQmHTE9ZNE7JZB2N3UE,BjqvKChL6sJ3JeSKdC6RLyJjjvDrWcMXwvWxSye2uBzj,
5DbtkWovh7FGCAwpRr8E1xi4mK4kEYRaQRnAqps7x2q6,E3SQ7zjLX5RRfk8dV5gArGthHErNr3MhTkCHMrMVz98L,
5DZTavyXjwQigUaiCEDS9mTdNdGLLJuPNt9CQnVTSURE,8DUt4hCibfHYGx51R3AJiKevfay7iZCsSemU4NQo86en,
5DVKSqM3SS4FUmEsZ6tkmmj3iPG3grNaiJXrnkbP8k7P,CqA42zXaf5zXk7EW7jtCLfL2uH1efuB9GtTfjfJ2hzoq,
5DLQn5CsL8zKKP6PTCsYRkVYPacTqCcSJKj4PB1a6KGx,8dVSW1QzaeGi6esSbsjd2ajDVQ9F4giQfnGwcVHnVfXJ,
5DAt3ttmCNeE2V9eNNPc1d2Lw27fG1bAXHq9fqWRWKHM,Fzx2MEY6fuwjoL1g4Mh5D6dcxp24HEcdZ1QsrVxE5sfs,
5D9pyBaDY4daePK9ZGCicVZvkwrnE7dHWyJdHGUyjEBV,5wceam6f3i2PNykKQkomeord2dhxsmyTEaEFxVLVaegM,syncspace
5CfohEhM7WGpBxdTed1CDLb5ugR4bRFLN49PbAvyQLTu,5k15YfLg5TmTeVUAuxpQgK4r3Dzuu9ce6RwmKUdtDXYH,syncspace
5Cf7c9z2kURf5m9WRJh34QqcAKQFGwzjxMNYrMckiXju,F5vaA4a2dZaUnJD7vUx6CuMnTqYEhmZgYTQ2Zf5Fw94G,syncspace
5Cd82HNWocCzGfawEiQCBqrYYiAHiLDSurYed4YeWxpQ,8fvG7uUPru83hqf6YUbbftqWf83EcGiyVbbDDTwxtRF9,syncspace
5CPGeVfWxAVvmuNGd67mYGebz3tHckde11R4jLNSnxcR,GEucVK4Uz1WdRZ1Wp1L61fuieJtPyatsuJ8CoyjVPWNX,
5CNW4yhpsLRBBrXSD4xaD2TQNSny898tQGW9Xwn6UqmC,G43e2oSgeTEaxN3vc9iCKUg2AXaNhfs6KtRwoxgZ6qdP,
5CGM9JJGvdc5b4QFXRP8XVNuejHxfvK6rs11PyRZ6aYf,4xiHkgSscPHkmkiGhQd6gRPcRdueXnCX1f1TBELzRmaF,
5CG4juFkwcZdUWzG62o5iLkYR3yQ65R9L9zdwydUTEYo,EHuujbKShgCBa5dGH7S5HtsvGqPdGjMrKZ92xDiqJNat,
5C22pyCyq59vgoY6m5c6j314rhL3xfsaR6hceKDG6ini,HH2gMvneYbk88EipBw2VUk1n36urfmo65C76u1kjLBmw,
5Bzwho8K5JAi1ZvaTxPmU7NnMWVLtXhLq8icR7jauR7H,FRnFVoakjCChVX5DSSfoyKtTqod36uQyB7deXqNB7XYG,
5BuXYeQjMgXv92S8rRXNVkiCzGxGGTFQ1fx2FZ8YjTtq,J5gD5d4SWAgrVzcubVCDne6En9K668ay2obtVmApenKp,
5BqUHvcZ8sJHfjPgM4F7wTYAADiuqyL7SGowzneK6DiV,9Q6Djw2kvEwArLBU5K2SYSu4mxDWuTm2hAcxitCJVyna,syncspace
5Bi25hSjW2JizcLAShRtnXSsqsNbgX1aFhssGgNkGLqd,924yfLMgGgJLEfm3EFHeSTvZUePwkWJX6E6sWxuwE5KN,syncspace
5Bd9SkVA9SZiWm2rKQKfNqSEckoogozaBsg3SjppgBKk,G1VyPSM8uaxr1jgqFZwY5sWZgYeCnsV1s5cUory7984S,
5BYs58C6c9Bj7vnJjngFiSUoLU3UK5zXtzYdCshUVvSJ,9MjruWb5UVnYPpZacsPN91ZzS5KJyVhG1JGoEd9kCHz5,syncspace
5BXhLMpuama4Dw6NfGTrh5njyzgSuxXNwG2PRUSdDgiz,4Eb1o8qr3m4rgxYGiKeRBUn3u5cXMEy894ndrjagdYyw,
5BTxGV7FuVxRkKJ8sp7nFUwWfYNK8isyD7M6QiyZ3p1T,HBvKBYH8pT9HgvhEV4V7nASvAECaQUpKiaUiumKrJnF2,syncspace
5BGvUXreczqT4Kx6kmnVcHxTW6f9t5wQwKPph9dWBJHH,6FzzvPRj9oTDKoxmfqrzE8adHYUpmaRhiZScwY2iWQvS,
5BFoeCaHpZWqysjZSxKqJk8jaFWu3z7nB9hv6BohHfJ3,9yruC1cumnyZDFu3kTosWG4seLmZgg7QVrdqLsXGXCup,syncspace
5B5byKCYm5rYWfM4UYXU1QrGHQa1WSecDNpygCLegLbF,CqA42zXaf5zXk7EW7jtCLfL2uH1efuB9GtTfjfJ2hzoq,
5AyqL6yzYtbsQZfhHug2pYjnw7nJSW3dADV97FPHnDyB,4Mv471UpekmPsnq8J14UrKtrVcphtDvtiyLGccAJJ5u6,
5AkhyfvNGHDZgZmSwJu82vo9izpY8Db1HrjP2maSvBXa,3py8w6WyJJNX7aBxjA7tGK8aTyUK7fr67BK4bFJJrCmt,syncspace
5Aek3ZFfHaTorS3oxyJBfp2N8wmQDyaQKnnSYpd82kGn,auryHMdwKGnjU4ZBjtacvARm8DcAVgEzYDzzJvVFfE8,
5AUW3tEqZScecffd68c4LRFdAgfvmHsU6TbA9u8MtsUk,CB8Pr9uzrrFw8BFnCqworH1wMa8DsmbSKgUNwVWnDGrL,
5AEbyGAuUPjY2rr6DdQ9W2i8jEsVDshVXXczhQwpwG4g,AG15BMhYdSCc4u9VdwA6T8Rw8Zomb16Ca8VJLyC6xFaL,
5ACyWxCAiPthAmtgZGmnLxDDCX5o7a5BnkzhZ472GT8q,5EPTJYjR2tK8DB6VBQaqHGBsTdzo3uihMXUyJL2kqdZ9,
59mN4H35GTbBRMB4MWhLdRWZUkgKX31DuSmrCc8bgrcc,3b8BkBbVzo2mem31HR43JMZiUrLQXd5kY4LAcVuHNZEB,syncspace
59eek6gKk4DsuYW4scNNRcvHAznDiSs9HsB6ER8acWTe,E7eGgLFMjL5KaUZpjd1pzjkEu5kZdMMN2xemT3Z84W6T,
59dweYreHH6rhZZ8S4wF4LdyzjuVaNUewvCKvw7YCBHT,2CApC5Kt9WawmvvZNjHvedpT3adrrXKJBG7JQSSb6YYe,syncspace
59QnoYXwFGhccCyYe8h7Qqx46WrHT7dwsEAfu4wXJbin,GTy35RwjSzuxKXBPrYgebLw4RXtkpW7zKGGWacuhAsnA,syncspace
59QGphberLbnqsXiQ1D8BTcKarWxV95VqTQCVYhFPwqC,94ySyk4Uwc7JSxfsd5AevAej9hL5irjvXAxukFUBRE8B,
59JTnXiCKUhqmRg4HWjyJL4LN6JSphMuJF3BKdrCj1qw,4qYWqy7eVddKcykU7XtpLUrKYdF8VtPobn6tUuqKhWtv,syncspace
59CXCmxT87m2pyjgcM9rtfjw9yX6cCwNHRtVAnih3cSe,8fvG7uUPru83hqf6YUbbftqWf83EcGiyVbbDDTwxtRF9,syncspace
599e2f38hpjZf7oc3AMQZWTiT7KZJoBrRJEyMtf9aaM5,BxMJyY1EsNoWuPgfR3NEDZ8xxhYpn2eSERgWUjxcoztu,syncspace
58zwWaVrVHK4pPDFcTfBJV3EQ3Hmo6GquKvvERh2U3f8,6NSAMJ2gGuyiqXgeuTEETpqqRTuEb7iqnuwF1jCfrhsp,syncspace
58r3F5eJuzAFRfeNKT4NnsWJpw5UVM5YNip2vF4WMWxM,DFt6QuqmM2t4CzcqPZyiBA7kXRvydxF9sQfXLpiXtM9k,syncspace
58qhkaXzF84c5bs3TsynH627UR687q8D1Vj6RQacJ5sD,FXMcgZ6DBjiEkwc2T47iAyCmKQocWuDfkURntMkQs25,syncspace
58qWNKDLayR6c1wxeyYqzjb2gWucFA5vweGm5wxqyeNR,GNAukYQFieUryRnf1TPrEVXRwJ4NAXeWzhLAgBmv5Yjr,
58niWjoR7i2SwGmAuJHuBm6TwrCMET29tJqyHcQhsk4h,8uZoFc1JZNu1pkAz4MysUNxk7zc3w5v7UcWVh6Y8vYuv,
58jSFq4S1Fv56ekcmGy85t2yXD3yE9d6CgzqmLSYisZJ,4F16Bs5zQnBxEubXZ3rj3V4qLRetDAG7bWbhULZzr3bb,
58fXDGkxEhV79iE5PvFvzjCQmrNH53D6NnoZyWocmySH,GPg1UBnaqBjZS2XiMfEpgWn5YBJmNkVd11HXjYrDmVsr,syncspace
58dBpDRoaAANhoYkK3hUrfcP3i26i1TQE98iG2z1fndn,5JjLJ9WSafxry12cnxTXjdXz4brQGufWYszy8PmVeaEd,
58c4J57RjcJuHMbJ2puL2aSKVyanKbBzTbEKxdTrTki7,6uedBHjGibFU27XhVFaZEyKyK2dhVdMqE8Fvw95SkAcw,
58RcfQEKuTjSPm15pwy1BSZQvjh46HENXytwaZ9FtZ71,3nywUeM4PwsChqDk859bGxNzcN2cDx59iKVYaUwqsPCH,listed:magic-eden
58JYcN5L8stBxvWJSAwQypt1iikK5UYPTFcixSLHqh6d,2yEw5qTq4LXZ3m2L9KFH3BBLzUvVEadyF3p5PwhhVGCf,
58DzwWn93TEetto2oVqcMQ8eSF3nzekqiXmsnP7Q11Ym,4U7tf3ChxC8mr3KHWnkV2bE2ogBJK6q8LHLvU1F9BhKa,
5851v8EgmM2fzmM7ZfTjZnaZypRN5QaYumzK5w28kxaf,7P6GNC8iwBSzpNj93VCgp7TNUr8DviqWLUFmmSSLipzk,
57wJEtnD4ZuZqwBz1APXk4QzdtQzNRgPJ9pjU8ZrhZe5,GvKzFfiVrhLMqw7aM2esgERJGt6nfmMWmBMqaidrCgwW,
57mCxqqKbqSzHCrkmvuDcDHGzauHdX5b3yNQ8SFbMmhL,5k15YfLg5TmTeVUAuxpQgK4r3Dzuu9ce6RwmKUdtDXYH,syncspace
57gQJTsc7JE9peKEBYhhxZfLT3vBMaJHGN6hnatq4iUg,AM1tQFm9YCFZaqU69iX6zg5Sy9RQRxGrU6Pp9od22pb4,
57XpVniT66YSMcf1KW6AgRSY7zQLArBf6mCkLNVPdUvJ,ARAYZxBRJEEbyFeY54urKCnQBnEmNH3XitedhCmVfGds,
57R9XBtEtBmXbpHjo1d2nZ7mEge5aHngAD1KA3S4Fxew,7gMTbTk3y57etM5rXJsfxo6NfTvMkUwhX3mKV4Txvq9U,
56zeNQoejdFjbhdrL64YmsKVzejkxfN9EEs6pVQVMUTF,9pRyBoTvsekUV3ycQmSJtqULrYb2Dv8HFcSdLWNpzGdj,syncspace
56yHvNFygSVj6YnPvyrj4aykL3PhUB3TKWquQyX7C61K,GLXy5LwscvLKbEysdkDywyFg1rBQHb4EVQF9F8BQF3GG,syncspace
56rPNs6QZuYNMNsbAPZGYdE3PcogJ71qa28VNWCEX5Pc,EHuujbKShgCBa5dGH7S5HtsvGqPdGjMrKZ92xDiqJNat,
56rNtAaKxYJo2qGcuTkQuqw2LU7dRwMFMWZotsx27UdM,5wceam6f3i2PNykKQkomeord2dhxsmyTEaEFxVLVaegM,syncspace
56o39dvy3pM9PsDhmrGmWr51xhg5bZC8UdCQHajDQvoY,ECrCEVZ9Bqj9EuRJr5wW1A11aV5ctrHbqyJXcEX7swwJ,
56DdzBSSLPBLRWSSpx3PSxZsCcFVhKHPnchFj1DH2pCj,4jmp2i39tPz2pptcQfq6ihyQR6MhFzTEy8j143aT6oMJ,
568biqgeHbb4So9Xjapm3oNCD7UUcNrP2eH8yZs8mHoh,5sPhHMyXigqnSAVxWJSKHGL9Ux81fRX2X8TFVTv2e7Xx,
55XRF7gvr9tg83HfLddsdR85azB4iGMReoNEqPwehv8M,qmcrzL1amhCRBdZAhp85sUfdoph18cx7rYWNvW9Ud9o,
55TqipdxcRYVA2Avk2fACPEFZzwBrjBnowYS7CqLtmh5,Ahp1b9f4hmCekEtxEhN2xyu7UBJre13AJFa8gjGMfFnJ,
55Pxx5UQE2tdVqGuecUaVe7NjLx89XyrTa72izJysHBJ,CqtBe9rHCfnM67N3oYScP9m18u6t965MWtB8UkNAhxgF,
55C5vXnV2SmkTormxdiEkTBrTKR9WyC2vSvMejMKx3Lz,9iVHgu8EbvAzdMwbak1nBMbsBs3UothBtzenrXmAGyHj,syncspace
54w1D1icSmV5R6YNGZ84mhLCgdBb9B89RWghisvURotE,FRnFVoakjCChVX5DSSfoyKtTqod36uQyB7deXqNB7XYG,
54mose2wzjRQJgcrbwro6RaMhjkoC7A1vdvWrejb4buN,B3WMBuZVUo1xpLVW95WubBtbsabrsyRVH4cU8SwVX5dQ,listed:magic-eden
54j6HJWS4SRPsT11uVB9g8M8vQ9ZBtrevzNGWzdWZZGM,Hg2gqbjGgL8NZDmJk6jfqskafuK2pPqccSq5FqamaTX2,syncspace
54gBqeBiL8AKPHhkVuQNvTRGjrm1wtUevRk6sSmfNdBv,DWB9VFQUfd2H2LXgToCw7hGQidm7vLGiCDpGoJ2LkdJf,syncspace
54Y1K8m4NA35KUHuzNC2gNrVLxAUCcfBKawuPng2zrda,CtyBYvDMWDq6xSr68Bg4TZCSkWwH4QdSZ7duoSkAj6jR,syncspace
54TjEsB3SU4EMaosemCZzw57onTqT7bMuvZFRt6RzUTn,F5vaA4a2dZaUnJD7vUx6CuMnTqYEhmZgYTQ2Zf5Fw94G,syncspace
54Sk3DHrrgrNrWCNbLtF7nvJjeiMZCLLra4YswgDaxdR,5x6LddDG2RPvq23ebUY84GhQop4swNnm4QFC5mWnj8D,
54Q2jEniT5NQJJqqUBQJhWuTvmxqaUwaM7tyLScsFg5o,CtyBYvDMWDq6xSr68Bg4TZCSkWwH4QdSZ7duoSkAj6jR,syncspace
54Kow8a3ddrbVFLAiwxBuT33eYro3PZc9jWy2iz4rkFo,5sWsediccJMsGTayzXtKWKkAaYLN17KBa78otHRrFV2x,syncspace
54JVLeSptmpcUnxthkieinDN6d3ZupiP3165mSdG8FE8,FotFcJG4GfBdqYUqzcsDLT8u68tF3EWMH6JXSwvqYWe6,syncspace
54FzjeSjmH1KdaeTwwq8kL5JwVeRV2eEPwQ1G65ouw3b,J5gD5d4SWAgrVzcubVCDne6En9K668ay2obtVmApenKp,
53zo4NJXZJkXn2FYYA7sKa1iPmK46N32dCuoDw6hARU3,HBBkVN9gc8jwsLWkyhW37UQbN3JCeBAK5mCqzdrWPTha,
53vWqsCgNAtyooQgWfMCY5P1rtmB8WhrUcp7YoA41ySd,8ScVVTuAJj4GN3PRxrxgkUF61HnHt3Rtv1pMyJNVqV7H,
53urLqdB9rd4u9tKCSgv8NyBYvF4HZdA8yzzWXEfoRYS,FXMcgZ6DBjiEkwc2T47iAyCmKQocWuDfkURntMkQs25,syncspace
53gER3Ly1nH29juWmctnBjPRHLxXjmdMRAXoEPqyd4Bk,3j55KjrSyyegk9r8gGNNr4Np7oQaktPr4wWh7DVu62Po,syncspace
53ZnAstumzwJcENgQELw4YjZx9WEGLJQzYEHpPRY9Tyr,2eWkTF8tSBp2si8Z7LDgkswJZ1LNGi7DPU3NNjV1i3VJ,syncspace
53L3pCornHA979stwCSyteH2mPs1UAj4hnJvaMyzBcsZ,9ZuAkjidZRDa9NHHrQAhrzJSvev8sPLBVv1j5Ye6M8Fn,syncspace
535ZxkpYMnqP92k5Lxw4N1a78g7bzcADCqnngLP3T9pu,5wceam6f3i2PNykKQkomeord2dhxsmyTEaEFxVLVaegM,syncspace
5354zatQdizNUGmMW7HeEYgZCViNaF5GRoeeUSEf2JVB,5MbPCiwpnqY5S39LrDjAX9oVdQrh3PbXMrPZyzerT7HG,
52xagLyxSMtbVoY4rAV7hcLkE7fWQVxYjQE6jK2tefFD,FXMcgZ6DBjiEkwc2T47iAyCmKQocWuDfkURntMkQs25,syncspace
52vgi1DHqkUma9BvJdbSrtcDzddmCq3CvEtLqeh7GGUD,Fa8TzVCkeQd7ZMcGNZEvC3kvSKtxMymdv1gCVZoPexuW,
52szwdcyWaAZHPuNbsEnGHPd8PynHEPyaqCPndFaVz46,CZFWiHTGZum2BKZd18KohL7HuKFXXZEJDMpBBixLjKpV,
52WSs4Ky66TC3n7k8t8DSx1c8tWdtfLFxjyeaxZ7xhpH,CLmPB1CRHod18ZhRYoTuxhYZv8MYsu1EUUNm2pXXdfVi,syncspace
52VGkgXjSYCiNoEL8mScrHEFDwksvZs5jSZUyLRaRkYH,BPaKbgwoBKRsMwbSV8FSncjxVDXXH9Ta5YRgxjar8EnJ,
52UXu4hWZbs1duwGGWDyMTk3WRmxVzAmrRHpV6s2j6Kz,BxMJyY1EsNoWuPgfR3NEDZ8xxhYpn2eSERgWUjxcoztu,syncspace
52K7PUFhV87jEwGvw719Tg8uyCV1axfi1S6mirhLcgsD,4U7tf3ChxC8mr3KHWnkV2bE2ogBJK6q8LHLvU1F9BhKa,
523hwjYrV8JRMokZUQ7MSSVqjPKy6wZ6CdU1duKJ6KMU,GPo8MPuEAXvhFBJtH9H6NN2RUiM4y2t6KrhHbSBhciMW,syncspace
522BG9QkN82YWkK7FzM2fdwXiLcuQ9s6myQ7PgXEwSow,CHmEjmHUwJqezvVuXpUrXVgzs4eu7fn8JJbvNJX3vbe9,
51yQRgRjpfj8KhKgWY2DaQr1t24LgMsfeDMrS6EpaFdK,CiS1udKWfC9tQqMLE2pDCryHMUyoCaL7PNWY3hm5o49x,syncspace
51noftb1irqXsfF2VYHfR2MRPWNgn7PNFS6CcpTjtooL,CA5BUDXpJwtXKYEjwCqjKiU5c9qNkj3eARmeoSPtJ6jC,syncspace
51kTyWLVJqthRRGU8S4iWky9HTD4rmq9PNzjnqjquSbi,GLXy5LwscvLKbEysdkDywyFg1rBQHb4EVQF9F8BQF3GG,syncspace
51fHVxCQJirKooMC7Ziw3uHcx3AcgtFUcHzAVnrgk2g7,6QAJZc6DRC2eej2DnMCuwSoZpoJgcXzS9KsLuAKyERYi,syncspace
51b3BACbQYxwJSBciopPcwnjaGfPMHGfTuqKZPyrQj5S,2s9VGesQYbKr3LwuraMEa9sXbXz7f8299HPPAHgSaUdp,
51Wy7iYUEh4KP2SujJenVDRa6snXYUB7xnuVZ4256amH,AFuCAbh1QwoVhdAKNKxszFsm2KKWCoxcYhdrsafCPtVx,
51NSMGeotXZgimQyYybJbYrsNgtSWSsn94ujmqGCBaQJ,9qj66zMkDdUBFw4GaAwKBgyyLfYRt1Ax5nmQGjhV7Lya,
51MntG5VXN5YXay4xSVfHocyz55GibFzX6rsf8PqkHzk,7kd7txL7H7jafgYfVk9dZMiQgZTBbKMSGSi9r9d5rKPt,
51Eb8KoV9FPUSkYcP7h5ceqCokJej8Ck2E32ZKtGvhZv,4eVcByLcXGavuwEBzJuyPGH6mUzrJr4u6kcdhy6ZJEno,
51C4riQqDAYWfsTyeNvbVGzXTzX16uFCXP5RnuwYKuTG,FRnFVoakjCChVX5DSSfoyKtTqod36uQyB7deXqNB7XYG,
515M8XEVvuTd5hHFKPSikwvEUFrkfkw7Rz1mJhpm8aUQ,7ugN168HdpVVfLidU9rYDBkYedz5HDv9xYpUdifZSQsQ,syncspace
4zxcKmeAA5Ryw6WF1LMXLM16wQbjbzX5SCwNkZed4kJx,2VQA3FT8tWRPgiwVPh2oKm1JTA44ocGspKn8yRZRvXiS,syncspace
4zsncfAzamHQWTHhg39kypbQr3xFWuSCeSPu4XuGbpek,2VQA3FT8tWRPgiwVPh2oKm1JTA44ocGspKn8yRZRvXiS,syncspace
4zojYT8ac8ATbnfBKZzpwX1Zg5HXhmRCYddj5FhTEB83,HG514VNgi9VhMt1s1yNDs2WPkShK7nEpQcGv8Fnkd8wK,
4zoJxXKAZ23r8GJBCYfZ6sPz6rk3BLyAskYpEBBHqtj9,917wwwdLEmCBvyz5fhXmfjL1YBakvkJEiHEVqpTjQf9u,
4zWFmYu27b8MFCmgJQ4ZptYco2vfJexuHVKhc7QfqhJ2,Hq23RE564UaA9WNxMmT9Rtpr8RFUwaYoh6XrGnkMoUAc,syncspace
4zV511Awevi9XwVGBCJKmPHgrXqJtX2p2p2KUKo3EWja,5jHcwjL6mmvgWEvTkPk3Ps6Fu7M6moiocASQuBLmbX4f,syncspace
4zSPCYHwez8vhUMFj8F81zy4vojAq3Puwm2x722xxv4W,79PB1E6oGR3jjjcAUihHeiz6j2vbHSYeoBmZZbqMTN1b,
4zQ7qQb5u6qugosbbi9jRJBnxWzSX88Mdu5ENQ2nshc7,HTX9BkwYdwmH3xPVAyaiVC8pVusCp4gDWTqwLwzCM1bx,syncspace
4zM2TFH48TXcKpfAPwAAXd5skeQk7ywWjRGBJKg3DxmA,AxSGHo6262uUekK9F3JaqYMy3XNH248hwuCYgJSd8j5X,syncspace
4z4gQy9GLbNDiKRyQd2AonyJfonhyuEP511Q8fLEDyZV,6H5CCGo79tse9jKK9AMYiaTjY1HQh8Lskkqs354ttYD7,
4z1cJQLQ834TASHrnYy4f93QLoCJEvGduXvMnMef9fP7,2VQA3FT8tWRPgiwVPh2oKm1JTA44ocGspKn8yRZRvXiS,syncspace
4yyp9SHSJ8b8twNiW48aJ5pNfbGNrdkUNyb5hbHkQ5Sf,77eFm7uDxXmMJyVnoE3cD31D1PNgAvJERGZnFyHm6ArM,
4yuZaNPKqZFPMGKoHqTFxjvRCK9uxBcFzvgHznWgiS5C,8VdwX332wdt2avwWkokC4a1z7wdjESmHku4KZbqfH8se,
4yqBmJuYjKGRjhrxiZMYT8H2DvcNYysuK6PYkZ1ZMPow,Ch6trrf9jqWmnrZGyuMydSUf9VryX4xVvnaFCRrVxJ5e,
4ykb4swGwGkNLmMqbRSAgLuZAkUmNNsFXxmxeysVvKj9,5k15YfLg5TmTeVUAuxpQgK4r3Dzuu9ce6RwmKUdtDXYH,syncspace
4ykQyBsf1tyq1JQRheXLw2b4LMkYHd1WG32gHKMeweoJ,CB8Pr9uzrrFw8BFnCqworH1wMa8DsmbSKgUNwVWnDGrL,
4ygrk2xUgzMir4S21MptPmaH3B3owCk27PJFMUFc82yp,EtmF4zyoB9ycVeB1mBdEAS2tqaa2bibiHHeWkmjzRQDU,
4ybqbNvKDWq89d5ZKeFVBZGT9v27uBVXvkPCoMv46nWK,AwcbpyGPiNdPrtoBd8UpyLNF5EaszrhXoKqcqqDoHYp6,syncspace
4yXkxk1uRhjsdoNuuZAqpMhEXDgEjjmVqurDCohn7nBC,9qj66zMkDdUBFw4GaAwKBgyyLfYRt1Ax5nmQGjhV7Lya,
4yLVjbewwuLSYgpyfEDDWjwCDN7fGrrkTxsSJD6cnyXq,auryHMdwKGnjU4ZBjtacvARm8DcAVgEzYDzzJvVFfE8,
4y2skwB3eHVk8BDBoShX64HByn6kDNY2fRWJjKNoCD96,25TqXN4ToREvj3CVYJcTP1MWbbi9Dd7uUeQ7uTW7pmnU,syncspace
4y2Qf3vctmN7LRTpH9jRDAKVViEL2UVCRASWXVdHqsZ6,5wceam6f3i2PNykKQkomeord2dhxsmyTEaEFxVLVaegM,syncspace
4y1zLXXZ1Vu1XFE1isM4ZLYMRxS9zfYgWood9npi1R6b,3LQjuzFDyqRTXHbWVJXRz9GMz4SLYHU6CddYJreyvCaR,
4xxg167m26f57JeRbFLRgZmU46rQvYoCEzszZhnJeesG,5wceam6f3i2PNykKQkomeord2dhxsmyTEaEFxVLVaegM,syncspace
4xwRY4SnGkMPzYXPXtGJrQAP15g4N6AQspupmcZyHem9,auryHMdwKGnjU4ZBjtacvARm8DcAVgEzYDzzJvVFfE8,
4xpBHuuU2jBgJyzCkprWV6eSEGMekmJHAUfp6ECowHCo,Fa8TzVCkeQd7ZMcGNZEvC3kvSKtxMymdv1gCVZoPexuW,
4xLbpCcB4yM3La8NsLNKaQpXU7cQsRaq8uqQk7dyEdYz,9cY4N4EWY7jduDa8WDW2uJL2JoKgND5yn2PFLBARqpdb,syncspace
4xC5qBbPNE5CBDMfhiHEmk95Ja8PJv3Bpv2yscgQpb3U,GVnCYxxAHY7sQfnsmqrfR2bhRo862JNc8dvfizYXBujx,syncspace
4xAzkLDB5W7DkESSNNfKgqPuKn27Jk3GAvsQug8N3UL3,AUrox7sHx1L8mxEPrNqkVjHa16CXQ73UbgZtZTNPNLjx,
4x9CGnDBuKnGrzVdcTwNxXCn3gAShQ54Lhw5vbU9nPoC,eLNe9RHsuAMgxtWkyaBQBkY7t1ckLs9FsGvjfEY1JWy,syncspace
4x98gGCA6tNzSQHu5ET9QNtde11PVwSzsTWnTziPVJTM,6tMR8UKEPPcKDbLx5F1a7poY4JV3vhmKN8p9a4DtC7LJ,
4x58YRWdqZqJ5GpyR9m1w32PW9JMpQeWFUGrM4Vbf1yX,88gNHWScPbq75QunYtRi84YqvKwJZ1cjmqrF7chp8VXo,syncspace
4wpdEHJccBbk5uBd8Uvr3npUSCMLjRKwN7S48V3pcB9r,5AysHo5vYHYcqNaJ4zrKKf7aRFfWXCCtQ9gdPLfpudfA,
4wmLv2VdpYjX8q2SdVAa4rLmDGTzRiSN1BooeTvUk2y5,auryHMdwKGnjU4ZBjtacvARm8DcAVgEzYDzzJvVFfE8,listed:magic-eden
4we5FHYAsh4HQwLYE4S816x3hXD7Um517AU9hfaF3w4g,7iZFW4WFd9BWFjMFgmeTGsthV9PH7RcsXzVStvR7Z13N,
4wUzMtGtLAhLfDsZqNZXZiXuHWjsoMPwqU5dVVqEE3zT,DeN5N7AyA8vbaoWV75ikdynkHLmTSrq49z6Mknqzci7Q,
4wDCy2CEtzaHWqGcFZNb96cjuuf6LUTgBc8bJf1tvfzf,2teEeU3y9Dz4y3SEaXbBKthfe1SRmo3ygSAkew4JQgo1,syncspace
4wCx68GqGuLUZkpnmx2L5ceqV2Nhmo9nLE9sSYwWuWf1,88gNHWScPbq75QunYtRi84YqvKwJZ1cjmqrF7chp8VXo,syncspace
4wBSM3VPZMFhpTAf6y2F27j3BVcyTEeMj48cRF7U6oVB,aKmo7KryFFaWicWKBHxJhjz7rHAQgdmjdJBjri5ziMm,syncspace
4vj7ybMeG1Tet7zGoraNxfMSFYwKvAvMfPyzeb1pFHgL,FdQHeaAxdnVL62ZMZhG7PWshD9oXwKyuFCi55nfDSUmK,
4vYTrtgXT6xn2nKHQ92ZW1RV2TN7LCNPyU3pbKZmF45g,924yfLMgGgJLEfm3EFHeSTvZUePwkWJX6E6sWxuwE5KN,syncspace
4vUeLsrLEDN4zPwQDKFbMR6kupeEzHo6yGj9s7hS8FMj,CB8Pr9uzrrFw8BFnCqworH1wMa8DsmbSKgUNwVWnDGrL,
4vMZUFxy866kFog1Y9YoYDsCazi7FeWR3Qpu9ByyE21Z,F5vaA4a2dZaUnJD7vUx6CuMnTqYEhmZgYTQ2Zf5Fw94G,syncspace
4vBGs7RdXNTebkjvYYAf7S2nu4McwT8qN65XxSvjuEdi,DApCvXtMwUdmXPaNPUesUm8zu1TVeSMHc6pJMuFxtoza,
4v58sMNzQgkSPnjMYtVkyhDcZB7679QYtz9PQGHyQskk,CZFWiHTGZum2BKZd18KohL7HuKFXXZEJDMpBBixLjKpV,
4urHN4NjDqRJ5kBXsTPw1uPLXj34A9ghP8pwAQg7ptbz,3H54g5eRUxLF9j8FitR1XDsky5VAwKfPSy4xAK628gzg,syncspace
4ujpE4YKKDyJg9FnTezLitKAw2g8FXjR3KgousfAbtFc,7g1oGVBfpQupEDCU5YngocjmGVeyjtdsV9ZAQhwC2hKe,
4uh1t6MzikRK4PiThSMmiYbrSgDrdFNFGhy2EazApiEa,DFCsk3eC8c4VLMSqzzBNBwPsb3jHh562GnnMwY3jRsck,
4ugRiTkNJtSUz5UUj1JnNeEBUvhmEna45rQhG2ThHFpQ,6v7CHyZj5Cfp3c2ACFexjSxfqzzn9yCe3BFs3qGGBQ9N,
4uW643viY1u85pmppGKLXnxdSMg3StX7w4Bya3UzG1kg,B2CC5sfjqYhExPEymn5Dy5395wzb61cVWKFvho66kRNN,syncspace
4uEMUi8ZWGyQ6vnpXnJUqtu6fr2EWsm5wfC3cZM6HLPJ,C8RRHEXRe2yBJAuRd7kgC1pT3uocMJB5ot1yoVAFLeYL,
4uELk5jHacq4PXbUUCLM9fNTTGh2m2MEy96uJba1F57W,EqRjt7TytFhEcoF4KpxWUn3yArK68s7PQnLL8sQnd89y,
4trjAGirup4gHHavAebGhsmkBRmQ8vghnkHxdpgykjRU,5k15YfLg5TmTeVUAuxpQgK4r3Dzuu9ce6RwmKUdtDXYH,syncspace
4tnZCpo8JgRiaAKE2BUJMZwbMT1dranQ2azAnWdSWWJC,HJJwovgzCFG1rXpWoJgZRUfsT2ztUc7ryZud9Fm9UHFY,
4tnEbYbxqevj2WVZ7Pfe2DNpjnKS8dgKqDkMpSZZq9oc,8uxLwxmdz8mHdhY5K83cbNJVNcp9XLP9Ee6CwKS3qV6t,syncspace
4tZKVGE7cJyBmCyAzBjbL1jqe6DCVnLxXtBgXpgjYdc6,25TqXN4ToREvj3CVYJcTP1MWbbi9Dd7uUeQ7uTW7pmnU,syncspace
4tYhbzzPU2vj5TNcWWaXNtD1zocxpNh6VFZsrmjydQYx,nc8ECzXshyENYqnrvCJdGKYCFDEguKUjSABYKgxapYx,
4tHY1FhYMrvHz82tmvMNcU8o4JxUYUFRPYXWJUuLXy2b,AtE8MaYtXok5VhhLrAfrR5sLY3egzUStY7ySxTVo2h1o,syncspace
4syJ1zt6XFz4HnQAHnBzFcsyCcWuktHMP4RDjHChUZHD,2JdAnH11TfrZ8kJnAEkH8BHToPMvXTtDpaEC9QAn2oU9,
4sYRbXUZSjaRCk29BAYsNAEsQ9tdGqeph9iWRkwRqHDV,6QAJZc6DRC2eej2DnMCuwSoZpoJgcXzS9KsLuAKyERYi,syncspace
4sScGwKRmUoGVdtjDjTZJb7rQox8ieJqUQWDTrnSLiWH,8fCFKXv2Av4thQvu3fBh8chne2ywZEYxuCBBhxHQ4WVM,syncspace
4sHb6abQo3m2G1JNQM2P1crunPFMCbLhr5gmWqQEiX5K,7piMLrt49xG7Sbw2ZqjYime8wxvPtZmGweJfCHcoESDm,
4sAxbCgs5f8ECbutWERWamDanYrtC1ScpFy5a6K7xMGp,4TfbEz9ddQCuyG573agzMicQaze1sFzTJcaizbhL3NMi,
4ruUhNq1a9Kr3dCUu2RaBNtBnvHzTzBjCgvLnVaJnH6S,3g2TUkrZf86bfGQXcfJ7xMCFSmnssdpeTxe5V7y5GDpb,
4ro4PrE1ivpTXVR6ChrgSs97jhWsDcPPbdoQ264xifkh,4HGKMZHcbgEgtFKiCamGigepEG1U9LZcmxjSEz1C2yCh,
4rnHD6EXyYL4pj9jaibd8icZ2Pa3fftmMLb52v2fi89p,88gNHWScPbq75QunYtRi84YqvKwJZ1cjmqrF7chp8VXo,syncspace
4rd9N6gur1EpZUt55gNU9L1TWgZhCXCb63u7gesKySWq,DnkxUHYP9TTqNkEEjsz35VvZ3FfUg9tLEVicdBjmRMxk,syncspace
4rSQw4BNkeyJgeyXmjWyvrZcfdtD5qwpit8QQXGswdKe,6csdJuouVGpR3xBXiY1dwXXuX4TQb29YsCGaSZ9fPPJx,
4rLYo8Boi7mWGR4A8fhbZSXtvbEFZ9m3FJZcyfKHfy38,FXMcgZ6DBjiEkwc2T47iAyCmKQocWuDfkURntMkQs25,syncspace
4rKkvDLsoXfQn8tJGB4otCJ1BdvjcV7gApUu4rb2y6mN,JBM32PqezW5yoUtYWF7KpoA2gTF84DEZtPMWy15Ykdb5,
4rCEmaKmMQ9iBPgaD114pMq7A7x9V9fYwoPJciykFgQ3,4qYWqy7eVddKcykU7XtpLUrKYdF8VtPobn6tUuqKhWtv,syncspace
4r6UUK5y94n1cD7kEHHY8mFqHLHrVHkQKCCbsCtZD9HS,9q8A9jnwbBrxja6JAPxnwhbS41arCyGqLJqnyRkWqAYf,
4r3xgbs5hZeEbJALuh45K4CGprWbTtMxi7griL9aqXEN,H6r9R1TC8HYZcQqUtyKqk6V8qrAmjb5YwCwoAs4ePCT1,syncspace
4qxhXqetgxaj1M6JufNfiBs5mEuuXshJvG6gZkFATds4,9iVHgu8EbvAzdMwbak1nBMbsBs3UothBtzenrXmAGyHj,syncspace
4qmdCEPa4vra3vDRLdXZki3kh8pvzcVjp3WNXsZVTCyE,EDEsA7yPr6TzDciCWfjQydR6quCfWo6aAFs4A2bRsjS4,syncspace
4qkhq5Wexft9hZC52ZTQwGsTW2U3aD4BR2DMmZMN4o8x,JBM32PqezW5yoUtYWF7KpoA2gTF84DEZtPMWy15Ykdb5,
4qZm83S9dWJKPB5aguCG9usziB9ZXhbpDUHCW33hSUFB,G43e2oSgeTEaxN3vc9iCKUg2AXaNhfs6KtRwoxgZ6qdP,
4qUwoiL9By94bHazHm5zVJkFyRT11JrVM8kheSwaF1cv,qstNWZCoEXK7Ro3kUbT7ujw3LUG9sxXHuvkiYX3JgHw,syncspace
4qRnDxW5ZXJEX95jhQp7Q9NsPJ74echGta3S7L1x22Qo,HysPXfhLyzYSvrkTgSEnyMuFZ3YJ8mV1tgdxEoXK4rws,
4q9CDFnubUTRPjG42U8RRAVzwKjZySrrG9KrSqNJ7LNG,5sWsediccJMsGTayzXtKWKkAaYLN17KBa78otHRrFV2x,syncspace
4q7a2wwM63sbYQEeDMnFTh8gxiDwnDkiCh7bjACL9FUy,AqZgiYG5grHj1oivJwgs5XpMQZRgiJPf3wnqjHtxZtBn,
4pvSkqR7VvLkKTmKiD5iK51pwhVqZiwQqjMxZRvFsnGP,5mN69sE3Zmht2Q8oWcsgprs3DnpzE3fKRFDgL2HYvJir,syncspace
4pmwRMhRcjRNTLKKKGvaFfwP1ifbXjjcsW3uYo1cx546,BAeSgeJ29ZwFkuh7w1CSo2mGp7QuPPSEWqvTmY1Jpbze,syncspace
4parn2Y663aAHmwmUhtzrPTHiWchrNYAx9qMUPCeb4XJ,2aXemWsLnCtX7fYj3qzDt8ypEvvHxnFvods5zS5oWqyv,
4pSvrBKtjDXHjx1PP8jLs9U82LcsFJmavKggv5BxZknz,Hq23RE564UaA9WNxMmT9Rtpr8RFUwaYoh6XrGnkMoUAc,syncspace
4pN94eUXqwhsx5qYyHtmaLqaiwdKaXeawYNRqmMnrG7R,313jzJ6AMyQTBYeQxKoMsFYE28j5KgeNsU9di1S4itoA,
4pJGVdh3TCCS5btDoeaZLUvwt61eXXPNKGRdLzLyRqV7,2XxghbUn97dwXkd6atVX7NVYUiPz7X2UgHKSJE5pSaJy,
4pDSEJffaKbx9ySxk2Ery1NexPBHKorzSkF7YXjvBas6,5xPgedUwEzXCLjX6expTacT1MDFWS2hugD1e8XgrNDjN,
4pChFQEXdsXav5qJgUn9wUDfHwF4tdGzPmxgS1u8kjs9,J4UpS1q3Mq4FZYU2YNEwVrJiBYVoHAtYPJUdKHar2iyA,
4owHPR37vCKvVShVeDkW5gjxnpfYoFSzc6WwRPyk9To1,3paaoWk1kWk1UCZGHVD1fsuuhXiu9WjnsevrPcXGNaCM,
4osbNRGWkDmWKQJ3JHNcqRjKEqZHabEqDRk6jm5TeYEV,88gNHWScPbq75QunYtRi84YqvKwJZ1cjmqrF7chp8VXo,syncspace
4ofN5WKenueQeV98MGyUWt521otAoeNHsyAr5MCFxgWK,pMrSm3qxPth5yViard9dSMN5oKQiYk3ii1AtrSDSe5k,
4oZZFEug5QX13VZgg8WdSEvMPnUc5BJCTQtjz7wr7Xvc,Fa8TzVCkeQd7ZMcGNZEvC3kvSKtxMymdv1gCVZoPexuW,
4oL6gY19FqPyAKJg5PxWAZzKtnWh2Y3wV6urbr4m4nxX,Fa8TzVCkeQd7ZMcGNZEvC3kvSKtxMymdv1gCVZoPexuW,
4oHHH3Vq3AViFbCp4eqKd8J89VPFEsj2qSRPQqwSB8Bh,GGhjJcmbLsasjgjsF19eSxHmEcPbgXpE4KVhCb6kQf7J,
4oFbfmwmTgbq5FtBTHb8E6gsLQ7hSNhvmr2fChqw1Yag,DnkxUHYP9TTqNkEEjsz35VvZ3FfUg9tLEVicdBjmRMxk,syncspace
4oCSPYXVuopptfXRSsKE1DibTxy9fbrzTNjbtoxmYV4P,eLNe9RHsuAMgxtWkyaBQBkY7t1ckLs9FsGvjfEY1JWy,syncspace
4nocvxLavZ5xyMPJjCffRzS5EhpaCTHhBJuTYVBtsBtL,H9i4cd58vipBWyRbTnRd25B9GeR6ksApsQVnrva6KjXb,
4ni4JDa9zFb3vfKUpHsyG4fHLPRDXPLwoSuuP4kSCaW9,2eWkTF8tSBp2si8Z7LDgkswJZ1LNGi7DPU3NNjV1i3VJ,syncspace
4nXqnGVWuWU52XNEXGzUCvhEnCF6i5dwkmanhoXkGrCN,BApJjAgnZGWkuPaxiT9fgsJW3bGMKRtXWeSGnreMCXub,
4nXYbTFE5cM8BCWsgPHLzRKn3WiyLfVGepRZTBnLX6Us,G2syAxfFjPniJ5kvxu5eABiG8BZdzKkTfsUh2uj2Cwoh,
4nUDF29xgmWmBTgeRpMWVfEfqao1pmbUD8byakxEeL59,7tJnkwbunapZXwS3APSHZvc23GYgLJ1YtFn93QdtcCDd,
4nSQh64U4MFohvS15UWSSCQPACHwTf5pShNvv6T4pFfn,5wceam6f3i2PNykKQkomeord2dhxsmyTEaEFxVLVaegM,syncspace
4nPU7m567zfgqjYWgFeZRvTDgXsQ4xRfnJCthD35uaG1,2KkShUzeBGNGDnFNga4ZHfrFKPhmrFuMGzyU1JmdAQc7,
4nJo2qWyfJU7zHbFSHBym2bUSsrW3AbE78iQVxoYq7oq,AisCN5FLcY3vdq8XqmLNUG7hYPwGAzCmDe1gqWRW4mUt,
4nBsq9tdvpDgNfij4LjB2x1eCxPMawP2w3ccRRJ9eC81,Dav6suLg6CwdTMqn1ZYCsJfpbeUgFqKcG6AeY3th2LrV,
4n5Qx2sr7NneVS1W3vYHHd9u778SKD1RYhLyxML6byph,6C3okBtRVg9N5Dax9JFvvw9E7BZ9gcETHEzfSfUnGf47,
4mnAfxdyaygc6qbUoxmbha9xjLHxuxzcGwp6gRAUZ4hx,CCwVo5Ec7pdesAEj5uyep4nugpKdX9h95Hi2BJGu9UXg,
4mZe8BDXGpVQGhVhsED9MoA3CSLFucmUxLcDe2Q18T7P,rFrFqeCwqjeKy5HqNGGwtipW3QtVHHz1dzLdkFoiMS7,
4mQneUgbxmr1WLbEuxDaEQGiQ6e6NscZqBspEdrSgZ3s,88gNHWScPbq75QunYtRi84YqvKwJZ1cjmqrF7chp8VXo,syncspace
4mPZ9U57DVcNfigM2uZYuJjm2m9uGnLfLkLxq7bzNBeh,AWosQn81iUh5HSgA5oFTFmSuFh4cmbMsDDKXRunrsJun,syncspace
4mAr3d9VdZ9TqdnHGe6GExF7Qjpvnu4EyYt5bcyNmc9x,GpXg3fZA38DYSbbimEMWMYj4i9F6gDs1T2q4dng1cRA7,
4m6DHGEk9g2A8f6vYgDHEo3gSP7G4Bvwo6V1W7eRYkNT,AwcbpyGPiNdPrtoBd8UpyLNF5EaszrhXoKqcqqDoHYp6,syncspace
4koWGzxgJWa4S1sQcNaUyjAky8gAnDii2q6Z4ZwJhbXJ,auryHMdwKGnjU4ZBjtacvARm8DcAVgEzYDzzJvVFfE8,
4koUhtkCV1QcLuyozEJETBoRJ1CDbBXLB6XRhhYYC5tn,EwzkWJ92ZDvSim1nX43Dt4KC4mpCwHKnKpfkp7zboeC6,syncspace
4khraDdzQ516ibSuUHQ1ZndHotFUAhhNzQM8aSBDEgrM,9TAB2ss6Hf9MKpy2P9yuVY5ABwA9m4oWtMzhBtzRtLxA,
4kcBRQ6aFEni9V8DcPXWeSSLRXpe8FJkfPExR1SoQMay,HTX9BkwYdwmH3xPVAyaiVC8pVusCp4gDWTqwLwzCM1bx,syncspace
4kYmDz77w361mtWjiiHCJDrCvUCngaMr826VmKewCTzd,HUq39c1NYmrdyd17i3LXmjAqG71RvbSWkL7q12FWLoFK,syncspace
4kYaeKCnvTRo2qExRSxwC6hVjtTwggWGbWUSJCWXMW3b,7Dc4mogjADHwp7VZ48XCU38k2fmjFzFZNUqRo79yfEfz,
4kSzPfHEVhh5dMqZGBYr7911j6JvcaA9ywsUEAxtwFEB,auryHMdwKGnjU4ZBjtacvARm8DcAVgEzYDzzJvVFfE8,
4kN7wokW9n7YpP36G9EgC6HgYibyn5mn1ZBr7xbYDBae,Dq356sKW6rib1Hyw3omDzXCxoATkWVLG7p3scByDzkT1,
4k9UdZQydoabzNSaj156qP3DqgCsYKrjPGSEfhsZhort,HPmpP6DHcyzHUDkoJsL1aEhVzEyGLjZxwjzvca2AYyet,syncspace
4jxTemdYPNN2E8rskQEn32hiaoXdYWzpniEvk2WtuEv2,CrDuP8SWkud8Pn6B1FKTNTLmE7frLbsQ5A54f89EkdPi,
4jm4kWJfUAAuVeMNawcsfbJVRnxz2T4vjMSJrozGPcLm,3xfmPayAefmDToKruJNFrtEZWQwGLEWQSGJ2rBBb1xMV,
4jjsw5UK5q9eGnNPZyLpjyxCeWjcSWhtNJ3AhavYx4jN,4U7tf3ChxC8mr3KHWnkV2bE2ogBJK6q8LHLvU1F9BhKa,
4jUbvNm8Kbx4EUYW9u6rhnz4A92oYXmtMNov2RACJhSg,EzuoPgvi6XveUbGWgZKKRxtDGGzkXcWCmd1JvoX9zVmU,
4jKDNCq7NCi1fF27WvEEuujSSYLdpY4zdzJCS9Eek53Q,FRnFVoakjCChVX5DSSfoyKtTqod36uQyB7deXqNB7XYG,
4jHb8jusECfgpgAeyfSigDFbLxMXTfqs6SkMzEShhif3,971r6LdYfitXPuEWLiScFtGM5qjRNoT9nLUE6Vs4Jcf8,
4j6Yo2kottdEoxWgzTrFYiDmGqnSn8AjrZ2bx3EXuCTA,Hg2gqbjGgL8NZDmJk6jfqskafuK2pPqccSq5FqamaTX2,syncspace
4it3fFh6BAXTPw2jexjQzoQxTbuHgszaLowpvPKkhzJU,AkHTrLH3yCgXJh31Tb8UhQJxJKJFDpUND14ZfUzvsRG2,syncspace
4iqXM7pC5s9TJs3vZRQEWrmM7wp65sp6hDkdbZY4DigD,FRnFVoakjCChVX5DSSfoyKtTqod36uQyB7deXqNB7XYG,
4ioiL5tWPcUMixV8FJRinyPM3pbzTi8Na2dLiRvtxH12,ECrCEVZ9Bqj9EuRJr5wW1A11aV5ctrHbqyJXcEX7swwJ,
4ifwKbqyzW86U1Ra4pRB1yc8FVC1Hpdy9HpsbB7Spfnw,aumuHzMdUFiFCvJ7kk1djU4CViSzxJk3FjXTXgvdNZn,
4iZ2KxPbbyvkSYLpFHe2VNjLTfwT12U5YrPDFDUvftoi,B6AsWooyLDzSmTTXrG184xUnmKJu87QEjpiw5zHXUsWs,
4iWHZR1uavnSFdekWYxcs2ufKMjeBx986oYrTs9aHrAz,auryHMdwKGnjU4ZBjtacvARm8DcAVgEzYDzzJvVFfE8,
4iJNEnwoBLhYedpJM8csS5ZXpZJ6VD8PMwCuhweaqSjT,8jSGmgecSNZNVuQt8KHUTkx7tH5xCWux8PFM53tkhxsb,
4iGqtMMVKwH6HvXcV8Krs647jMxevGTW19X1ZwBNqESz,DJqBpEZrZBnbTwSCxuRwsb91fpG534WmFeDJZyag4d53,
4i1nnyn1L36UZy2QNGL1CZVHkwC48qA9fU4UyTNPHY9F,6oSfQn3k85WPNoz53Tjcye7tqkifvFCwbWKLTRXQapN5,syncspace
4hsXbB2K8kWnRR2fMzY8TRoDqCX7ErwzuUgJkfgRyzCD,7kpZdJRutaAWjg9yeA7cm2YDfLLZMuX9DrTa9dgcgR7Z,syncspace
4hqkoJji6bWqXpE6kr66z3wkt6r4PXpfVyVDW8vt1fj4,MWLxJPMhtLoaoE6DUBxfEiNZXyoDvzHzhgDEdVusg3f,syncspace
4hmuYGfBwnBZoK54NvDuhmYRPLnHWQXAiYFL94LPFsK1,3g2TUkrZf86bfGQXcfJ7xMCFSmnssdpeTxe5V7y5GDpb,
4hcVBhG84xfH718PTRrA5AKWH2zgaKr7Qp3gQhpL4Apt,Gktsr65Ey8yVb3sbW9BZb9zWsV8zXrFALN55n5nu39Ca,
4hbsh4SS3WpSNRtPo8aCcPzNnurJUbwfgbKZLyAcnMbN,G43e2oSgeTEaxN3vc9iCKUg2AXaNhfs6KtRwoxgZ6qdP,
4hb3M1mU3Du3oh1Fb6naz4Rdo2KMJseiAi5MLhzquX2d,HXwc8ARdSsacsJE6vsA7Amp4NeasEauhTDfseQbMvHw8,syncspace
4hb1xqjVnwvbGhiFGQ5HyhgkhUqv5ZrUbwQyhmx9Wfur,De6xFAFpLRmrwfBRFZGNsKQ9bSrmeENShx3Qm9YhikVX,syncspace
4hZsHpeFETPyHksk9iWPWPDGpj9ypjPqrZoF3ieZcjGy,5k15YfLg5TmTeVUAuxpQgK4r3Dzuu9ce6RwmKUdtDXYH,syncspace
4hZMEVPSFAECTy6vGE3W4GfKnhhxz5KHG1UpfostsAMf,BZWbW52vYzDHRNYHSPQ78WcHtZovHzRSa43XY8rtJHF1,syncspace
4hVctkZggsqZzw2TT8ZVz47E1Q6azErBWUUq4drx1P2R,auryHMdwKGnjU4ZBjtacvARm8DcAVgEzYDzzJvVFfE8,
4hQzqK54cwTCDpQ5RSCxyxfuW2u8x7o5Bw36V3HhujSy,5cZz5AkXrmCW7SVEXFUuGcBpSbVTcAqs5MvyykTyx9NF,
4hLN1wJo9btTEwcALz7PU8njPA6V6mNQvwyES28mFtkD,BWYvNcfXaNHJmtKGNrM2JK1nmEodPVTsYLtRx4LctQuS,
4hLBuEDk2uk7Edo1AhXY1Ft1tWBHWBR5EGRT1v8yF3A8,G43e2oSgeTEaxN3vc9iCKUg2AXaNhfs6KtRwoxgZ6qdP,
4hK7Qmx1xgoXQuowUWcYoidsfaSBQC2NLS9RXWddv36y,Fa8TzVCkeQd7ZMcGNZEvC3kvSKtxMymdv1gCVZoPexuW,
4h1dnjKEzyXJAchdukrXqJPFMPTbBjwDfM4BtVmvkyAw,E6eaxJ6qNYvydMUgBJXdM9ZEtxS15AjjkEzKYeTciyMT,syncspace
4gyQQYdVtssbSDkvJrvwcq7JLUrgTbVfmzrdb8uLSJCX,8u7QHwaGKRTy3sh1DjPMy23T94WGtPxYg6VKrGDrpfuf,
4gat9NYmqJn4NBQCHgLc5yFY4HtW6CFfb8pSpQVu1zj7,GHjTn7njVimFTHrNLcyanmrLFyhTU886PJe4KcBNoUPd,
4gVU7oX1dBYo8TaKsFV9fEigQAeXGFVfwDE46LZVP13F,CB8Pr9uzrrFw8BFnCqworH1wMa8DsmbSKgUNwVWnDGrL,
4gMnnMUBGxjgHHTRiA9R9XUAtnjbqt3X3Uur1TpKLko3,AUrox7sHx1L8mxEPrNqkVjHa16CXQ73UbgZtZTNPNLjx,
4gLTXr9iXexhvDR5ksTLE6sr4RLksMdn5GDb7sNaQbqn,5SVY59vbTFwMXKqb5KKDNzRbTfw8W66r9zy7RKZV5Sh8,syncspace
4gJGo7qRicd1v3qNee4873exx61g5c7SkCKUkeouqUhB,GBQDZHHC2aHpgg4xvcxCxH6YeWP6dgZfWtGmqJMxgkqm,syncspace
4gDDJRJ6yiMmuvA48cCruUBriNQ8x4Edp9zFSfB5xbj5,HegbXqdSjyAarH8HQ8N8A8WVoQF1BDLRiK7GENaZyUCw,
4g9MsGUD15uh77FKaAFGhcjZBbfgiZynbmjJBV2cCfK1,EuMU5aVya53SoToEC2x2vi5z3QC8f9nfh256vSS6PuY7,syncspace
4g7Loy3RfKgtfnDnGq8NdTULwkyc2whHnr22kBpiWDVo,EUeLjtXADpSr8Fn4kyHnrLndRqUPs8Ghh1UPpX11Gp6V,
4fuZFdxqtUxALpJkecGMVwmgqjYjV6kFyXQXiYFf6TjB,DcMsrqztdbWVhowqbm9iBPeb2Gj53WdPmQn3keuCvqWD,
4foqYDHZYhjMa2MV5DoCQxFyWreHSdDTQBYND5GcrSfw,CiS1udKWfC9tQqMLE2pDCryHMUyoCaL7PNWY3hm5o49x,syncspace
4fiJB6ZWcAELF25TY4x9LVbu6zL2hP9vfEdjibAgyhfq,6BmnZ6VG8WX2QXzBasVEXqgXPutzxvwvHpUMg21Cpz5h,syncspace
4fgkT57EmUPAZoG1TJo9hnxZMXzuohZd7QAZwPyNkUZE,6BmnZ6VG8WX2QXzBasVEXqgXPutzxvwvHpUMg21Cpz5h,syncspace
4fanMYQLwEAJNRXg4fBvzaCrpZqttLsQvWKRh3KYRsLs,Da6NhHbxWuahePazRthG9k7odGXnGarp1TUSLKWASPqD,
4fCQ5aMc67v9ptxGm92tzWaxjViPPfX2U3eFrXxqS3FX,C4C8b5K6PkSnT75Xyx6Mj59ZvN2GLpTnriL84LxR6j1v,syncspace
4fAtVNdGaHxRBiBgzb91kuBXLBmesrjTfLrK7SttCx4X,ADqrk7MYjYrSf16cADA21mMkTTXf8DfkmEGbb8Vy6WHt,
4ej6om2JoaDa6C7d9255jXZF2dn9SnY8QeaSQVa7Neh5,J4JFsk5LyrjThHpnJHRu5o7QnDeeyA6VYkv3hJ4vKBCj,
4ef1D7dg2H3CLiQ4oBouAwJP665GD9UHLNnFqCYE2Z5y,aumuHzMdUFiFCvJ7kk1djU4CViSzxJk3FjXTXgvdNZn,
4edpymNngQvPdimujD63K3xGeENYd8zHQJYEBrbhZ28d,2eWkTF8tSBp2si8Z7LDgkswJZ1LNGi7DPU3NNjV1i3VJ,syncspace
4eSjpzfeTarf7bb2BPnCX2Fnobb55VzG2i5qUgZFq9ZV,6qHuGD4ku4LniereWhEvjd4WTsaLcGEf7UfUKTLgELCi,syncspace
4eMzvZ43PpxrbFs6NKkpEaCh5XwF4H5sFyCpvgPzxLdB,8HpDMmD3z7EJLTJ4Asn17aWnmxyCoDXmRoR6RuXKBWZR,
4eMvPX33FTywhTwmoMKRgLtdQRzsDSaKHtn7cqJceBMY,B1VMDi9rw7QPvFfqUsSTEohwJee6PyAMJUimUyyw9rS1,syncspace
4eCRGaaz8wDD3gmyLRqgbj3uJqzMrVQaUxYXVoSkNYZH,88gNHWScPbq75QunYtRi84YqvKwJZ1cjmqrF7chp8VXo,syncspace
4e5NoatPxoTg612FerT8FWf3JhzjHBjHyh7fmfjfNNtv,2VQA3FT8tWRPgiwVPh2oKm1JTA44ocGspKn8yRZRvXiS,syncspace
4e4pBqg4J6Fhu1yHBWjXFaXBDDryuvfVxNQBvP4NhyMB,GLXy5LwscvLKbEysdkDywyFg1rBQHb4EVQF9F8BQF3GG,syncspace
4e2RCpPafGkp3K33L6ETNE5dJHHHXngzaFawY9spYNZ4,G43e2oSgeTEaxN3vc9iCKUg2AXaNhfs6KtRwoxgZ6qdP,
4e1TXY34cZS5bpSPQkjjwG5pcXg2mUyBLP7FrBaY9dWH,8Vpqxxbon9s4Hnk2eMhysjx6XKjHiUgEUAm3MSq9yQv2,syncspace
4dqUcU7HgJX8KZ6drZkzjcPdG2e4RX5paw4JdqxgcrQh,FY9NAS62iqRVkjSwzbWkSLammaLLa7WMduHkKd7oc6Te,syncspace
4dk8LVeJFGFxuLYLR3uX48j9rqChn1AUrs3CFnD4xMqu,5mN69sE3Zmht2Q8oWcsgprs3DnpzE3fKRFDgL2HYvJir,syncspace
4dXToD5e8bPWyrnJSXFzCEkxGhSZF8JwAmjBM5xoSVXW,Fa8TzVCkeQd7ZMcGNZEvC3kvSKtxMymdv1gCVZoPexuW,
4dSWQxRjqHrDK61FXnQ99NT4dqi7pXtqCnfY3nqXyCoy,3y6QvyZaAy345qF9uqDX5bHRrbp5jNhtioMvCtEdEMnu,
4dRbEFozRRr2zfC65ZMmRg7YiFn3HHy8pyULGxcq1sAm,Cxi9dDGD3EuM2QJTKsem8XgRXjJmQwdMVMUbe4PnGEgW,syncspace
4dPbTiqqdazKFKsFs7s6yBKP4P9AiouqGd1xVKdXbb3o,6Ja1AK6k7BPe7XKez1vTRB1bBQotdv6MRtWVUL6pYjBT,syncspace
4dHruXv4cgafmnUT642JYkvB7MsHKittrk1ct9V1csAb,FHbVUUSthmyFC1vt87pVcN51GSirxy2NAu2P3cQvUs5E,syncspace
4dD5ttPrihSuDa5m6FxHWwijHBF46Wq5e1Kc3QZd5MfV,FXMcgZ6DBjiEkwc2T47iAyCmKQocWuDfkURntMkQs25,syncspace
4d3mos94fxpXwkxPGA2U55rKVwVfdNiVqqGCzeTQL2qt,Hc6LX7hrFJqtyoJ6be4q35e7NDv957YBbkyFP8oZhJ3W,
4d2okUeueN12NBAjLdSSn6AiW4uSDVX2xpKV7pHSEKvd,CB8Pr9uzrrFw8BFnCqworH1wMa8DsmbSKgUNwVWnDGrL,
4cucwNAwvLSLnENqeEhmPfXMKMpAaYsmX9CYaRx3GYKG,5wceam6f3i2PNykKQkomeord2dhxsmyTEaEFxVLVaegM,syncspace
4ckTjPfo1oe2Nwqf6xw7pmKahvZSAxo1nAEYEqstFcwt,5k15YfLg5TmTeVUAuxpQgK4r3Dzuu9ce6RwmKUdtDXYH,syncspace
4chzh7EXmBHenNU1G1wsZbz4TNoVpFx26GjrC5Um3Sk1,6LnH18SQsNqVN9BY76zCsNP8ur5XVQtKgb2t2iq9aZfs,syncspace
4ceQ7W7Dqdf1ZrFL7oyet4rVRXgxKzBV1WeYpDyVYNSv,5k15YfLg5TmTeVUAuxpQgK4r3Dzuu9ce6RwmKUdtDXYH,syncspace
4cdvbsimwyKxECFdaTcWMk4QCviVfyd4RJuJVJT5GcL5,8mdWvYHTwRdFL1af5RzzoFmp7Z3tXqRXFZrSY5GJXC3Z,
4cL11URCw63BwkGWKq3FonPJamUe4zvNW1AQzrown1Nn,DcMsrqztdbWVhowqbm9iBPeb2Gj53WdPmQn3keuCvqWD,
4c2rQP5iVaKDETBmgv32kDYtEw6TmR5yeNUtNtisKuY5,auryHMdwKGnjU4ZBjtacvARm8DcAVgEzYDzzJvVFfE8,
4bhawtTPaoT4RysgPJBBkc8Zpgu6Atat23xys5f5vmLd,Gt7MLCUYRnVo9JZpgSQnKXXjSb65oBJXXDBBPWFLhgVR,
4bgws4yDgWYbmbHTEYkPqyDBkSJ6wf2k2qeXwG7o7Y58,DJWkhizdx2aMDBMCiWxWMiVdQpMAST9WVT2xmCosCcve,
4bYMGJX58aYqBMq5hRcyWhApm7tRutr4ZYZmhPTtKfPH,FXeGT1Akb1G3FbAbMp74ahMYEFwcUXXK19iVEysA9Dp8,syncspace
4bQ8woftHfo1izhn291uHVXYQHHVRYf19cTdAf3bzvUj,CjwMXRcCQUudqC4cFuuW2iSjdNVYY8rrADazrX2R9NTc,
4bLX3D5rHhr7UMZ2Lki2BpwTfTYngxxn3y4hUsX38PEH,GLCJXEf7BmzEDhyMqiqZyfv1VgzFZZvSRHREdEbscQVL,
4bJdVh9UdExhcPh1bku6YHisgCGWj1fPKiz9BJCpPHpa,3fXPRUXPZQhMB6eAKcPL4fWYPcQZUebhDV8E1yfLedmh,
4bH5jVfhc5SEHkYJgGzghevYcrpbcU8M5T7uzXnCXbra,5wceam6f3i2PNykKQkomeord2dhxsmyTEaEFxVLVaegM,syncspace
4bGbMYkJUwUXBi48d4YGtyc11f9Qx1Ca48EgA7xEgYzH,HDp7MrT7v8GfkJ8mQsLfZRcqPVwzLNZDYi19LZiejs8w,
4bG4jGjggPEKxh7UUXXubdqT9o9pqV7p2dzwdeQdv2GS,Bnf97CQ785xnSxHsSWypXR7iUZaBQGmm9PzxSDGQam3z,
4b9uX2yVs5pY7Yq18uxeMQkxvHgfUFD8XvwHxTZPeJ14,D6BoJ1wfWkBNFSBQUXQ3Fn4G1smQVCqpDB3EiAieKwMh,
4b2zNeEBJ2vm7BYah1HCbntTb8tJJE5hdHosu3DihH4E,6F3Q2xhVMoQ6RzwjvWzqFc7PWCMNgq3iKzkbqMJjU2VV,
4aqBw9GqyTH1k35QjcwuBd2GDsa3nPNFm7PHj9vrhQSW,DnkxUHYP9TTqNkEEjsz35VvZ3FfUg9tLEVicdBjmRMxk,syncspace
4ap8wFHTygT2cc3Ant8DFc5goESVsTauf1zxhxcNrqPg,BxMJyY1EsNoWuPgfR3NEDZ8xxhYpn2eSERgWUjxcoztu,
4ajqyC6CDU5vtCTbRWmQ8zQX5SMc52gLe18ywso3nEr1,CiS1udKWfC9tQqMLE2pDCryHMUyoCaL7PNWY3hm5o49x,syncspace
4agaCBZtPfWZkiG61X62cttNsMy5sciU2YpV86f3r9o2,DB4uiTCoppYgQwaMJgsMqq8M8VC7FhMdQevEFCKZ44Qi,syncspace
4aTiwYcCcEdtrDDTLzRrMeVQf7cAZf8v7hvKVWKytQGm,2Ga6hzy12f7oFvS1zSYvUmvA5fLWiNP9ep5q4NdruTci,syncspace
4aH87WHdSx1iXQaccBuBnTjdyKLW8BLTtZfscyah7KCr,4uRir3EmFhkVaVH3ukdXBVAVeByHbE4GcjwGYL959yFW,
4aEM4cJnKSWhiw9W2u4VFLbZrkkfNeqiRHfHDjT47tSk,5516z1CsCftca97gEcCkQCAT79oQ7v11DoagPFT5AWzX,
4aCvU3AnTDUqUbcrYPJFigAqDRs5Cw9yW7hrktgFMoFA,4jgMAwL3wwqkKV9rBpiNHGNNVxeLyRFM4pd7dpLjDVLE,
4ZwnXXktjTEomVn7pUaf48WPbh1SQMcbjNe6QxtJ2wn2,ECrCEVZ9Bqj9EuRJr5wW1A11aV5ctrHbqyJXcEX7swwJ,
4ZvDCeqrv2FyhHxJjWBfSxQqyvKAGQKZU3GPcya7fJxd,DBzW5t8Dy4syHYxxkpFweFvPU1cd4p4Jv7qyRcCSbbhx,
4ZtKHeojFknycxrVWyK1hJaDoRgHPrPP8FcZoMci8oC5,DZvtWVXWfi9PaJU1zQYGpV3yJLmuoLwPbaCHL5799DyQ,
4ZNytBReRa8dTKamBzf6QTPVek2TAhMGoZESXht8FTrB,auryHMdwKGnjU4ZBjtacvARm8DcAVgEzYDzzJvVFfE8,
4ZMCgwAYJ5bstoAj4BBzh7HU53TYnvbonYotWREb42xu,EzZhXiKEc1Lt18NFoai1p8VzSGUfacx4e9suMZa841je,
4YzThkzmPnxkHVUdUCG1NgaPeUZms1zcsPhnsyU7chVc,2Hm3dbAYBCSdoYnofVYpLrzETTQt613bpaQ3SxnKxZQc,
4YxUGFkws6ViEvkHmAZZkxHucitSguEKF5L4qWvQ2Yia,Gg1dcDi3gUqt1DhwLKgUWRRdpjgwqVAzKDXiKkCpd2H,
4YtPMKww6QdDGHjC57fpR5rj9zU173cbme7hHvJeHTcJ,2eWkTF8tSBp2si8Z7LDgkswJZ1LNGi7DPU3NNjV1i3VJ,syncspace
4Yt2FxjRvwLT2X8ZRQWHiEpgSR2EmjLU4anNc8FdVu8H,EzEaUhktXVYWhvDN1qra4DikNBNgdJF1CzuRrHRh8xZB,
4Ypcgxuro4VHhizdKehetQHhEdyB1c8HHbbSxw9smjaA,8wPJDtUjBKiGctcefafTB75SygLw5vNaEeCvznpsiVar,syncspace
4YhyqnGpku47p2eZ82645XoRWaFcHuemF4LYVAxWX4o1,48n8nJr6fHo9keFmvjVwSoKPPdsHJiFAcZvERmKsZZXr,
4Yg4VM2FZfEUCXAaQ8e3Zam4M4wL7m7XkugnYCfNKtV7,Fa8TzVCkeQd7ZMcGNZEvC3kvSKtxMymdv1gCVZoPexuW,
4YeSNq2y8qKTiRCcNXTjpdv3J8q6jt1evzVDLCtUCb1G,2tTU5Xs2YTK7c5SRqgYRNRvjx5fAuw4hWzPdLRFckKrD,
4YXFHnMGsMrBHkJAZ3FbaXu4eHXytPdXrE8MmhD7pN4U,9Bg5V5862h8NhEYZ8K3z5BjaKvpwZu96DxY99GVuUtPy,
4YEszbdRz5KyMwHEsCwK98GS2jUWJUQyERn6Xf6ZcPYN,CiS1udKWfC9tQqMLE2pDCryHMUyoCaL7PNWY3hm5o49x,syncspace
4YBkgcKiZniAHtXu7kMufN2VhCymAu6cb1erNFEQcJeJ,4WE7fAfNu4jY6NmN3Nio9pofswshuzGeQkxAhi82diFa,
4Y3UhaXpVWWM2oWCXB8sXEvLmpfo75Lj8BnU3J8J5MVN,HTX9BkwYdwmH3xPVAyaiVC8pVusCp4gDWTqwLwzCM1bx,syncspace
4XtnwQ1ruyMRr2heWXMyKhzEaLBa3r8SXiaBRPN2PzrD,8S4wnf3uR917LVjaHu2gYhEmiceikafx6odgE3xzrkRs,
4Xt5PSVtWqg7BbPkniP3rV6FKRVYR6jDdSJxG1xnQonT,DDU2eVG4Br5k924t71HLgWh9PzCGZxjMrZJ9fagKn8Qs,
4XrszpBsPBGobVnGqdLU4AxYXMCnABRVLoTCZH35vCk6,HYfzNhjQpiqg6GF9U7uzhHaBY9rEQicgsH6PqFTVRmfA,
4Xif9P4uNRMWBNnxSR2m6gUav6i4sBD5aQf1iNsLUEwB,Hq23RE564UaA9WNxMmT9Rtpr8RFUwaYoh6XrGnkMoUAc,syncspace
4XhFtdz9KEYmESuywvC6nzeNUG23d9bADNg2uQG27fRU,DH4fLPYK4jxJjCfpmkqFRRzmjMRZpoW1ASzA4Uqza6qL,
4XLxV2it29qW1TFgbW6BHTNno5jJoVHtu8evEnvzs239,FRnFVoakjCChVX5DSSfoyKtTqod36uQyB7deXqNB7XYG,
4XCwV6HjdtLrxUhQgCA6XaGBqrGHzYR9HhqXtbrmqg4p,Ge4TZf5EhyhucdZmzwAauzAAhGSadjzq4UKF3f34HXzu,syncspace
4XBBy18gMCPAs6PvMrLqkJz4kLDuKjyZANM7qY1dVQDF,B5SuMbeXpW8Hq5PhbGDozPMhwWWw9hTp3B4i41aEntoQ,
4X7DAmiHWSkEgP8nAgYNodctYe653Q9eu5YmW52YceUZ,6zuV4G62G3ViWa1rm3rL96Jvtik3ZbmjbjVdDxkoJb5Q,syncspace
4X23LE6Qd1sNYbrs9b5w6rRwk2Dto3FTUtYiMTxn2kj9,5AysHo5vYHYcqNaJ4zrKKf7aRFfWXCCtQ9gdPLfpudfA,
4Wja7d13ZM5iXk4hPjrzyTjAMMUjL1ccQiA6e4nQ3iP1,HRtwRVTmn6sbENbE8HPCyk8dJXURsLwBe6RMN9GnUpPW,syncspace
4WgKe4pbsFZTsEvj54Z9wWcQwcTBSp1H7p2TQLyRiCw4,C98xxhUuzsaVtPyyGbYnCJnheC3go4xC6SS6GQBZHdUs,
4WHsEX7uVYDmnLwZM8tHNucFhcmpbnB8AF2aGWmhCZzf,FJd1xSJj5pvVJdrLGNPCWjGzJBi4xFW3TVRSRX4CzCF6,
4W1NMR9XgC38UgdrnYS6TSkhbT9zuYTLJcpBAYwa5jnQ,5k15YfLg5TmTeVUAuxpQgK4r3Dzuu9ce6RwmKUdtDXYH,syncspace
4Vu8PtvnYCGytQA3Y4CE7LUaj5D7GK4TC3aALG2HErv7,5wceam6f3i2PNykKQkomeord2dhxsmyTEaEFxVLVaegM,syncspace
4VQjgxdSi8hK75P3rY6RNDj5FgQp1FHKBcrBqL35dBD4,Fa8TzVCkeQd7ZMcGNZEvC3kvSKtxMymdv1gCVZoPexuW,
4VMRqF17pj8othZGkHH8RM1SNgBL2kPnRSVxPpeGgw2n,4eVcByLcXGavuwEBzJuyPGH6mUzrJr4u6kcdhy6ZJEno,
4VHe2njkAfPvPNuSd6XLEA8a8HbCwg4KsFfTzL5ua7Zh,97q3Pkkig3kjkDXFcWotNKdGbqtmqDtWASYYHvW241yh,
4VDmF58x2acaLpgdTnDpeH24RW7xw6YCbBSVfXZdRrKU,auryHMdwKGnjU4ZBjtacvARm8DcAVgEzYDzzJvVFfE8,
4VBmdm21FQkJU9AgbnodNkT5MtxSfreuoMKRKHtR45uc,auryHMdwKGnjU4ZBjtacvARm8DcAVgEzYDzzJvVFfE8,
4UnBQSDXufJBcPYfef9cKxJt61ugfre7RessC3giMrBc,FY9NAS62iqRVkjSwzbWkSLammaLLa7WMduHkKd7oc6Te,syncspace
4UeQZbXefxfJ8Db72sir1FE3qoL8j7WvA1bLjHPCHTS6,6b4aypBhH337qSzzkbeoHWzTLt4DjG2aG8GkrrTQJfQA,
4UaTzLwcvUboiycRphg8HR1xjMp6kca7kbRwrmYkYg8c,8S4wnf3uR917LVjaHu2gYhEmiceikafx6odgE3xzrkRs,
4UWEuHMcTHRYVhoX5e8quyVmDMuPhXGJ5U74ZJqE29EW,HKFA3G95CHeyNJAbhogm9VqSTJgHMh1kYzvKZHzvvS9,
4UUk8wQB43efofUe2DAky4uPyYfdPAt1TgLFnzvtiKKR,EvtbVMy3FhhMPv4jLmdFk2vw6hnW7vswNqHMUdDgyCcV,
4UN6rNHp4KH5UP9F55kbdZbhkrZUzWrrYe82icJT6t9k,Fa8TzVCkeQd7ZMcGNZEvC3kvSKtxMymdv1gCVZoPexuW,
4UMppaJNpdpte3imfYuCWm6fRST1nzJ1CgL5pG5WyLVC,Dav6suLg6CwdTMqn1ZYCsJfpbeUgFqKcG6AeY3th2LrV,
4ULVNQzyUXxe4T2r5J8EEVc5WcHmn44ds8j6siuXEuQR,9mqQnYrsCE2ctDteAeu9QkBmR8xkJgjyTg6M6KmqWV5V,
4U9p7KsZ8KjufmpVoa3RXg7y45dcpDADDY6p961d9yra,26UgX9WSX9vadYdgfcp69nkYK6mjgfkVnHkfkGCyyqGh,
4U9bGx5WZL91PaywRmRnTnHiwAkomrLAHjo3xNTYhH4T,6tMR8UKEPPcKDbLx5F1a7poY4JV3vhmKN8p9a4DtC7LJ,
4TXj6mUz9D1RZsDbWBX3E6DNxX3QqmNreLJDysF1kPbW,72gejekPpG1h6EoS6sFeBhejrgsCotLFMhKnc4B2DkeW,syncspace
4TVmLA9SYiiBN9MuJpjhZ2ARkeKpB8QbTt5ZT6XazCKN,autfyCR5psTc85smVAcGQajFT4TC8xxPPH1wvJu2Grr,
4TMizm38WhQMEduTj5STPnQsbqF2BifP6d8DeCMJppA7,DnkxUHYP9TTqNkEEjsz35VvZ3FfUg9tLEVicdBjmRMxk,syncspace
4THJeFjWkgXQw4BtWpx4ZjHaJZyfd4WRDnEcgnSf2cVb,4n4Sa2oyfeWocxcZZ9dgeMmujEosHCd5RZZEe6Tz5sYK,listed:magic-eden
4Sv3Ub3Kp8UqXd8JeDh3oyw2oE7uYdEV8R3QxodfHzYv,Fa8TzVCkeQd7ZMcGNZEvC3kvSKtxMymdv1gCVZoPexuW,
4SrXFgjXWuSm2YR6PEza6ASLEe4ia3kVJ41tU8vAeqMF,CAjet2dczt7kmByvvayoJY8S8d8PqWh7A39CKBNsSYnZ,
4SYPLjjYrMsosertDrJ9fdRYWd9vrAL3Lx85Btrwn9bZ,autfyCR5psTc85smVAcGQajFT4TC8xxPPH1wvJu2Grr,
4SE2x9bucnu5rQyyDngRx4NgkpkbYLxoDEQ51cYybyjX,7Sb3KBN9pDiBopFtfzV6XHCNK4gMF2Mkysw38eXEjrPb,syncspace
4SD9oiC6vXCaFvbTxEFGEvdGgVpR5w3TheBKmwwv3GW6,FxonPoSevZrRnUFKuTjabkWjxzViRXACMeXfoyib9fen,
4SAqG3iM21VaqYYufSaWWAWK8Vx4vdxzaz6u8G9GHRPZ,CdGsHCTUoTa8qBUJbPUA6VMX9teFB35XnALYpyxKDM1n,syncspace
4S9aGR5AFZumoyQYjPJ1LHcm2MXfr9VZFexbz8sTX5e2,9qj66zMkDdUBFw4GaAwKBgyyLfYRt1Ax5nmQGjhV7Lya,
4S2338fGikKitjoqWnVt7iDD9uD1Uj1CUwEfvHHi8qrQ,EGrxM1YEc9cjJQj8AeDmQJh3LRn4FrS93ZQUKj3ccjrA,
4RLksYUqc9Mf8acCqFoPktFLRAYsFjymi65YtiXWidxY,5wceam6f3i2PNykKQkomeord2dhxsmyTEaEFxVLVaegM,syncspace
4RHqoYiB2MnqbKe8ZVZa1T8EjBTTXRq7tiwD2xFzmfjG,auryHMdwKGnjU4ZBjtacvARm8DcAVgEzYDzzJvVFfE8,listed:magic-eden
4RFuRJswrP6s8nm13HAit3g3SAXVfiNoGEZNS3PLotnY,GLxz8THa4oqAeCbJsGXdC6c9AQzJaPnkKSQ3vybddcGg,
4REn5TKBrZ7myL4J3Gk9BrW8nGA3TaAfbgPAEU5zgtyu,88gNHWScPbq75QunYtRi84YqvKwJZ1cjmqrF7chp8VXo,syncspace
4RCa8VqeZQ6X2x5Ccnwk9B3EGHMMUJpeDdk6mXL5TKPe,GYbDR4x3pUrhSZfgBeemxzriVCiYXEEMLK1uRbRgJFx9,
4RAur79mmVq8ffdWxPr6hFzn6eHuUyVnDUS2XNuZpSsV,C9ApXw8ZoqzLqj3kJvLUu6zLmQURteRBGMUvuMP8vthb,
4RA9uZVNcR3HYuoGkQF7Ace4RRDm41YfYNTs4gpqSD1Y,4U7tf3ChxC8mr3KHWnkV2bE2ogBJK6q8LHLvU1F9BhKa,
4R9nFANnkdXHDyuC656Xpd56qkzVURiwKshbrNGSWLHL,2VQA3FT8tWRPgiwVPh2oKm1JTA44ocGspKn8yRZRvXiS,syncspace
4R8eHzsUPWfCMGap6Aoud5fQv6Znn3j2nSKPuZH8smv9,65NtRpPYzrgR3gevbj6wxAzKX6aD2b9MpSFRxPhwTwUe,listed:magic-eden
4R6JrjR2S3H7M9B3F2B5n4fCyuyH2r7WodqRRvyY9MrY,HtG6hXqM5KZ1pyLADGMZLtu5hmrWeDoDFUKtRnGhb4UV,syncspace
4R4u1qhbQ9HXkBXc8Qv7NKt58rfYbGC8tbWRsPj3FpJ7,sLYSShjbL2qwG3EJcP34ZMSJJBK4BAtMNG6G62npMwe,
4Qxe8rgYjwbZhTHX29LN4simgTpdo18Xc4KeZ2FMrn4T,5wceam6f3i2PNykKQkomeord2dhxsmyTEaEFxVLVaegM,syncspace
4Q9m81uHMaGQcysFyYQfjpxcFGo6Nt4cpzPWAbX8XcJZ,8FypFSoLKiAruSjXPTgXzAzYAtVfC9Acm3Ca3q8xy6Dw,
4Q8UNxf8owxxdNHBXdj63UyZfGfyzXquGatX1ixqrzgD,5wceam6f3i2PNykKQkomeord2dhxsmyTEaEFxVLVaegM,syncspace
4Q3Af6b8nmCj4hYFFtG9D3fCu7J7WkA7ARKM2Mfdn5Fw,4wzfH3uk8Zv8A5fPzWqPspAzt3A5LF6zm5Hgi69Xa2sx,
4Pw6GvtR2uVque8aCSSRKXsenS7u13ZVQTCiGA9wWsTz,E8gGzuS3sWNCjWZmtee6tLP8QyYrdq2yokzw9G8yzxQZ,
4PtdmMMpk9GuXEjWJvapnX6quRff3KxUFH2NFU664qXk,EDuKpEv7j2oUxH1PZiAyajBk2VfQwR2RiFwE9YQ9mSzR,syncspace
4PfsK2AJpQhNxgdyhZLMMf7Rk1tmYdEk3vYFW5hs3Rah,5nT27VjKKqQwVoW8BtmFRUYpGzicEYvVHLFhGk5ZfKR4,
4PYRuaN6JsTrDtbx7L1xL35Eux4DEy5GyHgg8i5uhMV6,FNXmUoYirKfhgeD3s9yBupHdxnMKXtkisNUmD78rSiuq,syncspace
4PRzqvmbo6hq4B6xiP8eVtWUsVm6Ax7NgF2dYnppg5dU,8uqTTJrymHMCoG4KLGLPgJh8rqHhMWSEX5BtyL6zdPZL,
4PFFJBPGWpHQNK32t6xjKfJYcYB6eZQ7SW3bELkN3ffa,2yEw5qTq4LXZ3m2L9KFH3BBLzUvVEadyF3p5PwhhVGCf,
4PFAmFF8xdXhpVvQE1xZxgAa9VwPfjaueebwAbffWnnf,Fa8TzVCkeQd7ZMcGNZEvC3kvSKtxMymdv1gCVZoPexuW,
4NwtuwA3NC9rrNpyEb5waSrbWtszU246qbxzCjpRAk71,5wceam6f3i2PNykKQkomeord2dhxsmyTEaEFxVLVaegM,syncspace
4NvMmTiAV98wzoVpVeLU1b424ptPjbySqcNiPkHFZhFm,6WNSfzycCcLMsofhaa27tgAs1JKzsCSKVAGrSHS6MsnX,syncspace
4NqwQsNJ53Vkbuu1uEYjkjY9VXmU8VHicDmMTbTDgVrv,4U7tf3ChxC8mr3KHWnkV2bE2ogBJK6q8LHLvU1F9BhKa,
4NmYgrFkLE7USJjGr4vHQFJAvNM8B2eVRBYGBqkbffT1,Bnf97CQ785xnSxHsSWypXR7iUZaBQGmm9PzxSDGQam3z,
4NWdbCahipd7KYCNEXCJS6zWmPGxzBEErtUSAjcc3Au4,E35g1HaLurUCXMmwZzThu28qHvG4p1FVaePUMM1u2fBa,
4NPCzqXNmwZBh829SKubtALAoFWRctmPvUDRgp1ZyN22,EMSu7iiF3RjZz5pVjnYBhBGbzC5VZTsYDgR4pSYgCnHJ,
4NLaTSB6dsx9Wnn5tRSne9NXF6cmYShB79eQq1oorQxo,5sWsediccJMsGTayzXtKWKkAaYLN17KBa78otHRrFV2x,syncspace
4NLEGWWBHDNnhTCxAy4zsA82VEnxfVAsVRPDhPHC9J3Q,J9z5tXFQPmxCjwUYEHMfRwRUk2RPyqK3UY4XvPes5Zod,
4NCSCGoAY2UDS7hKDSji7r7F22AEf8gtWFyFshRQ9zdr,2jCANQUeYxNEfJL9pUdPRGS1GJjm43LBvuxMAhpAnBum,syncspace
4NC7GMQEEesft8VrUZHx48uBUgAxfi1Du8v6EX5iQNLa,autfyCR5psTc85smVAcGQajFT4TC8xxPPH1wvJu2Grr,
4NASgDB7fiehpVewBxhGZWYYMTLjC3onHNBD9SkRuwwh,4AzJbQubLcgvUMGFfZ3p3RzrthXPz3F2WnvqXB1eK7m1,
4N6v8veVE2XDZcqVtsZzhGtZNur4QKzRvjSpzj88XgRt,AEaMxfnmSPNGCfvG26r7gbKiPVcBWdqoVth2AuYyLbry,syncspace
4N1eBanCN8hrkKgMCfhmLzyttcxFVL8hygRK5QkdQ9Xu,3aMwUDGuxhWDfcB7hXmTAmNHiDgLRAFxfbFDmXgK5okX,
4MtQryxbozBTXapKvpxwrTb8gsXsMnXYbKe2CrkbmoGb,7D6fQU9GJSaQMFMUfa6bjNZyfgMZrY8h55ZgfRtt3hzG,syncspace
4MrFFLMA8buB9rBLJFjoijibohhxvHM9AWCdkSx5FkqY,D8CRAkdk9R2nhWniUJ1M8tc6coaw3n5XNo672giRe1wp,
4MpxuQhwabWpPw7qoLTE69A4gjiCJV6zq5sLwSSHE7zV,5wceam6f3i2PNykKQkomeord2dhxsmyTEaEFxVLVaegM,syncspace
4MoV7scCZimzXtamLwhF8gQuLocWWWXCRFyC6jPrCHAc,Hq23RE564UaA9WNxMmT9Rtpr8RFUwaYoh6XrGnkMoUAc,syncspace
4Mf2fBmXwBicVFjJKAv2Mxo5fZEqoJa7Dqcb96zemvXN,5aqRD3pYWuQ7cWVpf7xegaHxZizw36giH1ZGLReVwAK8,syncspace
4MdQyGan6PTz1EynDUzskP83wEYN9WqB6iVYJuc7je2j,C3MBuS14dMgyLw72jWKt3HXV7HGQiJcduVkzDs76A4eC,
4MaMjXhqUavFJaNczbQBQDxpQFWKweSWPnpQhML6vcCJ,5wceam6f3i2PNykKQkomeord2dhxsmyTEaEFxVLVaegM,syncspace
4MPDccDgeDsew8q6EUy2q8T8iB4FoA6A3CUHU46T3uzL,GjMUdtCEDBVVRYphbJ2nsaTsHWdGYo4HiF8tse4dFiK6,
4MJRxp4wGEPMGC1LZusK1dJZugPGDNWet2Jku3Po59tr,ERRPaGbWvpMVQaXDoLwraZzt7yYvyk3XkJDci32TP7L9,
4M23KjtJtQ2QD6rEVaDwJ4Bm4yVkeMbW63kc1R4Yqzps,4jgMAwL3wwqkKV9rBpiNHGNNVxeLyRFM4pd7dpLjDVLE,
4Li3tNbjJ8tmSVVcTVycHRgrjWTd5M6EAZgzzhQehxPp,D8iwNWsfRkg6oNy7AyTevRxNPGUKZZ2oixoqLiinSSor,
4LcnpqpZAvqz9gjcF9AUNH6h52DwtyFbvdkhJpRxkKzy,AwcbpyGPiNdPrtoBd8UpyLNF5EaszrhXoKqcqqDoHYp6,syncspace
4Lareyen6qcknqNMSzwKYZt8KuPiTpKA6AqjKe3Fq8Wd,5PMvfg3JiojV27pnypNnhzFMvUpDFGcnRuAK4GivrRfg,
4LaUAPbrq6aAmGf7Gm4c31U2i8PFdj3coDW9ESwQudPk,GoZAbNWQDsWEqvmy8vZGtc13VVVsJbpg27ghQ3KBQJ69,syncspace
4LZrjhs9rFJnjYpT3nFq24Ba9SSvMAFEQKKaQTDh7ABz,2DuxGN1jsaHu69THhoR5ybVoqcctqYfGYnLJNVxgLEjN,
4LQwvGkfm14wcuhU7n9gVtJdwXfRgz7PQ8W9JtpnrtVC,5wceam6f3i2PNykKQkomeord2dhxsmyTEaEFxVLVaegM,syncspace
4LQNj9nHemirySLzqETWgcSAVLqoYUfKXdQzQdDN327L,6BmnZ6VG8WX2QXzBasVEXqgXPutzxvwvHpUMg21Cpz5h,syncspace
4LN1i1G72WYvJhaGTjGo3ihJ7QrakA6HhwKwhWEbFeZX,8wPVYS9DmbfubK4ypEooUZAZidUC2VyMfttukzYdUvsQ,syncspace
4L8i1weYJzQDpMmHoNEZZR7N4GuPdMiiKP55JmifdpNR,7LAjESa11JXDQHfPye1JC7jvVjtYhignL8QdL8U6VCgn,listed:magic-eden
4L7A6Kp4c2VSgAUtseTpkg8Bjajzx5zagRGp8fCy1e3Y,aumuHzMdUFiFCvJ7kk1djU4CViSzxJk3FjXTXgvdNZn,
4L5f5HSR4boyC8f39ZcfqRXQyZGKP3huaYHdEnE92Pmb,E6MafktJ79ksKBG3uJDReR3pWNq3rLJTPQ3VpVs9UoTU,
4KxCFiw1rtHzAPwSpGc3EvGvYMH4pGo6hvN6Tg23cjGM,4eVcByLcXGavuwEBzJuyPGH6mUzrJr4u6kcdhy6ZJEno,
4KrNyWEwxjhuUHx4uN7Yz3WP4mGC6tFF9Ur72nmLkyXB,9mqQnYrsCE2ctDteAeu9QkBmR8xkJgjyTg6M6KmqWV5V,
4Kizok57ppBxaj8bBwBEnJtWaNMXZo93c8QG6NSnpFYF,3nSbnr7fg3RWUyYaq97smY9A5zFbwc2DDXTVfVshVuRp,syncspace
4KW9hEgHRooPvKMBzz2PCw7GM48gtKdrhpKrFS31WXDR,CGpaxKop3B4gkhwn32fnRKCPmRE72KpxoWcKLBR2B8vh,syncspace
4KNbDvdSnL8EtHLYgvHrrWKWBmCSNGvQKEHxmHe2uSmZ,FrpQzGzUt3tmmARHCtRKfDV5ddFtt8k9Y5zr7WtsRUGk,
4KKGPgHtS3RE3mVp7Wy3tf95x15EumJRCmaBmPKPf3hn,G1rTKbU9TwsvzL66Pevc3CwZH1sGyEJP9fyEcnVGZWUd,
4KGdHh3KPCjBdNcJfGjncNytyNFj9mggTZeewUWrU1xY,G1XHiX3vdfBA1koSQNnd5CtcwhXkooQvJGf1ZXTzURkN,
4KG4ebXzw9rUcwhDrqDucjP6pvDycFRynpSNHGagZN73,autfyCR5psTc85smVAcGQajFT4TC8xxPPH1wvJu2Grr,
4KE4j4cUUnLWGgfnZEVki13cBVNd9CUt3GTLcwgcpRpt,7V7h8LP5kWF4fajM1ssCNasWC2DvFFVrqUdbZFA56k1w,syncspace
4KB391bpQrBgB2oDwMSGzTty58ax2RT1BiPXX84Y8h6H,HLQQovWxjd4XED8vzCUyyz72eaWW7NJd5MdE3iv1L2iL,syncspace
4KALJFMxbBBm1rUSF88L1Ue3UjrdkD8wEmnBSvm8HWhw,aumuHzMdUFiFCvJ7kk1djU4CViSzxJk3FjXTXgvdNZn,listed:magic-eden
4K5XFR85c5aXj7d1ovJ9mLqb7w2P96VSLZUaBCV7MuGE,7qQ3y74NWD1xxmCfmf1n5qzqVWEaFHiteormHnZHbFQh,
4Jsjbb2gFqSJYuBkJ1b8U27m8w9QJWahRUGGPtXusnwT,2yEw5qTq4LXZ3m2L9KFH3BBLzUvVEadyF3p5PwhhVGCf,
4JpkV6p8Ludx5Y8GfrngFvGEfYgEgMGGM7yQaS22TpSF,D8iwNWsfRkg6oNy7AyTevRxNPGUKZZ2oixoqLiinSSor,
4JUiwyLxzgk3WRFr3WFPuqVaWefRuMJSfwz6pbAuMN6A,6MVSLX1t7D3h5YHmod9uKTX6HnczsEKhonCn8izNu6fs,
4J9RaujqMjJoBP47PFpQ1zpto2RWQZTheE4j8GuLPcx5,BcP94V9puoVeWQACXC9MsYNZFSV8Muobh2r3d9CZpqpW,syncspace
4J6CtNrEoeqqCqGaXZUE35zbfEziWffeAGh18ME8ne8u,DnkxUHYP9TTqNkEEjsz35VvZ3FfUg9tLEVicdBjmRMxk,syncspace
4HcepmjkantE3CwBeFm6Cr6YvVgDLKSnzERg3Aeimr7K,3Js6HQkAh9yCdv18knRhyXZDrY6ACcBBXZx9gWnDCpCo,
4HUqLJzrc5DUeaJEMj9u5sN4MijYy6p7padk4PrNFPBw,4LmSt3e3ryXjEzS85QMLvZU6eS7trPbUPWPLNaKoLD4D,
4HUN1pVhybyzcWgURNTvQS5QYiwnGePJaHWLae6RNfuw,8NGWUn24LPkjyAGGHPcN5ZyyKuQmQSYARXH29Cb9633K,syncspace
4H28MmUpTNuBzDPY4ivVgd8ZBam5u92yqFLYqptjEYvE,5k15YfLg5TmTeVUAuxpQgK4r3Dzuu9ce6RwmKUdtDXYH,syncspace
4GzhaqPvpBKvjaC8pbhyriYkUtahJ1nGQYNYaYmjFTfx,HAVgN5DDRBgQJGoBVoFKbb9Jd5s7sa6o3jvKR5u15H1J,syncspace
4GwZiehvfYSUC2rXFxS2Q9H4aP1GuPFDxjMEQXDihSGU,9x5kW2UTuJ5jNQW31WxbVAaWn5jRfNUJUq7SKCR9pQam,
4GsrqZ35wikuXsXnVQpZxveJbmNxMTW4yEDFiWYnqjG6,AkHTrLH3yCgXJh31Tb8UhQJxJKJFDpUND14ZfUzvsRG2,syncspace
4Gk72155Qmb7V3QfgKdHcQnJkrKDhimW3anc78TZAzm3,Fq6wJvz1nfoLPhQE6u9hcdpzqGXvEVz9ap9FfVrSzFWb,syncspace
4GjyqXez9r6EedDEc9gDKcnYGubgiPAnVWi46z5AWRFy,HxfeAUBSopqkCyNJ8mYxakQNMEfU9tJbmhq1fYkVN5bn,
4GipPx2pjsKLGMRK8EWEPuekfYfucrCKd1eqwxCX2kTb,5wceam6f3i2PNykKQkomeord2dhxsmyTEaEFxVLVaegM,syncspace
4GPS9uELbMvJc1aPkYSRkKNtwP4uYVAsujK4zqoS77Bh,G43e2oSgeTEaxN3vc9iCKUg2AXaNhfs6KtRwoxgZ6qdP,
4GD1HKPFqLDaYrqPRERMrYpft2wTSBVHQAzWtL9vP1dr,5WPrfMFeDvGTdsprgJzEQuemuBzvAzuYR27f65rhLWLc,
4G9LYsmxpLgGMgUTy4EzeQZo9KDPdXYvpifzXam8FyzG,6ZV8Z9J4LC6uU4K6RqSBij9uF35vfdWwzJoH8AdDQX2J,syncspace
4G8hpMjVdJf1jikYnBiVg1dUbyrS4tq5yeXdAf8ZcuDt,auryHMdwKGnjU4ZBjtacvARm8DcAVgEzYDzzJvVFfE8,
4FzzHHwuiJm5JigXaJfv6w1qUj8bgRMdsisB4RwRm2p2,HwDbffgRdgtQeL18TwyAV4zFRrA7GHwqYCdNvhx31wSu,
4Fsx5ypVr5SeYuhMiU1XeQDkdygc4ifuPoGSk8Sm6dbe,5wceam6f3i2PNykKQkomeord2dhxsmyTEaEFxVLVaegM,syncspace
4FsrfLo6hmTeWTZYJ5m8X3bSMsZorxybkZbsh7wuRjjR,auryHMdwKGnjU4ZBjtacvARm8DcAVgEzYDzzJvVFfE8,
4FscrNAe9bfwJCBSegaVCrb5tnnGbLetuwYbLRzoH76X,6HEN36hroHhDWZnmXCZQcvA5CsiogMmUDNByFDK9SHn8,syncspace
4Fdg7jHW6aUp49Yzd4RtM2nGwffxvudVsw3DAXxCcpBm,25TqXN4ToREvj3CVYJcTP1MWbbi9Dd7uUeQ7uTW7pmnU,syncspace
4FTLyKWfqMvXQrb9r9UJLW9oYP9SHqT1HqHyW5Ce9aK3,2Ga6hzy12f7oFvS1zSYvUmvA5fLWiNP9ep5q4NdruTci,syncspace
4FBN21pz8VFKSpZ9NNnAwvxw4Bf7rFgDpwTGpCB34yEY,5wceam6f3i2PNykKQkomeord2dhxsmyTEaEFxVLVaegM,syncspace
4F8ECbFx7g3dimHPEj2B6oWqznYsKNSNUmjvoggbBZX5,GebmoHLs9mt5E6ntUvCS1PKm7oe9wM1TUkxARMD7r7XH,
4EtyafPLYR497LT9k6mRLdgQ7GrUWxF2WTJNBPAfidfY,3eSSDYzztYHfGVG6UaKK1ZRsw165aCmirUUEHwrhdbGH,
4EpJLEBgJyrPwpsaPqz89cbj5AGKAdnGAStUx4e3eefG,9dAnAi14qAMu3jwySdT5XXCgtKrrYDujQBqgFGXdbgKw,syncspace
4EhMx9wMatRivrSBQLaZFT1bkWSvr21tqe85ifhRfrDu,5wceam6f3i2PNykKQkomeord2dhxsmyTEaEFxVLVaegM,syncspace
4EfqAwZjVxF6TnY6BcK2xDhMLJ8pMDZoMDt6URjrWNhe,4LjojFuoPkQiWSuSve76aoRCj9JG6LJ1JBVP2kujgkEh,syncspace
4EW1Yq6Xvn4gWruB8pni8D7V6S6f8xafUQvrr5efjLHy,H4VhUXEdhHvW1YXqPqMTLjVGNANGoncW7zcVf4XKrhVN,
4EB6W5gB1ggBbaS6r3q1NyfzcHeHnjt3apxnU6ejuvm1,6tMR8UKEPPcKDbLx5F1a7poY4JV3vhmKN8p9a4DtC7LJ,
4DzmmzJt8R7Y1jPHvgxMLK5NRs5RqdBfhzxLQ99JCT6R,72gejekPpG1h6EoS6sFeBhejrgsCotLFMhKnc4B2DkeW,syncspace
4DkHmyZBjsRLNKocFsiTMY1NcctcJncEsp1CpveL9gj5,BZ5fjb7xYenfwc12pVJV7A6aiot5SssKUHnxfx8SuBZa,
4DbY9aNTas41hTJmiwu66QeS1HPzdaMLmnMZWViLxLHs,2MqkKWBng5Rrc5kUAqzn2bdKW6MW9UNP9xsp4HY4HuVk,
4DS94ANAXgyAyi2392xdc4K9dN5HYMmSoWjuUvhRfE6e,Fa8TzVCkeQd7ZMcGNZEvC3kvSKtxMymdv1gCVZoPexuW,
4DLNPBzDSXjqhiD2oXZT2JUHUuCbUtdf5baTT5ZgLLyZ,5AysHo5vYHYcqNaJ4zrKKf7aRFfWXCCtQ9gdPLfpudfA,
4D4pKF2gDC9PY7gdwMoC6FJLZhzvFKrcqw8MFebqgcHN,BTnghb4PcqMuh2AHifqemBepLZPg1TXCVcWGLKmT6S85,
4CowqhQf2G63RnQ8Uop72Taj3vYpWmo7rQTJ3ATc2mqK,SehdC514tTy6aHf3QikX7QpQzZusT7YesFWifuw36ni,
4ChTMHUTvsL6Vy1Thk5MSRTwYRjNgnnmbpVMU7kSVK2V,7VgCUHhEVg9Ttt5HBACBryYgAquxpyZuL2gjzaR3kfRZ,
4ChMVcyHaKwHm5nSyy4fPM5LkHzu1fbuPbHgNho7JGR2,4qYWqy7eVddKcykU7XtpLUrKYdF8VtPobn6tUuqKhWtv,syncspace
4CPXzkQAf4N5ssu5z2Bcrc6aM4czdDKzDDsjtodX9Pgr,9DujgvbL1noJBkS3V2Nwi5JKJ39VXPvRFsFrzfYf6t8C,
4C474KK6pAxmRHvhEg3pY4ASgKnHDYwAUpvPVWqWaJ1p,9Cit671hH3ySx7DEMuCEtgBByUDYgse813bRe7wg5b8N,
4BiefkFHZyex6eegvbHqmCddTm14K1WzUDptq13DtBrp,ECrCEVZ9Bqj9EuRJr5wW1A11aV5ctrHbqyJXcEX7swwJ,
4BfwcgaRtCiZ7xmPABRo4dQkQJ3nj6yvgyjnsf8ETjrm,HtG6hXqM5KZ1pyLADGMZLtu5hmrWeDoDFUKtRnGhb4UV,syncspace
4BbdnDLVFKbc7PmnWSSPvHvrVueMaLEwPpg7N5Uq3PMd,7WjLuC5juEwN9LxLpYj8gnAGEeBtSVEaMS22Gu1N6T1g,
4BaR3WV8VUcCPy1kM8JjN7xkpon5Pnycyxr6vNNmEDDC,DVNyQuvRNDFpfMDvdnwuq8ToKsLuajx8YfRFn2YRwvN9,
4BU9C58STZK7hKtPmrxf987HYwVADi1pAKGxnp7BkLfA,77659g2J7AfZn2Uum6EHBjkXp6ZqTk1vWGbV9qJJK3Wj,syncspace
4BTmVqaroBxWZkRCA6UApUqmA9gsRAceEmjK4R6sdnXD,5wceam6f3i2PNykKQkomeord2dhxsmyTEaEFxVLVaegM,syncspace
4BEyaps5kJCi7wiDpkpmdLAisvCSHXPidD47abvZ5F6D,FRnFVoakjCChVX5DSSfoyKtTqod36uQyB7deXqNB7XYG,
4BEKM2ercUuM1Z286t8DkHVEEpZn61ecuYr1646eSYCv,5wceam6f3i2PNykKQkomeord2dhxsmyTEaEFxVLVaegM,syncspace
4B6EQ4Fpf3d9Dfi324iaX181rM3WwwGXDVznjUukV4fz,HBvKBYH8pT9HgvhEV4V7nASvAECaQUpKiaUiumKrJnF2,syncspace
4B1aqVyipjouhMhtAp8Af7WQuiNHGYGjCwWzstcL8zG5,4U7tf3ChxC8mr3KHWnkV2bE2ogBJK6q8LHLvU1F9BhKa,
4AtfDPgJDEp6AyAEzv4hJdCNZAxvigAN4pAzKpNxoj3A,G43e2oSgeTEaxN3vc9iCKUg2AXaNhfs6KtRwoxgZ6qdP,
4AsYvSgtncFDbPzcNPYLHEGW22wk3HpYFU1DWucJ2RqS,Hg2gqbjGgL8NZDmJk6jfqskafuK2pPqccSq5FqamaTX2,syncspace
4AfkWjpRBi8RQaJ29rbsfCX1vNpdKz56ijQ2Kga2HMzp,6LnH18SQsNqVN9BY76zCsNP8ur5XVQtKgb2t2iq9aZfs,syncspace
4ASy3bhhE9UzSaLmvfhg8Do2D1oPDzL6rEoBFeC8oKVo,Hq23RE564UaA9WNxMmT9Rtpr8RFUwaYoh6XrGnkMoUAc,syncspace
4ACtp7JdXAa6JPomBZwV315arJoQjpZ8FKW5gDSDxvjw,HEUdcnYsFQs62NUFoY45s7kFe1GDCkvYzUXx1VZ8EV8c,
4AAYTp1UQ96ddxUXzVWwDnXRx2TbXK5a9445Gkk5BKGD,FU1su6RsUm2U44Xhx5tDXBBAuc5ZcveATCBBBVxXonZp,
4AA3b7RQPCzBZMrMFaANQJFWALopZARSV113SL6aM2bR,9qj66zMkDdUBFw4GaAwKBgyyLfYRt1Ax5nmQGjhV7Lya,
49zx5ngQDtaDZvs78W6QUJ9MgS48hAWS5wqPU5hvMsDR,A32mpGeuBh6DzZFUGJkwkYXz2bC82yB3xoCMFZehNYtM,
49wfvGX74SLbsdFxrWErnUyCoVyoJNj8ikqcWTjSuUy3,EGrxM1YEc9cjJQj8AeDmQJh3LRn4FrS93ZQUKj3ccjrA,
49qwHCU4pcv4QVN71CBfAmMCEaoMhHZgmmhU65RgEk1h,8jSGmgecSNZNVuQt8KHUTkx7tH5xCWux8PFM53tkhxsb,
49pkbzH1ZjXxpkJf755Kk9CeJnmS8PoE1GKzZJewhbKW,CiS1udKWfC9tQqMLE2pDCryHMUyoCaL7PNWY3hm5o49x,syncspace
49patE31bT28mnxakanma31ZpEPD7w8hNwfEmJnnb16Y,88gNHWScPbq75QunYtRi84YqvKwJZ1cjmqrF7chp8VXo,syncspace
49n2933aE9uEGRRRHSLTab8XQEHDPeyQjNGEJ93GTLyS,E3v3UYxcXAG1uEFXPkUVvE6tvzeT1dqWhwbPzefexLSu,
49V4R9UTRn6mntVD77uAnpsNHMUk4BH4bkcPRM6LRBi2,7ZgirvYvJqKVo2gXVKgLSVYd7e7iZkJynMXV1C3ZoUsg,
49BJbCx37cnGM7vqyKuKSwJhcKwXtqC78eDouwp4HjCd,5pMXp8atTUxtJ4f3AkV7yTsDE23xwojpsC7MJA4CvqSq,
498mvAiVo86xMaq7p13S3knGTiscvNXucigaiG8oazuw,4U7tf3ChxC8mr3KHWnkV2bE2ogBJK6q8LHLvU1F9BhKa,
493foLMGM7h3wW2uveeNnnNaNDxAbQUiCUsDnxzAbFmY,autfyCR5psTc85smVAcGQajFT4TC8xxPPH1wvJu2Grr,
492uXobWV8dixDhSgBDUGFQmpFtP2xtsMBFnbc8RAh1q,D14hUzi7EvG2yK53KbzMRemt13QP5ft2yY2cwVz6P8qg,
48xSWpLSMvVZTg3CoFNTJr6kYtrfvB8pAySC7EmiSpBe,88gNHWScPbq75QunYtRi84YqvKwJZ1cjmqrF7chp8VXo,
48w9mknip89iD5t72FLsg7GNv1i5gdi3BBtU7nVVTWsj,59voGb6AkVtUxkgxeJbWJDKSpHGuHZRdrA1jYydVSRVf,syncspace
48oD7WnXoby4nLG9uk5jbpQNdHfx2CPbzShvbQLwCiHx,3LZhyofB2EhFSXDSuJShxj2Yit45noPdLLfAzbL56rMj,syncspace
48mobs87BQW9fzevKz5i4ZKsUcfctVBc5PLa4fHBALB5,5ARGcGNH423LYKUvzutYLjv82mN4MnHBEujTCVB8kvXf,
48b59rJpcTffPPvJs7yziLVDuYUvMfWTwrr9BxLYoKX2,4U7tf3ChxC8mr3KHWnkV2bE2ogBJK6q8LHLvU1F9BhKa,
48adVyY1MtMvvxxCLMDSh5ph5h7kw7Zd7DvihmdwQYNA,9Uz8xugcnJNRBHpS6yxspBWjYR4sEf63d96EckTZwpNA,syncspace
48RHxjbmgFdY98WYqiMv7J1fsDTjth1dzodaQvVgughc,376hh6va9939Z4k3V6QdU8NiLXZSKsrSUP4MhNDGz1AZ,
48EVo46c3VQFNJ6WCzM6WJBhbpnsobCWDEQvUeBExsGC,ALBtedV6PETbJrJ1nhcmCJzHL5w9skzfMcsYbSnmwp2n,
48AfYp7W9scE15A5P8NBUe54gHUqKJyNyaL2Y9LKxsrR,9drKBLQ9bVTD6sXTnLQvS7Xy2KhH3Ku68LZszPjrxFTy,
485zZTY5CCJW7ntdp4RRRoEbzhiMz6nAnSpEkjRvCyXb,DnkxUHYP9TTqNkEEjsz35VvZ3FfUg9tLEVicdBjmRMxk,listed:tensor
47wmrzZYLeBZaUc9f2XWVP4KmSMZYCArMeK5ugXrpr6q,2jAfYBVwEFtzoFZtkTuYZXsPuyBsGbBB6fRh2cb7kXdH,
47u3uk7chFzehu2t3U3kxUtMT1pc3DSMi1szihvodFpo,FoAPbFtWeEBA3PYdaZi8VVb24E96vRGje8CjsqKmVvKC,
47tALFJc333rPesiCg9QrWzDNWxmcgiSGw77aZY4bPRL,Fa8TzVCkeQd7ZMcGNZEvC3kvSKtxMymdv1gCVZoPexuW,
47sgD9w94TQD86ANwJSA2T4zVMBXNcAnSMAXAKhvFZXv,4eVcByLcXGavuwEBzJuyPGH6mUzrJr4u6kcdhy6ZJEno,
47nrQDf3N5oz15FRXUA9BERayk3q3QRuJ8sTb1v9xyBA,3g2TUkrZf86bfGQXcfJ7xMCFSmnssdpeTxe5V7y5GDpb,
47jY16w4TgT8PJBxpHrYUA4WvbejxFQ4sm2FXYj6KDHC,2Hm3dbAYBCSdoYnofVYpLrzETTQt613bpaQ3SxnKxZQc,
472MQ3dF26iN3eNM5t2eUSqSMaeTDyUk9fr5kJk7srQw,Cz9ZSoCfQM37tzHPNCCqwohsU7pHexWPNBo3K7kcx3Sd,
471kfsZBnnDpGCcgVTRoQV69xsFAsmmwp7YTfB6j26ax,EWmzVeqhpzmgdvJGND3MB6hx9bsX2stiRPJmN4iLjRYG,
46xZ1Fp6e3oxCo4yTGYMxQvsin2qdohm65DyCGPYejJo,autfyCR5psTc85smVAcGQajFT4TC8xxPPH1wvJu2Grr,listed:tensor
46x3N1MXCzqLNeWFEqrpAKubQZ28H1L7gq2MduUpwrQ6,5eh4Svgq7zaTg2mWNA99M2GMd3NfHfYViSoSCGLVUgcg,
46vz132qH53iq1xuzY1iTMt3jF18UPvaNmiF4UrKFXt6,6CEJhr1Z5GWxLsk5GermUfPc1511EH1S4WJAaazN2xWm,
46v53PtoHqdRvQXjoKnegsZU5VXnMi95jR8E72Usfqii,5wceam6f3i2PNykKQkomeord2dhxsmyTEaEFxVLVaegM,syncspace
46saabRQoXNBCKeaosP3BH2RTSsE8qzsFqCu8Ei1PqJv,CbazUZdfGVzTRB2UubBN5tE4uSXVY1BRUEwwHSfabBDJ,syncspace
46oc6bBFberCHuwRX5zrxuU67U9vK2rJpTsfpmSP74Y1,G43e2oSgeTEaxN3vc9iCKUg2AXaNhfs6KtRwoxgZ6qdP,
46mbmeWZACbMVrN8VFVCuxwQZjzsLq7LAJVAiiPF1xvg,4qYWqy7eVddKcykU7XtpLUrKYdF8VtPobn6tUuqKhWtv,syncspace
45zvCE9hmYBzDBDqywpnuauZNcYvPgF4U4ckLPBnm2hs,auryHMdwKGnjU4ZBjtacvARm8DcAVgEzYDzzJvVFfE8,
45wRS9fAsJXvjsaMnTLfdpypbYZo2gqFjxgCAV25xHy7,8mmvKNsCiUnUXZacDaMeoxA7PgtNiHqdsRDpBGPZyvST,
45tyiMTeZYm3eG4kujkatjHxZ7YDdpmfGAf2Avv6MuZv,6ZV8Z9J4LC6uU4K6RqSBij9uF35vfdWwzJoH8AdDQX2J,syncspace
45qitXJnyJ6ZeTcsAy4C4Wi4st3pcE5g6eBPKXPdjJq6,6gnksCR6m3rqVddLQcdQLHpHeT6KPMN25XTQt4akcryi,listed:magic-eden
45VoYXHTJCXjMXPBiDEBsrAmbTpjHk1Zq1CFrLGoF9z6,CqA42zXaf5zXk7EW7jtCLfL2uH1efuB9GtTfjfJ2hzoq,
453BjXJakbYd9A8P4MzKroaWUdMhrFZpQ9uqmCqZPq8A,CB8Pr9uzrrFw8BFnCqworH1wMa8DsmbSKgUNwVWnDGrL,
44zC7GYjmkBHTN5owzgfoe2R363eknw6mvyFvardguAu,CJYnzkWkoz9krHAsaMNvyiBcStbBMyHvbxbEDqJVNjQT,
44uoxuCXZw5B6LGozS48zyogFbaNLpawMRxm77fNJ14M,71HtZCnRRWaayEg9HrSoSmfJMwjsBdNiqGhGShCBNLpp,syncspace
44acLGuTE68DqNnD1CQbcqoPWu36FPZB1FTeXbNqm2rr,FRnFVoakjCChVX5DSSfoyKtTqod36uQyB7deXqNB7XYG,
44NB6QiyEVSPdZdmVxgRCi41ZgfHboX2vX5qP6QsGaeH,3j55KjrSyyegk9r8gGNNr4Np7oQaktPr4wWh7DVu62Po,syncspace
449gcqyRnPR3a4KnhNW3qEpeHwVsJ4FuHxEVuMZj7XCb,7NkjghEGHEuoLik9BWY4uUMDa52qZD7KgiCAXXuxvTnk,
446E8zxBvDyXyT7yo1udA2EgMC15gqiLy8SisGqwULuH,AEQ4qTvKkV8BKgpYv2pRhwHHHNbKP34isp3bHZGSXUAq,
445GaG8N1rLhYpE6DkiNPDFCqwr28Y7HJ5acPVCSa3FS,88gNHWScPbq75QunYtRi84YqvKwJZ1cjmqrF7chp8VXo,
444dobRvb2fSrn5oMcM2Phzft6Qn3k1gEKTuEhJQveBF,D851CEuaPwcGAMR96gr4yZXNPKnJpSrdKH7PcGpfB5P3,syncspace
4437ZJx8zSKt33cs6AgqMQk1yGXbLKwSKeDjQzsCRcmK,Fzx2MEY6fuwjoL1g4Mh5D6dcxp24HEcdZ1QsrVxE5sfs,
43hnWYvX9vwmU8vVMMEHEK7dPafT68qGMW3bzyuzPyXU,EhrEhZKgstqHHN8VNxBGQMUE9EJ6qtitvwPN42x6LXus,syncspace
43ffroNbqiumhmkVXAUBxYVLPBUAnnxhgLPyW31K4C6o,B1VMDi9rw7QPvFfqUsSTEohwJee6PyAMJUimUyyw9rS1,syncspace
43a7xkuF5mPmzuimzwbE5PzCq2ej8FuaSJHpfys1LYMP,C2pTu783S7b7jK4oC7nifvxFF9VMYKJbEdGqUVDqLVsb,listed:magic-eden
43XaZvRe88Xd6Uq4nmw9W3HZ4KQQkg2XSHLGRkDBrEN3,Avs6GodXc7oJ8XXZqSBGpNYVV6fmWhVx2Wg31LX1FNvm,
43Qr4dH9rqDBSENtLmJtNd1ew8BuvB98dFw61Xgda5XX,AEQ4qTvKkV8BKgpYv2pRhwHHHNbKP34isp3bHZGSXUAq,
43CNoDMKss3yQ7pUb5Kx6GJLGGnUxFVWnYeknzQte2zr,BHv5sd33NdvmCrWP5Tv2y9dHU5HMMdY1TW281dtBou61,
43BGdSapaBPSWPJgzuevrCRBtbWseTGAZNfavxMe2Qt4,22Pmtk76RSr3gMMeJ9U4y3Qg8uK5xBr5GA3pBd25U8rD,
431qUcnP4SteMxFrSG91dBZNqX8RpcrYqwN39xmq3LYU,3nSbnr7fg3RWUyYaq97smY9A5zFbwc2DDXTVfVshVuRp,syncspace
42rTC732ckTQqtcRtdnAFcgen4ZUjrcmApUuQtKkNpc3,8qC7ZLHZ9mdQq8X1f5JJnjsDXABr1t7cbkthLVZzfkwN,
42o842wpXz2tUwHtDGpu3gzigDgQPwzXCdgzcWbWmKR8,FTc19cjqNzYSJtRJKzgjSPVGQNKwST61s3CCTX7yWNTj,
42m8NirK9tLufDhWAvE7oeZ6v7p9EM9jTmaW8sAYos7h,GPg1UBnaqBjZS2XiMfEpgWn5YBJmNkVd11HXjYrDmVsr,syncspace
42joUWPTkGUe9kTzF1gaekfPdeKKowLiy1rmovaXfLFJ,ECrCEVZ9Bqj9EuRJr5wW1A11aV5ctrHbqyJXcEX7swwJ,
42cNXtKZUViCz4ej8gdhsL1gtJNvyPcUvNZCurRsxGxg,9EEKvyoBizSyBLeC3gqH7YcJ2KKT1oGRYe5SV8Dg5uaL,
42ZGhShw2YChmXNM2zz8kEpqyS5HMbsF1tq6PHuwurdw,72gkJscUw7WYK4H6sevY4qXERi9Zn9FmLWZiZbqmW2i9,syncspace
42Td1N3mrCZwjyaA1ykskBS5Hu22s3A9NTRpF75GQsb1,Hj6s6cRMZSy3fhUyvYuiURfrX1jL54utE88n5YyNejap,
42LFRdSKNGp18RfrJW8PYJPK7ssiocg59AxKv6EvCW1Q,F5bsqd4PX12mHGpqq7SkqAV9rMU4FytUTXvJWkT1aM4H,
42AKom9b6sZfvXwyt5abxxnm1CCc83yM43geBArSfiBr,7ajKJAWsGDDr7e8sX8D1YPuLSfySY98uShpTCWNKBSkf,syncspace
427LZZh7ofvrAM1tBMTspdSmiz2FdueReiVmtNF7NvYK,2A7AezBv2BWAptTGdVAEsC7kuVMQYV7MsBEE7zFGfAx8,syncspace
426fxJ28MKsrfdA4tMpFnpRKaqqvdoT88TidxmR1d7wD,auryHMdwKGnjU4ZBjtacvARm8DcAVgEzYDzzJvVFfE8,
41t9T9VjL2bUKPGbp2pERsG8hFF7Y3Lu1BV2GeAHC2Ss,2JvbXC2A4cQ759HdTE4ABVcZACuJBSUzisRXJnR9ERQp,syncspace
41srMgeqE7KGk121PZ7ncan1iTg2xsgGbETwCs4Q56Fz,Fa8TzVCkeQd7ZMcGNZEvC3kvSKtxMymdv1gCVZoPexuW,
41njY3TTpLPYnS5FMZdjMBvzhYVfmVvmnScqJssqNawV,6LnH18SQsNqVN9BY76zCsNP8ur5XVQtKgb2t2iq9aZfs,syncspace
41nNBDA7H2cPoFP1FNwEPq4WE6e2XRKR7u2aR9SBZmXR,GLXy5LwscvLKbEysdkDywyFg1rBQHb4EVQF9F8BQF3GG,syncspace
41ZcrxM5m3iqNUhVL4D4W8F4321YxXhhSzPNvDqw7Jtz,4U7tf3ChxC8mr3KHWnkV2bE2ogBJK6q8LHLvU1F9BhKa,
41W4ZRQ1o7BdRiAgaUkz7tpA7DUPXcawPmTPzTyS5CJQ,GXYbnMNrCyVSe92zpsHPC3wELNmKWKSKN8eHewgqxEUq,syncspace
41VyXgiWHsEtXtNMSpm2BA5fKY5EHQEoWWqBFaXQQ7UL,FY9NAS62iqRVkjSwzbWkSLammaLLa7WMduHkKd7oc6Te,syncspace
41GKM1Qht3XQmPx9BjGLPnusAc7eRvTAQN1iTyz1Wqdo,BbZboGu9FjZ3LDzbLhnAG2icm8EoVn4ABWhpaJMZQVUp,
41Dob5p11LRLcif32SkvJsNLMt64Gv8xCvPmwpwRuUCM,CZ4e1ZFsHKRKsucKwSGWBg7j9QZNcavYHxfdBgUmPMHX,
41AcMqr28rbtA2PX1U3w2hR45gp5wCzehYzz8sRmwSb5,HCbFhQ9YZ66r6WWu7Yu9CXSK2KU6nfzEKQxAny1555sC,
4195e33x6Y6YxcuMcB3yumL5y2fNWQ3d6rXm6RmT8GEV,aumuHzMdUFiFCvJ7kk1djU4CViSzxJk3FjXTXgvdNZn,
413nprd1caHrr8WXZJLqJUJzC6h4ejiN7hbzMhankdMk,BtozKzZwR7BkeNbV4bjiafwsi1sq7M45KMu6kJbPhRSx,syncspace
3zyTGjzraWhYaSvrYsYHUNu63p9f4mvqKn3ZsJN26YmG,DnkxUHYP9TTqNkEEjsz35VvZ3FfUg9tLEVicdBjmRMxk,syncspace
3zk7rDkK6niRJgQtXhSwpqK2gUAXT14oAstP9hajxjsn,2VQA3FT8tWRPgiwVPh2oKm1JTA44ocGspKn8yRZRvXiS,syncspace
3zd91RYRSvz8qZCfxFRa4VNYTBSyr4CRGipCaKCWBayJ,9wW2Ybptb9QfmoonLQx12FZPYtA89cdu5WdHJt7fQHpF,
3zZtcFRAttR99c6DNhUwLBe7PuPPNbvugNjeVqdToeMG,DTUVLn3orb1TEpkBmhZvjJ5fSXFU24RAnyscu8p4ELsg,
3zUTn1sGTN21xqBAs8esdLuGNxKZhmUjDQrzC3G7iqLo,F9QHwfpKurHTg8fh4iLyssds9r1VXcvHPDBLnWNRukvw,syncspace
3zPWdJ4xooHc5kHiH9buG1rNrNoPdf8ScMK77WH6cnvH,AjuPKZEcVHE6JFwN7j9bk6ySicZXjbfdB5vCH87xqtnL,
3zNycS7YN2iGVJEGDSbQWcFVJ3qakxSGpD2tSpBt149C,8KNDERFQePdbUUSWuPrEuAGtDqNeCrP4ddNYdJ2hpvDL,
3zHNDPnparMxG4vmJU5Bgawp5jpDApmAJZenMqnKxWBC,EFoQ9HxWhT1NCRetfe3pX2PS7H5rr9n8ubDeytJYexDs,
3zGEwTVw49RzybpXcxcFiQoGvcghRHwn1yxB3M7sNfH9,7NkjghEGHEuoLik9BWY4uUMDa52qZD7KgiCAXXuxvTnk,
3z3yfHszViVwALvCXUFcEv215LdTWH4qdosLmxauVrFq,aumuHzMdUFiFCvJ7kk1djU4CViSzxJk3FjXTXgvdNZn,listed:magic-eden
3yyiKGTNF1vykwA9iVQC6MzUkgsD5zcSRfbyN2r7BALf,3j55KjrSyyegk9r8gGNNr4Np7oQaktPr4wWh7DVu62Po,syncspace
3yyPp8ZvbxcmLdbuPtCccFUppVdMqVSzAN9UUyNfauh8,9QJju2WPtLZLYy6uLZJy8qpzqa1viwSJaJBXuR1uTj7u,
3ywyS62KR8TjUE74T7PjgUkMGa8jUTjTbiF9rm2wU1Yq,EBQ1krhruYwgaeS6C3yvE5VMGPwZaLYaXfJJBxyqLMbp,syncspace
3yt9CxNky5WCt4jVsbX6JMxSLbABfsARSr6UUSUQj8UJ,CvcP7RVR3kQNBdCUFbwZTs1gygqsKFjsmfR7ZvWY4G4A,
3ym8gxrizJ2uRQUuv85s7NfDLaz2KWf6ysLX415vS6WC,8NGWUn24LPkjyAGGHPcN5ZyyKuQmQSYARXH29Cb9633K,syncspace
3yfcZsZiurpYEwJAwP1Ymj9ghhWJuBti6LPmEjdXeXWC,7PgacxmZkYvvvXUNQjnJnhC37bAZbvRJxnbCR85yKTpi,
3yfCtLGu14JUmMBrFWPRYa3QMQWzL7udMHyAwKnffHyM,4U7tf3ChxC8mr3KHWnkV2bE2ogBJK6q8LHLvU1F9BhKa,
3yVguBQT7Y6GZ5Xjz665Sx4ZwPkA6XBAQSr3bpKYYVrt,HBvKBYH8pT9HgvhEV4V7nASvAECaQUpKiaUiumKrJnF2,syncspace
3yUqG1iTrxdkB6C3TY9cBSPaNfdrmxGPf2TtviFcCrpA,7LAjESa11JXDQHfPye1JC7jvVjtYhignL8QdL8U6VCgn,listed:magic-eden
3yLE77frN8yVA3kYBwXQR1WRvMvxFVvnYH8ZLfXYf4Rb,G43e2oSgeTEaxN3vc9iCKUg2AXaNhfs6KtRwoxgZ6qdP,
3yJBT1ucmZXqzvmwpikdCYqcmW4qsiaihMVjuWGNxrwt,6DVdz8ygXvXMSg8FjPT16JujBiXFMbCim2tDcmqf5zG5,
3yH599e6yZFK2vq7pfqt9WDZjrrzEaheYYAxBMWineaD,5xPgedUwEzXCLjX6expTacT1MDFWS2hugD1e8XgrNDjN,
3yA7EnW9ubbNCQuFSNF97XRTMScZiCjnn4U2n8KfidzR,J6mENEq1yGYeFFU1jHENwwbUo3hjhEg3rtMa3RXPnW8a,syncspace
3xxSfkGcbxy4smCWumAV4efqJ6dJCf6h6P4LALCYhWKK,SeJ3rD99FjT5PtEbYcfHvbt1fJ6becwRaEqh6xxyQCC,syncspace
3xu6FoNHK994Ct6yeRA81UcKLrwJPpQMiKPKYKnGcCgR,5wceam6f3i2PNykKQkomeord2dhxsmyTEaEFxVLVaegM,syncspace
3xnKSwxt8wJMag882Gk586dmgs51LVoxkXaH3P6G7fME,BZ5fjb7xYenfwc12pVJV7A6aiot5SssKUHnxfx8SuBZa,
3xR928GnkHojfZUUUdVTdhb1Rj3eKZrZfR4i7snerxFF,3ijwbSGhaDDU5jusKYU8dbm7GW8Y8SjQ43xjxrPGgY6H,syncspace
3x4e8KcFQ3QaamAFvNrvQKL3jm1TY6boR2JH531xTWq8,HLGj1ntsHaPQA3oqP6HcKqYs9BbvQRQpLgw7UzsF93JS,
3wqhHYbekftiBPQHZhZBfuWAfey9mqpf1StcZSvoRP6e,CiS1udKWfC9tQqMLE2pDCryHMUyoCaL7PNWY3hm5o49x,syncspace
3woXDh1r5ARc9HgEAm8Lx8c1xWQFGW5QnoiDrBfkuRT5,2t6mKnbm1iDFaKTJYKpDEebPBF7zh2Wa3Xexqr7fSYL9,
3wSvXEaVKo2xAppMwzDUb83AX4wefeLSjqVpBD53TSYB,9qj66zMkDdUBFw4GaAwKBgyyLfYRt1Ax5nmQGjhV7Lya,
3wJ6Hh9ZXYpzKGQQVLP6x1iRLTWYSe5mfdAzrab2Mwxw,9ooJEM43cLZUZpn6hdL71tjbSxrcQZD7tk7u5dRZJkVg,syncspace
3wHWrmRJ7hkfQhFs8qmPXjQk23HpaGZb38XdQztf7wWW,C8EwY9937siXYBGLvnKi44gkjZS9F8ZjJqR7mfLeARzg,
3wD4hvYymkqedB4pRzc8BFFavvXN1TrepDwCwKqYd6C2,qstNWZCoEXK7Ro3kUbT7ujw3LUG9sxXHuvkiYX3JgHw,syncspace
3w2vNcdavtKAsqqWcwuxqj8t5x3p9DkrgmADScTJhKHg,4eVcByLcXGavuwEBzJuyPGH6mUzrJr4u6kcdhy6ZJEno,
3w2WbRCeLqMYZDSp2nYnikPwsbXqM4rhvH4yhmUWTcey,J357QZv4QPw5G3GwuVx6o8AhxpAac351NRRzGAkdJVXc,
3w2JBjnW61RmnPinLKHwDKHyMceEoNYo3HANH91tSKLH,HLQQovWxjd4XED8vzCUyyz72eaWW7NJd5MdE3iv1L2iL,syncspace
3vws5zMUDcb6djSsk5Fpy3njrWaLzKPooToueguoGXFZ,4jgMAwL3wwqkKV9rBpiNHGNNVxeLyRFM4pd7dpLjDVLE,
3vgPWWF6NTu2wCxRiKa2DUQ9KTdk7E4qqDtkPsBvz5vb,3FDL8YwuAwCgwY5mx9CnZjiBXkxZv1v9U8AAfCV74X68,syncspace
3vfZCzgDJQz4NQWCvJuH1NGNjawQB2Px1qZFbsLWRsgr,E6MafktJ79ksKBG3uJDReR3pWNq3rLJTPQ3VpVs9UoTU,
3vNEx5kqWkQmTyEX3wfjxs72RRJoWgv5Dh3anBD4FsCD,HRtwRVTmn6sbENbE8HPCyk8dJXURsLwBe6RMN9GnUpPW,syncspace
3vE6aicX9YjoUsaNV1db6rtVQ8JnNkczi2gs2DimVbJN,BNR9v15ey3uWaeZsNYGX5rDvRus9S8UL16hSgduEArFN,
3vCcdKWqL1V2YtsH2TPq1PzrQHxN4kGsqm7LLMtXoy53,9aBFShhj5dTCtzWNAR8qRdi1zX7nF4MvifmYZZgzDQGL,
3vCKvKQwMoj1LekMtgSeNPvXdBE36BHR6B9DNM7CZt4D,EbScW49FqTmK83BKPFVZWdrJ4XAfoATRT7bbZQZC1anL,
3vBVudqNQ6SpnnAmeNYVp1NZdkPZMHkSjtipvapJvPog,BxMJyY1EsNoWuPgfR3NEDZ8xxhYpn2eSERgWUjxcoztu,syncspace
3v9vc6ncZqmkv1Fdu61zmqjHXb5dXosmk958uijhbWwC,FRnFVoakjCChVX5DSSfoyKtTqod36uQyB7deXqNB7XYG,
3v8LsHg7Vphr2toa9o8PHgoD7qSiQTzpX3dR1C228VEN,5Fm6xVJPYXCJNYFJUAWGd4H46kezRjUpdhgAWFoWUSMZ,
3v773v4vDuMDrmrYSHL5eQh2qvYuPVJmXndqQKM4u7Lh,9vK5s36PCW1zAAJTDi3bDMtWf9HUx1NYtTHYv7DjdejM,
3v5qMrjTKmPJFtCBc3qchhc1FrT6gux2CzohmSxwFEKP,AkHTrLH3yCgXJh31Tb8UhQJxJKJFDpUND14ZfUzvsRG2,syncspace
3uunD6WWfStonuUEqTWEdKUJ89nsRNRPjrRZAL9hkZFp,5rxYfsXyfSd6yzutGXj6jdC2eVBawasTMXaRqAenFyWh,
3untNgSxUmh1Yu2r6U6cK3zGDo297suWcDvPyadDkCvx,AaAaKjZqZxqGFXv4gZA9MKXgv1rwYukMBeSaMDvMgWDP,
3uhhAQiFSbdypmTp6sfpfxfCPB7fcavf4M9EmZb8CR1T,HBvKBYH8pT9HgvhEV4V7nASvAECaQUpKiaUiumKrJnF2,syncspace
3uQNmSnWRwBBBFkUksdYJFXR7o9uhxg9g2Kbbu5eB3Sg,5wceam6f3i2PNykKQkomeord2dhxsmyTEaEFxVLVaegM,syncspace
3u4j44uJ51XKLVy9kJvznb3j6BzzYCXkv4rTNdnHXFZb,7ajKJAWsGDDr7e8sX8D1YPuLSfySY98uShpTCWNKBSkf,syncspace
3tzq88uaRXrdwfmhwSjMWFkDAwdkPPL5YdwosZRsa3ff,BfLpyQuepjYHUsvfpQjH9jryd6K4evB3T28kVU4f9uyc,
3tvF2SPhP1A2mF77aFXBjKoa3s5NaRkerKBXhSP2UGFw,ERAwRy69H6HAFaTs4bXLhz8sCkjGQA6DBM6hpWouRTs1,
3tjyw9ffbWq2QU2hRZV5TWprzYPxefvk2Ex6ZZXhiTtQ,25TqXN4ToREvj3CVYJcTP1MWbbi9Dd7uUeQ7uTW7pmnU,syncspace
3ti57WoJmeXD5uZ3iwHowQcTA6TtaqM4DyDmpzbKsSjx,G43e2oSgeTEaxN3vc9iCKUg2AXaNhfs6KtRwoxgZ6qdP,
3tQf3msRLaBbfnXUAfrb8sLqx1WsF1V2s7Nm6YKdCxF5,H6r9R1TC8HYZcQqUtyKqk6V8qrAmjb5YwCwoAs4ePCT1,syncspace
3tNNMMMXrkg4j24ktdJdURVNPdoKFoSxorpfpubGFhWL,DUiM2SFtM3mZs59WagTY8j6Wu1mxRSZC4yDjTWWZcXwD,
3sw2PnaqvLMwPMvSetaAvj7adUTzmgiasth8ERDVh8qx,HLQQovWxjd4XED8vzCUyyz72eaWW7NJd5MdE3iv1L2iL,syncspace
3so2ztBQjShL3xkJ9NSGfVUHGqY8MPQgjY46mS5xsUYH,24Qm3NP5M4yTsHW6NWYv2BB5pGFJCXH8EjWhRAUXUoPr,
3sdig8sWvvKEdGfdSa5x8e22T6PajA2bw5HdBACVANms,EqizHbyapy53Zz6sbr6wk8beza84xPGAMp3uAmWwiUwG,
3sWEQkjicPwssamgbsynhxXuwrcwT7v3eohhteMJxBXZ,TWfb7YeY7aTrniRJczD2qjYb8iXohputWWmgA845ebn,
3sW4urXKU32EUNQmVg5ThCygMM3wu6mP2X1pX2qfBcpJ,auryHMdwKGnjU4ZBjtacvARm8DcAVgEzYDzzJvVFfE8,
3sSdQ31CsF3wySawBi89GeuRoAhNdd3kJUGbv6VoHoTb,BUN2LbXVFskgBMU6Rj3in7nHyTgcm2xohQUckadwEMxt,syncspace
3sQgJnK68frULZdryAwZafmPRmdjtCK3TrFPPqkqqMJC,DnP9iDDKoJT2R9nxMAH1cY4X5awyKxYGNkreTzHAfvEt,
3sPzcZ1QYTjWD83ZvpghY6zN4RZDk2ENMpJVoFtiyG8j,7ajKJAWsGDDr7e8sX8D1YPuLSfySY98uShpTCWNKBSkf,syncspace
3sNzRaSK3xVgSqzMwwRwbSUZByCFZ8GCgRHRaCfXDwpk,9sZoyh6b1B8zV6sjZTggtaj7krhqf1udfccak6Qj1Fjs,
3s6jVvPgvVXVKrsop4ybgtgysH8zZLrxdnsvJqEKumgt,Gw28tdaLXwmEif32S4RpfcxT6NbbB4hjRLuzV3P9JwEp,syncspace
3rqTd4yWM4f3QzB84LFzEvinWC1vmj31MEc2nVi1QRTw,7DRjRHtP4ERsYDpkFvtTo8Rvik5MjqVzkap4wx4mRFmf,
3rnoUQcfi8Pt6P9kjU5XVVYVqHoJM8iGw6BjAAgKsG49,AKctBL2WvaHXZseyYCfHwQRhmbEHSeYdRPGmcwBxYHdL,
3rgnV4j3Cb9fZVafqAAqapmioJLbHNX8tY2GeZV2uHyN,CRC31hufGYYyFA5VvMupneXKgBVGSzUVm7akueEUmqka,
3rXihx3usq53BujMkKwDFG7pAHLygotFniBRT6RGqZzN,A8Eh22Bz5EApWXUr8ZweHShHmMpsXRjNW8wTu1ZAPRjq,syncspace
3rUxe1RpDNabHafdzw7gddBiL1aDBjVaDgSXuT8nrzyh,9pzgArHoJdiYcaoUx2wqYCfLJ9KJjUhpEQvNw8BULARj,
3rUtgAxWvYmuTNFcbRuQTF5KkRYtujTPigzhG4pTCyS8,9TAB2ss6Hf9MKpy2P9yuVY5ABwA9m4oWtMzhBtzRtLxA,
3rToz9xn7PZ8YnopyFN7Rzn1Y4fTJmy6VzySyCSKxuhc,8KtZYX8KXpcxoUXx7JpEMseX9qE8zWN5bgAYMw2gocV1,syncspace
3rQf6NSu3dEojT7yeh7WqmDNL7CJh81C4sLNQnEpYHGA,CiS1udKWfC9tQqMLE2pDCryHMUyoCaL7PNWY3hm5o49x,syncspace
3rP5mrcVCbsHC5fr1RjFcZrK5nF5A7Wo82LUh7CH3TKb,9QE2pSUnzF7gTKnSSQqKfBnVwVvTo76xrkccsHYbMr1p,
3rDz3FQNFcAvcGofnM8e86n4HTCeFkcukdkZXySv5KY1,8fvG7uUPru83hqf6YUbbftqWf83EcGiyVbbDDTwxtRF9,syncspace
3rB58cACf5mFM8gDTbSpXYSYCgd2zFAdbcih7y6ANMgh,Fzx2MEY6fuwjoL1g4Mh5D6dcxp24HEcdZ1QsrVxE5sfs,
3rA8chTDHqS3AJpd5yrgtY7j9e24ruFS6juKE2fxjivZ,25TqXN4ToREvj3CVYJcTP1MWbbi9Dd7uUeQ7uTW7pmnU,syncspace
3r9Dovt4VEUU83iWLfVReJrbyBvFZGLuSEiLBWiA2chm,auryHMdwKGnjU4ZBjtacvARm8DcAVgEzYDzzJvVFfE8,
3r3rRBQqbGSscwNWQPkyofHAyTtrjC4kabuBDAA6XtBC,8A2vh4YicVc9TPbzgvZz3hn95t4MkWTn8RshR2i1dsfB,
3qvrJZZrsMHoTQn9XKSVavee6N7dz3V3uFnBNzhz3QPd,HXb2YB3VjGMZiTbZiqwgKkcYwWzWcvhbSQNwV7c6HbZB,
3qhGn5k6QBJMQ2avgra8xRYpJc4zyCBwpQYJXwktJfzz,Fa8TzVCkeQd7ZMcGNZEvC3kvSKtxMymdv1gCVZoPexuW,
3qWPiRqNxTLVHqd7KzbjB6FjGw2RiiisK882LxKh3Nsb,ADqrk7MYjYrSf16cADA21mMkTTXf8DfkmEGbb8Vy6WHt,
3qQrUufbJNj7UnHzWgTig6efvVLboR4uXpDwByGz2YbZ,H5qH6sUwmigdCdR8WmRNFM8HBvwaZwyErQ7kMVEaTHcq,syncspace
3qPi37ZHzMmhkW5dErBE1ApNhL8rH8jNFFSjGqBC7H2Y,4WDqyarUBTGUVhkRBPULuvxUsUQ3gfSRY422YqyYfQNe,syncspace
3qKemXEEW7sm9F3262oD5Ab8ovEUdbnaN6rEDKhghy7f,FY9NAS62iqRVkjSwzbWkSLammaLLa7WMduHkKd7oc6Te,syncspace
3qJoVPan9YZS4LZvxhzv85qutTUnfH3tZQ6sgx4GmnM2,FS4yK42wWiSxXMNb9yexzNcqnwVBQ6YjnF6Aju6FZEuC,syncspace
3qFkZ2RNs8o6AvAWujh4rUygm4iNAzMDDoH3grHtSwbS,3j55KjrSyyegk9r8gGNNr4Np7oQaktPr4wWh7DVu62Po,syncspace
3pvShPVrGnQuu5Gw9Ny7ZhrLBFEL7gwPkpDkSzM91KW8,AEaMxfnmSPNGCfvG26r7gbKiPVcBWdqoVth2AuYyLbry,syncspace
3pmpc7f3Bce58pnZSnF6tfYBMon7bnmwbPc3Jk2QPrpF,GWcJPnrAuMqN83D8wDvmtoAdGATJGLsCRvgZ85qxXP3j,
3pgn3eL4J5JnXmL4JancbvypSp29Jt8KnFMEiknGt55o,Gi4txvDxingESDeMfB29QxLM4ZGCVhDQGT7PAwqpRQe2,
3pdpsvjNN8XpgujKGKPnKMkwWqYD7hUWUwpQ5BAieBhv,6uphmWxeuvyNSjUNj71vZtaC28aJ5DDMKTWXReFWM8Mv,
3pMm7S3d8khRYR1ZNuuFpbsN4woe918uFzfsqpp8PsEG,3DCcx51VVMzwx2a159uCvuNHn6z357fyb3NbhU1hiuP9,syncspace
3pDSsWzef7hQeDuX9qMkXQZakBHsf7c3pZ8tvwde9mwT,auryHMdwKGnjU4ZBjtacvARm8DcAVgEzYDzzJvVFfE8,
3pCMqtWhwjG9cyQoB2WQakZKLT4CGLxhQiHh5LofPGog,2CApC5Kt9WawmvvZNjHvedpT3adrrXKJBG7JQSSb6YYe,syncspace
3p94eLJJg23uue4drcGvKRXUEARPZ17Y7ktABHmoWpm2,88gNHWScPbq75QunYtRi84YqvKwJZ1cjmqrF7chp8VXo,syncspace
3oyWeMLRU7qNmoNE7TsH4D7Zy51L8WAHRSWwzW6fwPGU,88E7XeKnVVLKt6VHNZGX97PgVsnFAc9pbPyqi7xeUYzp,
3ovCZiaFk5tVhM91YRFkgpA8gAmUn63TzseX5L2rjR2f,GPg1UBnaqBjZS2XiMfEpgWn5YBJmNkVd11HXjYrDmVsr,syncspace
3or7CbAgrUzfMfs9ZaNm8KxayaTapmaCBfZTUiFRobBk,3j55KjrSyyegk9r8gGNNr4Np7oQaktPr4wWh7DVu62Po,syncspace
3okLQrDekHNnB62atgg5ER47EC9ep41qtHrvn8YqPnR1,HTX9BkwYdwmH3xPVAyaiVC8pVusCp4gDWTqwLwzCM1bx,syncspace
3oSgWMXJD4AhsA8mxmyeq2zgyN5wSvw9ogUpQYNkRzBV,FHbVUUSthmyFC1vt87pVcN51GSirxy2NAu2P3cQvUs5E,syncspace
3oQujY3nwh2iRpJiW5qUE8Hy5sFvgeDaV4LxQEmCUhzr,5k15YfLg5TmTeVUAuxpQgK4r3Dzuu9ce6RwmKUdtDXYH,syncspace
3oQQSLAyF6Z61ousAP6A3CtGiGxm95Wyi4Y6B6MqtA9G,8A2vh4YicVc9TPbzgvZz3hn95t4MkWTn8RshR2i1dsfB,syncspace
3oKCr4yhRMmcwsxFjxpGPzxDwENSktg1jCZ5VuRCh9u2,CKRqJtTSNoUNf5TSCrYhNf4gMxBTuxDsKNpkkDkE75zd,
3oFSa2rKHNoXuyQfpxGC2MJaXFWTbxgmyKKJsiTErRiu,Ge4TZf5EhyhucdZmzwAauzAAhGSadjzq4UKF3f34HXzu,syncspace
3oEHqL8y3iAyNcCs5skv2WqApYxFvWo44zL1gGSCQk2T,7DnqWV1732auGkzfKgNxzcEHJfapX2GbwZ1w3aqoAN4z,
3o5YJuHEZCWT283N6a53TsEBUwTGhfffJe8kXWCKfxWV,4qYWqy7eVddKcykU7XtpLUrKYdF8VtPobn6tUuqKhWtv,syncspace
3o4afkcbS5zFhgA1kgSU366A9SzN57LgvgzuLmfxBryi,3j55KjrSyyegk9r8gGNNr4Np7oQaktPr4wWh7DVu62Po,syncspace
3nxNHDNbHmsEBwsaS96Ze4jht5YRwB9F1h7jhcC8qtfm,autfyCR5psTc85smVAcGQajFT4TC8xxPPH1wvJu2Grr,
3nVnDwiEig3yu855wkarBiAgP9qGH2rWNYSRbd4FMnVM,HfGxA9NeSzuDxYqAkrDBdqZAmdnmtADE5ZbeNC6kbmgU,
3nTVVrjM5Y2vP9E8tEer8kpAfZtL9anokShh1VKMNMHS,5te4kW6ZsJwnfH8MptMLYhLdoMDygbpBDSynpUnXmR2Y,syncspace
3my9tKqbYjbnUCDQkvZNiaectbHBopT5dqFE4kuaYgNR,4U7tf3ChxC8mr3KHWnkV2bE2ogBJK6q8LHLvU1F9BhKa,
3mwf4qBuqkDqmwtwbLYdgAdqhAaBY3znptUxBCmT9zBK,4xiHkgSscPHkmkiGhQd6gRPcRdueXnCX1f1TBELzRmaF,
3mrVKt82DJKRFJG2xRmboyfP1pys6YiF419V9LxUes6p,4U7tf3ChxC8mr3KHWnkV2bE2ogBJK6q8LHLvU1F9BhKa,
3mdg9ZsJ9DYXgsYgYRHW6rjLHp6mHLXoPSm4XJGQ3rAU,7XPAqHLti7ZjipM7DMjkRYyWdiSE43c78X7d4QGeQXDH,syncspace
3mTuvLRpbzJDXP14NTKyXyfK7HQws8EqSskxa5wyEsp9,51yNAKDUHrLgsmBWPGYGv22GdLavjiDjysti5yrGpJBP,
3mMrtKf1agZ9qh91guR27vi34rWEzHsZzqvV5oiWqp3F,81MMZdtpDzevCJLcFLiSm61DFr8kqnrPVrwG9XGQnpqQ,
3mHu22iY7WeZFBKQYquBZ3ccZfrq7BGRqaGg7gQArkih,9qj66zMkDdUBFw4GaAwKBgyyLfYRt1Ax5nmQGjhV7Lya,
3mEF8aGFwewUKy8Pwr9QnCCszFwJ6TTpot9cZpVxA4Wo,FRnFVoakjCChVX5DSSfoyKtTqod36uQyB7deXqNB7XYG,
3m6YHdFNRm5us3oD8v6hknkrvxa6SwpP7DPK3cKYXk2c,CA5BUDXpJwtXKYEjwCqjKiU5c9qNkj3eARmeoSPtJ6jC,syncspace
3kvpbKh2MkoDenKLgewfwcLEeFbGb7TdeK4hr8hVyFzv,FRnFVoakjCChVX5DSSfoyKtTqod36uQyB7deXqNB7XYG,
3ktzpRh5JfegtGubnns9yLFzWAx8oNLmRDWZu2LMiqyD,5sWsediccJMsGTayzXtKWKkAaYLN17KBa78otHRrFV2x,syncspace
3kjgKvLE9oRrXQX51MZzrtvHnqpUDS9ma8T1ftG64mAz,9v5jDixSdvXTp54CLipbSGWjeHRqj6vuzDw28iCjxZVf,
3kSKXS4WhhtN3VMLfyvBjXkBL73neemgdgGhsyy8t1E3,Hg2gqbjGgL8NZDmJk6jfqskafuK2pPqccSq5FqamaTX2,syncspace
3kPY86vC5yDFFWBVjMzzov5t14kAAk5yZdSMuWAfw6Mk,5ZmYXP27nRMkWM5B4BRMzWEzmLSZ8ETRKFcdJDsnBWr2,syncspace
3kGw5PGEX75kXFQwaqvTvu8NVpe1Y4APMEatRb2BcEch,GcV7kq1uimvwv2EpxPnMwAEfynL3czvxb51GBbPBSqiR,
3kFJFPs7LFVAXQqHgrQT9KcVF8tKYNMo7sfyvQBFraDg,5k15YfLg5TmTeVUAuxpQgK4r3Dzuu9ce6RwmKUdtDXYH,syncspace
3kEaxA4fQKxBJc9uDvg5AzcJaiqHfShkaRb8GjJ6FrFa,2Epxhruv5Mkd4thi6p6yzk65s1NzNtL7SyHYFMuHSbU6,syncspace
3jyTLDRSQis11h9q5YQpXDNYJdYw1KFbkpYR5sACog4e,CiS1udKWfC9tQqMLE2pDCryHMUyoCaL7PNWY3hm5o49x,syncspace
3jpCGbWvQX6uHL2esSty89Z5Z2Ydbe6pyQBv3K2qtJ5p,7LAjESa11JXDQHfPye1JC7jvVjtYhignL8QdL8U6VCgn,listed:magic-eden
3jp6QZ7Uhk6b83BV56DWabwLbNGiKWHeMxNyBSwXAbF2,ECeFw4hgThGewwAYyRtLDenG3jgDcTJPz1JhNshBnGCx,
3jhABsm6kfjHWwJpWhedYSdK1h5PrcZE5sndSHStfrJf,8XdhxG4P56XTqHyZnUS2xfL7vWATLgazJE1gECKLkBDw,syncspace
3jaGJvDTfXBMVZKPB7nwXjASdjypmg4uTUWuXKHb1iCw,7TxEG5AJoidNcKgkW4wuLYjnzVTzbDBnmDRo8wwZhQ9g,
3jXkJYZ6AWzDHrXZoQC1PkgXKSDmkwu6PCR2tbs3JcNi,Eu9sCq4czoMULUtBWoMLuL3huFAM5dprSUmzsQUTS6Sp,syncspace
3jUUxGVsyiD65Wn3mFM6YEAGTVj8Uh4crYMaVqyqicbR,DrqP4PzFKcViMrVkq1UCJnq8v9TPHTGYcwucSLH8SPRA,
3j5q9umzHCLAEENx2qjei3LjytmsrZ6Y4Hh8W6HgP3J5,9t6JyWV8ds4JNs6phaCJU6xhhwFafwcwnhqq9QXi667J,
3iuppPGzwnP9ULvisCVwTP2PuoWJqX3RVjRyKJKasGE5,CcoBXF3qbTToppexNZrLvNpwozj7Sw3RHDxsLoGsGbfb,syncspace
3itF6VbXiLsKsfMrHUmqDzySDB7EbESiXoRnPcuzzsbN,236byDkcWf2rDpYPZTevju2ihMtceYnbZbV5FGTvJAgB,
3iq7C1BmWsD9aGveAfYG7AKWq6T6kGYzzSC44jg2tNBQ,FXMcgZ6DBjiEkwc2T47iAyCmKQocWuDfkURntMkQs25,syncspace
3iiatfXjJj3QbPSySj3DzDmnfbCofnhEbgLkpqsJ8ffE,Hq23RE564UaA9WNxMmT9Rtpr8RFUwaYoh6XrGnkMoUAc,syncspace
3ihFasRBZij6sVkQNCmRs4bfZKAReejNG3cy9xBY7Rri,5k15YfLg5TmTeVUAuxpQgK4r3Dzuu9ce6RwmKUdtDXYH,syncspace
3ig6H9DX4GPgj8RVfi33d5vUAAgRawhR7M2DoW6YaKqx,DpiC1CEcwDtTiU35WnhDe1NfVB1dG1Zzynwq6r2vyBYL,
3idLCS4VwwhHgz2wHyh13qZZNaL1WVAKzCYJYp2AQedA,HTX9BkwYdwmH3xPVAyaiVC8pVusCp4gDWTqwLwzCM1bx,syncspace
3iWWe2PycQmk3x5ZBE8pMBWxC97GaZN5DiTDQJwfaS6y,DcMsrqztdbWVhowqbm9iBPeb2Gj53WdPmQn3keuCvqWD,
3iLU3uFeUENGFVU3dX3ee6zs5gcq9hWcPsMN7SPQfdM1,7CQ6eEmgSMXPRAVej7N8uxtT7ATTvDvqeBYBdhHw53S1,syncspace
3iHVzKqy5f6NGvKVk3AW6dDcrWJWqEqDzKtqC7dJHWM8,25TqXN4ToREvj3CVYJcTP1MWbbi9Dd7uUeQ7uTW7pmnU,syncspace
3i5NBUpusWyRHEZVb2FxRckskGB1igfQBTc3AmuB4zQZ,FRcfhfbffT6qyHwQRWAJAK2PoiEQS9AEgURtXrbYexUB,
3i1cE6sWv9Fg6hgazW51G8Y8XfePDFyG9c84SxeFzSoe,Fa8TzVCkeQd7ZMcGNZEvC3kvSKtxMymdv1gCVZoPexuW,
3hidP1CQGt9ES13HSL9UK9QmzQKeKttviDjXvdq9opi7,8Zs1geF79GZ85XnDkX7ky6J3pGgvaHhCNprpvXJnG5vr,syncspace
3hh2Co8KTm3C5Y2XmYrZ6APVkYstTM2pfRpZjKGK6hy2,HCWQuh29WhHNkTam3vrV2DrWuBDyHzcSVDrLAgo2pph6,syncspace
3h9WyLeKvGUiQCE1PdBcZRj1jv2xNL6LR3pFtRwbMof7,FhmDSDTTEHSZUQWu3Kc8snWwNV2QbtGUhKLTLg9MPXiJ,
3h87uDKYftiGj16SLU9Esy3qTfUVKKH9Gx53vvbjGGBF,2aXemWsLnCtX7fYj3qzDt8ypEvvHxnFvods5zS5oWqyv,
3h7VweHLw9ZqBtYcAVTStTsV8nE8nkt5SnjoNMbDLXZR,auryHMdwKGnjU4ZBjtacvARm8DcAVgEzYDzzJvVFfE8,
3gzk6vAfmMF4MBrx8UkXgqVXpv8PJ7PxtvQA2Tq5hVNi,tjuJic7ZxeT2yjUr8AjeiYjPYQUoJVqWV39JFAApCWN,
3gu17beFh34FTnaSM3r75wk14pReqfTaJqNPjSPq6Bqa,81MMZdtpDzevCJLcFLiSm61DFr8kqnrPVrwG9XGQnpqQ,
3gmU4t9h5fhkpwpUguEEtSYQyJc7xsZVorRbLMit65KX,78Zqg71dBn3N2BV6SteXpgoTotRmHaBKAxPjDtsKtfAL,syncspace
3gjNFsS1WHMywUgifF1FsXWreyDd74HQgXjuQczewkJG,5wceam6f3i2PNykKQkomeord2dhxsmyTEaEFxVLVaegM,syncspace
3gPuZJpWRcHsUoi4ozqvUxBEQ7HzxdYJPXut7suMNqm9,5wceam6f3i2PNykKQkomeord2dhxsmyTEaEFxVLVaegM,syncspace
3gM6KME7vkXdFpeE8LQBRRSRnVcgHhU1XT19dXAfVvy7,6tiZiR4qqCxKgMhw4PcfHcPisZAPC7XR7BYMpjPy8gm1,
3gJwL6WAXLnD1x3ggPi5TjojM3cvPAxNJB9ycJN56efn,Fa8TzVCkeQd7ZMcGNZEvC3kvSKtxMymdv1gCVZoPexuW,
3gFF4QqsiTimtCbGjrGRszUCbZwrhipWoDMCZJMw3Dce,7ajKJAWsGDDr7e8sX8D1YPuLSfySY98uShpTCWNKBSkf,syncspace
3gBErqjBWj5N9FSKmA4Aa3ekLHek4hyqY2xU9ipfKVL1,3Gsw6QT94PxiQf1Qtko3JjjYgkapMVbzRezdKXERd6Dj,
3fpLzb4vFTcaMmPKfknQj83jTkzmSaoE9XpNR6SbSLFD,81MMZdtpDzevCJLcFLiSm61DFr8kqnrPVrwG9XGQnpqQ,
3fkp5PnJzfmzMm7637u3mgeBBGN6Qbj3eD4zfUNaY4eP,sLYSShjbL2qwG3EJcP34ZMSJJBK4BAtMNG6G62npMwe,
3fS9SQuLSG4Z1vwLEKaMxgwFzdqVFczczTmHxR1AnNpr,2FsQJELBKsjgcHmdkvMNZLnNDajepB2WhyJoboi6Yq7f,syncspace
3fNF4rCVvkyhVaooMRCWNQenrcxum4YLsApAgQBUeEbi,2jCANQUeYxNEfJL9pUdPRGS1GJjm43LBvuxMAhpAnBum,syncspace
3fMUJL4dpmSMpfNVHS3iGnBsBvxMx7XyvK88NSkEGC2f,2jYXgz5Af7Gk1dFryRLdvWvC7RrAQsrsJMowEVSwdUJG,
3f9VsTVwfZ2vHGV29GB1HhFkCSvuhAX52R6zJkTTiHi3,CqQQeigkNrKkUGYwntKgyAN68qdFTcgXgBDHNU3wzk13,syncspace
3f1KRkN3BfdiTeGdjZCQWEyu6XY2Rc9kEquHAuZ7M57M,25TqXN4ToREvj3CVYJcTP1MWbbi9Dd7uUeQ7uTW7pmnU,syncspace
3eyBxTyErHFL4T4pQqGLFRs9APnbtS4s3REAgKWpjbUA,GURzUPLm33v9XMJ25U8JMoZju26F6eT1E6YSVmUoGxkE,
3eu3Lqwte2KE4QncUay2syRpygR3PkfPoaMYMidBJjZa,3M25CMH6s6qKNcSEP1ZNhmAo4BDjAWaK3BDSDphc3ogb,
3eoFkjWMsTskFWdsCUT3tMH8GRcP9Ro7cyhQTC87yErf,9zDT9QTijrEVDTXYZufESHJd4e9KF9KmorZY8r3cZsPq,syncspace
3eWv1Sk9BaLQVUECagaBvp9xS2tyzyzVwGQixzN5Gpcn,3J74V6SaBRuaEshNX9syi2Vs4KF9EXVAMWpNkZtKCfdQ,
3ePj1gTsJrea6nXyf9gm7Wb4x2F25me17mQgTdSnhs2T,71sWjG7hSZm8eoSUfhQKofUEdJUJaeBGQMkPbRhTViDd,
3eP8rMUk8FH3r12soEZ4Kd72UumBGbk341GHtAizvVrv,72D8sVeiGTzWbvZctRnmaDxd3mQtcR8YRjUTx9MStLtB,
3eMwdNuVgKkcumTcKExghRYzMcjVP6kT2FCC3zNPZZMJ,Fa8TzVCkeQd7ZMcGNZEvC3kvSKtxMymdv1gCVZoPexuW,
3dzWmpyiCkxJe3J2uTyeKiLMhdDdTkd5Kv34R8ZupY4g,HTX9BkwYdwmH3xPVAyaiVC8pVusCp4gDWTqwLwzCM1bx,syncspace
3dwaoLiTUtLDhWuJQTryrAFjTYPq5o1VEeKAFA9Fofkj,C8oQdPfg7wEHdeDpAxvsGdh7Af5bhzVKKU2mMTZjasU,
3duz8bYngaVdciWKzEmsZ6V9CucdT9KgqpYt8qKXvjKi,6HFxHT4tFVB19weeMGYQrepa51rzxjydkhWAaomsf6g4,
3dnCdTHNmjbHFiV5u52qtcT7Y5pouLUbda1RCyfQwBfN,DnkxUHYP9TTqNkEEjsz35VvZ3FfUg9tLEVicdBjmRMxk,syncspace
3dZ8FEcXqQssUW8UYyLNyT2DZAsNohXa26SsovrqwRxQ,CXNLccXKfNQUztEnU7aNhyTGtnYUiPbCnpvukCxNDBqx,
3dAKYYt4eBeP6v8edGMoLHLdXN9EEunjZqTkXhxoXQ3Q,2mYr2kjZDRzHNPkpLhfM22AmaSfN4yCHfeP6YPfKgcKg,syncspace
3d99LyHj7wD7NX8srqDNzmTfTA51geCbdEhjLXQCSyLT,EvtbVMy3FhhMPv4jLmdFk2vw6hnW7vswNqHMUdDgyCcV,
3d2YEx1aKuWQ6efCBY3Cc6Xb3UN9Wm5feAgVRRzN4hZn,Eua46y6tWTVVEDPdEyXAZmgajWYs5p7ibYFqMs6aFiBU,
3cyAAYYwXFzxi77sYp6JyQrVfU5r7WymSTEhLDUXwRdB,HA9h86tuMsBj3u47n3ByGDC8uEyBUWZ6XZnsA5KHmGxd,
3cx5YU4JAm5DPTLtqd1XhYhGcwGwLk2maBZrfpmco9av,6w4sP312fQDgCX6kjZZEegmv86Xtyux1kKhnKNsaeHJj,
3co7nJzAY1PXgVoQKo3eBG1nFUdaUu2sxAnKFKxxiNs4,2Ga6hzy12f7oFvS1zSYvUmvA5fLWiNP9ep5q4NdruTci,syncspace
3cgf1kxkVYz5wz9SVhLx6LHuk34y3hCLtqBaKDSBQbKm,CkkvmFKW6tybLhiZH2Cu1knJKzCAHTLFzTu38FjjiLy7,syncspace
3cHsRU9kZQJEJusJYHqjQqv3EQtCSKeBujnsytDgN2kW,9qj66zMkDdUBFw4GaAwKBgyyLfYRt1Ax5nmQGjhV7Lya,
3cD27yM5hquZMUCtksWponPQy8BberJCCvhZRe1CGfr4,5wceam6f3i2PNykKQkomeord2dhxsmyTEaEFxVLVaegM,syncspace
3btfPRFEeUXyUkWhuasgS8ef1h3EGWDxh8x85RyuVL4c,BFwJaQY8c8DBUTKSS3ZBFYv9nmHCTiABmPvdrtR2MKii,
3bsJGcdqtWJJTLCxU2WXXXgzeT8nZMtRgSn8APVm6YkC,Fzx2MEY6fuwjoL1g4Mh5D6dcxp24HEcdZ1QsrVxE5sfs,
3bq5rCJgaw73SeyHvtXafZV6E6DMxpEffVyKKfhBSTuj,4eVcByLcXGavuwEBzJuyPGH6mUzrJr4u6kcdhy6ZJEno,
3bnfJwBgHpwZGmzUDUCJ5245tEU1ux7d29XQZUa2WeDT,aumuHzMdUFiFCvJ7kk1djU4CViSzxJk3FjXTXgvdNZn,
3bc5KqnDfPvcnZtFwwZFjKQbibWpF1ekLLXEmf8x1neD,HhcMjf1dg8ysC1AS7m84AccQEoXAsMuumnG41pt6vd87,syncspace
3bR4a8UbLkYCRdd3Nkj7ufeauBB6xvZ9hCDfXgBaoa4L,7ajKJAWsGDDr7e8sX8D1YPuLSfySY98uShpTCWNKBSkf,syncspace
3bP7LkG86MAXr76KNvbTXwU8sGdJpMFYsfqLjavp1SEg,3UEr6TVhqdFn5grpRhnCy18rRhS7rFfjxxa8H5KEgWCZ,
3bJzd5cMNg8uaj4tfqds42nkK22Gabe3KoJAwRzcQxwV,Fq9gQ4KNxYh7rkjcPKiNRLu95UnKkfWxcXDLd1FgZnrU,
3bBpbzdHJGwE9cT1jbh5oS3zS8m3v4VGtXi6fFw56aum,autfyCR5psTc85smVAcGQajFT4TC8xxPPH1wvJu2Grr,
3b93NvPYepnw7TfskaqQRU5S8dTEYfbJZyHh8fD6mkD8,9q8A9jnwbBrxja6JAPxnwhbS41arCyGqLJqnyRkWqAYf,
3b8AkwYd8Gc4YvDG99xs6K77DT57QmeQcY1Yk4vEc5BK,4tP583WDzWiMoVMepXxXKtkgjZzTc3Y7GoyBPB9cZe8Y,
3b7S7jZXqQkPB4i3rrbL95e5VAXtsHQyUUxoXLuJCzU7,aumuHzMdUFiFCvJ7kk1djU4CViSzxJk3FjXTXgvdNZn,
3b3puWKYTJTchYLp11LQnANqKm78JUyfQx32jFX9M7kZ,DWB9VFQUfd2H2LXgToCw7hGQidm7vLGiCDpGoJ2LkdJf,syncspace
3aq6gFprMLUECHyUUk5eAe652fq9AFa3uR6oEYWUcjMK,Gv7ov8EkCECYNcvXmd6fnGjhEZ8ERdvUmFL9tpuW5dvi,
3anLos6eUJABziZHEmD8vzi2pcuJ1MVGEyVqKb9A6eHv,4yBTZgH6pjY2CYzc46oBNszB3zFg1F7wFHKFUQQXwt3d,
3akA5bYnBaocsC5vHWuTHNGQmu8UJuSmNvhaswbXkZMC,88gNHWScPbq75QunYtRi84YqvKwJZ1cjmqrF7chp8VXo,syncspace
3ackTpwrswTWKWMpK1yDxPAZ2zRqsRCEg8kDrAX2gtx7,8jvw2TnAP5Mdsu4bVnyJpmAYZFQb3ZrDQYxrvkaQx7eG,
3aGksW5X1ZY2Vt4VH3sxXwHS5xkDbCDEv2vGJANCsrLe,7LAjESa11JXDQHfPye1JC7jvVjtYhignL8QdL8U6VCgn,listed:magic-eden
3aAFaacWoeN4Nreaaf9Q7ZwzMgQhFXu2hjF5wURc3oei,6LnH18SQsNqVN9BY76zCsNP8ur5XVQtKgb2t2iq9aZfs,syncspace
3a97WvZAKJ8zEFM1SjhS6pwK7hmw5neVXTabZu1VGP2t,85r8gvoicQ4p2qRi4n2vFeYRYY4w9LdDSQdDaCuG6tWG,
3ZxRUuATZK1PJRZyRm2ix76xPqKBoEtjbGBSX98Wf3ck,5k15YfLg5TmTeVUAuxpQgK4r3Dzuu9ce6RwmKUdtDXYH,syncspace
3ZsYwfRZRVTCpGKosrW5E3NveXZw8kDuHfdTtfZJ65pH,CA5BUDXpJwtXKYEjwCqjKiU5c9qNkj3eARmeoSPtJ6jC,syncspace
3ZgcYQM1EwQWFrzejFMDL5fkgJJbhfCB5kuxymjnLBLG,E6MafktJ79ksKBG3uJDReR3pWNq3rLJTPQ3VpVs9UoTU,
3ZfxAjGCAKycFq7TUJ2XH9JP3EzBtqMjqoG1XkbBxpdZ,83Kg4yfn8jrngAa84VEvYFnYfouaeAW6uZP4cHiHXLUH,
3ZerGFsSbyeyFE99vuMa7RXhLn15LVQRuoyM94etjdQQ,3U1kmVZknXX1Y6x6Yk4Mii3a5EL6iUbbw5x32M1z3P5q,
3ZV9wukmncAKCCLcepM7LMtWYRj2qruGfhUHVY3S9jtK,9C5XvctTszSqiUQPgvbB8dCYgyGRrKLgXMV7jauckiBM,
3ZStSAFg5M99bc4QqbQkZogf53aaiT5Q5CUANc7BoJfq,GZCn9bLvGm9sYV9RLVi8gStnK7Vh9VnCb7G14ahjL6ge,
3ZP9ENEkUfdmzRJ5iQrGjA6E8i2EVMcrus9dy3ho8BJ5,Gpcw4YpyQuFwHJ3iq8HeBS5VFYXKmahVgB1CFN88ntEJ,
3YwKZe3YEqNbSJ2tL3wP5kV4KrNn6DNqsbskwxGRTZnu,9ZuAkjidZRDa9NHHrQAhrzJSvev8sPLBVv1j5Ye6M8Fn,syncspace
3YuuJ9WnEk5n5XhMPsZcf4JtwnuhYnLqgWB2McyWrg7J,GEvuGpoiEJdK8XwtfJqmNz8MkkefWKTYhJzRhfH4crmj,syncspace
3YSqY1w9hoi4jzrjCq7rd3gzx1WkzdcCBeDPe6VQvgCM,5wceam6f3i2PNykKQkomeord2dhxsmyTEaEFxVLVaegM,syncspace
3YJWdVC6RuPUbi7MvKD6vB4s6omTkXEYE24CeswdRT1s,C98xxhUuzsaVtPyyGbYnCJnheC3go4xC6SS6GQBZHdUs,
3Y1ERXAbPgzDSx365JrcAA1kJj6dgdVDzcLg8iAwDRWm,6LnH18SQsNqVN9BY76zCsNP8ur5XVQtKgb2t2iq9aZfs,syncspace
3Y19vmvbK7kEaQxZyRiaYRMJT4uobuu2A2AbakhoEeJ5,2vLnfkwTuAoyG5S9CdSjRWmgeY1L9v5JQt4NPDzgaKZ8,syncspace
3XzdM8rqfg8hhnrvbpnp2YBbbT1uVxnfnVAGdr2N7z19,21fw378x9GDJeYzamayx7XhKv79LabXxhf7eFhxycPEd,syncspace
3XuidkzU7C2GDJjYa3CKbr8cuvgkp23tkk1vvRBekGyb,EvtbVMy3FhhMPv4jLmdFk2vw6hnW7vswNqHMUdDgyCcV,
3XsLXRpcQ8Vv73BVphafmXkUti267AYBrSHdkAZ1kRK6,FRnFVoakjCChVX5DSSfoyKtTqod36uQyB7deXqNB7XYG,
3XrZpAvyRsK5nxmZGJxJNR7rou16bGRgXhwfBpUmVGaJ,GUfHRH8AHiSUHVjNnVFqqsZ6Czmdm2hcebLHZqJJUoSA,syncspace
3XjPZkg9A8vgcSnXj9tjNSAtJ2DpXbHofCjKS7XyFzDT,C78igr5XgqoM5GnBkLKuHwAaknLqNiheTik213NJswYF,
3XijU5n7CxweREeH8fA1t8eayKTR6WWUVYs78gXiSDfS,CWnsPhkdeoYsdHq5M3fRU17SPgEiqozNAZPm4GHeDjyU,syncspace
3XUe7FRbWNupvkqDyLbt1KAf1q74w8wyPDQkaK38xEzm,5XnnDeorqDnYYVqnxMCXkpfH3exw93Snji9E24r3tfDi,syncspace
3XM1rLctKYuTfQXm1VTdGphn8QZFRtqvdgbF6bjrZmc2,2Ga6hzy12f7oFvS1zSYvUmvA5fLWiNP9ep5q4NdruTci,syncspace
3XKRsbjQrto3vY7wmNSiwcv7FDh7uLHLY2BrmRo5PS8d,auryHMdwKGnjU4ZBjtacvARm8DcAVgEzYDzzJvVFfE8,
3XCGu8uckvUhFj6eoqq99VG8FcXEsVnGbPkyV4ucLQBv,LH1eNxLgrMSvHQFVtcx5Uwzx3es6Hr437zrswBsAX6t,syncspace
3X8jWVHDUEYbK4qyntB15hT1vsY1GZz3quq1UA2VwenF,81MMZdtpDzevCJLcFLiSm61DFr8kqnrPVrwG9XGQnpqQ,
3X39vUajHqhc6G9KYcnrS9x64kCA5SAxW6FZHpT1KvR2,4qYWqy7eVddKcykU7XtpLUrKYdF8VtPobn6tUuqKhWtv,syncspace
3WxkTy123yAtzcDie1Vk4TYY5vqZGZsuAQwJRoBq8PhA,C9wmstmgj5rYuhBiUrusWf7sZBX49W7vi17AuYewqtqq,
3WxKf3qjWtF58aXiTGVFxXHPTeyoj9i5vkCWCc5hksFF,5k15YfLg5TmTeVUAuxpQgK4r3Dzuu9ce6RwmKUdtDXYH,syncspace
3WTupDtAwWPuHPMpfjY7V57z7fPXoq1g9hj4mvvk6hRY,AtRP6qYZYR4QtbN4AdsfSbkUunZgsC4rKSbWrfFC3pK2,listed:magic-eden
3WMnX4iTYSWnDiFxsdUg1zJQXafqVvs5sxxGGQnxiRXe,CA5BUDXpJwtXKYEjwCqjKiU5c9qNkj3eARmeoSPtJ6jC,syncspace
3WJZ1EodYq2rdbCAdsELvxyxw5tYDkkmfVrLi2cjLUyw,8DUt4hCibfHYGx51R3AJiKevfay7iZCsSemU4NQo86en,
3WDuoHo6vDVdYd27ZKU8rSK1N6sCooBHrbi135DL4fpW,3VxhGdriBd3XxDXhWzKwVDNtUX6AivofDn8EJUDtPbcg,syncspace
3W8rY4qoSm16StaxkWhex8QdsSmbxurfrVPdStqGc4bH,auryHMdwKGnjU4ZBjtacvARm8DcAVgEzYDzzJvVFfE8,
3Vx3aNco23HNMZNboNbHQUjWzFFPWDjAgjjqngRj5iot,86sVJfPrH1TostPjzbQuBGDyFfLoMigwY5crfiHNTGdy,
3VwFEt6bbohk2EMi5rECjaW9WB9eagkZ4Biq6Ehr7RJc,4kHHoMfo2pMCLz3WsPMdxJRP3vrtbPuq2EjFtkZqZdLv,
3Vqr14pBAPWKkAdkYfmUzfPs3XUc1Kz3iLjWQhrfEvYA,5wceam6f3i2PNykKQkomeord2dhxsmyTEaEFxVLVaegM,syncspace
3Vqp2oKRmRnVYSwn2NNNujVVVR2pnY7TXNEU8F9nW9e4,HXb2YB3VjGMZiTbZiqwgKkcYwWzWcvhbSQNwV7c6HbZB,
3VnSwWTyKB4WhDAN41bov5oYBs41f1563rJVcVLgRuHR,auryHMdwKGnjU4ZBjtacvARm8DcAVgEzYDzzJvVFfE8,
3Vfgjm93QyT3GGtZyPDfeE8qtc97WaM8ui4VbKZmw4P6,88gNHWScPbq75QunYtRi84YqvKwJZ1cjmqrF7chp8VXo,syncspace
3Vf7dwr8eYQyQpfnDeNqTxBhYgZ5RRQE5oMKi94Myfo1,9S1birKfRJnijto4dseiN4omQNGV4iWKFfKZdH3FZDjt,
3VSJKSFHDbbbWrpkMssM1HaGNqEZHHdQVYQKtVL4BPBm,5Te3fhUgrmPNeZ8FNpYpu4mTdgPpDivpQTEJbb9iZShR,
3VP3gpW3qPTLKt8dAyiThpPLV53oAUqwhpQi56Q2jehh,7DnqWV1732auGkzfKgNxzcEHJfapX2GbwZ1w3aqoAN4z,
3VMJHth69GJjTbdyqxNATLmM7SAXq9DAzkMWPsLWcrDA,4U7tf3ChxC8mr3KHWnkV2bE2ogBJK6q8LHLvU1F9BhKa,
3VCDUxfhEq8xEMQuwzapYc4MWapDBsigGBaPx7SPfdtA,CqA42zXaf5zXk7EW7jtCLfL2uH1efuB9GtTfjfJ2hzoq,
3VAaA8d6EZCwmKZcQmb7i85Km8cSmMjd5BKz92ttyBFZ,6ZpxdVELqT2LKF87g13hmq2L8VTGLfhv5rFcHaGUcyei,
3UpRqxMo9f4RdWB6MYW8zTw98JiwqCt7Ay5XmNYuNDNJ,FRnFVoakjCChVX5DSSfoyKtTqod36uQyB7deXqNB7XYG,
3UogTZVyRBSnw9a6J4mRJ27yjbTEvcbshW243pMqThvG,5k15YfLg5TmTeVUAuxpQgK4r3Dzuu9ce6RwmKUdtDXYH,syncspace
3UfGjA7qJMnserk4hC4bJrGfyFWXRZz8vGQHvQzLzVeM,7DnqWV1732auGkzfKgNxzcEHJfapX2GbwZ1w3aqoAN4z,
3Ua9wFLqPp2n2xEsTGVgGT3U4JGMYDJtXFNcFUYZerMo,Fa8TzVCkeQd7ZMcGNZEvC3kvSKtxMymdv1gCVZoPexuW,
3UJUiq5SDPHkUD21YBHyjfgTpnHZpMXNjTXvQghW19FF,Hg2gqbjGgL8NZDmJk6jfqskafuK2pPqccSq5FqamaTX2,syncspace
3UFTAV9RenMK8bHjU1ECtCAdTtBFuahb92m3YefFQck1,5wceam6f3i2PNykKQkomeord2dhxsmyTEaEFxVLVaegM,syncspace
3U6r8eXrJ7q8EmrMSCCfidc9vMtaZcE2vYokAZdRgj1R,3H54g5eRUxLF9j8FitR1XDsky5VAwKfPSy4xAK628gzg,syncspace
3Tm1tx6jSCW9W9YTRjcHkWENe3n6PhkZJEYWGTPxrF4m,CvcP7RVR3kQNBdCUFbwZTs1gygqsKFjsmfR7ZvWY4G4A,
3TiLzFZN355AkUeCqDgpwmDkp947Kbc2MrxeHD9nxqvf,Fzx2MEY6fuwjoL1g4Mh5D6dcxp24HEcdZ1QsrVxE5sfs,
3TTPgFwMJddmstkUf5qjRRMq1BtgxzoyQhY6BN6WgCFb,G7CjySSEHgfvfmw7g2npxK6R38wMnqufPdpuPuSFkMwu,
3TQpHf6zPvd8tE3VHTTbEDCQ3McTyVndaWtESVjWfuTa,auryHMdwKGnjU4ZBjtacvARm8DcAVgEzYDzzJvVFfE8,
3TKkuE7vgBizBpNsdbWCnrVxALGsQwTUicq87TzqdfRv,F7tXjs9H7bC1kpMFx9Lr6GiQkwWpWtZ7TKiQnYNyxHhm,loan:core-lending
3T8iwTUUxiqFFoVbUyrkF2czBeJjrcZ2RvqF6pd9HULL,BY55BGPwZfm5io7HvwVz8cur7ecRCYd4dtiUuJjBjZeB,
3Sg495D9hjApZfYKPBCZfLoEwHSQ3WYbNBtA1e5cPQp2,E2Jb9yEJb3QqKKewrgejaT2fVG7xwyjaeFt2dc1ufyaX,
3SXMwFuczH2a3HSdHN5stmweEPvaTYvUhJrUVET4BP2S,HwDbffgRdgtQeL18TwyAV4zFRrA7GHwqYCdNvhx31wSu,
3SS77YeuEAky2av74pTATpiy4tjB6JsLQv4ymL8bDnjY,Fa8TzVCkeQd7ZMcGNZEvC3kvSKtxMymdv1gCVZoPexuW,
3SLL646ZDziimtoGMpzAHRcKYM7cHGBM9YyC9VvEbhca,HUq39c1NYmrdyd17i3LXmjAqG71RvbSWkL7q12FWLoFK,syncspace
3SHyGmv3zb3FkWhL47DAKBKmW7Pw7z7ZqXNazicz9uHN,2o5FNECkuh81ibmCKEu8xSug4Uo6sYHS8Eycv7qsnhBq,
3S51ureVaa7VyuL8ZFBCnVfbEqjjArChnHF1C5B1GtnB,2uiUyGCfP9A7LnUcVSPfYciShC6tT9mtaYs6c9HJ8tHD,syncspace
3S1YW1QLbfCH4xHVpv2bshQZ42xpTHdNzGFm6ujV3WS1,GPg1UBnaqBjZS2XiMfEpgWn5YBJmNkVd11HXjYrDmVsr,syncspace
3Ry9CmBn7Run46bqhYCrqEtsDtxz3uFAWimMNKZfZUY2,EBts4x6WYJoC5Bas5QYoptXUvShgw9tQ6TGjns5JHJr6,syncspace
3Rr1KvoZ5BwtCzJBFPJtePYBuhtrxxVMRxP1fkTizHsN,5k15YfLg5TmTeVUAuxpQgK4r3Dzuu9ce6RwmKUdtDXYH,syncspace
3RnxY6ToAqWgzDbsU9VgjCmAMZ8w1ZHMvPLBpdgrQqRr,71HtZCnRRWaayEg9HrSoSmfJMwjsBdNiqGhGShCBNLpp,syncspace
3Rm6YkX7PySUVPZFDZhiwL8trdYRfaUskviynqpt7fYR,Hg2gqbjGgL8NZDmJk6jfqskafuK2pPqccSq5FqamaTX2,syncspace
3Rk5RmUeUaTytoqyYJJPkJLAWQeUWdLNBApEmBhet6RP,AUrox7sHx1L8mxEPrNqkVjHa16CXQ73UbgZtZTNPNLjx,
3RjBysFhJNGac5qFpJ6SAYFE44SGFopTBHrk8HAVG45L,HTX9BkwYdwmH3xPVAyaiVC8pVusCp4gDWTqwLwzCM1bx,syncspace
3RgJBmjBUh5FmXcRHA8CnbhiBTyoNavKn9SkwxBPRwyk,5SxJHtXSQg1KXGQx46asiSYPLeaELvoifb34n76xEXSM,
3ReCoLDn5q4UtkfUfcgDft7GfLCGUA7wUt9MC7xTGBXq,5wceam6f3i2PNykKQkomeord2dhxsmyTEaEFxVLVaegM,syncspace
3RZG79J6zuX2Yd9Aj9F4vasfZRB41BxQsXLNSYNHuL15,5k15YfLg5TmTeVUAuxpQgK4r3Dzuu9ce6RwmKUdtDXYH,syncspace
3RXsKfQoTSax5DiuExL2hYhTK2mqaJ4K8YNA3qYYC3kD,9JxKbG3kuuw5qYdGhxgnzMJusVipvt7J4wxrnLKuxZ37,
3RXkmttKuAWFTZeBopXzzLMeAgjs86eboCRECzrPMuoM,8PMN3djgFwFUo1FMbZ4TnCqvQok8GrSQxtZz3eWqGjTj,
3RRZVwsxYYaGBebAju2nYgs2eM3dRrwZdQXGKbV8rjZu,A2G5guZ62gdMy5Nkikv3zGPk6iLHx4hnRJb1Jc7DLtnq,
3RNxxV6WPtNuUp1icPQjxesCLcjsJgj15f6GMFrdXCHc,FCe1QsCGAa9i5w9SuPabrazVic4VpiQdgZZxo6nyBPqG,
3RLLUwHcis2uvu4vUCteTJNAAnTGbapRrNcaZhLDwyfb,5k15YfLg5TmTeVUAuxpQgK4r3Dzuu9ce6RwmKUdtDXYH,syncspace
3RLEHsyJT2XSHTVgFG3dQzTP1BFHxeDgsxUeQc2cnXqb,DJqBpEZrZBnbTwSCxuRwsb91fpG534WmFeDJZyag4d53,
3RLAE3asUnjiZ9sSWu67zLkPHyp1WpefgjBoDyztZN2D,FY9NAS62iqRVkjSwzbWkSLammaLLa7WMduHkKd7oc6Te,syncspace
3R5SqkDYhwpgDb5VB72TxkihfPKQB4j9nV5jZmSWrjTN,6BxxM5KDraGhAH8dDQiHwFXQsrBqiqGSoGZH48G6ytvu,syncspace
3QruFfsCgXoKhFamaD7ezELbXmoPWNd2PvokbYzwWA6b,HST8927q4YpwqarxyCeVKk5bKnhjdXk2kfw6FHmgbcFY,
3QgHMG3NzSp3783ffzWfzkJSwjxsfTVMFCdsFofvMmRR,G43e2oSgeTEaxN3vc9iCKUg2AXaNhfs6KtRwoxgZ6qdP,
3QP6St63KyCMTD5SfaxA7bXYRx1JHrfYKfMnmPp2GY4N,5wceam6f3i2PNykKQkomeord2dhxsmyTEaEFxVLVaegM,syncspace
3Q6HFbMETDefv6MwyCJBawvajeGXjoWFGqM1UCHWiyWu,AkHTrLH3yCgXJh31Tb8UhQJxJKJFDpUND14ZfUzvsRG2,syncspace
3Q5aVtJb8UNjisRWCVZ4TYMMBqNXSJhwW54Ehp99MSWj,8M2cKx7ZxpWUh9gVHonxESLHpj6W9hiXUyrMFpNBGgKh,syncspace
3Ps2J9GUrg4Nm8Nw1mbUHibg8h8qfAVEC5v9bmgXcQcg,CB8Pr9uzrrFw8BFnCqworH1wMa8DsmbSKgUNwVWnDGrL,
3PjQDTxnCiuBirpGRNwfLxjHufRhKys5wUppqeJrVSZw,G43e2oSgeTEaxN3vc9iCKUg2AXaNhfs6KtRwoxgZ6qdP,
3Pi1PMPwKdJscwkvag1jS47XLBwbB9sHMinaMQjCG77F,Fzx2MEY6fuwjoL1g4Mh5D6dcxp24HEcdZ1QsrVxE5sfs,
3PbBh8PaFjQSJjPqvZKUJXvZdhwBuppnuGaXxfcSLD4f,aumuHzMdUFiFCvJ7kk1djU4CViSzxJk3FjXTXgvdNZn,
3PavCScC6Kxau6iutcDU9QXhHbkLiqcebMdh9a5iyMZN,FRnFVoakjCChVX5DSSfoyKtTqod36uQyB7deXqNB7XYG,
3PZLbE92h1qqusdzq4CVcLERJ4dUnykU8adAkRXW8Hy4,FjB5AZvVtHJmnnUtk2WUPQ8gQeJWQ1nE31gsDAcJESkh,syncspace
3PXh3ZCPjRAaYcoeTWGWG2gPYaeCnRq4AnFZeMiBaynw,Hq23RE564UaA9WNxMmT9Rtpr8RFUwaYoh6XrGnkMoUAc,syncspace
3PUkPYjCoRB4W3yEhL9xYgXb4JV1uTXBJB6e5K7pDw8y,9qj66zMkDdUBFw4GaAwKBgyyLfYRt1Ax5nmQGjhV7Lya,
3PLS9cDZMxwDkCHg3uPMR3PDLuGWpMQLdx8AWfRsgXHZ,2jCANQUeYxNEfJL9pUdPRGS1GJjm43LBvuxMAhpAnBum,syncspace
3PFeBU8ZQLn1F8vjriM8uStBF6NQiRap5Di3QRtaRBcf,HJgGPkYq3C99B53YVXMKhH4SMZWwWpwB6cKC2UhqrQTq,
3PEhRwrZ1RcweBBxDA4Xh8xJPbr1MTfvskLXuL7w1Lj2,CdCqZdqhP8k7pJnfgx85WmZMuUhWft6kU7HuVj2kBfo2,
3PB8gq96HD4N51RvQ4gHFdSp3Xeyp3qiZzb7R1RbwJA2,HX4M8mCm5VHWqP3xaCtjyHEjbsFCRrJshsXWtiE7VzsF,
3P7EpVeDxog9mh5UmHdt6yiFpCYwKNLbXRrak9fQFkuY,5AysHo5vYHYcqNaJ4zrKKf7aRFfWXCCtQ9gdPLfpudfA,
3Nwo6Q1prWFGqXbKJ1wW2rcHRSaWEjeCFsX2jjwjiwna,FrpQzGzUt3tmmARHCtRKfDV5ddFtt8k9Y5zr7WtsRUGk,
3NocvKVxBqy4VRrym8z6bKwmwSq4Y5TUTm7bTwhWhUMK,6NSAMJ2gGuyiqXgeuTEETpqqRTuEb7iqnuwF1jCfrhsp,
3NghcPAAHK5uTYUyjaoEqKH3aX2BF5ZEodLA2X7etoNt,GxNQuHJuAjocBKejd4Bx1LFyMti9wFbjZseRfsQcsE8P,syncspace
3NdwDABs7saKXaSfXMMidBDKtQ1eH86rjGfd3w1z6z24,Cz9ZSoCfQM37tzHPNCCqwohsU7pHexWPNBo3K7kcx3Sd,
3NSxdNvC7vnCVozjkEuU34tQVWxAf9NW715dJVnMB9nc,Gz8kqBUFFo1diobyfwwaDwhsuAbjCE9iLCvHhVUJ6wVK,
3NGh6M55FDGi8VN93QKsMLZ2fGi5uHwGvTSdKXRh7FDZ,GLXy5LwscvLKbEysdkDywyFg1rBQHb4EVQF9F8BQF3GG,syncspace
3NAr2whSMvVnSG5yPvmtqYeeu7LAykadR7V5QmgysqbE,5Pb54bdJjsb427AXSefktyo6pR8ZS1bk4xZbcod69JuM,
3N4VBAzofMvTbwmqnpJGfKn3zRtQ82Q9V33qAh247aNK,H1ZiWRrvup1v3cMUAL8hZbr2n6PeokxNgjQphXAfYhLr,
3MtDUJu5N7xQuLq8iY4o6F4CRFMvwynkMNdyTZiAi6Ts,uFnAMPCfQ3khd1CURe9AmUnPHzyTtjNaaBP81bFjyx9,
3MYQtrMcyFWV1XTDDGse87mBaQ2fo74iKeCvy2eFHnZZ,Fjye6LkgLWqQheEFFnGr74RgEixL6LgQqq4BtyAqu3aF,syncspace
3MW1FT2UNgduVS6xQeqmVja8pFzpTtQAXEpFdUNmZit6,auryHMdwKGnjU4ZBjtacvARm8DcAVgEzYDzzJvVFfE8,
3MPLYkM2s3yh1tE9ozfaDN4MeqfEDu6g7zsnZECyJg85,7QJ37MV2h5LVDGaQBtqpxqmV26PdgbDszKu24QybdRNd,
3MHM5GrehdiTN2HVXiTuwBsCEr6pfQRjgu5nyfCCENFD,88gNHWScPbq75QunYtRi84YqvKwJZ1cjmqrF7chp8VXo,syncspace
3MAsUdcxuqUiAeWjePoFw9Ae6LKzGsw8BiWSbgux6dx1,CDzXY8Tp8evNoXEBH1MmP5RUTLFfKfTJi9uTNJfVdGBq,
3MAjh1gFyJYtgm1mLBBzmKQvG2zH74UfCadzAWSGLxeU,GWD47LRDmsDw5oC1QnGLLDDC7Yuk4EuBU2tdZjaEfUJK,syncspace
3M9HQcBtm7Vfs2AxG8Wu4W3YrHEY3XjuzsxiAAqPg9H3,H2CAfKakYfFuT5oEZJwtAmgy8ihPncv62iMYmQXFG3Y2,
3M3MxHubMuQAWLWZDjuFaaDnqhz1VWXjnoLCZWFkXhgj,25TqXN4ToREvj3CVYJcTP1MWbbi9Dd7uUeQ7uTW7pmnU,syncspace
3LvAio2RRou4RPUKuxguH3hMMbVALUTzwd9EGgYDunpf,7YTh8cKjaFVV9gZqfTccHMK9FH7FHCCs13iqMtz4ASjx,syncspace
3Leg8krjTdDtvVc2mMcPwQS2az6iUP9QChfJLvyy6oPh,GKskEYAwtz8963JitiS5Ph2uLgUSKyzU93oVxrSBNKuF,
3LbG63z9p1J1RWMCjewE87E583g6vo1HNgnHjJv1mHKU,Cz9ZSoCfQM37tzHPNCCqwohsU7pHexWPNBo3K7kcx3Sd,
3LUswhdnooqrJjV2oezAkQvmXgzNJbjRB265dXXQbh7x,9ZuAkjidZRDa9NHHrQAhrzJSvev8sPLBVv1j5Ye6M8Fn,syncspace
3LQC2nC6fodPU9fN2zSaEa9JWaf6C8UNpdcfDqL98v5V,Fq9gQ4KNxYh7rkjcPKiNRLu95UnKkfWxcXDLd1FgZnrU,
3LJARigJLvpixzyMBmcLnHRRDoQGeGRpvr1xCVBLpoiq,9qj66zMkDdUBFw4GaAwKBgyyLfYRt1Ax5nmQGjhV7Lya,
3LFj4Wa1ctJqtgvyPy2TWQ8BwNdgS5uywVeWwGdQ5AGw,8DdStEtmzbDczkJxtPkrCvQyBkhyrBnguMqdsfuAwRnP,
3LDosyGNtjHoGi8GcoAtBvWQUm8MEp8vNGuB4KpoihTr,6GfB3dc67ApAxLCXGfqVXTaWYzAbjpxTHa1fa1MnqbzE,
3LDb51Nn9DhxaefqddHstCiVvAAL4JYDzLyNi3ERcNiB,4U7tf3ChxC8mr3KHWnkV2bE2ogBJK6q8LHLvU1F9BhKa,
3LDP3DA6EANtCvCmrgRQagVRcTXnN83hcryj18GJHZTc,9qj66zMkDdUBFw4GaAwKBgyyLfYRt1Ax5nmQGjhV7Lya,
3L7t5BiZ4JvzWzX4t46C57YhC1mXvHkgoGjZDpStnrFY,Fa8TzVCkeQd7ZMcGNZEvC3kvSKtxMymdv1gCVZoPexuW,
3L5a86WRfKNcfKFoZH8N1gMEzQFo26WoJunQKy6XNeko,8cXSrBVJAYKn32DEDoh5tMYZX9XYxWMm1j9MCcBfivJt,
3L438aDdsDkyT68dQSzqd4YJRhrPCybFYpWep8gfmMpX,J6mENEq1yGYeFFU1jHENwwbUo3hjhEg3rtMa3RXPnW8a,syncspace
3L3SFHS9UFxcnxtFgPET7o2B4A1gFCQSigsBXQBEsEXf,BhPgBLBKJBk5SCjpRd2g1Mb6AZo6q2VeRZXaZ7KsCGn5,syncspace
3L1FYFV44RJLH6bHbA6JneABgsFoEcoTDTpd71gPhng3,DnkxUHYP9TTqNkEEjsz35VvZ3FfUg9tLEVicdBjmRMxk,syncspace
3Ky7GxYEaz8terb6TuC2aC4jCFSwXE5T9hKxWTn7AdkZ,5WAzo7DwUKEJbjrWhT2pCv4qaDe23AnLAtCBeMcNDoAX,
3Kk2QZkfZX8wExzCL1qjPdXsmXUm7BgscpcKwEWoN3Lh,7DnqWV1732auGkzfKgNxzcEHJfapX2GbwZ1w3aqoAN4z,
3Kh1dLYHwyUt8gjpeyCJaYMFJanRxyebfcUtVeu3LtJZ,5jSi9f23FdW3ja35Ftgd2LKJkcBDhHvYcuLY7obACkti,
3KffeBkGGRoxgqVtNPdEpfos1MswfK8n7SRgBPHcP6qX,7gMTbTk3y57etM5rXJsfxo6NfTvMkUwhX3mKV4Txvq9U,syncspace
3Keocv7ABcCp2nf9jmtbuatrdo4Ct3MB4idQbiB8tf9z,5Qjr9pyHaEKa3c69mKJGkuwhDwDP9PM6Hd1wsK5jADuq,
3KdXFXUx75GrQnTBvPQ1mQcQiA1EBsfNakjTVrAgWRwK,AwcbpyGPiNdPrtoBd8UpyLNF5EaszrhXoKqcqqDoHYp6,syncspace
3Kbumn8rwNCGPotkPgwPG62iLPn26LFEjQx3qQgPb2fb,7g8KvqNhQ7cDndt8apCqbjBdLk3sDSnSm5CQzgB164Ki,syncspace
3KZDgEAwsct8YhTKGHQWgrAdyrub9SGCJTaweevy3Xjc,78Zqg71dBn3N2BV6SteXpgoTotRmHaBKAxPjDtsKtfAL,syncspace
3KXZtJcAKBzB4xHMcUm28nJCdCsxHddwkKfGahXxBcWy,5k15YfLg5TmTeVUAuxpQgK4r3Dzuu9ce6RwmKUdtDXYH,syncspace
3KWUbVvUnRgn5ATTaLrNvDka8f8JW1DuZd7AfRrFFpQZ,GPg1UBnaqBjZS2XiMfEpgWn5YBJmNkVd11HXjYrDmVsr,syncspace
3KLpecf5p4xqUQRUsECA8Smn8HivFrcBePn8F7RLmrU8,8CMP2rLaC2XSqhLegRzhe7j1dqWUUWXYj1NSBkbgFLsb,
3K5D26Raon6PWwAVeGJEMFSKpH8PrP5kpPwVVPK2i97t,D8dxBFS4mtSfUtZwhhGVafjaurfFuZRsRW5pVJKh1XnF,
3Jz6fZ83Mxi9ZY6EwYiFdfuUrLcgXm2cMq6r9GiZVRHS,HTX9BkwYdwmH3xPVAyaiVC8pVusCp4gDWTqwLwzCM1bx,syncspace
3JwZfyCidGHoFS1WiEYofBncBa1zmKKTmgkjGiT7k9pA,8Ht3fm2U9uzqYdCGiNNdxjeESQuRrUh4XackTggNh8WX,
3Juem7UozP8XPNmqEwsKXqir3qLYuG1Azz69zEkekzME,HPC4XqF1M5wfYwxSpfcZMMGFKRJ3EBduvCY3n6ADCnA9,
3JnNNAji3joeRHPuHMGJAjNFJL7gmz1dDaiiXQ3CTGtG,Gxt3yfT3VLektA8hCFNjgSW2uUTTtSZBXECZWRGuotwa,
3Jjv3qgnnoJUCWfoEmcRsAPSRTEYByFH7HNMjrfEeXvE,ZKm9dtKzmBivnMcuG7yUV6JLCpNSX6oJjzJe6bjfW4w,
3Jb7veAKgZazBsM2ZMy75e61zH2UDbEsrqivKFj5Lx77,HBvKBYH8pT9HgvhEV4V7nASvAECaQUpKiaUiumKrJnF2,syncspace
3JaNK96STDTZLqxbhMQCDvRwJBxmJrtDKji3NaYDkF6G,66NsC2xNwBZm4nqqgrsaGwMcEbrQVxgSzNZHhGmMVHju,
3JEDv5KEUHJrpDeV8sqebgd36F2KFtuNNtCxtX3uRyjz,8wPJDtUjBKiGctcefafTB75SygLw5vNaEeCvznpsiVar,syncspace
3J66TpCPHziWV9j9Ggwdr4RnqiibEujh7kccR3KwmBKb,4CTxku7r7a3Zxp7Qm9Cksr2zkYQo5iKHRJgoa16KvhZu,
3Hxot6whkMJqhqqfQxKGJ3FMzuSU15fu4DQiFu72jiR9,BBynumVyTVyaMqGYSnZPj68GPFMDS4v8WUajwG1uAkyW,syncspace
3HxFJwtziqbePq7bsXTj7YRS6vshE8JvfqaxdqYfx9he,2eWkTF8tSBp2si8Z7LDgkswJZ1LNGi7DPU3NNjV1i3VJ,syncspace
3Hk12ShBi7SDAp3V4QpdmjiLTSd7TYrXRvxQFyUsZpdA,A2VL4X4VDqrnGaVpJwFbBtM5qJ4Rpe296oLyffRRaHXj,
3HVwfcnBsZHRcUhU3Lu6XLjxwqYyo2SXiPtZYPYH6dyb,auryHMdwKGnjU4ZBjtacvARm8DcAVgEzYDzzJvVFfE8,
3HQ7CEKbxquSpNNkVNxj2kYi5pLoMyb94USj4Sabyedj,313jzJ6AMyQTBYeQxKoMsFYE28j5KgeNsU9di1S4itoA,
3H9RxpupeN3tqUvBJgz9L9GywybKNTnXZYRV5raDMwiu,2TjoiH7VATuDdyDNaWie5ZmpE1tTyaRrn9YcP4uhrHfN,
3H4Lf3t7BSG2CtBjWdVqRY72of5R8SiiAhD69kWXtfXT,CB8Pr9uzrrFw8BFnCqworH1wMa8DsmbSKgUNwVWnDGrL,
3Gp3JjmZK7rcN6c2SVUfwAmipFpdEhXmuYbGzMuDM3u4,7DnqWV1732auGkzfKgNxzcEHJfapX2GbwZ1w3aqoAN4z,
3GoDuVYsvrDbY6oggHQ9XGaRQ3ncLNW8Vx4iQbPm6VtV,auryHMdwKGnjU4ZBjtacvARm8DcAVgEzYDzzJvVFfE8,
3GiCGFSMUu4DikcVdHpKR1rmKa5XGPkEjdpJoDbYpjS5,AEaMxfnmSPNGCfvG26r7gbKiPVcBWdqoVth2AuYyLbry,syncspace
3Gg9GqravmGPuNsiZqG4X5GCYeuV3V4oXAjwF19EmfX9,GAvuRAyG1tWVY7qszmfoQSAubiSE3JscrKnxa3JMhivB,
3Gg61ArWFmj5MCEskWUqaT6vTw94TRkNF15cwdSKEmpa,autfyCR5psTc85smVAcGQajFT4TC8xxPPH1wvJu2Grr,
3Gg1tF8F4XnSy1HC2LPbou1iAAfpVWJrSp6sD2KXbHTT,HTX9BkwYdwmH3xPVAyaiVC8pVusCp4gDWTqwLwzCM1bx,syncspace
3GXDpxwFABY11hd4S4wpax2i4J1vuNCfVDJPfCYGski6,8mdWvYHTwRdFL1af5RzzoFmp7Z3tXqRXFZrSY5GJXC3Z,
3G5EBtEbo39MZPtfBEv3keb8znsy2ktX2HfAfyCSL1vx,FRnFVoakjCChVX5DSSfoyKtTqod36uQyB7deXqNB7XYG,
3FrwaBT2kPBiBSomaiquL8bVQbZHys2As4eX2ZLaJzN1,B4vfpdFndv24Pjj3xpcyGHnNsxgN5XDtzLppVF8hehDf,
3FpUgwf8UsoDnsHAEXZZUSXibXCdsnSQFpmjiF46Duj4,G43e2oSgeTEaxN3vc9iCKUg2AXaNhfs6KtRwoxgZ6qdP,
3FZS8KgY2qiXVQ9KgUwyQ2Jax3oEwDp77C1iMdEmBep2,2NatxmGTQLfp2msN1KuXXBdpatyfdjNmDABF3CCQJYBB,
3FW22ACz3nTDfMB6WPUUAGAqNPq7z2ZdFnmnoPiLvNWS,Fa8TzVCkeQd7ZMcGNZEvC3kvSKtxMymdv1gCVZoPexuW,
3FVfWhguAKPtn346ZgNkTkFsQAScCd9NH6qMq8QR2sir,5k15YfLg5TmTeVUAuxpQgK4r3Dzuu9ce6RwmKUdtDXYH,syncspace
3FRsESBjaH6pQr9GrsTF2h55TgmDUXWvLsK4B867qkxs,HP2Uy4EzdMbVvs1pcWFY9A6EfF79jEsfQNmTDmKpgLA1,
3FPfGQu8UPKZBdEQxGoaKwp7QSN4eRpQGpUsYo3DbTWC,FHbVUUSthmyFC1vt87pVcN51GSirxy2NAu2P3cQvUs5E,syncspace
3FPSxLUhmPLbcCeX69KkgqS6dzVuuazbn8pnb5Sc542T,4bDhtPrxEUM2CZmEcrqDUQ1JdM2xHkBQzJeXHWFFSjNe,
3F8Qg8VcmEGtAQBZudLootd78pKU2LgMXmT9Zrwb4PHE,25TqXN4ToREvj3CVYJcTP1MWbbi9Dd7uUeQ7uTW7pmnU,syncspace
3Erd16RMmvbz4vvY9wh3cpy1LAG3T1iX1zrcUg6MsFC6,aumuHzMdUFiFCvJ7kk1djU4CViSzxJk3FjXTXgvdNZn,
3Eq1f1n75fuXsAEobgUc9VC9NBHw1La4iC5cpv8rGgB8,88gNHWScPbq75QunYtRi84YqvKwJZ1cjmqrF7chp8VXo,syncspace
3EnUazvNgeGb7St9mt6hahScQqc7VJH1heywAEMCgdKD,HXdVDQZS9Suy4aHJn1vwq1A7nhB7Eg6enjZ59MuxsVK,
3EkCkGmrJMqBw33K6qNezPrVe62VojKjCUj6YwpuSWdw,5FzqLqMJ1JESDqp1FdV79LmGrCk64VPBR1xobPvSkoBr,
3EYhMBzzYJViED2JGk8EXhwzvXCqjm1Axojo1HvyMBtk,AqiWyMtTyC3PxQFXWjSjdY9QCnhYrNMcN2MGPJpsYHYn,
3EQDKwTKBRj5DjjViGEbiuNotpuKoBtrtd7HW3CEijut,39TcYqUJzfXy3MqkVkhXEsMPbPmHNbxVRAMbEKnYoujF,listed:magic-eden
3EPVxcFTY4KvQutCNK6wZdackXCAnxpH38JdPK8fyHax,4U7tf3ChxC8mr3KHWnkV2bE2ogBJK6q8LHLvU1F9BhKa,
3EFrJhdeNoo8eyarhnwbM2udCFkGnYzBq4dVKoayMAGQ,88gNHWScPbq75QunYtRi84YqvKwJZ1cjmqrF7chp8VXo,syncspace
3ECqKzGi2S3STNGpgXtgf9nWcHz9GsHzCPekm9W2kCU6,88gNHWScPbq75QunYtRi84YqvKwJZ1cjmqrF7chp8VXo,
3E8v2uUqmid6RExMthLx4qhJjxKHCsjpMuGRKk7Np9FU,Ew3j7a8k7GaGqZfp5nc8Wfza1Wx83PuVykTtQBF6j9ya,
3E58TvpxFFxJkbVkKrvcQhLPu1mytu5wCkEZJuVGQ1Ee,5wceam6f3i2PNykKQkomeord2dhxsmyTEaEFxVLVaegM,syncspace
3E4vfKGjFtjYE5UJFsHPuu5Mgp942gNtzyjp9qazZ7bi,G1FPtDQw5fQ4JmGHnDfhBsAQrkp126abkVwLcn3QkkgM,
3DqSVMdpEM4TiyyMbPY9xiMGTzrq4UwCQoeke4nDxdQf,CqA42zXaf5zXk7EW7jtCLfL2uH1efuB9GtTfjfJ2hzoq,
3DkSCGqzb7hZmXN7HATi3MQLU8z1VHzGYo8k6sm5RbGQ,2VQA3FT8tWRPgiwVPh2oKm1JTA44ocGspKn8yRZRvXiS,syncspace
3DUMPhb8udeFTxqqVuEdJPLtjPgSmEJJK3uwY28q41ad,FRnFVoakjCChVX5DSSfoyKtTqod36uQyB7deXqNB7XYG,
3DTxKLknR26puHUTtU1P6tdu8piv3YsqgiCJQ9NYj82W,AHy5snP8Jy584RdVg5buochaqycJytyLyQJ3BycmicHR,
3D9dZg7SH4EcJ1LkiaBKMYiWpAn43bPrCszXN44aQjKu,9RuZzjKmpb8wkPR3uXQXN2fn6VtifZER6uyfA2Gg2v51,
3D9WijHtWuEB3AemUzsBHXUxm1mJnJtogWVjJXDv6azc,3j55KjrSyyegk9r8gGNNr4Np7oQaktPr4wWh7DVu62Po,syncspace
3D3BhmysdqmUct51a95kEeJ9eG6dLU8wrGsK1bRLLQAf,5wceam6f3i2PNykKQkomeord2dhxsmyTEaEFxVLVaegM,syncspace
3D27ZXGjyxe8EfSSHRWCECqWHoNAux7PkcXuXtkv58SS,Ffkem9asac1RF2aptT1MzHF4DseGEkYtL45aQHvBLv5U,
3D1umrMYFr7odwTFysVzJZwNocrwcAPva2kJ7xxU8xR7,8snMPKs5vusdKtLfxtoWybwXriGkZu5gaEuRhZQ3UCaN,
3Cy7kup1LQGrE1GGBkFimXHYAFPEVbZWah2qkeyMMLbG,DHNHnQowiCFmX8MeL9kzuqPM4MLjSDnhCRRaFtVx6wfV,syncspace
3CoJT2xevHC9HzNF6MomKANPzQJA3ef6duPJMLVxqLvA,8CaHfthGBfWdyqLHfvmEJgcsM6uEmFqitnvgsqhNGdUH,syncspace
3Cm3MhWbgWCST3jCiRsuBdQweKEf7xk6xV2DE8j6ca9i,AwcbpyGPiNdPrtoBd8UpyLNF5EaszrhXoKqcqqDoHYp6,syncspace
3CinY44dy3FwR2w7A51SoRVXzYUn51qbMsDngoWmJxra,313sJBsg3XYP1BkC19PREkfFra8ppNEs4KFS6zaujarq,
3CeB4TM7Mk2xa537qZQEmsvKfoCHTJwn31jAWu8FCsBR,3y6QvyZaAy345qF9uqDX5bHRrbp5jNhtioMvCtEdEMnu,
3CdNXxLChZj8xXyH5SspaHgeJuEDVEvKmgNBRowPsQdB,aumuHzMdUFiFCvJ7kk1djU4CViSzxJk3FjXTXgvdNZn,
3CcW1HzRQVSAzvJkgytpEjXj6x45TZtZ5hGWpG5tPBSU,3H54g5eRUxLF9j8FitR1XDsky5VAwKfPSy4xAK628gzg,syncspace
3CRq8wWmuMsrZwjc7DGhbH6HUkandJCUmfBXakbcBYBq,HVcfjasPt9tV8NupoNKvgBWm5YgHbaTGJy7uFDKuJuRR,
3CRa8ANJKS6rn3tYPb9PV2DcX9eFPCtifPaY3pRYc12n,92vYpmmQXJXSzYgWJWUjd14Mj4CRp33m4rHetaCMEwez,
3CHV7V6XasPjc5cbVQgJwzW2mLPWATq5Q9L8kJnLrrm5,7LAjESa11JXDQHfPye1JC7jvVjtYhignL8QdL8U6VCgn,listed:magic-eden
3CCsyxUC62fd6b52NwmaDuknoxFPxqct1LtaKQd5RM2f,8jb3vsSXziyDFavf3Mfsi3zFMkC98aXrnB1abVXEoeLE,
3C7x2A9szaeD5ubphkg5BtQ2sQjE9pxMAsNLzB886iSL,2yEw5qTq4LXZ3m2L9KFH3BBLzUvVEadyF3p5PwhhVGCf,
3C5yixN6ojRBHh3D5F261MXEEHAzLtrvKhZDNKnYfkEt,6tMR8UKEPPcKDbLx5F1a7poY4JV3vhmKN8p9a4DtC7LJ,
3Bytko5kBsL3vhZX9JSXdQD8RaEehVFbHxXYhfZ2fuTT,6GwyAPMaCAseuwJoX4DR3XXeHuceCvr6qTX6kkXcL5PA,
3BZafBHrY2RxDXHPbzktWFFPiy2YdiA9tSys5aVewBFi,EWBXjp4KMQSSuSbEh5SemiVZwTydLAtkgWAJrFuvNSR5,
3BUBz7iaN6e3TE3EnGf2zy5RefZyti41zLrK5HkM1NTJ,H7vbEEQBARVaRwET7WdqT1SQQejVApc6pYhQQuybQQvj,
3BSaP1ABYnLiWn5T9yxv6fxKJ1b77pXxCo7JuV6gCYek,4LjojFuoPkQiWSuSve76aoRCj9JG6LJ1JBVP2kujgkEh,syncspace
3BQWkBiSxm7fvmrXtvBvXAN7U9jKWpUce4ZWkV5gawD1,FMJ1QR8kB9kjGwSEEtf1j6dpWMWtdJ6Xc1ZTsqX4iQeN,
3BBDHxnSDS5pZ9VxkeQH22P4RVxsAagb4d9eHUG8sFPG,GW5HSFkYEWABWEiXzkGsybHK9FpgUaijcWi5TW8b59cL,
3BAmAjb36xNi4AreZ2JTDznE8FYJgrAA8aMk2Pq21L9e,CqA42zXaf5zXk7EW7jtCLfL2uH1efuB9GtTfjfJ2hzoq,
3ArjXVBjPLVkqFScyzMumLKgjhfxpSjnDscB5Gt7V7Yx,autfyCR5psTc85smVAcGQajFT4TC8xxPPH1wvJu2Grr,
3AjcWUH9U5Q513gbLWcwRcXHQKerS4BjRBvpLDSNzXpQ,ALngCjARi7zUbcXK4pasoBQqPGdBkHBKViNPu9JwEeXG,
3ALHdJZWQF52N4Wvs7JZCe4LbsrnWfqNriQJF6dTqmW2,Hq23RE564UaA9WNxMmT9Rtpr8RFUwaYoh6XrGnkMoUAc,syncspace
3AKf1feLPjw3CoKf6ega2c3Qo8TFNJQbSLBUpiqwR3ZL,G43e2oSgeTEaxN3vc9iCKUg2AXaNhfs6KtRwoxgZ6qdP,
3AFYUfU4DdQGKMYjtAmSy2t58tkvvs31mcTYAgngNQW7,FY9NAS62iqRVkjSwzbWkSLammaLLa7WMduHkKd7oc6Te,syncspace
3A8s1pikv2eHxT7BHkoqjBCxvRsGmAP2HmRJuJaCF7P7,9bhzBoGugrGFqp8YzM8vAwdnbKWRWzvqE8J1aLVKEzYb,syncspace
39ccY7brSPaWNM8hRmVox83oJF1YvzD2aze7VNCm8G9D,A2VL4X4VDqrnGaVpJwFbBtM5qJ4Rpe296oLyffRRaHXj,
39aXGLgCaNnUFfWNH1hMa4uRVbgV7YnQieFptt6RGwGt,HLQQovWxjd4XED8vzCUyyz72eaWW7NJd5MdE3iv1L2iL,syncspace
39Lwg9uhCRf1bqzgrru4uFMQug56msdvChNzq4ruyrhE,9t4ZfjqAta7Y5eGwb98XDfsYf7dY2HpuDdx8TwNWPfrr,listed:magic-eden
39LWnL6EZtcBDFFxgCiVQqiBBFBL3sD1R4G7saCnSUiS,2uiUyGCfP9A7LnUcVSPfYciShC6tT9mtaYs6c9HJ8tHD,syncspace
39LVvGUkyChcmCQeRC6FW4x3Kj1rioi2CSfKLEtzkLQA,25TqXN4ToREvj3CVYJcTP1MWbbi9Dd7uUeQ7uTW7pmnU,syncspace
39KYmE1Ztr43P725uC82moF8KSjwbMPwMmoZTDXqRpFE,7VyqBwyLNizHkXYX9EyLEd5qCV8kUoTWwr7hAdNTyBDC,
393UDJzWK7qi365m44nHNkQvJQLhVtSC4ukwY4aTiBTP,2jcmG2MqUw3vB1MaY6j5kis97P5HDf43GM95uJqWKoB4,syncspace
38h9XRwJUGcbGicJfeqvZbtsvdHZi7cn9HHs98xDaibP,G43e2oSgeTEaxN3vc9iCKUg2AXaNhfs6KtRwoxgZ6qdP,
38RcooE6KNPozNaSWCJ68W5tfJ9KYsbvydhPZG2tVLMg,CtyBYvDMWDq6xSr68Bg4TZCSkWwH4QdSZ7duoSkAj6jR,syncspace
38C3iTsvVSb3mRZR11fxNTQJoXsHEriTMMAYboAKXaZr,CASHaa4PzBAYiy9K1qszEHp4a2KSmNmCWboEYNXVatTr,
381rYAgJMxpG1RW8DdeorbD3Go7j9Q8WGt8ovJMS6bWs,4ixAFLqo6xgBtKhFaUBojWdtdX5rwN4HZUG3Y1pSxJkV,
37yzbEz6ngq1VVyDxDWSLXaZx4hjcQgzkzokSeEN3MMW,7ZtwRWdXFuiKC3JJi4rH4GnXUxLaJ3dvMG5gfYbKZPw6,
37xEHshvoTG9xU6FvFJofUvFMwNK7sE1evyvGddNPeTm,8gpJoXXcYHKKe7ZVihEmP99SRAkqEmbsEb4Qr5fqFQga,syncspace
37sj2wTxHw8AgvDRQYBtzJD548dfEwZBFnotnK4qiknj,3ZE4Z1nQVr4HBQNwwRKtMLZVQ6a1zadqtXmQZSpLb2fS,syncspace
37q7sF9nrPt7gjpZqr9H2vBTpzVM7y5Lvt8b4vXtJ6bL,5jHcwjL6mmvgWEvTkPk3Ps6Fu7M6moiocASQuBLmbX4f,syncspace
37hq1HGE4GqULCiuLKQVwk6cts41ZWXR47L8E16CLoSu,GpLyGGQ1L8mAGByNqivhjhTUT5NzUAwpoG26mYpSks31,
37VbcAwfKDTjqvPSkz54sUrGH7so7VYUzejBiwF9KKD5,HL81qSsskotftWTbvYZW44MoEcZy4UrhBSaH2squjPQG,
37SuPPRMsiLUetS12zXfXqK8FJfU22unJD3FZc9xYwnQ,6BmnZ6VG8WX2QXzBasVEXqgXPutzxvwvHpUMg21Cpz5h,syncspace
37EsStGFveMwL99i4PxyFANcyNZTJtGW1zpsDezE3BM2,HTX9BkwYdwmH3xPVAyaiVC8pVusCp4gDWTqwLwzCM1bx,syncspace
3761gCYo5sTRzQfum7TsMzJbEQNWBptEpwssHHzDUq5u,AtE8MaYtXok5VhhLrAfrR5sLY3egzUStY7ySxTVo2h1o,syncspace
372K3ZjWN17CLo3zvaw7B6RVRYQ2qq3d1D3rXcygnYVv,9drKBLQ9bVTD6sXTnLQvS7Xy2KhH3Ku68LZszPjrxFTy,
36oLxXbwaabUwhz3v3nbWmZ9S5TNjtPZAKrNnUTSvzWx,FRnFVoakjCChVX5DSSfoyKtTqod36uQyB7deXqNB7XYG,
36EGh1qj68UfjEv5thQLKjMEDajvemkuRV5tEWgKKb1S,9ssbvcfNYrvz3mBMTtvR8YExhSNQ3wcfJPDwf4ARJoDJ,
3667xxAmLddJcAzb2gBZ51y6fNiuSdVbivshP9w9f557,BR8VTySq1uCV74D1Z49KoAT3k9DE3kUywJibyNNinPez,syncspace
364aC9svN7Q1ruhbvbwK3EYXHCWTm1Ywz1Hwu1KBVT7F,AkHTrLH3yCgXJh31Tb8UhQJxJKJFDpUND14ZfUzvsRG2,syncspace
35gB3yAG46ihP8EXFLUS649wo52wApMTNTcKjMmZdknY,2Ga6hzy12f7oFvS1zSYvUmvA5fLWiNP9ep5q4NdruTci,syncspace
35dRSCgw73h48F8FLjfV32E35fXpdUFR9JjAnF8m7gHG,FJvbgPjF9GDmyqMwYj9wLq5a3A8t9Qajn8xyhnLp2NZL,
35TvYAq7MFPTK3XbiREvWocEuuaTnN1enAGCNvqZYWpY,GhhNqaC6U1LJiwx3escAYx2H7mSVdzkyr1kL1NpViFYX,
35JJcQ1BG51D4avWjGsYFE9RDGnRYS7oPv1sLnd9tWDT,36BWr5Az1P5CPJAtSVM6DAqzBY4keMowLbEbLXxSnSyE,
358swrxzgVWAnDNe76S4z6pQ1Sqiz1L7eKdwjF7aKgEu,BxMJyY1EsNoWuPgfR3NEDZ8xxhYpn2eSERgWUjxcoztu,
3563QVAaxBEeYTp9D7dEKWzkehB3qgmSoKCVAhHfX5Vi,5wceam6f3i2PNykKQkomeord2dhxsmyTEaEFxVLVaegM,syncspace
34t3iysfk13MhRw9sWJ38vgHVasGPX5XDWaEfQyVwUCM,HZKtfmmt8YvCCUgaRH93zJyUQGPUGDXUJpjaw9RhdJwg,
34bmPRmzfGdrQ62EFMVT1VBwY2gDzQ75bUq69MdKUmEi,5NUPoeyYtyvdni3YgAkkZ5cXE94QThgnDBUm6N3sePWr,
34WmJyzUjZM9Y6DAbwZijGkre1TMecReVXdenH3yhtYj,HG514VNgi9VhMt1s1yNDs2WPkShK7nEpQcGv8Fnkd8wK,
34N24t13Vewc4y4KwqwYSY8nqQur2Je14CMcACDinMYc,5xp4iVAF6ewCvKysrFFmpgeD3DkLcjmtLEn4DqXtfcYW,
34FeRogUGK2MC6kx6kF2CEf3YAQ1qCmpPMMgUg64r67z,CiS1udKWfC9tQqMLE2pDCryHMUyoCaL7PNWY3hm5o49x,syncspace
349k19hMDsPgSDYbt5eoTC2poJExRwV9bcvGhoWoBgzG,7ALqfWWLmNgiBASJzdoSY3z5K5AWURYTyfXmztWpr3yL,
33vp4KRmZqRQupZRrKJEg1ww3KbJUwq7WYpqUnmtrpR5,GLXy5LwscvLKbEysdkDywyFg1rBQHb4EVQF9F8BQF3GG,syncspace
33rpyyArCTtfRb1Y4chU8ZqEPWEX4kJ5KctpHANPhhpn,5fvFBsAsGXXCFAFbVQdvmhbUBhgLhs5n4E3GgG1JTKuT,
33fASgCmkUkMMgnWFM2XS4Sc7EsTmCwTFkAtJdemqsT3,2PPKJXfVQqpe7vtPebuGHA8Dk6Fs8fPW5i7d3aUkE5Mb,
33cM3yTDz5VHFrndmQ123qR56A3BFzphuHGzRXdGRcHg,4U7tf3ChxC8mr3KHWnkV2bE2ogBJK6q8LHLvU1F9BhKa,
33cHM8ZdvWVGPwQ3fZ8ivoHtp7QomPLa4tiPDnWQvhMv,5gRdH35vSTh8bXCT76dzaojk4QiQL4gWntM8wdENr7iQ,
33aD4stATg9A2qZiifH5DZZvFPRZc9uHBRUuP4S3GQjm,4F16Bs5zQnBxEubXZ3rj3V4qLRetDAG7bWbhULZzr3bb,
33N89biQMgeJnCSWuiZWATtwoh9vvHVBy3o5SXyZjQhb,AkHTrLH3yCgXJh31Tb8UhQJxJKJFDpUND14ZfUzvsRG2,syncspace
33Lk2NawNkawu8wEkPuGYrTSJzxM3jnKthWnGwNwuKMa,5k15YfLg5TmTeVUAuxpQgK4r3Dzuu9ce6RwmKUdtDXYH,syncspace
33JeNx3uAPJxCoh8jsVqS5CuQF5J9QQ8Y6Fi2wLRBBnT,CAPpj9WEKz8sDX8fERGgTkVQ6f7DggcL8uf6C59a4sC4,syncspace
33AmMhHn6jLVW1U1xtfKD2y4CmDNFD2FjGK4q5tVUyp1,Cmj53MLXCbusTm2ahv7mPFm6UcfZqPMQrhw1ihdGtQWg,
338tuGDTL3yqwsg3JUWCwF8v8B3W4jBo3CCMHfDxLBmd,ErSmYddSnAxbaP2VPTheSQohdeqDYV1BeUtYDhZsLCXw,
32ugYiMf5gMdNSV3Zqt3Pso3JJdsopuZ37dTTTkj1Pba,9xY8n2brKNTUGhfArF7Rc879DhBehg2TK5wY9pqamPgS,
32oTKnAe5viAUVRrKrbjUAMKnXKh9UaSnm7ct2YwyaSX,52gVNnXRYj9bD7GdkTC9kH3DKq4KnKhsKYfVsbJKSFx5,
32jXEohCuPWCmV5dVsYCYCZzQ2ECqYSdJgUC8qiPv8Ur,D8iwNWsfRkg6oNy7AyTevRxNPGUKZZ2oixoqLiinSSor,
32hhDTgSDqjjd2mfCMFzns1PWhMTFHpMLsfNa4Xu6Spm,77659g2J7AfZn2Uum6EHBjkXp6ZqTk1vWGbV9qJJK3Wj,syncspace
32VeogiD56GzziBX299x6wWDyh9rSJW8t1brh7v27xg9,3M8pPVvq1ohC9GxH3NqT4KkZjj8CpTNoEacVUk42yLFU,
32SutvcrDiWq6hfu5fUtBhodNAPCphGTSHU5M8m1SUgB,4gGBY9oqsnb1gt97BD9vJEZ2pB8nwggyPKFGkmx9kGAh,
32Se4zmAxESvWTkk6APXLLF3KKMENzwQ4nb6pGHjUiYp,Hg2gqbjGgL8NZDmJk6jfqskafuK2pPqccSq5FqamaTX2,syncspace
32P9KZcEXa2QehZ7hQW1NdoPbPtVNfbVpUx7QGQxmFAr,FdSmwfMtxfbzZ6A7TxsCvEhJiYeuJhVEBx4r7ANA4ZtY,
32P8t3PMjU7G3HNjDwzAT85ai4ZWU8CMRBAvnaudqbsH,7f92q4qNddZXpPZXHk28fTGzitwrnoTQNtTCJk2idFCV,
32G18xFxGn7pLSNhCSFwVDbYAEPyFGBFTe7hnm1y2X1Y,FTHaLGNBmwE1Ncygy6sGzgMWk4ZATUoXkxDHRnazkeT7,
31wpVecwsQjJ1d33oAkDk73yNzLso817ZVmmEVwjcQQ2,5sWsediccJMsGTayzXtKWKkAaYLN17KBa78otHRrFV2x,syncspace
31peQfJZfZXCNnEsCgxHGqbb3W1e4kGXTbt3yywZacFa,L2WY93q6MMJvNn6xiCt5pvRrTZ2kSuUjsM57PtHHn8C,
31invUStDmJSdqh5mE1pzAKVCAuofHgRokmqrfHPFkRT,GBQDZHHC2aHpgg4xvcxCxH6YeWP6dgZfWtGmqJMxgkqm,syncspace
31iSZuK3Rww9XSHeNTr9D4iKgh2e26YWtVADXVZCWRUH,BqvnCJrgvVKekdSR6ob8uZY6pTGrirPUmi4CbgDPh5bF,
31i1q4cPtmzFRjE7CUexJmJgka8unUW6tVz8HiKAP5NY,8zuddwVCKdc8zWSmodzRxuEWbZVhNMsYxSv9JfvTWYd2,syncspace
31gbx9k7cMKbY59nYCoWFGq4dMTd8TF9qx45mFpQj4J6,B4vfpdFndv24Pjj3xpcyGHnNsxgN5XDtzLppVF8hehDf,
31X7VyUVkWFCy113UGGXaqyKHUknWcxJrsf3CHCscS3n,E5ETMpSXjxXVm8TXPrEdTuP7hrXQSdXN9e3HHkNJ9UaE,
31Sb2SRdEPrNpcXEFpvoBe1BWJBbkuUqZ2u4Qyo6P4Ch,4U7tf3ChxC8mr3KHWnkV2bE2ogBJK6q8LHLvU1F9BhKa,
31QXQJNDTzsBDGJRtiGbs3BNSm1t5hKuhFpqvSXUsvRN,9pRyBoTvsekUV3ycQmSJtqULrYb2Dv8HFcSdLWNpzGdj,syncspace
31FAqhYiNtcXoPkdye3P1K1KnrQKdoBtGj9vPpCZJX9G,5hmC21NZeTJmN9pA4jPfCKqW3Ff6JdbxwHUh6NXZHNAA,
316BwezaMKcff2acpq4u1uifCS5NfxsAs4k1GM9jGp3Z,HPVQUWyHNSchBxhLCAgmXRyEEPQNV81Mp3HP5gjanJyw,
313qpcn5dvNR5Wd7vvBCnfxyorNdWBLEf9VACifBxGDV,aumuHzMdUFiFCvJ7kk1djU4CViSzxJk3FjXTXgvdNZn,
2zr6trJU1yMawLry4nUbC62spbLdiyPQJy5y3BQVqEva,88gNHWScPbq75QunYtRi84YqvKwJZ1cjmqrF7chp8VXo,syncspace
2zpWhXNsUNQVwftGotiqqfew8dex1BdnXsMCW5hnZxUF,gPrjqtxqigZnutVPA9BiVNFVsGd6FrDCStHiQWS336S,
2zor3haDB54c1x3pBS9U2GpFXatYFAM1HdjqLLiQTp7s,HysPXfhLyzYSvrkTgSEnyMuFZ3YJ8mV1tgdxEoXK4rws,
2zoFcdTJejXZ2FvTz6eEfjisR62UyBXzhXrtmLttJdSw,5wceam6f3i2PNykKQkomeord2dhxsmyTEaEFxVLVaegM,syncspace
2zXHwsvhG7BCBDmGzLKrknhPMZs1ifRrQV5u4QyP7Yev,DTUVLn3orb1TEpkBmhZvjJ5fSXFU24RAnyscu8p4ELsg,
2zUVBuSP9qYVM4niZJYbbpVN17mr1MjsFJP5ejV6KbjD,E3v3UYxcXAG1uEFXPkUVvE6tvzeT1dqWhwbPzefexLSu,
2zSQSM4iTKXxm7qoV9Auq1Vr8usYsL89Pqvy3ArksNXR,ERHj4t6G1d4EJfsZE5Lo8H95SUJ1R4qgJExyix8aWPV5,
2zNT6rfgTcFJs1Ea449kZ29TSndavbuJNimbt3FQxdQT,CAJSJ9DXTvXg9CdAf3cgnQu1HHffBRGMm4wYa89s9Zmp,
2zL5ueyvh6wPe6nXSTpfbMoik8GtponegavEeHaWK8Cs,CtyBYvDMWDq6xSr68Bg4TZCSkWwH4QdSZ7duoSkAj6jR,syncspace
2z7w63HhPkXz5nFUdtoCPRKfDKgG412x1zS7RKJrtJKw,Hq23RE564UaA9WNxMmT9Rtpr8RFUwaYoh6XrGnkMoUAc,syncspace
2z6EwpgVdLNM9hnDDqFruVvoFHafH4MhYxN7jMcRJDRk,Fa8TzVCkeQd7ZMcGNZEvC3kvSKtxMymdv1gCVZoPexuW,
2z2FmT8CiEgAJfZHh957VnKKUDq4jtefckhbRbFZPsho,4M2QXZYq6rAMQZfHCnzFVjG6fu9RFd95TSN9yumZxhG4,syncspace
2z1rxawVJo5oWyGtWvT4v67shAcPrKJMXekmdM6UfnhM,CcXXbrRZM3s3tjZSfB9GKAny5oyCWpHBTkvV2G41RtnR,
2yxgbCnABUKGqKerJW2AQnuFKFvcWgFxqCBMAVRT2xhd,H62gYS4iaU3UrWfeEhMixKKjciwuRQWhiXSYodkk1ceg,
2ysXc4hdE5XMWou6yQihraDoNrp2zzjEuDbCVZqUAarn,81MMZdtpDzevCJLcFLiSm61DFr8kqnrPVrwG9XGQnpqQ,
2yo63QHj48F7V9iHNSyDsPPP75GFr8xrMoqdmXHjws7q,F5vaA4a2dZaUnJD7vUx6CuMnTqYEhmZgYTQ2Zf5Fw94G,syncspace
2ynisosWwdtnCVix1hLf7Yezdv81rwtqejsvjzsae5qL,DkitFJesE6D5uJ2W9xqihWwsYZfGsbgADuEj7sH9KMu9,listed:magic-eden
2yet4itGW6s35xP65NRfCkis7RFf3s1wzTpRBpqfZ9ke,E3SQ7zjLX5RRfk8dV5gArGthHErNr3MhTkCHMrMVz98L,
2yXjpszBPXv3podK1QWTPdmXV9ERiwi6rajg4QmXHTwv,ChitGHRjA3rq3srhE1rFMXvwf4dGtH8EmmVG4ZVFKUAP,syncspace
2yVmGF9xmHhgJurUb4Y8x5JXHuWVWmLuQCxEC5kWuSSv,3Rg5hGMJocxURm2mo8muiZTxWKukLAoGqHn7QwrhheBb,
2yVQLN77bZpJJMvqyHamjdwgKDP9nVg9Rc2EAUThEc4X,AbjnhZdbSwu7SS7iagruQYuT21mU6anRKotLqQFapXVu,
2yQQqyiAYZ7RBLmThAdxWib6gcvsF4cmJB1iB4U1xzDj,4jgMAwL3wwqkKV9rBpiNHGNNVxeLyRFM4pd7dpLjDVLE,
2yP61R39LFuHazE5XUwwzBf58RuacpAHRMDiJ4Y8FE6T,8mdWvYHTwRdFL1af5RzzoFmp7Z3tXqRXFZrSY5GJXC3Z,
2yMeoBeDr5H2erQazsWzJi68DuHvN1SBudZ4kYzWaFRA,4KyV2fjRTVzcHaksQ5jtT5wyfDzwv3MgRZpXBD1MsoYb,syncspace
2yJ3hsqsUXXZ5HU6h83XbRHZntMd2PBQXuep1d1Jui8F,3DCcx51VVMzwx2a159uCvuNHn6z357fyb3NbhU1hiuP9,syncspace
2yG6XAxggifaMryKnuoXtQZNLzzZsPNLSF7Ct88c6sRb,6oroGB3mvzK3tDfiB9X2NJuL3x476pxhgRnt7VxqhdLo,syncspace
2y7dBjqLk8gLXjRWhVAfLoqNsxFrKfxHmdGHTjT3k4mp,auryHMdwKGnjU4ZBjtacvARm8DcAVgEzYDzzJvVFfE8,
2y6w7m2PL5kEwSJzheYTJWyCRSsbGpV7tSuAGBw9Ajro,8ZXHCCcdFudoQEQ4AzuiQfi3AJqizHf1yziPW2QU6SH5,syncspace
2x7XyJnmQYA771NeVgf4SbUjEjziGsCRArsAJXHDxqGN,G43e2oSgeTEaxN3vc9iCKUg2AXaNhfs6KtRwoxgZ6qdP,
2x6YpYpmTWeUffA3RALFDBs9n9t4n1Ta3wBejxFPDwha,F7tXjs9H7bC1kpMFx9Lr6GiQkwWpWtZ7TKiQnYNyxHhm,loan:core-lending
2x2ZkZTcYmCN3xPxTnJmgxbnxQo7qm9Bm5RxbsW6RXAB,78xufrnBW9fs1hZZ9yJZZ2iZA2P9CpBKUEuvFKfKNsdA,
2wnCj9tQmgSZoAjsQ41PQH3kAPbp2AecBjPYrZw2Lujh,25TqXN4ToREvj3CVYJcTP1MWbbi9Dd7uUeQ7uTW7pmnU,syncspace
2wkLkFBsm5xrJEAza8PUFcrpKXiv2SgRZWaXCZ91QjJj,3Q6tfp9reCuMaRTzyfptBtoDZRyN2EPcN5iwcHNcDETW,syncspace
2whi6Db7FeXN8YHzscPK1k5wvGvLFsqUHLb13UEAtDLk,38XvYSqcXqd6ECusFkiaHbCMxkDt1C9cxtnSUfRjcYph,
2wg4UAnuBg75vEa3kuzvmdb4qn4rvWcvTGeq8Qai77PC,7DnqWV1732auGkzfKgNxzcEHJfapX2GbwZ1w3aqoAN4z,
2wciGGCXEYJtBhFUzJwKvHFrwGDckSFRtK9aYypAMfr7,8A2vh4YicVc9TPbzgvZz3hn95t4MkWTn8RshR2i1dsfB,syncspace
2wbyoaLpJhUCuuHWHqwJ9cKSHEfmaTFYdmHnzm41zTPj,3VRTQ621CfUu4jcJ31tcp5HtoB4pc8L6gcqmXSwt7ptN,
2wZwNrZec6LBXRALJxWmhxXGioRb4TJXEZxTnETx2wPK,GPg1UBnaqBjZS2XiMfEpgWn5YBJmNkVd11HXjYrDmVsr,syncspace
2wWL1AkHmbnYwfmoe5W7KxtGXSHmhsycV1FfraZLJM4o,HTX9BkwYdwmH3xPVAyaiVC8pVusCp4gDWTqwLwzCM1bx,syncspace
2wJwipM9cpSLvPGQnkpKNWU1z4RsJ8GDkjkmQHtsB4AW,99UXcjWbx2P5J63QbCW3t7PveVRavSJHTMRQuJ2aXvg9,
2w1HMKDyjwgdLCSvEjG6g7py54aZLzdbuzCn37Vyhtov,CJmBBX5WAGUMjNhtpmNFvBBtsa76yqps8BM4QGTLXT9p,
2vvwHkDhtLCz5BqBfyH3W3JJD6c6dZi1jrAbKNzfoMcS,CKRqJtTSNoUNf5TSCrYhNf4gMxBTuxDsKNpkkDkE75zd,
2vqmVbV12Jng52Vyf8pBjHFhaPY3vUmdev1yVAXcBDhV,CGagTsYKCGmvCPLL4xbp7FH8FFqk2EnHJXMymW6rzv1f,syncspace
2vpvyzaAtQAjEMbdGQ7wNko6G83TyM7wGRhMpAyHtHF3,HUzcgUwi6Pv14JfYWA4zGZWsETcBXNfiWeqMhQhCgdbc,
2vjWdrkpRE6JJETFRTFwizwWQ56hPXJijJGjGLEtVHjX,FY9NAS62iqRVkjSwzbWkSLammaLLa7WMduHkKd7oc6Te,syncspace
2vSSsWg93gEipqq25ZYExgDU3a7PoE9tVrL7z2etsiPq,8fj9B6fP2rkU3QipcNsCeRjaUzo724kf99KEPGZPZxT5,
2vJUBAeYnELsH1vDGRfb8c1n5zk1txxPFUGzqFMoesxf,CaSCDH1MrQCoAognbggZPBGr94H9C1EpdyUTnNFv2B5w,
2v9dt9SvrUhDoEG3VNYcwzc5gq6RpuLFphKvssDposZS,2HmfE9G1XatY68JaJg5m17Lwi6fijxmzdm5RrtPaKDwG,
2v7GVpwiWdxtqJMx8U24FM7LMH3L8S3kXByY2SiEte9F,BgXEacDc6Q4u17o3wCa3uGN7dUE34r9zgRubcMzhACGN,
2v27yyDyG26QHVTQAe51oRVMKf1CcAxhAJ74EVwtriTS,88gNHWScPbq75QunYtRi84YqvKwJZ1cjmqrF7chp8VXo,syncspace
2ucuT6e8b3X91u94RLKH1yTzBYnGhVsD89om68ipGpYb,FRnFVoakjCChVX5DSSfoyKtTqod36uQyB7deXqNB7XYG,
2ucW2TFuLkrmREJDD6LzPc5TtcUcAPUvYogepDB5iM5U,JCDEbPY7TDHRSGJeTXteSC9fRKn9F7kTojfEVLofpnKp,
2uZ4ZRM6KBQxgVDTefR4oL3Ef1H3DWZf3bBfq9xWroST,Dav6suLg6CwdTMqn1ZYCsJfpbeUgFqKcG6AeY3th2LrV,
2uXTjpzrExiVjrkZXmBNmMbcL3Uk48jviihxd25V2EKH,EKPeNExoZ9ExLH72G7J8AFUN939PnjdXohnQK5MkWCuV,
2uT1NV3VGLdZwzXzRU59tRjhMF2jdvuH7sxRjQqAY26P,3ijwbSGhaDDU5jusKYU8dbm7GW8Y8SjQ43xjxrPGgY6H,syncspace
2uRhVrW5QCp3B6jLDpGk6oNbxqvQAc4smqzYbQZZoYXN,2VQA3FT8tWRPgiwVPh2oKm1JTA44ocGspKn8yRZRvXiS,syncspace
2u45qXoAhpWgBJJeXEaKNw98uYMpx9GjNMXU7wUyoVMN,7XopJZCEdB1fzDQGCFJ1QC5dv5LC36AEMQkEGfHaMoRj,
2tz7XFeHgNC9EQ8TpxvSXtvQAEkpdbnxZjgZWrM5VqyX,3knGBRP68mWh2g1S7UWYVnmsVLPEsHvA8f4gVNn3xDQS,
2teQB4EMwm562VTj5dKRPvnvsxYrPHPFuCta69VFwki8,9qj66zMkDdUBFw4GaAwKBgyyLfYRt1Ax5nmQGjhV7Lya,
2tdpgLfGQcK1tPyaEF4jSbiQthmcQdZYi8mQsFEhyt2z,4eVcByLcXGavuwEBzJuyPGH6mUzrJr4u6kcdhy6ZJEno,
2tZg567Q9msuPL5QfvXVzTKb5RYzjexV3xhLNecZkUw7,BxMJyY1EsNoWuPgfR3NEDZ8xxhYpn2eSERgWUjxcoztu,syncspace
2tWCZyNmKScbxkTS1PpG7EQcr7jdYqTdkrWo6BsVtV7B,5k15YfLg5TmTeVUAuxpQgK4r3Dzuu9ce6RwmKUdtDXYH,syncspace
2tLBmMivKG6HDCzA6jdGzmi3eineFEyGZxxMM7jxRzDN,FHbVUUSthmyFC1vt87pVcN51GSirxy2NAu2P3cQvUs5E,syncspace
2sznzoVd9ZCSxQAsjqBx1vh1fHGdVZbPhGdusA5PRBYC,G43e2oSgeTEaxN3vc9iCKUg2AXaNhfs6KtRwoxgZ6qdP,
2sqLRgBTzegNrsup2SdxkpbVy7NC89sDwaE4DZg7HAum,2gLAprD3LUJrSGdcXv88Nvi1ZfHRqpaL7c84SV7M4XWs,
2sndmCRzmUv37Cy5Y5SsRFFJtwXvpXwEZmG3DTcH7iao,C8oQdPfg7wEHdeDpAxvsGdh7Af5bhzVKKU2mMTZjasU,
2smZsXfrk8LZtYhmmR8nQrq8NC4EYWvTKJZyhGBxNNfP,DcMsrqztdbWVhowqbm9iBPeb2Gj53WdPmQn3keuCvqWD,
2sm11DR4HuXmaYAvD2FC1Jv2U11yxby7gMr63b5a8m9Q,D8iwNWsfRkg6oNy7AyTevRxNPGUKZZ2oixoqLiinSSor,
2sguZ5BFdN8Ra72qBVcR1Lb4HzJVKw2MbeKu9jVqNMdM,Bn8qJnHwPE1ffLJmb7fdHCQc95oW1tehuW7oBoMLxiGB,
2sfnTayv2F1vUiAMUezbczGwSn1zp5q43zx8uDVJjhMb,GL2QccW2K59m4KJgkrbr66gk1hUB6Mwir2S6MAEeDW1K,syncspace
2sRdYUf1QgBtaukhjmBdgAPtfxHmxdpnrw19KnZNYJse,HsbkVxh8p5sh4NA9jVhsuhguDZWj6ygPLbKCoSBHnNpm,syncspace
2sFxPYEPt1VKaZ8keu3JLpDN9x9krBxi79G1782Sz77X,AAg8YGHHxscrnPkBFnSRCaUavMbkngohaHDmaKQTuwSf,syncspace
2sCmMs7DL6WRri19WRAZ9Cr7WZ7sThKB3LDioGedquKJ,Gxky23K2qsebupjHer46H2VfqTx1WFArZqXpLEf886FQ,
2s2spkBu68HEM1yN65b4E4rJzvzA9f8vEdg6QFpDYSfM,F7tXjs9H7bC1kpMFx9Lr6GiQkwWpWtZ7TKiQnYNyxHhm,loan:core-lending
2rfZhi3jd4hAam1dBkcSBbQtJ1MnWjw1HWWeoa1WAPNc,5AysHo5vYHYcqNaJ4zrKKf7aRFfWXCCtQ9gdPLfpudfA,
2rZoM1x3HyWXxbNppaHDkztfSM8rjwzcSPyMMnJk6vPw,7ajKJAWsGDDr7e8sX8D1YPuLSfySY98uShpTCWNKBSkf,syncspace
2rU6EGfdSyYwMfZ2NRqMtxbj3Tk5Jw3DJEF8ji2uhGmL,HeYiTogWrqkCzAtGxwZSE6c4vASTEDeWekaGNw12NDf,
2rEZbhXudUVK6dc2BhJ4kLxdd7Fr1BQpRS5R9VkV7FxF,8xaKTB4GehLc9nvJ1gLTCHrErU4TyZTHME4X9D1tjzry,syncspace
2rAurAZVSjV13d9e1okXX6PCfdaEG5TrAoUjmsH8HM8c,FRnFVoakjCChVX5DSSfoyKtTqod36uQyB7deXqNB7XYG,
2r2Da457SphhR2wwVBQJ7x4iYv9wKASMChK28gaP4tZS,25TqXN4ToREvj3CVYJcTP1MWbbi9Dd7uUeQ7uTW7pmnU,syncspace
2quUWV7EGhb4G6RuR4J5FqgfPqp8PS2S3jLvX5dz33G4,4scCoQKHbS2U8YvvVsp7HskFtXuX8qSPzDTbmCw3FVmu,
2qjxGUFswUbeKN99cmH2UsBkDW2M41qcF5guemNALUsb,4Jn5LDoPG4pZ1Q6nf5BoBwPNpBgvaZKVdB19BNcVfAu6,
2qgzfNfUM6wYBZmyubNh7nrkw7EHFvQSFwrDc8e2vrt6,GLuoSKREkfyEVPmHR7AL1ijETtvSbAGZxJAveo4VEwUL,syncspace
2qdYSipWibcVKumZjAgyun6cdryTGfPjmiP148SnfC8P,BYXm9pmjfccpF58NMEVFFVsWAXJjdbG59a6YALD8jRhg,
2qXc8wNtfmSQZKURojf7YhpXJpkmoH6uDLJKWr9EkuFL,7LAjESa11JXDQHfPye1JC7jvVjtYhignL8QdL8U6VCgn,listed:magic-eden
2qDu78RRSYxqmSR1WJpXi1qn9vQtVTbQR3GCG4QutDLg,Fdtq7S8YZYamJqoH9dvJjx2xY1GSckdiMNA3i3KySQhw,syncspace
2qB6owGRWummyxS17J8PNxw3fnJTL8ipempkMUhBKejC,7tNbxVqiWNm1TwQovrVXwJ7pBrQKAWGbAduF8Ddxjnz3,
2pmeYpGo1jCemPwQvDrvz4VjRdeANAfhP2z5CWEZfWAA,2tHhP3nrkX3f44YnexUQAcA2XKFdaWsWUqpLX7PiSgTm,syncspace
2piGgkgEThFLevg5udu8J5qmMLa9X1sos5PYJuRxtbYY,924yfLMgGgJLEfm3EFHeSTvZUePwkWJX6E6sWxuwE5KN,syncspace
2pUZBPE1rFoiWR6gtmbaeX1WZuyFB3bqtrHP6ieaHkLK,Dtuafoj6fEojZTWUjFf1aeFgHCmbfDn83wi9PSEKE338,syncspace
2pQr4yqXVrF3Us97QTtcbGcDZKnCWt8wZAYwPvmJbq9s,CCifrdHLtV9CvTmeLQic9hSfaM1CVMDi6fn7bb1DBRRk,syncspace
2pNqdUTREUH435xtfuLoH9yLtkBhSkn4wXTn83xFRzhX,GTcpnW31jzYQ2wLqutvNioK4pnduSTTiPFheNZ86ejd1,
2ouJzM6tnTncHWrgEvaFV1q8AUBDN5X4HFPQ6pspGUL3,HyLKBr5Z4zzntmCm6hCp519s9Tr28MYM8VSKyqvFHVbi,syncspace
2orNfWFRdcRD4VLe52Y9LbrC3szDEMHhWMWRJzay41Ln,GNSvaUqdXi2kJkYEPoiF9aNjQrJ7k54UEctXU1dtHBA8,
2ooU6emk3Hd8xBDfpJMg1n2j3zypUnd3MRkRm8sEaFF7,HGpmiZXrEoUCrv14s8P5vLdgm8RSKHAbB3bfi5Jbkoiq,
2oni2LdDggvUVczeFuDyJZq3vF2XjzjTM1FPR2BG28pE,Bx75xahYNSW9G14EnjKntV1KnBWV7qWEgDneFZqWbHxn,
2ocTQaowaDZ5xyMo4y74KzDR4FR2BajWZm6C6EgXpnCT,9t6JyWV8ds4JNs6phaCJU6xhhwFafwcwnhqq9QXi667J,
2oWv9FxZNux4qG49RQjUv5Ey4j5sF2Y9Jfu3tR49zY6r,CiS1udKWfC9tQqMLE2pDCryHMUyoCaL7PNWY3hm5o49x,syncspace
2oTg2P67fvbeYqcE7MMzj55mijMQPan3XE9R3f4YonMh,5k15YfLg5TmTeVUAuxpQgK4r3Dzuu9ce6RwmKUdtDXYH,syncspace
2oNF7jqiKZ1Qce2G6xX7ZD8MvCdkMRrVju2fnKoDnuQ9,3ADcckP2mrqVBoTdrvSHq9GwqygwcNK5ywU28n8PKxzN,
2oHZjoewUJaEXWpspA9bDuuY2b9SKMXbww9S9Z2QJQSL,auryHMdwKGnjU4ZBjtacvARm8DcAVgEzYDzzJvVFfE8,
2o6dkW23sE81HaPpVczJNuuJP6FjJyXS7ud8MFfyFJaL,5tMEejJNtJc4ccjcz7EYYMuEMbnkoSgAjh6vcb6gjsfz,syncspace
2o5Xm5SMWUiF3N3bJRR8VSpKagKpP81yiz2V4rBoEFXq,4qYWqy7eVddKcykU7XtpLUrKYdF8VtPobn6tUuqKhWtv,syncspace
2o5W6R62zQboyJLFmSwddVsFx9iBrdTDdk3unQu1vTav,Dqj3kohHF1rLhZi1gFVwxbGUwps6BUZ8u86amKTSTa3m,syncspace
2ny3J5aJNyvM17wVkZwz5oYhncGjJJ8vPK7yokEuPJ69,5iGsf3LxQW4Pg7J57cv3cZzHkyRZatCgBj95cpdQsCvi,listed:magic-eden
2nsUQw7c3UeBvWWGvykX3vMNJ6isKzy58di1WdtMLTMQ,C1zkwtxTcjUE2bmwwpjTzSmknoVQyvbvJxjz4qdx42Et,syncspace
2nnL8Xt7xmePY62Ajnnb2tViBDW7AYyKLmi5gVnGa7oZ,autfyCR5psTc85smVAcGQajFT4TC8xxPPH1wvJu2Grr,
2nXHpXsYheTRWRJxdGHj7srjSSGcLWA1b5kvxwPK61oF,DnkxUHYP9TTqNkEEjsz35VvZ3FfUg9tLEVicdBjmRMxk,syncspace
2nFNez7p4XBUr2UroSkGiYUshuFdKUkwbtDXPnL57WBh,7uPi6DYjLyBRAMtuyk442gnq6pXMppuxSkj4AiP25MW1,syncspace
2n7LtMNEHTDDL8MBm5ZMG1hdw7uu7cZ5atTuMuQvfruG,FHbVUUSthmyFC1vt87pVcN51GSirxy2NAu2P3cQvUs5E,syncspace
2mwygaHwCRFEs1qoBbBSh5RAhuTQHecJn6w9sMXmP5NY,FNXmUoYirKfhgeD3s9yBupHdxnMKXtkisNUmD78rSiuq,syncspace
2mjUFEUNXHYjUJSVgyFSARncUfevZHCxoREavhbGGFLo,5k15YfLg5TmTeVUAuxpQgK4r3Dzuu9ce6RwmKUdtDXYH,syncspace
2mduEF1FeFRJuXQKBEBnkZk9f38jrguinY24a66WK5cZ,Hq23RE564UaA9WNxMmT9Rtpr8RFUwaYoh6XrGnkMoUAc,syncspace
2mPyzmDxVa9griYtjkaP89VaznoubkwF5u8pmwhrksbe,FXMcgZ6DBjiEkwc2T47iAyCmKQocWuDfkURntMkQs25,syncspace
2mNXWLvGiz885P3s8zx7R3sBPwPAMkctgda6CjPCEBsv,86JvRGkfXtx9XLdkfgBCGKxAA6vs2BDvjkcuCn8ebneY,
2mMrsrTCLzPwuz7LAfsP6eSRpV9FagUiyfY9uWBcHfHh,GoZcsJed7XydNNbqcgHAj9un6aMekjmDHWeXZmniFzn1,
2mE6NB7CWj7hyeXszdbFVAEAsi3gr82BHFZxQJeDu3Bx,5wceam6f3i2PNykKQkomeord2dhxsmyTEaEFxVLVaegM,syncspace
2mAEudCmVfj6oD48LMNzSHHehwwTmfzSu3nZsQpYp1A3,GRqN1uRbhzkYcFXGpsQir5MMAziDgyAJ6GFTspN6Eho1,
2m2cEy5zA9B2RHDg9WYz3bWzrFkGjRwcVwvNzGYJ1i8M,FSKiuZXS8rPJQgHgwKn97mN1GBRieoxMbciC3j8i9Be8,
2m1rR311vpm2zwBUxQSNwpxTx8KQTxUMfFhCeoR3XUfH,Hg2gqbjGgL8NZDmJk6jfqskafuK2pPqccSq5FqamaTX2,syncspace
2kyFozXPBziGAXyhAoJrCuWxN24pCuiYVLrewzpBRxjp,88gNHWScPbq75QunYtRi84YqvKwJZ1cjmqrF7chp8VXo,syncspace
2kt8gib3A3nzZzesca561YonvznyBLME9QqfGFVQ7CKE,9g6bfua2tKpLCb4yaWsTWyVsaAYEtkWtpKyeRcgDwUn,
2kt29uZsN3fsSKmw8gs1MsjnjMgsP5w4ompqmBDBVHmz,8eJUrzZnVgcrQVwYr48e9JqHZX6TRbE8WY4nzhBEmbW9,syncspace
2kcfwdWTFekhNUGMkfWbDux82HafifCRE1xNnFTpheJv,8VcHiYLd6V5fMFZzPF5zoc1gztiav4apEQvFSzHNbYm5,
2kTvYUFE6Ryc7g2ZW8EQte9CCsm4ctpLieZPEbV4behZ,HcFeAFGitM8sk9aVtLByWYfNvGoBE6Vc751YCo4q77Gq,
2kQWQPZeNvAp6nHVa8AiXVV5EPBJhgv9FCNZaLxty7x6,2rm1rrhnb5nSXSb8xTG88nhUvSm9UhXW1cxJLzK61bEj,
2kHqKRp51ddtPnn23VdjJm1uWi6HdNGc7cAWDXx1sHhW,HxHF3LQ65CJVTcri2cztiftM3KcXuDCfXgNmpWvvd2gg,syncspace
2kFvMFrqfjqqmwtopBF7v9V4ukGBZvXihusHyebZhdTq,CqA42zXaf5zXk7EW7jtCLfL2uH1efuB9GtTfjfJ2hzoq,
2kABfsKrFgauCzHyUkuTv7tiMeRoqtxDJxQVC7vjU9zK,BNzV1SqW9thB5tn76CYcHQC4WCVdAJM7btv6EAiQkaso,
2jiZu4PTc334Mqb9XWHoQkqE2aHfwtAQizTxZ4JWrt23,autfyCR5psTc85smVAcGQajFT4TC8xxPPH1wvJu2Grr,listed:tensor
2jcEwbH7HcfQHCGzKi8nVzCbZRUDLgdTeKcnY9chHtoF,6mqzB86e1frcyJiM2Ubv4moyyqgPDnPAhZYvPb2wjUvp,
2jSjkGZyc19zTtDMhUY2NbkNBQAyDaKTjRwQv1htPCyb,B3kGrxijtrb8ywPZbZvmEZtDRWnnLhAqcUj4tGJharjj,
2jGPm7NNRy63cCCfkAqtwvJbPoEWGBJDcQnPsDAQ9GbG,5k15YfLg5TmTeVUAuxpQgK4r3Dzuu9ce6RwmKUdtDXYH,syncspace
2jG7PYDbU9nURDZP3RQ4ysUbdk5ZiA3XdrKCPK5uXQGo,7DnqWV1732auGkzfKgNxzcEHJfapX2GbwZ1w3aqoAN4z,
2jBRDhV2VYRU7FV4PX24zwcGDVvTBmTJ5qSzyRVZNmmD,25TqXN4ToREvj3CVYJcTP1MWbbi9Dd7uUeQ7uTW7pmnU,syncspace
2jANZnMXigKAMGhWkCwaqhXEFpjcUbPDNS8jRnwKKwKv,AEQ4qTvKkV8BKgpYv2pRhwHHHNbKP34isp3bHZGSXUAq,
2jA3dah34Z1rW7CTb1oHwpB7PJFeuCrF5RzFvyTZXjDw,Hcmhffby9VBwGxKbqVKA1q3Azg8REZSSirz42VWVPx4x,
2izWLbnzYM6j8cRbQiLUWZYQ7kTFjG2LUuGUNyrK4jG5,9ZbjGVwvADQ8roWVYXywvut9Thmv5GwtZV2oCtiNuLqS,syncspace
2ia6iauvCrgxmAfr3ToPVMY7Nj9W2GyMBN4wBwyZ9V33,7NqWm7rs5msSZ9ZcS1ojuyG7n8qPynangcPmiavdkwyd,
2iQiTSqH6AEHQvkm6mq2yRXHfZhNmNPh8YUHr2Rewdse,G9ifPRPjobGNu7tJDGAe4bXubjypBj83ntdybFe4GoZi,
2hycN6HERcfBa82JXcDx5YV3AZFVsFFW9CQpH6QWKWne,5cRzxrZsbfrzj6SNoqbNPNShQCBkYjGQrmvJsCjz6q9V,
2hpbGjmZghzFDfJ84s6UmMcLKd11DNjFyokJT1YrndWD,EJxbv3aGrLuX733SASSsV9J1LQaCoUmrArXDoF8JAKJc,
2hnmThexr8J1FBbLXZkHnhfV5ckuWrwtfx2R66JqL2mc,2BEYKgzxNZapYHAgddx8h8eAA49bDv5BtUhrWUyCFWXn,
2hVWs2eTunoxtkWb6ngZwQVYpe2CVNRnJj5gWMH7xMT3,G6whYschgt3SNmcSHMTWmwTL3BojPfpcSVz7g1LbBjer,
2hFRkqDnq4xam8QsjPKigQBzVhy9bJZgzHk2wy67A3Yw,JAA5ueE8y5ckHRcMaELxKbyNaJFNJRwucY4NdJrn2SWc,
2hBvKLRet6abTQ8YWmrk3z1EHk3NQ3SF3s3YFkpKGJue,GZCn9bLvGm9sYV9RLVi8gStnK7Vh9VnCb7G14ahjL6ge,
2hBHSeMZwARQiTnCwMpr7LaHMAShvUyAzrPCMxZ2dKqs,5aqRD3pYWuQ7cWVpf7xegaHxZizw36giH1ZGLReVwAK8,syncspace
2h8mnBtzWop1adyxK59kQrVmUnjLkgkgcMLKRf3QhkJi,FPNMQhpGtXRdh4LcMBQs35KZsGpwQYJDRicPgD63gUj,listed:tensor
2go72z4nLJUkJn76UWeyc8QKdriKJrLgybDonitaBui8,52P5utKVqhQs6HbFQBkNBGcD1MWhUKy5amcZTs3ggAX8,
2gh2RGTJ1DCJsiidv2SMyY5toQtZx6atfpWcPLiFECJ9,DWwViJBpYgpJLcFUYNtFg6tdUCFzvjcuWTKs5XekLKHz,
2ggJqyv8D2x97JoxVCAPHHkHxf7QppGhGmtSghYv35hB,5FzqLqMJ1JESDqp1FdV79LmGrCk64VPBR1xobPvSkoBr,
2gWdvegm1LVpBt8pdzL5usj2peSbASNeMpTr1Rwvcjzs,7ajKJAWsGDDr7e8sX8D1YPuLSfySY98uShpTCWNKBSkf,syncspace
2gPccKao1EiE4oyLigU8sgdyS8ZVnU2qBMGdXNkdc1Uu,GcKKyPDrQiebNScPEhx9P6Q8cj6JKFou3x9gANsy9Box,
2g71jLfi2K2ymLT4zeKtfh7f8t93rtV9tQuuDe3D7dC5,DnkxUHYP9TTqNkEEjsz35VvZ3FfUg9tLEVicdBjmRMxk,syncspace
2foDCr6hHoxR42fVKLEYygWiEgVAhKGmZ2xCAG5gvGzj,7v7Z1W3mtJZ5E3FHiozLe7dLs6VMch3akQBkURUHqr5d,
2fkoawfrJBHKT6hv83h36jaS5EQeMx6F5caotGfooLaC,BxMJyY1EsNoWuPgfR3NEDZ8xxhYpn2eSERgWUjxcoztu,syncspace
2ffvWkk6eXrozxzAg9SYQwadFtyaf2xDRGyEwdrSN8wG,81MMZdtpDzevCJLcFLiSm61DFr8kqnrPVrwG9XGQnpqQ,
2ffq6WQBHgSw1e6h66Q25bGfwymddVoSPq1vpjPFHc3a,8uYowRUmWWQ7LYvwUxMy4cEZnym2UUTtKuVLr1qa8Cyc,
2fUruWfNdizHeUMtqc3D2KirsxgN5aFYTCBuEzGVnFE2,FRnFVoakjCChVX5DSSfoyKtTqod36uQyB7deXqNB7XYG,
2fSJP4SLJLLpBRoRZbV2ewvq7MsuMscVjahgt2nVVJBY,9Cit671hH3ySx7DEMuCEtgBByUDYgse813bRe7wg5b8N,
2fCzPFEvyTQyxvkerL53fny3javvAk5qJx8QuV6Bfkvk,3g2TUkrZf86bfGQXcfJ7xMCFSmnssdpeTxe5V7y5GDpb,
2fBu64L2rqH31JuC1qmGxhtZkDfMqnZE5rKSH9Se1bFB,auryHMdwKGnjU4ZBjtacvARm8DcAVgEzYDzzJvVFfE8,
2fA3aGfjfncTyz67RnZr5yUJ6nfxB3Jfusz8t8s5KmTa,4M2QXZYq6rAMQZfHCnzFVjG6fu9RFd95TSN9yumZxhG4,syncspace
2ezZZ2XVXgsSnbnpWGy1JwmNYQj5heDYXkk8D4SE64uy,4yiqVv22sreGFRtkqYB1eccwp1XWB57aC7emZERixBwX,
2ex1eTGBudhrL4jZMLhDnfT56jyEWNNXJRmmdDmxjPzz,DnkxUHYP9TTqNkEEjsz35VvZ3FfUg9tLEVicdBjmRMxk,syncspace
2ewfPXrpykL4Bh4QpMhFznVsywDnywB6NjvhDhZBMJKD,CtyBYvDMWDq6xSr68Bg4TZCSkWwH4QdSZ7duoSkAj6jR,syncspace
2eowvYeatnYKKLEnafUDYpT1dd8Nom6wWcykt8pEpSKd,autfyCR5psTc85smVAcGQajFT4TC8xxPPH1wvJu2Grr,
2ekjjMYBTxwiezeJMw78S5mBxZz4fmpJkVrpw1czU34a,5wceam6f3i2PNykKQkomeord2dhxsmyTEaEFxVLVaegM,syncspace
2efMAwx2NZA9VcSpBTDvhDXMgaPp2bWxCLuc4p93ukz3,FNXmUoYirKfhgeD3s9yBupHdxnMKXtkisNUmD78rSiuq,syncspace
2eepGcoEtji2z2FvNXguzPcbFvTfRRe7Yn2K7Bm3MpY9,CHZseYfpPmH866VVRfouLGoJYKwQF2CjX9a9gURL5Cjv,
2eaVB98ZFzduhHNjKiqBFrg5RAqDDS4usc742aaRW776,4U7tf3ChxC8mr3KHWnkV2bE2ogBJK6q8LHLvU1F9BhKa,
2eQrT1cc5qSo2xM6muoctuv68moGKykuPA5sLHjskPe3,Fa8TzVCkeQd7ZMcGNZEvC3kvSKtxMymdv1gCVZoPexuW,
2eMV9CkUePfS7tArfD9XZi3X2BVR8pT76Ug1pw83mi3f,GPg1UBnaqBjZS2XiMfEpgWn5YBJmNkVd11HXjYrDmVsr,syncspace
2eEjMb8wpVaBw9jGHRqTypk4nAJKbSjq8fBVEGuud8Mu,9yVbFMydZbXHWtUs4J78a1DzhW6cB8KAL9mQ1gv6Vc75,
2e7YUjwCgAe1jw9QkBjy7nY7FYpsqMdGdSEVNnc74Pbf,autfyCR5psTc85smVAcGQajFT4TC8xxPPH1wvJu2Grr,
2e5rUegJuJfHFZTM184N5jZyKLVfgDX8ztBuVUZ37aoK,H8QPZJiAeDJ7ykdDTwaYrzjP7CRzLjFAruFXLBReVBS8,
2e4DM1Ya8FbE3wFPyC5GV8kdLJvTqPx4WthNJ6h6oS8P,8A2vh4YicVc9TPbzgvZz3hn95t4MkWTn8RshR2i1dsfB,syncspace
2dxw9c1164q4t3XxwJcEMMK9B91w5EqhYvY5Z6iigYsh,BxMJyY1EsNoWuPgfR3NEDZ8xxhYpn2eSERgWUjxcoztu,syncspace
2dr3jQ67y3g99nj2vEeDS2BwYzZnuo7MV1BLNybePLvE,Gx3J4EyTmEmqynyyRa8bzFXxYSDSb4RD5WAEgNN98ZCQ,
2djfnjMuUepFGLfXLSsdhK9c4jiseuPxrbwDxGEdYB4x,Hj6s6cRMZSy3fhUyvYuiURfrX1jL54utE88n5YyNejap,
2ddLNovmaaDy6PbS2wiAjiAFyfPgDQpQS3XAwhRPYXna,7S8GtZRY1A2jiMfSigsWPMfKn9LtAMD8KkeEbx4F3uU9,syncspace
2dcZeWadLzMhpRnQ4yMbu6YNSZEDAXoNAdMAe4Bg5dUL,WeEvY1ngCuXScaAkQHDcNa6eWeaLMbLRKZSprrvNbzy,listed:magic-eden
2dZmdiAd4XhmApEFUSboWKVMFNsYMgD3Ha48Emvw6Ee8,EZXWEmfmXdntEufnkxe1hoCVVQLu4GEsN3QjmKnqy4J1,
2dZLKYohdDqB7LE4sUiPRXrFB6e8WH8fPVCRaWmUMNg9,G1rTKbU9TwsvzL66Pevc3CwZH1sGyEJP9fyEcnVGZWUd,
2dWY35Ts9fE4xekeEGeV2TWExjiBKx1g18QQMMyvGx4b,DqGVTwA43UXkHuj2fdTAnHPeMomh4xCfZt6Ah1sdt3ZU,
2dWWMmew5DNsmPeLaqbB8x1CJ9K9omi5hJfsnEfwKBFB,FRnFVoakjCChVX5DSSfoyKtTqod36uQyB7deXqNB7XYG,
2dRj1oGYhaNvWLoCZzWGjekdBuDKXmCohdDBbpBugeCu,aumuHzMdUFiFCvJ7kk1djU4CViSzxJk3FjXTXgvdNZn,
2dPr7drcdAN63N7YECvJeB5uuGDeLhKpxMiYsBAo5ghT,2Ga6hzy12f7oFvS1zSYvUmvA5fLWiNP9ep5q4NdruTci,syncspace
2dL1GCHLeqj9Rt4pesVMEHAWR8G6GLkvLtWad9FrmJsL,Henk9mbpq88XkRdY3GddDhhmF7Byv11tnQJEx7nES9pR,
2dFHaxffmkaHxZwYt5sToi6PDRoWsdGGj1apsmixJL7j,4QubbF5W3eKSy2gbLnJPPXnWL3Aj1FE9rn8ihgqpgotf,
2dDLJRxptbSpzik4Aj4GmzUstRC5RJS4ypUbVdctEUr9,5k15YfLg5TmTeVUAuxpQgK4r3Dzuu9ce6RwmKUdtDXYH,syncspace
2cvRHMDmDFZ1ek9bxnrcnVDLdLyqXM5qi6anzCRPMTbY,8bMMcNCSnqX23wVP1G82bb8JsAqJNEVF4keXHTarkocQ,
2co39S8VsRiEQy4VJ2RC78vjRdBGaegsvvHoyi5SY2Wt,HXWzYrWNCaqAoZBKuCJ4e2dw8vr6q3izWgkqwZ4nMT8r,
2cSLyn23pUDCfyHSMghH3Wue6ywKqdMJV8sY2oaYDCMW,25TqXN4ToREvj3CVYJcTP1MWbbi9Dd7uUeQ7uTW7pmnU,syncspace
2cPMVq63GqCdApjk3EncPU2Y8ak5gqyQcC3wmFrzDzdU,5k15YfLg5TmTeVUAuxpQgK4r3Dzuu9ce6RwmKUdtDXYH,syncspace
2cNfTqLrmv1RNzH1on1XZbJokeuTFMbsiEzYh1oehy4B,Bd3iZvipsAoBhKrN1SFA7x58GVKXBotEn9KBRixEuosD,
2cBqMZoSr9ty4asVvCHSxyM2xx9B7yrGyPJGgtHiYuuc,3MmUSy6ivvthYYkbX7nn9T9bLiZZa5UonYGhjZvuDrk5,
2cB6ycb28rKDitchdMJPsfbHjn6xJgxsJRWipHFGYRUc,6J9fVQJ44tGT67HmGVuWaQKBikjkndTRGmkk49cSkC6H,
2c7NFwJsYo9yjJVqj39pwsNurDz1jufnmrYqjX6b8FpH,3EGekCtJ11XYonVUchkHDuP2xpyZfSXWp8BkXbuPNuDN,
2c6HYhr26MMJP3Z2mMjoXETahj2gwPvYY6WutAUyiYtf,9GRbfFFTr8Y4Np3drxmDDYQey6sJgzXwo1HS49qh8kqQ,
2bt3ECzT8T9FBkVeKJDDsEPxjLTzd7qQJyiEbgjcWx2j,aumuHzMdUFiFCvJ7kk1djU4CViSzxJk3FjXTXgvdNZn,
2bkZFWk7wenUSn4s3aPZ1vCtebtXsf349p2oPeSYy5gh,AkHTrLH3yCgXJh31Tb8UhQJxJKJFDpUND14ZfUzvsRG2,syncspace
2bk8unX8Mv5PAqrZGFabYwLqe3buU5Ficq6Sw16Vc2d2,BcEfDg7CtZa7BtenPhM5RWqZWkyDrPa8JBERuTH4gSRb,
2bcbvhxCLtiifHrLqZQtr7V1LG785yKr1BdxbDdxiCJr,aumuHzMdUFiFCvJ7kk1djU4CViSzxJk3FjXTXgvdNZn,
2bbxguSJ95ufehRhtjjY1K9FYddWrdkroAFnSPETjGx1,5iGsf3LxQW4Pg7J57cv3cZzHkyRZatCgBj95cpdQsCvi,listed:magic-eden
2bN7toiwCNT8kGyfd6vECixFtRUXYbSY2YNwdrxZKoLL,5k15YfLg5TmTeVUAuxpQgK4r3Dzuu9ce6RwmKUdtDXYH,syncspace
2bHdvT8XLxPPvHcNG4QaGHAsA6xKi3ZXAiPj1bcckwGW,GF6Say5zG8C2LMszm9TitZGo5DVG3EBp2yXaGnYnX6Ao,
2bEs3Esipa3xHzdpxxV32ptwDCgoJyA7u3ze3v7r7j7w,EXAJ2yxygpTYvJX7ySj2pn7uJHEV774xbPrQmdgu2qRa,
2b6NGaDsV5m7yoyhntBNgajwaCURy7P1c7YWacKCawrK,FRnFVoakjCChVX5DSSfoyKtTqod36uQyB7deXqNB7XYG,
2azS2UhWr4vuHrfeCr95bJkA56PokNUnymYX6uvQZcWG,3rBr7VpTHtT4n4UWV4WGjL6s7v2m56UgXo21mRMzHr6D,
2aure25Bb6fZ1SDjb4hQAtP2Ka7ub1Sk9LGKZbrmXaNb,GwJJQ2buX5atwk5REnwFyNRhwzko3GEQTiUa86KfaPy7,
2aeNUT4nY7hC4r5YkFfwyVk5WuC7EdRKRqoq21fScoit,88gNHWScPbq75QunYtRi84YqvKwJZ1cjmqrF7chp8VXo,syncspace
2aSc778p8qWH4253jrrnEFiW5rXmMucty9DsQgUfmsuF,H2CAfKakYfFuT5oEZJwtAmgy8ihPncv62iMYmQXFG3Y2,
2aRsGJoftL4KbeHnzmXWa7tNk3p6S8E4ChhvLgVwy669,5eK3hot7ieHrwRUiSCqS13TPsAHa9caJvLr9N8Vz7vi1,
2aKpDneecC2UhQdKN8ZFBrQyFD2XEXC9eDYWFdrMPfku,Dnc8CCLXEUgrfaKv1jJEaEwUMG5xZnGYYN4geS7MQQA2,
2aHNCEtwm9aGu7Zin5s16Mz8W5yP2wCwHAyYQWRkFBFB,5mN69sE3Zmht2Q8oWcsgprs3DnpzE3fKRFDgL2HYvJir,syncspace
2a2tsB1wheoS3vQm71s2G7zJtMqVKNC3xpVaXjR6XbE9,AacS11e55RboHMgWtHG8YAKZ8my4rr2zgJXLUedW6yDx,syncspace
2a2cD1UFr3wDwFoTsysCdygToeHrmum6AariYBTLPogw,DE9odyMApRfvgcFfoR2KEiPN1oWXkjzgtQNZbF5tWRTL,
2ZtEDQTtQjgwqaCjh6D7daSFTZhy4HnCuWMuZBRpTpAh,7tJnkwbunapZXwS3APSHZvc23GYgLJ1YtFn93QdtcCDd,
2ZqyACYxgDUBjF2AnmEA3iQUvNtM5pGCp5a53BuLQdHv,GGJrUdLov16V5Xdu7hJB2mCyojcxLP6q2FfbVRPFNbaK,
2ZppDXuEThqGpX63FahFgRL6SbFVghrMJcax4D4msyrq,HXb2YB3VjGMZiTbZiqwgKkcYwWzWcvhbSQNwV7c6HbZB,
2Zgi6XCoAVSgh8NFbfYUFm64H5kgeke5iTKWTWsraktw,FErQuNGuW6RM4AKK2fy7WqbhP7feLPDp4BQTxEUybBVE,syncspace
2ZeGr44M2wNo65W9ouMt7c1p6E6hoh9dEZFZLCmk8rNc,DnkxUHYP9TTqNkEEjsz35VvZ3FfUg9tLEVicdBjmRMxk,syncspace
2ZLtTuCiup3fCWsrFNt9nHChhyhr7QF5Jf9cAJo3WLvC,DVmJGhZni5gGSKXsYAjFtsZKPC1m9SVcPzMyrnU1VrZC,
2ZBqVRWYynHZ7D4xz3FMywjQBo5MtxDCsT9DUCrar5RE,Hq23RE564UaA9WNxMmT9Rtpr8RFUwaYoh6XrGnkMoUAc,syncspace
2Z5kcWSxV3Lhdm9fHowCi4dqvuDdvr4Cgjhwr5THPZVd,AkHTrLH3yCgXJh31Tb8UhQJxJKJFDpUND14ZfUzvsRG2,syncspace
2YwRfweX45ijE1whuQzSacqHmyeKnWADrVkHADEUomjx,88gNHWScPbq75QunYtRi84YqvKwJZ1cjmqrF7chp8VXo,syncspace
2YvwSGARZAkivpDxAqnCjje7eGtRduZF7fwHoQcvf5Yv,GwKdCY4cMdezqHrGN4Aqm9vQPbb3HfBLm3Ycmyrca6bt,
2YtFcjxTmg9aEnV6hZ6buxKjPB6jso3GAvUCFzDGK4cj,D3kSVKW5Un6wFb7si5wmCJXjcPNyeYT4sfUvfKKXrQev,
2Yq5dtPFSiUKTH9gksM49jRF2sS4H6jeoqjzkCvGtqq3,25TqXN4ToREvj3CVYJcTP1MWbbi9Dd7uUeQ7uTW7pmnU,syncspace
2YdWjcUVQRCK9LjcWCtCWTavFCRhkiwGQm3v7hQ7tfgr,9yVbFMydZbXHWtUs4J78a1DzhW6cB8KAL9mQ1gv6Vc75,
2YX39GDW25qCD4iTYp2SQtBrLqcz7SWVi6fW52JJZqoD,HeULkq5jCViXSAGnP22jVkEpQVG2fG9DnNQX4zSFizfm,
2YMVXj6UPduCQKRkonFFo9funGikgZwWHhBeSSVhdVpv,F7pwJoH9VGbVTG2SkR1QtbnTwVdLHbHfFTGHLoW62Vp,syncspace
2Y8he8jG6K1HEiHWgV45rzgR1Kzb1mj6VsMTiQuxDXKz,6LnH18SQsNqVN9BY76zCsNP8ur5XVQtKgb2t2iq9aZfs,syncspace
2Y7LViyxPmiYiFKNEwqi4W2aN9jbFnfez3etb9Yt2YHg,FjasrfnmarFGRhbnUsGWDy3Hb4JAGDb63RksKZrG6RXx,syncspace
2XxisXjXKQKmVRXj6BxFbNCSfVXAzzHfBv4AboZz7srz,FCLqC22N5UsM9bjqnfvnnL4WSfARAZyPcbrkM6HEA4NY,syncspace
2XpWUBQ5uY1ezbH12QNdMg28nJWN9KpicGZQYLGAt7SW,3DCcx51VVMzwx2a159uCvuNHn6z357fyb3NbhU1hiuP9,syncspace
2Xcjfdh7mvHKm43MYqUqkLbEZqaJXZCbDWesA9ZDVvM9,FRnFVoakjCChVX5DSSfoyKtTqod36uQyB7deXqNB7XYG,
2XbHbpBFGwPQNDACqpBGMhuLMDVtKHynTwDrbjAg5Kkv,25Xj3yHxxWMMns2cMsaSeD6r4E7RtU59pt6jJXup4t4B,
2Xax2SrNPdRPihmLkrihZUY7eAP2EWpwiVVGa64x7bX8,5wceam6f3i2PNykKQkomeord2dhxsmyTEaEFxVLVaegM,syncspace
2XXFsQF5nXKxnH8n6ZJx9oHc2DKrPdvQQjSdkHSPxCoa,DeJN4xgyYaV7Yw4nGYgcmjGbUhCLAd15QwwYm9gAjCfo,
2XSGoR1gJx858FPCeEZSzBqCE1P1Dn7scdkEJk8VUjBX,7FZru5k2HQ8Y7JKG4ts91i2wGK9TjDVadGWpYwqqkEQ,
2XPUiU7aCBSC6dJ4QyqVjzTEWwJHZi24qetTA86SR6Nh,9MjruWb5UVnYPpZacsPN91ZzS5KJyVhG1JGoEd9kCHz5,syncspace
2XL18LY74kmoLrEafSS6zUxQRWD4xcBD1u4XXrn9W9hB,CiS1udKWfC9tQqMLE2pDCryHMUyoCaL7PNWY3hm5o49x,syncspace
2XJvrRh4PAYSWV1HATZ4G8TofgxKnTwjiYbPiKZxGf6g,21fw378x9GDJeYzamayx7XhKv79LabXxhf7eFhxycPEd,syncspace
2XHrLfzAcMbpVnaYAqVu9B8b9YqzfAtrrtudk2vDme2c,EHuujbKShgCBa5dGH7S5HtsvGqPdGjMrKZ92xDiqJNat,
2X9QfNk9b74MwiDSkxq3s232T1a3YxggUAxVxJdD4SLF,6pYeyCyJA5v3AejjpJtHBtiMoUt8bMmNApCRkQXcB21e,syncspace
2WyqCVhVLhkumWAk8boVKck2X6mNX9tAoTT9B7wSWbGc,5wceam6f3i2PNykKQkomeord2dhxsmyTEaEFxVLVaegM,syncspace
2WwrGTTbRhMw78n75pfP9CQrfXva4M1wxVKVTdeLHUVJ,EGrxM1YEc9cjJQj8AeDmQJh3LRn4FrS93ZQUKj3ccjrA,
2WuSJHX3AZPPej6kydLZ5ZHML4UKrmcfJoTqawtjGQ4J,97hbGy2a6CNiLJdv6WdQf9EQoMWrmLP5CX84roaeiGGD,
2WtK9fEiaSCKiME5ofbc4qnz74KdXvq5q7pmgeD69yv7,Fq9gQ4KNxYh7rkjcPKiNRLu95UnKkfWxcXDLd1FgZnrU,
2WiEgidAUavQVo2dXNtctBbQzcsghh4ZAied9QSpm33Y,auryHMdwKGnjU4ZBjtacvARm8DcAVgEzYDzzJvVFfE8,
2WeUiBNhHaiLmw7G5Bxc1CErUAzi19ZKrKE6camJwt7u,HxHF3LQ65CJVTcri2cztiftM3KcXuDCfXgNmpWvvd2gg,syncspace
2WSDhR6nxB6fsRswZETK4Sf6S8ygJzB9yFWyxtRKDmjx,9bnE9QnGghTKTJhzgpfKpMf6Gyjoo5ctQBi2CUHffe4h,syncspace
2WLyv27WnXowQSiZBEhrUFRCuhv7sq8dyNH3Qnwcm54z,Fa8TzVCkeQd7ZMcGNZEvC3kvSKtxMymdv1gCVZoPexuW,
2WHQhTxBZFECqRu7syzW4CFHxxZc6n3eeQZLNVcsvg7Z,4Pows8fDUqRRANUBPiMNQqB3FFTTNMTP8CX6UCQS3zJx,
2WF1yGGPBp6zxcJDN5Zqb8zpW9f4CRjxvhHJWY8FRKyL,8mdWvYHTwRdFL1af5RzzoFmp7Z3tXqRXFZrSY5GJXC3Z,
2WCZg9TH5hhZwjQetSoAHbGJrykH5jgK1Yz4paZ3Agvg,6SpqN6PwdgRDs5kVV43kAvJHm2JpvresXG42ra8PRDbe,
2WBHneQnQs3TqFbQYvqppvXYZ3Vu7q82JSJaWRjt1MHA,9qj66zMkDdUBFw4GaAwKBgyyLfYRt1Ax5nmQGjhV7Lya,
2W9hoS9EoeoL9udM7QHmXyTZALEsXzfz1kkn6KPofq2r,5wceam6f3i2PNykKQkomeord2dhxsmyTEaEFxVLVaegM,syncspace
2W851jqREvqucMnMN5mHwQakGNfLdqF21WJ6dAasQzwG,FWSMjXXtoK14uwnrZpZFe6MyAfVxGVYjvS69tyMfJVpc,
2W6uUatJmNBL3MV6LMF3au6WQm1REH4UPRLVB6kqiPp4,4eVcByLcXGavuwEBzJuyPGH6mUzrJr4u6kcdhy6ZJEno,
2W4WtXbJRsmJd4pTanNqp4koitM1L6eSCSKdTjSjxiLk,7hB8B9HMGWPMNXFu6sUvGRwNDwiDHK6YuvCbkUVVXEb5,
2W3MGysgHMbrNMY3HfCUag1oa9PLtEWKZMVmjc7wUame,FRnFVoakjCChVX5DSSfoyKtTqod36uQyB7deXqNB7XYG,
2VvKBDEmCettggnDZCp63gmYVRjnQBTLD46rxfBebeb5,6BmnZ6VG8WX2QXzBasVEXqgXPutzxvwvHpUMg21Cpz5h,syncspace
2VhyZ4smggDv2nSR9ZMDnsLZhvpnFKMcTsrhW5PbmSnS,K3womhcTG2jhrZNGAobuF7FQ7uypkK2RBhZ2B9nQEeb,
2VWJ3eUpGqpCGSfXNp7QNkMDCTJ2JbrFYcu2sN9bxyzP,5aqRD3pYWuQ7cWVpf7xegaHxZizw36giH1ZGLReVwAK8,syncspace
2VSBAvfYUJnvHJUp3hoH1hpkkQQEdurJciR1gpw2bnwp,auryHMdwKGnjU4ZBjtacvARm8DcAVgEzYDzzJvVFfE8,
2V9SbCQy4hH4U9AfkwEwgr9FDxiMr9oa17v24jhgVip5,6pAKAexmPp2fG7U4BriWaNeHqo43qqQ2hwbFwSbpU6Wp,
2UqotK3ZcnK4v31hG13oZ8xES8yyr129Bx6MwxjFDsLt,AFfFMfD88UQKXT853sQDE54PVRPPhYPbmEBB5D7nrQEN,syncspace
2USkVdCyB1jg8LK5fAg9LQcnXu4UTqKApehPQGa8UzAx,97F3uQHR812Avsk5S1MVtAU6y6G2DWzYZKyGRggGQPZn,
2UJwte4R4Fq3hyMpitGNsp6HQ1Nr8bLEoNENvgcmdkCo,3khLLRKkghDJJe7zeC9MGfC9gNdLT21ee2H5AYkoWKwC,
2UHGzeoGcz1R9khFxeusuzrpX4h1htHspuuhqunnaHnc,AhMqoTaPbK6FdZkvvSBLhZNYMmRXxDfQPZYitraSqQHL,syncspace
2TxP7UzFtkz17FLAbgK6L2D4W8BAQ2eQ2SkHMqvGv5UC,aumuHzMdUFiFCvJ7kk1djU4CViSzxJk3FjXTXgvdNZn,
2TiHXZtWT5Wa3aUDwgBzGvSQcbngbnSq4VvokiJ3g8aX,CcxfJrj2RLKZi8Fq4YF1duCdjS9G7wMvhteSnu7Sacw1,
2TboJtv3ai5cY2ZXPfvbZNQzspB5JtgYqmSuY2h5SDuS,89zzM9oMpcbcfVNxhCdqfpxCPB2NX6M5Wn2izAGahvZu,syncspace
2SsU2TdZUpR873Mr7eZX4nPgWxsGs8V1Cdw69EkXPH6x,G43e2oSgeTEaxN3vc9iCKUg2AXaNhfs6KtRwoxgZ6qdP,
2SqpFjPCJDMGDTr4iEPtj4P4ZxWgCrgzRZUsQSt62uMA,HMCFyf2bmyBCPC2GHkDYxfA2Z139dLCQXHtHpeyKPsaT,syncspace
2SkY1S2U1tuVaMwGnbGdvGsmXgTVLjiKegurncHHp4mD,4f3KsChfKCjZ7sKXnNrfqaedgMf8aJUgPi8LpK3TMd1n,
2ShptjGphse4cPW2a4kdGeGprjeZbjhdAfLf6fP3FFrK,67aj6sxawXATj8EK1JAJwrrHmBjMK9VmvEt1VtL92rFK,
2SfQnFVLjn7CGs4pxQZ43SfNhSkdfjGBgZW3fSQT3xUX,aumuHzMdUFiFCvJ7kk1djU4CViSzxJk3FjXTXgvdNZn,
2SawX8sKct3uEJiTvkeF5L7qcpqdnFPV7DuW9oWAq12L,9qj66zMkDdUBFw4GaAwKBgyyLfYRt1Ax5nmQGjhV7Lya,
2SFcG6ZMNSyCAmWHPy69oDoc9o859oDbXfXJWKGx9fp5,Bto6bXasf4d6HpCqgQ8tbvjC3wn8dP5jfK9vo4n9wP74,
2SAz2XGtwGhqtKssWCDGQto3e1DS1YUx9ieMad7cDgSe,auryHMdwKGnjU4ZBjtacvARm8DcAVgEzYDzzJvVFfE8,
2SAK29wLVdD5LzuG1GpC7K8CLUH5yqD2D2RVMojGUBbN,G43e2oSgeTEaxN3vc9iCKUg2AXaNhfs6KtRwoxgZ6qdP,
2S3WjfhaPRfWnPM4kYADLE3DoP7HdzuFGNPPqWt3UKvb,4U7tf3ChxC8mr3KHWnkV2bE2ogBJK6q8LHLvU1F9BhKa,
2S2MT18Z2fDiSBgXvAZmYbtPeffgCn4DPV6MAEigPwvb,J29hEkQdjB9i3kxAYSHS3uWFeKgrnTeuJBBYF8GWGoGd,
2Rrn7YB4riFLn9NKinXYaqfbWLWMSFfSYfGCjh3rzdJs,4TPx69VitUAuRTfaZuPGfMZyJ811cKBcFYAwkBhNcXid,
2RpGK2Jm7hu1D2AW6xxFt5EVjshhFihs1pUPuhZwy1MT,FXMcgZ6DBjiEkwc2T47iAyCmKQocWuDfkURntMkQs25,syncspace
2Rnv1KovQn2ytEYmg8YGi2VfH3gYHvu62571dbKyFHga,AkHTrLH3yCgXJh31Tb8UhQJxJKJFDpUND14ZfUzvsRG2,syncspace
2RWXarDqAEZTKhxvuRvBNmHtUC46BZzV6NA6URS2Wm4x,99vfBLVqdPe5zCi2MhTteEz9X6R6WExCqP8vN2BKpQUR,
2RRsQeCRUvJgJ7NmsCkQq2j9MgEnPsC3mC4d8G7uh14R,8Hj4C4Row7TkhXyG53NaofbaJW6xYmZCpKPzYLdNGJ5P,syncspace
2RGAJEqoiJGKKr2du9NwKDyLxp1qi3fKWTqwcJTrqrXm,3e8g1qrAkAZ8KGoRSoASn8NXJTdBAujNxU9uFRghezP4,
2RBzMKPqinN2VrXxqRT3UkJ12HV956rY3H83CVDCbEkW,5rxYfsXyfSd6yzutGXj6jdC2eVBawasTMXaRqAenFyWh,
2RB5s62owBDPfBwD6Fu2sTWnKKbdrgNYUpsy6tg4Sa9w,GPg1UBnaqBjZS2XiMfEpgWn5YBJmNkVd11HXjYrDmVsr,syncspace
2R6NjNzzfS8bP4enMKutC1KhYhAwyH7Ty6q86QHdfFf9,CfLt5YAXgYjwnbguVZZXFMShycUbPEcQBmkTnfLPYt2j,
2R3iHN2AZpyo3FE8bqBQM1SmftGtnNRpEKFogQusVckJ,3e4FppTLj75xMvdZ9G45Dt5pkJqxFuS8q6kDGdyschDd,
2R3SBx318kNdJbMZ2fBzT6LpbWtKH2QVfZGfBZzkLs3C,6NSAMJ2gGuyiqXgeuTEETpqqRTuEb7iqnuwF1jCfrhsp,
2Qzis151dvHhLYmsRPLZTZGAn8Qaiqsza1LcwS1DMjaj,aKmo7KryFFaWicWKBHxJhjz7rHAQgdmjdJBjri5ziMm,syncspace
2QxGz3hPUqrFrthVwt9jGYDfTgKhhcu7ipCQtWBcNoAo,G43e2oSgeTEaxN3vc9iCKUg2AXaNhfs6KtRwoxgZ6qdP,
2QvFJnje3fNXd7QT9SG6aLy2FRELjWurAndajWB7Vpbq,2eWkTF8tSBp2si8Z7LDgkswJZ1LNGi7DPU3NNjV1i3VJ,syncspace
2QqMcZEw6B2THSHUajwmFg2gHw7qu4Rj59YjyGNxS5SC,SeJ3rD99FjT5PtEbYcfHvbt1fJ6becwRaEqh6xxyQCC,syncspace
2QjuPofx3pt7D7E53aHqonB198ts5AoY7xXH8NpLUVJ6,5k15YfLg5TmTeVUAuxpQgK4r3Dzuu9ce6RwmKUdtDXYH,syncspace
2QfuXLYVHkVCBFwYuoj236aSGtXVuLR1pLvV86UttHe9,CtyBYvDMWDq6xSr68Bg4TZCSkWwH4QdSZ7duoSkAj6jR,syncspace
2QaTfMsnpRWcRPuYmTozzzLP4FFDd2FfkLWMom8jr75W,ECSJD55DczBSSJVLLs6aHB4Br4szXV4TNep3HbeQbtLQ,syncspace
2QRGF7CCSAkSYjPjcPtabQ9SfR1o5iqFVm8CcuS4YV6c,J5gD5d4SWAgrVzcubVCDne6En9K668ay2obtVmApenKp,
2QDMzwVGGiz86AdMMBrDDhvLDX7mBpet1zUWxy5nkB3j,8xjn8HETeMPnEysUMbiXDXzmLrRhkkyLXATmFb2mfPxU,syncspace
2QDKwcUdQnXdTn8bZ2LafSs24Bbe1YpHTA29CRy8Uk4c,Fa8TzVCkeQd7ZMcGNZEvC3kvSKtxMymdv1gCVZoPexuW,
2Q8LSHXgM7THEJD5vfySax9ouoYTfequn7vNyeFh9KNz,2tTU5Xs2YTK7c5SRqgYRNRvjx5fAuw4hWzPdLRFckKrD,
2Q3JaFFDUBP6rmxdRx59sunoFvcr1435Wc3ca569wLgT,5k15YfLg5TmTeVUAuxpQgK4r3Dzuu9ce6RwmKUdtDXYH,syncspace
2PoqizRgG1ERfoJ9kwW6bK4w553eUw25JhVzArbwCAib,5Yu59R4TYuKKjLSYu1BqxaqySqmbrjH8hg6fFZeHqXAh,
2Pg8fafa9osA9DYpjr6Kwk92D6yuME1zcMtbHaNCxytS,1BWutmTvYPwDtmw9abTkS4Ssr8no61spGAvW1X6NDix,listed:magic-eden|owner-unresolved
2PajesrVbbBeMcFgSyqUomfsLtes1TUHnGqSJc4fWwES,4JX1tvpJR6xzkWhqvjX1mhGh8R1beRiNcnURZiNVAuC9,syncspace
2PZftAs5PfSzHDaDGRCwBRz1jD8nG1wUU96sNrDScJF1,AMnL53CPuiU2GeuGXE6kVj4s7zahgodv2p11tnT57jCC,
2PSLPMVJyRtKi8SUYyxSrfEJehiP37WX1oTXgBNkSrmL,Cr8sBye4KWvhhQUXncfRuG8ZesYE85CuhZY1CcDgJoAK,
2PG7KShWiQz1D3hgKT4vso1x9vm1AV4Ct57EVaMZ32G3,CyMxRyQCgGQyBR3BS7G26Y4c3vTho4nLhDwWZHR1xKDZ,
2P9cooreodJghaDZYa77NMk97eZyM2B9UAd9oB2dmHzW,Fa8TzVCkeQd7ZMcGNZEvC3kvSKtxMymdv1gCVZoPexuW,
2NrsLDjMMnARztVSbZWm3H7yUGgXQ3oUHEnwX7zB2y5H,6BmnZ6VG8WX2QXzBasVEXqgXPutzxvwvHpUMg21Cpz5h,syncspace
2NmRSZRZL6v2BMByhqUG5Q64pB9Tr7vhqHGE9voJdBDM,9ZuAkjidZRDa9NHHrQAhrzJSvev8sPLBVv1j5Ye6M8Fn,syncspace
2NibHkZAVJpdh1YuHzctd7EWJBhjiXT7Ff9M5dwvHWDP,HuYGJ3MT2dzPYjfAaUEtk9i25aeiWThHrmBe9wVtgQ4L,
2Nfu9k74P6ZrjKAafTw43FYWJfTZxQWdm9fQMN8HULu5,BkWLcYBmY2zzoBBn7WMpedebweB7XnzB3pZWT9PzYNx9,
2Ne8e1pLQJCTigBToHtUCW5R82gRHureJRM4PZk51mU3,HTX9BkwYdwmH3xPVAyaiVC8pVusCp4gDWTqwLwzCM1bx,syncspace
2NchR4qoMgLqH3HR1NEaCB6eTpAqYku386maiVMCqRaj,FRnFVoakjCChVX5DSSfoyKtTqod36uQyB7deXqNB7XYG,
2NRfi9G1iPG3JA9Ui9KmqR9wehux5fYF4yieSgEdGvbT,9MjruWb5UVnYPpZacsPN91ZzS5KJyVhG1JGoEd9kCHz5,syncspace
2Mkqdam8cvTEBvbWpTSjHtcMNZvsrDYGNCjqUYMwQzzi,7ajKJAWsGDDr7e8sX8D1YPuLSfySY98uShpTCWNKBSkf,syncspace
2MkEb3XCL3r6s2HcpZMqS632RixNcLCobKowy4RCkFKR,5wceam6f3i2PNykKQkomeord2dhxsmyTEaEFxVLVaegM,syncspace
2Mjcjw3NRWhAxjcCSDVrfSK7gzqkS4hmvZ3cbTr1Qgfs,6dy3Kpt7qrU6soV4jqJYe2iHqCbYY9HAUeK7MM6VCkDB,
2MhQxijYjpzEF31zADxLnXwsmM1HH4ZuTBLnfL8N6H3u,auryHMdwKGnjU4ZBjtacvARm8DcAVgEzYDzzJvVFfE8,
2MZ22vj4izEcL1qP8GDcpAEA4qRDPqrV43h6wrzS2CBq,AkHTrLH3yCgXJh31Tb8UhQJxJKJFDpUND14ZfUzvsRG2,syncspace
2MYXKCZQUSbN6nhKTafZmVHPYYGbMvMvgDasWrocTLEm,BLRXFAb3xeP1KfsZV67JeDJLkJB8Hq5qFwdFLn2TFyML,syncspace
2MVoBgYBGLWZkKBJqFHkbpy8HC1fsF6v88VS22BRWRP1,GMt4NnE7KEBG6CK5oCs2NUzqcgfJRumrXMYK5cQDJqyw,
2MFPJX4DhkQTLLHeiEvuWzE1KCGpt7bRsoY9v5LGYF9X,yfUkk7NmNmimdSdLA4gjnnKd2bYuSbDRYQFLww9bPeq,listed:magic-eden
2M2oiwd87mY2Ktj7uBecEtE8fnegkqx6GG1kjZdV8e6c,3U1kmVZknXX1Y6x6Yk4Mii3a5EL6iUbbw5x32M1z3P5q,
2LrEZAExT8x6mR18VGAuX6fKtA1UJpc7m38ENB68iDWW,6BmnZ6VG8WX2QXzBasVEXqgXPutzxvwvHpUMg21Cpz5h,syncspace
2LgDBaetKFCZ7J76fknFhWPZiA21KmnvBRMwACVGfRu8,88gNHWScPbq75QunYtRi84YqvKwJZ1cjmqrF7chp8VXo,syncspace
2LdsGcFpAyQXpqP2Hb8Mr3iyj2sBgjFjbye9V7K3wRsV,Ba8FKZK7TZgnXY929Wg5fdyjhNQXJmCHyi92xLubkzeC,
2LSXeN6DV91iSBCn7svXVvouDfjZehXZsEYZBPLGsXSc,8eJUrzZnVgcrQVwYr48e9JqHZX6TRbE8WY4nzhBEmbW9,syncspace
2LPGL6wG8RQxsWvhYG7pVC36WJd8EHxLXyLnZ12aDt1C,5AysHo5vYHYcqNaJ4zrKKf7aRFfWXCCtQ9gdPLfpudfA,
2LCeBTmCAaahjuZL2B2aAtXbS73RedR5TNwGBSDnzgpn,DuitgoFvKaNubdmXBwu52SautCog5eLmPnpBUuPT7cbx,
2L7JSqpsHhoUgm2GBtSK3WhFS3FFQN8frRYzqgmcRaYw,9ooJEM43cLZUZpn6hdL71tjbSxrcQZD7tk7u5dRZJkVg,syncspace
2Kp9G8zU6dkJjWXemF1URgEcnkkuDfbrXN5tq5kduc8u,GCTewoyrF4hn83ijMviiQFdamYmf3zTpZt3KUXyhFEpc,
2KoJeHkEZZ7gJbogtCYSkH5u2j8Q9dt5ZCTdu6u3SXAn,88gNHWScPbq75QunYtRi84YqvKwJZ1cjmqrF7chp8VXo,syncspace
2KcP4Ty5DHWo1XnR2QLsjWj3okXUbpmoDr7w3JTeD9ZQ,CqA42zXaf5zXk7EW7jtCLfL2uH1efuB9GtTfjfJ2hzoq,
2KaLUiCncprSXfAF2ZxcnHMhH6Q29N3646EKK4mKseQp,BxMJyY1EsNoWuPgfR3NEDZ8xxhYpn2eSERgWUjxcoztu,syncspace
2KWbokXvxDaiqYbQqeZwXirnmpLtcLuLH9VxmwcG6s7M,5eh4Svgq7zaTg2mWNA99M2GMd3NfHfYViSoSCGLVUgcg,
2KTgTFcwGiNX6rbcLABgGsq8kkvWkfjMiVEcZBM8mh7A,AkHTrLH3yCgXJh31Tb8UhQJxJKJFDpUND14ZfUzvsRG2,syncspace
2KTc8dfWdmTFD9BR9NJ3f1rCzZRrrfcbeC41g2bbEj2y,88gNHWScPbq75QunYtRi84YqvKwJZ1cjmqrF7chp8VXo,syncspace
2KFCGK4asuihiNbxAfB16dnGZysnK5YLyRnMqZpub5GM,J9y8i4TBjhiNjCtfsDYuGEJC19Qp9Zq5aG4YGYSQvQJC,
2KELCXvBnULszYg8FSrkRrCjZ27x1DtckUGC6H5aupp8,J6fDpoPY8Av4fd4TGYtTA48S31LKTkJjX6EsmoQ2zQa8,syncspace
2JvLbDTqeKGmwce1LLGPCBAjXoVXqZtxfLtCoMqDtT8V,88gNHWScPbq75QunYtRi84YqvKwJZ1cjmqrF7chp8VXo,
2JovoDrqRgZPe8XWLe6LP98h73XEPAGMwMMLiBN2ejzk,35cMZqHMHEngKuu7ftWau2GHb5TuhHL6wkZ89xBKkJLC,
2JnXtB2L2B9di48rWn9V3DM439D9K9Dsy4s5JgDzsHH8,42i4VhjfjDv1DYdSfGsZXW53eGqFhBdWU6Lg6FcoPNg8,
2JhrZi89gor8aJFSbFyPsuN9Jo1kKyN5MvgEoZDBMBM2,7aKxZg1aoLuB51JUw7fruF77ts7SWoB7pcLBZKHZMynr,
2Jfdj9JqmQV82s4YphAKgYf4bHV16sshCTEPp8NChmRz,GjjaZN19bd2nycJ6YxqE754NPbLBJVZXNMeDU7FFffRp,
2JejfYGrHW4bS4ThbZGGsHvVaNm6wPdzqRQ2qwfQLX71,4eVcByLcXGavuwEBzJuyPGH6mUzrJr4u6kcdhy6ZJEno,
2JdBjWywwkBtQjN4wJMSNkYVit8JRbT6hbxYysqxwvaD,9GRbfFFTr8Y4Np3drxmDDYQey6sJgzXwo1HS49qh8kqQ,
2Jd48pYW2MAZuEwRx1csUgw2jEJeb47T2zWXfoMdGeWx,6zAjTQBMCAgjsJaGKJ53ZKzYQCwPkgvzJ9e6BmBZZ34t,
2JUWfPcxFGE9RHhsnZEUFu2ag3ioegnmTedasJufRMNR,auryHMdwKGnjU4ZBjtacvARm8DcAVgEzYDzzJvVFfE8,
2JQsQhPcYVWAvEjMGCq1uoKZ2y3CtuXiNABiUJ3nfzza,DHPqdKNjCwx7xJPmVagTZozEDgxPNLu31Je4sQKs2624,
2JMKSiUGaC81LizEiyUSZHEGVkpcpMtxrMSrpRF3ZpFv,BZWbW52vYzDHRNYHSPQ78WcHtZovHzRSa43XY8rtJHF1,syncspace
2JAVdBSEhds1G1PVZkjvEuLM3cDz3FJb2eAUv4knQwgf,FZd43yjsqwYXSWHtW6nAL1n8obhutLHzvNbDng39Wx4s,
2J6QRQQTzLsvUgntzuJszy4EjbKGhJvZYPjomg7r37Sq,auryHMdwKGnjU4ZBjtacvARm8DcAVgEzYDzzJvVFfE8,
2HzHHKjmHzx9r8qxUz1RFK6Kr4TdHAbbm24QUvFrTdDB,auryHMdwKGnjU4ZBjtacvARm8DcAVgEzYDzzJvVFfE8,
2HbTck5N5iKDxFGbX1vXoHX95sodSKribAna6kYsDaD5,88gNHWScPbq75QunYtRi84YqvKwJZ1cjmqrF7chp8VXo,syncspace
2HZmZuudsr9bP9j8FgGGfwkN6muHTciR3bYEER28VKod,5AysHo5vYHYcqNaJ4zrKKf7aRFfWXCCtQ9gdPLfpudfA,
2HXQ3AhcdjiDLNXrSa5Pnnaqgq31v7eb7g3kFYAt6nEB,H2CAfKakYfFuT5oEZJwtAmgy8ihPncv62iMYmQXFG3Y2,
2HWyjLWQN5eBZZ4ptTUUovHmUfbT7dnFjftESvN3K7Rw,H1HTT8KeAWyCdX6pBvcbTuWhAXSqxfjHhTCdhWBL5qEo,syncspace
2HPhSKKsC1qehXuZZBH5eydVRQnHY8YCYwAERMGAkoLV,Hq23RE564UaA9WNxMmT9Rtpr8RFUwaYoh6XrGnkMoUAc,syncspace
2HMmAJv9fxNsULni9vVfYkFFQ37YgU91gRrD8HQEfG9F,6ZV8Z9J4LC6uU4K6RqSBij9uF35vfdWwzJoH8AdDQX2J,syncspace
2HLSKAK2CKQZbssitHaXfH5UQmT4YtGobVEeE3tCp9Uj,J8YQxq8qCm438yRjmLPFkUinztxLPEWJeJSxxL9GhxYY,syncspace
2H7tpW5MpSYnwypr7HzLFn8PWrLNounvPko5Qvw8ww7B,3vtjZv2v1eRj5aYZ5vEoM8GdPiFgFmPVkABNZHx36CjJ,
2H7VzaYgC9W2mA8u1VJXHx8SJmdHn2j5twYwLMm4BHCq,FRnFVoakjCChVX5DSSfoyKtTqod36uQyB7deXqNB7XYG,
2H4xAsEQrHgK1GxusfEjfXP8kq3ZoNLp5kHegpVuA4QP,Hq23RE564UaA9WNxMmT9Rtpr8RFUwaYoh6XrGnkMoUAc,syncspace
2GsGG73XYzjcY2pwFcSdCa8BWSyEkttigBqk8EMVqdAk,CkDVZfCjUBYHxARSYBDmqBUWN4aipz7YL6uUmKScbvNT,
2GiZjECEjj8BBni6tEQBJq3WJj2ERSAhSoX7A5MvJw1z,5wceam6f3i2PNykKQkomeord2dhxsmyTEaEFxVLVaegM,syncspace
2GfRAovy7Mqq1RbrsigvMLmhpCt4cBUo9nJR1ECaFeEZ,3H54g5eRUxLF9j8FitR1XDsky5VAwKfPSy4xAK628gzg,syncspace
2GdrREXzUjNSkCHwppdT8ncw45a9cB8T4UBvjA7iC93U,auryHMdwKGnjU4ZBjtacvARm8DcAVgEzYDzzJvVFfE8,
2Gbx9WyqgLdJT2BNBy85YAKxYB1uLRvX1nZ8ZNt6o7AS,6mDCFcKBrDudj4SmF9uTrjgp5BtBa86uvjXVbLua8VLR,
2GNV1JrhduQSRo5b7NyiAcdSS7A4ybcYco2hUc5faU6L,HTX9BkwYdwmH3xPVAyaiVC8pVusCp4gDWTqwLwzCM1bx,syncspace
2GFwPCbx92KbMufPoTukCL9Y7pqqKU1rc9pUYNwCEEBn,AzX8AtNVzxwjU2z9V5ZimQnQaDnmphnEiejKJRJ9TAWm,syncspace
2G9eJwFxu2T2RCDfpgVLFartDtfF3T7GTCwng7Q8zc5z,BgiW7eRBHefQenMDtDHYvZinBwzy5eukwx44aCJEDZxc,
2G4zRxyvjtWsLMWDYgGQ4PN68M1N3aqMqceQUcjuFgbM,DvvH5QamCancuCSorSWf94JCcu6SkQ9giRB6hFSYBsCw,
2Fsd43AFsW58yyj5huC6555d9eDniArcNXqwsxmYouhZ,5Qo5ubyzfzNdNEPBmfBRM2HfWaLF5AbGUNigvbxLzBF3,
2FofnAhGWKqYy4VyxTDjo3FJmpYNShPdR5cXqU3A3bUS,CYtj1b7P36PzrCEfkLHnix3JuWhNZxkbAn3PYotm9dbx,
2F5N3ePG8r1UvtYw1LCXp1SCYU4wVemCJKAbWFyVPUcq,FRnFVoakjCChVX5DSSfoyKtTqod36uQyB7deXqNB7XYG,
2EzRytDkxNkSyvZiogYw79xBj9MkuFoTgDP6kPLeJer2,9t4ZfjqAta7Y5eGwb98XDfsYf7dY2HpuDdx8TwNWPfrr,syncspace
2ErP16Rf9mmUUPivXACLRJywnFu2mXcYVtLKxNSVdLdz,HRtwRVTmn6sbENbE8HPCyk8dJXURsLwBe6RMN9GnUpPW,syncspace
2EjG5aENUNUuRAvUmKRvQkCsi6CiWwKEPV2o2MX8o2Cp,25TqXN4ToREvj3CVYJcTP1MWbbi9Dd7uUeQ7uTW7pmnU,syncspace
2EhDa3z119C2EkqHrFbZWYmbPaQQwn5sZzM3nayc59j3,BvXbmaT51d4JkwxN9C34RrZiJAEuRJKtcj3YMJpxf57P,
2EfWu4PX1LAb6eEnf8cGtmvNZnfTs8y8kdgMTQQ2mi87,71HtZCnRRWaayEg9HrSoSmfJMwjsBdNiqGhGShCBNLpp,syncspace
2EVzXzStoPvwYXsxvY1Ya1RF6uk5C7iUuhCuNMP2FTXn,9VNc9BWtBb959bawciDdqr5zU6dTDPwSzB5PxQeHBL9p,syncspace
2ER1MMs8dZyd572XLBTFfE3LPgnDuruBKPXrKegvLMNh,ecK4tn8zXaLFDRVcxVC5dT1ar4cB6qQZ6xtnp7sfhDD,
2EJsaipv8S8THaiuzDizS8GcrsJicj2DKDCttJziyBa3,BxMJyY1EsNoWuPgfR3NEDZ8xxhYpn2eSERgWUjxcoztu,syncspace
2EBKsEFsMKEBPmvKYxifpNshMmhQMK3WRv8NsZJKhH5j,26UgX9WSX9vadYdgfcp69nkYK6mjgfkVnHkfkGCyyqGh,
2EASQutvvnKzwDMz3PgSCjVXoumRaG9rUnXGPPqyZsBr,GcABZfRQ7gHmP6KjuMypg79TpW7eFiZntfmBSMD3FCLR,
2E59FmWptNjzgW8fCz1xkc3Jd4Rif2h3f6yVPVQAbcJM,DFCsk3eC8c4VLMSqzzBNBwPsb3jHh562GnnMwY3jRsck,
2E1Cd8sxdmHupGSVu699sqNZAoR8Dx125nK9dCRftELK,EEqPhsgUimcYr4YHcc1TrwoQVUHm6p8RVkM8W1wqoDqR,
2DvsYyPeTS5yN7dpcWK4TW4FVsDKzkWzXnuPnpXUxjGM,7DnqWV1732auGkzfKgNxzcEHJfapX2GbwZ1w3aqoAN4z,
2DZ8YUSQLxFiFrLN37TznyCN1sMgGFhRaQuqSQ9N321y,CqA42zXaf5zXk7EW7jtCLfL2uH1efuB9GtTfjfJ2hzoq,
2DVuNnkkC3c7qf7WLAdKc4QD51o7YPRpjNASyGfS7BRC,Gx8pDnqYwn7pb5bWQMGsmTVbpB1EPrPEBCgKVZJGKqTo,syncspace
2DQt3BQrc1aGbYCiqGeBL9QVfhKeikqDoTzwF2eXqJMC,BZWbW52vYzDHRNYHSPQ78WcHtZovHzRSa43XY8rtJHF1,syncspace
2DPgPZKjvffxaYqUHCKV3sV7SYD7n7iAfY7zXKJfZD9f,aumuHzMdUFiFCvJ7kk1djU4CViSzxJk3FjXTXgvdNZn,listed:magic-eden
2DNyVCre5SgWGjAsE5yjdereXFPc23BEuMUYCxQ8nNuR,Cgw7Vr8z9HVbAUzgmndFPTRo3vaLQhd3p7q5gSkVZCm6,
2DHt8mUf1CsD6iSoS5bEuHuqwdLD3jkroUQszV79JExh,Fa8TzVCkeQd7ZMcGNZEvC3kvSKtxMymdv1gCVZoPexuW,
2DGXfp3hFGKTXhPFUp4pV9XVd2WPE9uqydNSmNVwNrS6,4yBTZgH6pjY2CYzc46oBNszB3zFg1F7wFHKFUQQXwt3d,
2D6xJpLvgHeSYFLenxcbZivCzEqijMMXgFYkbS9mXpod,DKmQngAhJkDoW982UBaQnjb6jpG7XqM4UMwNJZTvFW8t,
2D4Temkw5QT6mguDJcUPaduC2ijHyd4kgzedwddKqRv3,CASHaa4PzBAYiy9K1qszEHp4a2KSmNmCWboEYNXVatTr,
2CurEtcdmL3Vs3HAuahENtkQqaeszRiSAUzNBr6X8Xxp,2yEw5qTq4LXZ3m2L9KFH3BBLzUvVEadyF3p5PwhhVGCf,
2CtjTsBgZSiDbCRStP2YUoF4iudR4fKaqdQ9N3zgXrM6,69aS1fQCaEhXqBq8vHrCDwWzbecZ4Hh6xcr5NzvtsJHk,syncspace
2CaJUb8NqCwWgSiXhcCdmsc7LQRW5zDn9ittjqPZYYJk,5wceam6f3i2PNykKQkomeord2dhxsmyTEaEFxVLVaegM,syncspace
2CSNg5ruvGFTGF7BBvhz2pdJx2qJVy4PBxLVyVh8U5vz,2UCct9X15QXJ6QM1FbZQi5Ygbt7SAjN4DFV7ybc6zAfh,
2C8Wo8vpdRFXtRZdQQA7H1YodedNVXD381zy3NZFnLi7,62XRtwPKPGstrXiKs9PwAPpLPDtYWbCDDUo2gkqvEYYU,
2BgBn2wjmL6CDpsstbbLKRUBZPBhci4Wk5i9zJrk2ifZ,5wceam6f3i2PNykKQkomeord2dhxsmyTEaEFxVLVaegM,syncspace
2BepqPWqsxua85pMzxtKt2jScknWoG15kJfe2GzXjgLB,92fjfF71dbpoPx3rKfnD3NSjKLCTuRASNG6Kz8eRBv7h,
2BY1ZaDbTrsUokv7qeUS5qWRnBowiYZEfVSJonSDVnaY,7DnqWV1732auGkzfKgNxzcEHJfapX2GbwZ1w3aqoAN4z,
2BXn2BsXvQtQsYfDxWzZjNBA9cJqMschwV4zhKHPXsjm,HTX9BkwYdwmH3xPVAyaiVC8pVusCp4gDWTqwLwzCM1bx,syncspace
2BU7Ly1aVujCL2MhrNwJNrB7YrrZ9tCVnjmsPXViavaZ,BJaktyCTyvDQRHmjie3LqrLjuwF6gnsrjgYieP6tCte9,
2BN2mrbKm98aFX4brwm6nZbRc8XBFCerUD1m7XDWDMcM,Fa8TzVCkeQd7ZMcGNZEvC3kvSKtxMymdv1gCVZoPexuW,
2B87SSQxaENgWV22fapFXnbEhQugFCfrFoMmmsxiYX9E,GTafsVj8dBYLGUhFYfEKtGsfBbVJy97cUkCHXc5Yg7XT,
2B63svR9bnPs3hnbtKxBsdE9Q4TKbGGToq25vdnL8eFY,D8iwNWsfRkg6oNy7AyTevRxNPGUKZZ2oixoqLiinSSor,
2B2nnFQt6QEFnyw51XE9c17n8xeHDiUbyzCeWqWhpVGK,FbxiLEnXbE5vhDTyJT1kvfDuFLAp7cZdynEzHEaCEd2k,
2Asa43B9tccXRDwCkwi2gNYTBVcYg9TMuA3VSr3mcvXD,GL2QccW2K59m4KJgkrbr66gk1hUB6Mwir2S6MAEeDW1K,syncspace
2Akm2TnN5YnTbPckxtv6PQevYL1LhQn2DTS6DEeR3vu9,3U1kmVZknXX1Y6x6Yk4Mii3a5EL6iUbbw5x32M1z3P5q,
2Ac9Ts9UFZ8cFJrj5k13VebDNmx54rzNMieJrb5XGzNN,DeoqkvdS1LG73sdB5zcmYfcmDpvHsDhNKTzhg4VvetM2,
29kxN4sDjcK7jeK3WTwz7B9ZqpAG4v7XDJZqN9NCWcsy,8VcHiYLd6V5fMFZzPF5zoc1gztiav4apEQvFSzHNbYm5,
29jt9RZW3Ypf41exYE9i48NH53X8L9HkiBdiwUPfV5Nh,HJV6umojHL2YuEMcX3ZJLeSzrBTcyCVFA39kYo5eWpcp,syncspace
29Q3omoLAbruj22v1tFwZKqxwrJ1HTPMifpPRewfmaz1,autfyCR5psTc85smVAcGQajFT4TC8xxPPH1wvJu2Grr,
29H6825nrQMzYapRgyyipgwtCg6ownrbH1iapDmL5kKu,Fa8TzVCkeQd7ZMcGNZEvC3kvSKtxMymdv1gCVZoPexuW,
295d8QoPiYFZt5F1rd3tBeJoQkCsaKwNdemEXDUVoLwn,C8oQdPfg7wEHdeDpAxvsGdh7Af5bhzVKKU2mMTZjasU,
292h3xJKaZU6mBrPhsR6FFzbvBAeA1zdMcJnj52Nfn3f,7ZVqu1Q3ztifNMT73QXxTAbHXHYxrnLLmpG9ZNwVJsJp,
28vrk8VFueBo6ZLUzKUaQcojMhUBEH5WPf5aHTPFBqVC,2eWkTF8tSBp2si8Z7LDgkswJZ1LNGi7DPU3NNjV1i3VJ,syncspace
28qfWWCnX8XdH2M3KbzhcnZ94Fzg8vFyid9sDXUwNZ5q,D5NVo4BcTXhs5cTmvUruNsiKcd698c12iphy5MpSGFv9,syncspace
28URRPYXNBa5bnM8MyJHbVKR6HWAWkyRPEzVbwJXpBLh,2NatxmGTQLfp2msN1KuXXBdpatyfdjNmDABF3CCQJYBB,
28S8Cx1jU9NCKnrfbfEvLFxMGKXAikQCct7CMnXfACfN,DnkxUHYP9TTqNkEEjsz35VvZ3FfUg9tLEVicdBjmRMxk,syncspace
28PHENzEbuScK4yUTrw6sArSq6SnvY7WzEMdHkNftYXK,ABpA7SJJURVo4g3U7cVLA17JLT7NHn1R8Q7RmMKcApEF,syncspace
28Li8C4X8oTYbU1gzZU3vwp6E6ENyNfoqGMupANUpody,7ajKJAWsGDDr7e8sX8D1YPuLSfySY98uShpTCWNKBSkf,syncspace
287JLRPzCiQtPvtNAyHJBD6oGxNhr4uuXXbNKyhhBbgp,6X1GSPbn65EvohHwU1jYUcXzc3k5u277xtyhrUGJep5v,
27h1tRsUcb6trQzeLJrKCxJwyEkzr3NP5rbkQGMyffmU,8gsweCbTFCpuTeZF5vjsUT7jKXiyFwXm6eJuVUeSzLwL,
27gFoS78z3KEQ3rBSp2BowibgK8mJYWjkMUks6J5aPHx,9bnE9QnGghTKTJhzgpfKpMf6Gyjoo5ctQBi2CUHffe4h,syncspace
27fXRPatLDxB4NuL1b5VCjdhRLsonvitHA5hBgUtwf4n,HTX9BkwYdwmH3xPVAyaiVC8pVusCp4gDWTqwLwzCM1bx,syncspace
27R3YJw9TU48mTQsu41rJvYSABXHAxBfsofZ1bG56LAh,8bkLyDx5PgyxNYmRmSwy1qBnWzcWcXFg3xveRAbjgc96,
27KtotDsT6gTqEFRwm5JMQzxLiPW6nQcJqeb27TR22kG,9bzAn2H5GN42NcmQPVfVeXqnDhAvKp1YN8xcQzvhhqpy,
27HdxUCMZx9JF2iyg9YXsUUVVXsHphFMC9g4Sk56KPti,7qiAQaPksBGbGrEz77Yr9W2BcZX3PQXpzP5vSN9FGcGa,
27CuPyVaf9vmLmXuehfps9X5q694up3gXQdkWwtVMnKc,Hg2gqbjGgL8NZDmJk6jfqskafuK2pPqccSq5FqamaTX2,syncspace
279WXCJ5XF7KxnBQVoo2LYucQaqi3xLc4NRcyByPZv3D,J6LNq8SPcrRUj8yMT5KSL5cBq81qfThpYTWUTPmM2K9M,
277MeyAUzjMSynAkxUykoNVHDeZo8k8ocWGFttUkzcZC,25TqXN4ToREvj3CVYJcTP1MWbbi9Dd7uUeQ7uTW7pmnU,syncspace
274NpGN9sPBoqfAZQXbKVrrLEk5e99Nrquf2cUtmDgMv,9jSvPtLm5Nt4bMNFwtZmwVHdZEhdx94XW96SRELFS5Td,
26wsSiaJ4kCvsZhwe5fDs5XwkD7DRmY4CWstp1oXiUuX,GPg1UBnaqBjZS2XiMfEpgWn5YBJmNkVd11HXjYrDmVsr,syncspace
26vr77AMycmabbYK9UU54wqm6iVsbQz2Cgm9WKKLGBzF,5rTRUS8J94T4d4Y5yW9nPvT9oqJJNBrNmbRV7qC3dSci,syncspace
26o27jJsEmnjN5WHQubPbvhX2YAd6uSjnHz5wTCE3UjE,B9QigYSu4BLYa1gq57Bdr3QQgDs1CJ2qCd4GxU8XorJG,
26bLEGxQzek4kh43qb9PyhgooUMFCxxWwUykFCxWUten,9nScv4VoS83xpwdb9weUonj5UDLV3eVbxxL8bxAEJ8Gy,
26TexDMVk7UEHdUobo2viRrZazUKPEDmjPxvYwqxoUh4,25TqXN4ToREvj3CVYJcTP1MWbbi9Dd7uUeQ7uTW7pmnU,syncspace
26LXR44kvcuE93HPaxm7PSZMAgrDgBucm71gobSEdtF9,9pRyBoTvsekUV3ycQmSJtqULrYb2Dv8HFcSdLWNpzGdj,
26Bh9JcyZJ5hdN26zg6vHDbq6j5DqcveHMLPmnzXEHkp,2VQA3FT8tWRPgiwVPh2oKm1JTA44ocGspKn8yRZRvXiS,syncspace
269qSsSogXb2AyMfy6a3TTPqmNnboAyvSM3RKoNFzr4X,DnkxUHYP9TTqNkEEjsz35VvZ3FfUg9tLEVicdBjmRMxk,syncspace
25rfvRKnCqRAYEV5UuihHmxf8FspbGX3Me5iyCQ7SNG1,8kNTUuuqJqFgRhrRYSnZNz5MEqutYs25pPwJmNDtj5r5,syncspace
25ffBqDZMjD6RJu4zKgG6MJauaExCb2WNTwwMiL3SFRK,2eWkTF8tSBp2si8Z7LDgkswJZ1LNGi7DPU3NNjV1i3VJ,syncspace
25ebYKYYd8VEA5nQy6kYuzrETST8DKqub47dtXhqY4NB,6LnH18SQsNqVN9BY76zCsNP8ur5XVQtKgb2t2iq9aZfs,syncspace
25XMxrtGSdff2YBnaH6qXkv5XyHjH8Zxufv4tPSwAunU,autfyCR5psTc85smVAcGQajFT4TC8xxPPH1wvJu2Grr,
25TjpjTnL1rmducnqxHhH7JALRXfFfMxKYj7seQmMBYx,auryHMdwKGnjU4ZBjtacvARm8DcAVgEzYDzzJvVFfE8,
25TDMHtKMxdueEDNvfAR8efZ6udhHQMgYjBP7gv33rTF,7A2vodKtjnQi8jeG9pFXXQFk7yY5Qk7E47FFjarhumU6,
24zHKD8J5DhReLdapwuTgeC3wTtuYprbpCbPgGJCLDRK,4ziindZgFPAHd69ukoH7vg6szMfXmEfRLrXPWVw4ejfL,syncspace
24wWqxoUgA6gmheYxpvJfD3pyCMM5CVvbXrSwpnGbkxR,FnJp3dfA7XzCfxcJCvfitUqNq3vXKrxB4fKmrh63cRy3,
24pjPE6m6C2JYUnDcDSX1Gst7uam9bj38snQoPhanEJP,9BRS7c1XQMir78CYqVzGvtLJUuSd7JxrRat7xMN9Gxy8,
24cViVLvrciJhvFdnjv1shmvQy1yiwVGDjJpHYMjvvJf,FRnFVoakjCChVX5DSSfoyKtTqod36uQyB7deXqNB7XYG,
24byJafecoUA6k6a7pP25y6pfnCTLuW7kerh7uCWkHVr,AwcbpyGPiNdPrtoBd8UpyLNF5EaszrhXoKqcqqDoHYp6,syncspace
24Y74BjsFX7AeqVMr24qvvtfgeJvo8vyhPdV1Tr5JK8Y,HTX9BkwYdwmH3xPVAyaiVC8pVusCp4gDWTqwLwzCM1bx,syncspace
24XvDXKYQ9C8SNaeY7CzLbGE4mCb5eeEX8TFZL67sbCV,CtWmShhjxjCfKHzkupWro7gcMpTw6paCAVAvLmW5JnbH,
24WiTmtiGekwZPmxeLkTNVnhLA3D6bZwPZFn4cGmD96q,9J3SZEft84mev5fGA4ZcEsF7MHyHZQ9bG1tLKYTVczTN,
23xHLwfPkRhFP6abArSXpsN4JM9AVAMKhsn6Rhy5YL6z,G43e2oSgeTEaxN3vc9iCKUg2AXaNhfs6KtRwoxgZ6qdP,
23ZV8r37PE2abaPMNMFgaQh9aqsQKbCLycE8G4CdEoyd,2rrky9PNB2Ei4yQBbuRhZynvsrV3usr7X9cCwAo6BNZQ,
23ZGf5TUVr6aVSwt2UucoUBruX7xvYvd8EfrLQmx4aYZ,aumuHzMdUFiFCvJ7kk1djU4CViSzxJk3FjXTXgvdNZn,
23JMKuaMiVsxMEZwRzoqEimwApo63LTiBgaUa9Vo8Enb,Fa8TzVCkeQd7ZMcGNZEvC3kvSKtxMymdv1gCVZoPexuW,
2347w5jCbbUYvs4PQsnT3LbdAPjNbRbkjT4nM4E1GvGu,5k15YfLg5TmTeVUAuxpQgK4r3Dzuu9ce6RwmKUdtDXYH,syncspace
233db317asgaxwLz33qTSgtwaPcTjyw6NmyqWHHomRF7,752PceNPifg9Ztm148mRqzzxAsYJPBWoE5TA5H5ke8UH,
22wVJ8wnzLDKiHT3XrAAmDy93eYkCeZdYg5aNQXLb1TB,6pAKAexmPp2fG7U4BriWaNeHqo43qqQ2hwbFwSbpU6Wp,
22rkDPWZMPb6KpDFp4BhFYPDmaJMnoq9D1vuPckJ6g2n,CqA42zXaf5zXk7EW7jtCLfL2uH1efuB9GtTfjfJ2hzoq,
22guHwGZHRXbTbPw7axaSn5ds6XhNuhkZFSnYuyysVbL,5wceam6f3i2PNykKQkomeord2dhxsmyTEaEFxVLVaegM,syncspace
22Uug9oTLpNsxb4WmdrAxixjnv9EwcEShYPxFy9Vkiiy,H8wdGRM4ScrJkiYUJ8aE6wKNTjY6xoJD3gWNqSms3xSW,
22So4h3JdrcaFoeyyrDmBGgLx2aBEFLnGuG4nAVzb2nz,22Pmtk76RSr3gMMeJ9U4y3Qg8uK5xBr5GA3pBd25U8rD,
22Q914FEAX7UB1QMyY58zXB7TiBwi9QhSuNWu1aafDnf,HJdF2SQmVonKVmsYcSUMkmn3gbzVR9TSrABens94fY2h,
21vEm6biB1NiVckiDvByg93GX7ZpSNduXqFMj45ffVwH,4eVcByLcXGavuwEBzJuyPGH6mUzrJr4u6kcdhy6ZJEno,
21sVVtcqJQKsqVD8WQ3ET9dJiGNYsry43Ei7EbTvwLdx,6Z6PsSvbQHndjqNTFZUEYLpouFcExYxaceCHAyHGNgMc,
21r6pg6Zcnxqybf6KC2mQo9pDr9u1vKp4sZL9Fm6MmaM,H5WTxP3p2rMeSNk6a9rpsVmi4LMoaerQWQBbLWBfifoT,
21mz15zNwgm4tpnBXJXaSoAnyjyuhdcYGEmEResfWuAD,FNXmUoYirKfhgeD3s9yBupHdxnMKXtkisNUmD78rSiuq,syncspace
21dzL43k7JuVhTs2cooKDrwgytWoq6vfLsE79cRZHE1N,7tDSALSwTnHes5e97xwvFjLygPMUxZ2YRTyZKRKHbVo8,
21ZYuL2raLkn9oucdFtfFmFJJQdGTqn8ApNa2XyaqbCx,5aqRD3pYWuQ7cWVpf7xegaHxZizw36giH1ZGLReVwAK8,syncspace
21Hiq5ucCsRmmExXnrMofvp4Tso5KtbDEsg4utq9pREs,4PEk17CN1AT5nJ6bUBd4GmPqrnaT21FsETRe1SRy1531,
21ETnK1VTFJJbZx9ioUg1okNTETnVHVRLttwzr2FX5WY,ChcVEorZQJTe4dT41e5xPK6tVqoX7k7BqNqqGCuLcw4N,syncspace
21CaApL3p9LyTHDvZ6M3fFoHQKTB3kWYPcdKtkyeawLE,EpemMrpCkzU2PwDWbDo7MH7zGfUbRzA7c8tbjDuGM3hv,
zaVxoi8fyVbjPTDhBqWyVku6BFiL2yfCDAxXtW6ncmY,GPg1UBnaqBjZS2XiMfEpgWn5YBJmNkVd11HXjYrDmVsr,syncspace
zSJJZ36LF2hrCf3vPRztgSzyGYv2QfZzJbtKqM3jFtW,2aXemWsLnCtX7fYj3qzDt8ypEvvHxnFvods5zS5oWqyv,
z7b6nwmBVRktR5H1jhAe7sJ19hX3TxnHRKedRDNBDtT,88gNHWScPbq75QunYtRi84YqvKwJZ1cjmqrF7chp8VXo,syncspace
z5S5gHPne8JD2WVLA8QBFLFiufVKr4mDBBowZYdVyAj,9qj66zMkDdUBFw4GaAwKBgyyLfYRt1Ax5nmQGjhV7Lya,
yn8qmBBsyftxe67fqfrbPuWnGLUfECSbw8cQbDdSV2J,6N6EFhs9NHdKUoEEAgtYFyrpd9ymCGEdLQLBJzZB4wcL,
yQmqNH6ZFAVFRN3a8bGUKe9NmzktPpycsjzcpGRfo9u,1337tpZLSSn3HYgcBT8L8BRMETNAJjFWv1aQec5QwhUd,
yHxPX1xBgyhBUz9ZeTBEYzNTturiXKHqZwgSjmvY9NF,5ANs2kzLVhU2yawLyrmRyGNxJorwqgbnYp1jAL94KbuE,syncspace
xt4cMq1J8HetbkigBgaVm5rbSSmeDDjmFPygqckSb2a,FHbVUUSthmyFC1vt87pVcN51GSirxy2NAu2P3cQvUs5E,syncspace
xs3R22dTLjXv8amTiHAgnLcGkMQkE2cQZ7a9drVJRwv,2i2XJcvgHaJEEX4PSvmExCGPB31amZnZuoqdhQgKFeG2,
xodwpS4C6dHNnMdMfEUpG5a8mvygU4x1XtKYkbrVGoH,FHbVUUSthmyFC1vt87pVcN51GSirxy2NAu2P3cQvUs5E,syncspace
xMaw2n4KkqaTQyoSTxeJWa9iSEfdyTDmk35aHSuRJns,Gg1dcDi3gUqt1DhwLKgUWRRdpjgwqVAzKDXiKkCpd2H,
xKs5Mvi7zL3cHQUxY4bjnTEC7m7R7xoDPn4G3t41e1X,BQCeYnHSF7Boa1JmcYYCKCpYbF1V8Ai8wj23kPX6fLqM,
xGXN5sm3ShAhc5LxeB6g8HQX5348ZpTQ3hSLfw2nkUr,DZTGDegWm8r3rhuyJrM3fLPrhUdWQoh8of3R9TWmng8N,
xFydKwqNo6pmyYZcvoMioDa2N3kGyZTULaAd5XuEvHP,CtWmShhjxjCfKHzkupWro7gcMpTw6paCAVAvLmW5JnbH,
x5n9AGT7g5jmQNV3xHrvfCsjmixap8gpNtBN8F9SYar,auryHMdwKGnjU4ZBjtacvARm8DcAVgEzYDzzJvVFfE8,
x3rm1c3ion47yNquj7WNtS4uN231J5HTPmP7PhVumwZ,AUrox7sHx1L8mxEPrNqkVjHa16CXQ73UbgZtZTNPNLjx,
wi9uypCuJA4gPKhHz8dxi2nHK4X7f6HnfJ18tACWyBZ,DnwwoQyVm6YCj5HipawpEizrBUoRgYzsgJDFJ9655fn5,syncspace
wVaU9ob8dvdUoRaP1bMnxoLYaiDNe4L3r1JoPQXazRb,7v7Z1W3mtJZ5E3FHiozLe7dLs6VMch3akQBkURUHqr5d,
wC2wWArQX1wwcKL8hYTFXXqVBZo9H1ykVwvKA6iUpZh,FDQuYa2QLnHJJNaA927DtESjwqQLSEqC2Eq8LnrYRMmp,
w5iP8Ep7yzkJWMBGquZq75cvswzhmZbQZN6V8JzowAD,3g2TUkrZf86bfGQXcfJ7xMCFSmnssdpeTxe5V7y5GDpb,
w2q8RHWPVwCnfEa1A9h15baHNVRcwo7tV6u7Ea3m4NK,6LnH18SQsNqVN9BY76zCsNP8ur5XVQtKgb2t2iq9aZfs,syncspace
vyqcGQr8gJPycPr6E6UvJUrqKBMrYaAvvhErkTSfXof,HBvKBYH8pT9HgvhEV4V7nASvAECaQUpKiaUiumKrJnF2,syncspace
vupkK5su4kVmpyqWxfsyJD7ZpzyPNcDxBD8U2JjUnpE,5SecUMKYpFc3LWoeswV5YPjJXkxhoV5gGfQ4vNbtrdd4,
vfBYP16ZUKkgAXdhm6yH8vUYsarqfUTHE6zpewhz7eW,AsSYTb7rh4VBfC9sgSqLexqinqcB2cnZvKCYeTtyADND,listed:magic-eden
veF6C4TBEZqL2UeCUVev691rK6WiXScZaQyJYaoPsvj,8UFxQeTavV3U1RnXAzEjoX1HRa4GNosg1KJvtBE2GYvx,
vaCsCwafv2iRn2zMhbH8sWhMp1UkMKijjpZVvu4PMeK,C4rfwLCG6K14k6VVeo2N6Ps3XUjBfSGnwwwnHPKu5n3n,
vMCBxv2frkVNGKjLFBNjeMtSTDBQgVeg63Lyo9PyxjU,kHjyGkNjoGc5n7bAXrLnYLvSW2WdhNsgHgVBUKouUHd,
vGpBkKFFR12fonyospKTmrrLXpP4Ek9MBpcAsLJ7bVX,hh1ndnz8yRNPuGVvMToarHG4wUcTQoYMkBdyWGmMYiG,
v8R4edcAQ2c5eVqjZ4GFtJgDcJtB8djFQNpiECv2ytp,AcA8kotM6MAssW89r6FjHG5wT6YNiJX4eqxtosugHHh,
v5jjXvLb3rBBnhiHwJjVMY9XmJjrerPKhuNw8immbqw,BD7qSTpo1fqLvXW61kd3DYvHyAcMpHPGRQL1P5eMHWC9,
uoQqmwEfTNFfZSYHamofAksWXDwg1igBFZKQcgMgwaS,25TqXN4ToREvj3CVYJcTP1MWbbi9Dd7uUeQ7uTW7pmnU,syncspace
ubsjkNJsry5aWDb7Y6SBqR1G3bHXexvm7p4xD1Qk1bA,8uqTTJrymHMCoG4KLGLPgJh8rqHhMWSEX5BtyL6zdPZL,
uSn1bEB7B5doX4W9orxdL7xWxwDx2j3ecEPgpM4RHx4,9qj66zMkDdUBFw4GaAwKBgyyLfYRt1Ax5nmQGjhV7Lya,
uJmZpTV4qgxZd7Cab7EMsss7QptQSGjGuWJMChaQ9xZ,CTjGKHrD6WAmVpbPS1bbmCkW3C9p2Fwdg84NzZWeUeBd,
u6UH8bMvn2vhJWxwCzZL5ozvWcjYQDQmz3ynhi3n8Pa,CVhYNyEXCTNXnBiB9QoK1CQuWcpPxSSCThaDtKRUqG9,
tuDE1zNhXLnFTuxVVK4UEAGdKYiBsjkHSPBxqvh24zU,HxzUmpvWZLWrNzY4xcgDb9KDa4VZKD4eYTJCFKjGbBzB,
tpjF1kYLAUJ973R8Fa7PumFso33LuWAVVNhvp9M9RLp,ErxbBVTrQws4dh4jqDtuWb6BZYLwUqxsEzSBXfzbuQp5,syncspace
tmogrZi5j4xmoMg7mUurX7qN7LUP4pA92r3i6K9w3Xs,25TqXN4ToREvj3CVYJcTP1MWbbi9Dd7uUeQ7uTW7pmnU,syncspace
tk891HMegAUX34Rx116HGB1QynBXTSamybNhfj7C7wD,2Hm3dbAYBCSdoYnofVYpLrzETTQt613bpaQ3SxnKxZQc,
tYc6vkU3J6fFGdpLJ2vf6E9X2Wuvrfm2DRJ5wKza1qH,CQ5fQi9J2EB4NyzbQVuj6GYPbh5yCDJPmfxQVHEKzD8v,
tQEVjg7CTCVQmTydRfAx9WmuZNxTDoScPj7am5UNxGH,77YwEfwafni3jwyfK9jwrckSTtBHHz4NZrHozsULZj7M,syncspace
t5EJcn5qYY1Vi6FfzFPSNUWS1Q6ESGYJz7EKehWsnsy,F55qZPp2g7Wv5vkQJvrDJXwruGCAKyae3SEBMSRHMx2U,
t59zg3KWS8n3S48n9pCxLDxswjVSEEH3gSTygYxmcjR,D6sE1UTqzP5vFASq9z9kpWYzeouS2ueAmih2RUDFYgTb,
swsYD9FnETkCG5kf6CsXUBEEMcKzDkcnKCEPhQy7pxJ,4U7tf3ChxC8mr3KHWnkV2bE2ogBJK6q8LHLvU1F9BhKa,
sbxC7yWdzJQ84K3ow1wFSbehcVcHZzH8Nw9ef731KGS,6gnksCR6m3rqVddLQcdQLHpHeT6KPMN25XTQt4akcryi,listed:magic-eden
sbXHVUx12xNyjt8nhPexaM1adzpq6FjjpHHrdKSAbfe,4U7tf3ChxC8mr3KHWnkV2bE2ogBJK6q8LHLvU1F9BhKa,
sYxn2BFaoMrhVGBjsMQhECWq98G6r4Mpsa8iWAXWPiw,51pQC1UuzEsUEfaHvtZUMUkLnygeMQGZaZXq3mzutxAY,syncspace
sWmKqWVPrfAVTK6uS2Vk49NV46uxiTMJhhizKWKKaJ6,GLXdJF4QR5FTjjkL2LZttJ4nA9TtN2FdYS3PaGx73hfd,
sSY5bpPJJSHH1dXZ6FM5fbWvXurRHCA9H62826kemLv,JCjCRUJ4YWeoW3TsH8ec6FuLwnEmwz4XZM41yqgW2Xtu,syncspace
sJAw2cqZMz3Z6THCcmwWU94xAUuFDti4do7XkVL7Zpz,Bnf97CQ785xnSxHsSWypXR7iUZaBQGmm9PzxSDGQam3z,
s8cA2iNHcZFF7XHGQBNRbBD7RPVkjXap5Hztp7AjPDz,3KqhEw6R84VdZHuomdS5tnedaKnxP9xxVLLxSjipzQ9y,
rvzAVPJqiXmNQKdNr5LKBt1RWSS2asCrQMDTscBGytA,9qj66zMkDdUBFw4GaAwKBgyyLfYRt1Ax5nmQGjhV7Lya,
rvezDxLZ3NaYjR3RfoSjB25B1voM43DyQjVSJNfwveG,A45DmwKtWUbLJjqSCBL526qbLRMpC2wazJ6k7CWGqny4,
rmxFzAX6Uh3funvEt6pDYMRdcMNLYJQVzhNY63VGnot,EzWmDdi6XFkBzgvJvFpfzvS8duBkwkTSGFTiTACAA7uo,
rknKK8dcPGupAx7j8afVM4JLCR5sCmM57BRz9Rm25bM,HxHF3LQ65CJVTcri2cztiftM3KcXuDCfXgNmpWvvd2gg,syncspace
rdywwVF35JjqGGu2PxcpsWoBE4ZHMfxudusQTaNs9Cg,GSo8wyYHj2W4NzkKWsqVYhFiGVwxePdVvtxLeULafMQ7,syncspace
raarYbkTe6i35QwMrVZZz9zzWmvSDVpRhc8GNqw4kyd,HxHF3LQ65CJVTcri2cztiftM3KcXuDCfXgNmpWvvd2gg,syncspace
rMbvkBfpeTZp1qXx6B8Dscxgku9Z3dF6Ag21qNC1GWW,2VQA3FT8tWRPgiwVPh2oKm1JTA44ocGspKn8yRZRvXiS,syncspace
rKGUb4xwyyovxmJ3Y4jBYhXHEukyPxyW2UbxFDcFXAC,8xJfFEoDw75GtA6bDco222RzuRpbjegtTCT9bG9WweGS,
rAWdQHkkGM5epDnZd4Euwxhfm3EAq236YryX3YzNU6L,BKXGmMnqg4j2KszDirt5nCwbub6Pqj3hCqEQtg11mah1,syncspace
r49AUzognVGu7yFikX14ex4TdYWxgsMuNDBNRKH683c,7Gw23LWXSGoDMZL9VsWPEBw9Kg2sKkGxz6ShzgEWsv4E,
qzMV7zQ66MoqagHJnYmvs5gNmNNccaeEoiAoEse62dk,Hq23RE564UaA9WNxMmT9Rtpr8RFUwaYoh6XrGnkMoUAc,syncspace
qkF1yH9Sb22wwz8TdfbHhWhdEKsKgbJTowuztyiozdZ,FHbVUUSthmyFC1vt87pVcN51GSirxy2NAu2P3cQvUs5E,syncspace
qcRHYSAsSm1z7gdCrvfjMFZCbJhm82mggGVcMjE3Khd,4U7tf3ChxC8mr3KHWnkV2bE2ogBJK6q8LHLvU1F9BhKa,
qcBJy34Hbj91nDSQtCGJDkUw8NvZnjrHNGL23TbkCLk,5rpwyzGRb1BWWzCEPdxE2JYj7irX1AAjiE69h6tytcud,
qKvFYyd19DgAm3PyP8EzLVGvJnAzD1TsKQReMbotoe6,4TvZcAjr2XFc1tzu35omj9ckKkUESQ88HfBdeZ2StAQY,
qKN5BezcEdZfXUZLokaanMt2tstSversuM5rFruKYfC,4mHzkSQtRkiVBT51F2wyCJyMfH2UZ6UDuvVpk4KSchVT,
pvwPVraeK4fAAufXL2iJhKsuN4JqvWsgqMKby1sa6H2,AacS11e55RboHMgWtHG8YAKZ8my4rr2zgJXLUedW6yDx,syncspace
pcNgNFZTkS6dvqaZRwVCpAbgZ2VXhw2LKABzzTU4Fba,3E1F66rvUBbY128rSUNBb1BGM5QEetxFi158QmrA2bwU,
pb8xXVSgBkrDzT8qbLsMe5mDt9K1V3bzh1A53hdpqDt,qa9ZHBMtDVxgQWE3mNBjH8Pf4CeGAa33s5ZRotbympe,syncspace
pY3TXPXcpfYtJfsKDgaXVt4h6fTwkURPqBecsr5925C,Hg2gqbjGgL8NZDmJk6jfqskafuK2pPqccSq5FqamaTX2,syncspace
pVdMWddq5JWUThjeD7kQdSNB6WZAU45n5MnRMSVjYKz,9gPJvF1q5mDjWEkLZX51NK8ZejFyw91fAK68XjcT1YRo,
pTyai4vBQDrDMDDsHDeTemGkUVje5UHdrWtPwN3Y3rA,9GRLMdfiGKrQvQmunB1DBfjBQfbBSSRx4cGk9PhXZ4ob,
pRRqWydrpfhcQLKd9R3T8nB4g3epW8eR8HMhupH2ET8,AaxCRLV2KzWXh1YbgpUdvcmp7YQWF7iSoJ7t749WB4h8,
ouiGmaXpUczEZwDwXCkEUMTfYpFueYAemPE3L2iNuSq,FHbVUUSthmyFC1vt87pVcN51GSirxy2NAu2P3cQvUs5E,syncspace
opV1vaNgHkY9xdBUHsDDc6j3Bk5of2c1cxeNNyvWY5b,2UCn6DixkoC9eB8Hboqk39dHtqnygphFevdZEkBTkW6W,
ojbhiUXq9aBfU9mhWWiAfWHrsYiwvkPRZzHWkTv9QHy,oW78zN7oeXJvi4LJrjMsp4Ht7zQ7JxU5PCeDmgrcfch,syncspace
ojEakrgasL6qp3ueTAKsVTxSi8WzVjpLYGTnokj6WpW,BA3vy5rpecGa2KRqehudoyGkW4cpp7TYS6Wq2N88mRSD,
oc3u2K9FkFkhir6RtnjEpDkehCAfb9XrzbXdBXWzqRk,9cAua5bq78pxCatDMRTVEbzj9nB8dKWmF9bRUWnNjfXg,
oVYYyVDAUsVBbxsZFD1k8JcFmK9ryGDdWWccz7WDsJ7,2L2kuqRyLyfkK8fw8aKzVvyxDKfNY3Ve4uyGJPRhbbsa,
oTR7RMvRo4RgmLztAP4H7WUQr3vWR6Na3VaLhRmKXim,qstNWZCoEXK7Ro3kUbT7ujw3LUG9sxXHuvkiYX3JgHw,syncspace
oSSTrBDp98XUfEfANQjZLxGxrQYg5YFSpQofEkwYPV8,GMQZqgnKmfNJNENTjLvjCD5ZXWG2TQBUx1Lt3pXqoyk2,
o2V3Dqcfi91JuBevaYj9Jp3J7KmGxBieHZt57T5sMLp,5k15YfLg5TmTeVUAuxpQgK4r3Dzuu9ce6RwmKUdtDXYH,syncspace
njXG8JUb4FAM3ufqSetFBAa8uTSjuKE47xU1sAXgkwC,AHhE5g1tjQs3w7448guzArrDqwcjyG5zS3oSm152BeFD,
nZzzsP6zhDnVhuKqr87rNQvA81EifwRke5dgtjw7wmw,71HtZCnRRWaayEg9HrSoSmfJMwjsBdNiqGhGShCBNLpp,syncspace
nV7WLFxpZKSBb6zQ99QR6dzTQ9rbrsFUnJNuXHEwSAX,5k15YfLg5TmTeVUAuxpQgK4r3Dzuu9ce6RwmKUdtDXYH,syncspace
n7VXGo7WmxErWKkeq1M2QTsW9G3dTHJMRximFb6j9Wy,EtmF4zyoB9ycVeB1mBdEAS2tqaa2bibiHHeWkmjzRQDU,
n2t2WJQCZQJfWWwYbFy1Gs7j9qztQgiHmkWbEC7bPgV,5k15YfLg5TmTeVUAuxpQgK4r3Dzuu9ce6RwmKUdtDXYH,syncspace
n2G4uiT9E3fXhXkKn79SMPahdCk2aGTJ9QA1Fyatrzq,8xaKTB4GehLc9nvJ1gLTCHrErU4TyZTHME4X9D1tjzry,syncspace
mimeBpfYP5LX3AnF58zB6sFWTqwqTpXRaVnSA6EzL4L,4Uy9zcCyKo6tKCL8juUEKjNrwAjDRVaXVjucxkZQwchD,
mik59nhG8f2bTrbEwyyneEJXfTX83t1ooQbq3KM4JH9,83aiAHyRgBTKKQf6EKBUn6mwGR72K25qv43jbEdhoB8N,syncspace
mXqMzKHKpCNG6Fy9SzAHfypKzDfrCvbiz3tYthVm4ma,K3womhcTG2jhrZNGAobuF7FQ7uypkK2RBhZ2B9nQEeb,
mUj9PQYAszCQUgFxX3QLkzrttjJDYMxfJeYSdvE1dh6,DZvtWVXWfi9PaJU1zQYGpV3yJLmuoLwPbaCHL5799DyQ,
m3o6kZ1YSYVPEcUTdMx149ZZVe1w4cdURhipEacXH5y,6V9BNyVcENRQC3TsZwBZFrCHPcm8A5Bv93taJcCK4Jyw,syncspace
m2UbScZc2nWXUa8bncsaEwu896n2h1kxHJCsRp69zvn,A8cyMjEqtdBELAx6C8kfWwv6de16R7fKx7KdJeprL88i,
m1aHit7RNvckH42Uc5ENhdhEhH3iARGZvC5BqKnJxcd,FRnFVoakjCChVX5DSSfoyKtTqod36uQyB7deXqNB7XYG,
kzrdFskQqbq4JZB9jjtUA8psx23zy1TpVdtjjnTDSKv,Fa8TzVCkeQd7ZMcGNZEvC3kvSKtxMymdv1gCVZoPexuW,
kstHUjjTLJStzWqhqvQnhCgXkhvmnp9XuWmzZfxamQY,AbPBdaV4HX8kr8UVpDDomrLFXMs6HZV2Y35Mj6hZUBth,
kq1Htyu3o8fqTdn5F3d3S5shhbcqJv6AHyg5af4VnW2,7XopJZCEdB1fzDQGCFJ1QC5dv5LC36AEMQkEGfHaMoRj,
kptEthsoWpPL6nKZFe5UfUR2nH2vpDtx5KT3KtBjetF,9qj66zMkDdUBFw4GaAwKBgyyLfYRt1Ax5nmQGjhV7Lya,
keA6sSysSosYwVTrAt69G6sGDsu2vo2hbH4JREdLdb6,3H54g5eRUxLF9j8FitR1XDsky5VAwKfPSy4xAK628gzg,syncspace
kdJogjznCnX3pT3dMtF6yLphCMEkScXe262XiFLXstD,H7vbEEQBARVaRwET7WdqT1SQQejVApc6pYhQQuybQQvj,
kcyEtyQvG7vhefV4EaEvubVfoGF4V84zeKKepnjS8tq,HeDGogGMrsQSkDaVS7tRstSEy1P4XdyBowKVx4dgBYDG,
kPUWsLN1eqCZHykxPRB64Y4uZhEDn17PY4AgRNGyZF5,CtyBYvDMWDq6xSr68Bg4TZCSkWwH4QdSZ7duoSkAj6jR,
kGqVChaqxgfqMfA431NkJ219s7k1DtALWvhzvvDBRky,Fa8TzVCkeQd7ZMcGNZEvC3kvSKtxMymdv1gCVZoPexuW,
kC725JBVm9U3gNRqgahBrV3GpSSRUr7w6q2e9pbMNZq,9yruC1cumnyZDFu3kTosWG4seLmZgg7QVrdqLsXGXCup,syncspace
jzYAdC3V5o3oNkKinJGyLM6W3fJPPYRp8frDtcj3p2W,4qvBatHugnDnkNLAXTDFwcEzsvtEkE36AfeG36opBS84,
jst4LeiTmbSAh3wbunK3sy1eNZnvh8ADJ4vRVryF6L9,A7b5JoSpdLjBiC8mnUrXtKmWfxFv3gPgB2E1Ys2PgwB9,syncspace
jsmFVZSpYTDrSbrvpwdibTw6HayMRvAryvHQd9g3DPm,3dFwjqzRaJj1yXzj7SMgS7zxgMMnmrMuQkRa4QNSCaap,
jsXFA21TrKkbTfz72A4fiBF4sqH8ukt4D8NreASPwAn,ANUkikZTPfEoBrqtveRAeNkvVqZv335H5Nvspm6u9Ghh,
jgiLwLz2odYLDr2nUjhrzzAiJsfyMx5ybmADiULWMTW,4U7tf3ChxC8mr3KHWnkV2bE2ogBJK6q8LHLvU1F9BhKa,
jeiYSq2SwzfufwAAaDsPDZWs53sq96oh4meeg3btLB2,ByhRz5fsUqKHTQADw762X2LsPnnyY24R5Vg32bYFESqv,
jTCzYjmHdim8dqW1d9sPXLCMbeJ2rCdwW3Zt3DDNSRU,4Aa5YAp8U1ER1wD8WnMsvM1L9EQiMF3vWkwGTD14m8g7,
jRbyAaJ44tngVv5QQkbd42yUTQxwphGSMZ2ydyjpn6a,3H54g5eRUxLF9j8FitR1XDsky5VAwKfPSy4xAK628gzg,syncspace
jNtf3H9hYoHtup5HzhG294bMnmawk3Jf7SjGkuWXer2,CeZD8UqHrj5GjCAriUh2UfBJYVPPCk2kqXqcVv2y6ftN,
jHnvtfGckKwUQpF9hC1krLF6cxBaDY38jiHGYDuikVR,24mDmQTZNbQcyrZr4zWwbjgafR1DXRFPPzbDeGTg1ZgN,
j8bpQWwaaYiVJo3nxc4tS6rnJTX7gBpTagUrih6nssY,4U7tf3ChxC8mr3KHWnkV2bE2ogBJK6q8LHLvU1F9BhKa,
iqwCBdzjKNHwC7rL5K4Bnzb1fCHFbjJFxEnPMdnC6HW,5eK3hot7ieHrwRUiSCqS13TPsAHa9caJvLr9N8Vz7vi1,
ioKgRQ3jj7Han2AMiu4Gkwy4EAhZmmXN93FtPHaCknt,HhcMjf1dg8ysC1AS7m84AccQEoXAsMuumnG41pt6vd87,syncspace
ijAE6yurvv1hqJEbQhPHFnJGW8P6gRhyT1RjKng5Qjz,HTX9BkwYdwmH3xPVAyaiVC8pVusCp4gDWTqwLwzCM1bx,syncspace
id14Z8DMwV2gm4RYh9QLrU62FpeMTcpLAKnzG6ogmuZ,9qj66zMkDdUBFw4GaAwKBgyyLfYRt1Ax5nmQGjhV7Lya,
iNKWTLZahnd8oPPhC5XutHK1C9H7qJTmjrLWr46dr3x,Da6NhHbxWuahePazRthG9k7odGXnGarp1TUSLKWASPqD,
iDEGyRkRdbrMCtYaAs7LRXu6DGsk6cdTmdMW6KpwR4k,GLXy5LwscvLKbEysdkDywyFg1rBQHb4EVQF9F8BQF3GG,syncspace
iAxPz7yNQewXKbV6EhuhLJX77acwPb2yDCKa8o9KDoY,CqA42zXaf5zXk7EW7jtCLfL2uH1efuB9GtTfjfJ2hzoq,
i2SW5P3bHPSNDRpehz4CXAtRTENYUEbdWRnDVfsSrJ9,1BWutmTvYPwDtmw9abTkS4Ssr8no61spGAvW1X6NDix,listed:magic-eden|owner-unresolved
hvbzcUZrJe4j3bzNpmCE4BGQrXHWsmokE6Vd232TqFT,G43e2oSgeTEaxN3vc9iCKUg2AXaNhfs6KtRwoxgZ6qdP,
hifYQsvafS9Bm8DQaAbT9hQwmqmAcHGfC7u4nzEXRFy,AbjRSshsj2Ke3tb96nMTfQBf17QiND6AbztU4jFnPJxr,syncspace
hc5wBdKf7UFyNWGA4sp3zmpfiSRR1pLnPSmwaZRwJDm,9dAnAi14qAMu3jwySdT5XXCgtKrrYDujQBqgFGXdbgKw,syncspace
hP1ng4atwYntR1zdZsxWT7hYVnVG9twq2A8KjSzTJpw,HdesLg94mUYw4YX69J9RzU5HH5kx8Pkkj8b9MmoM5Rzn,syncspace
hDWEXxjLX6CefoAnKH5nHjcLvXiTVky8ERZC1K2MmWZ,9jSvPtLm5Nt4bMNFwtZmwVHdZEhdx94XW96SRELFS5Td,
h6ZmVcoiBLtcVC8NnL5sDC3YAAMiuQ4yfz9mkdR67bQ,CJYnzkWkoz9krHAsaMNvyiBcStbBMyHvbxbEDqJVNjQT,
gsxknFkh7tS8aW1V6vRVE1LeWjoFgCwGtSM7Mw6GUAv,8aczpuY3FikEN9LbKuPcsLTuzSqGzW5i94vbZ53t3oMv,
gfJK9TCRNM1rbC6eWqjVWxM34yWtcXtQXnvjKJE6jNj,CqA42zXaf5zXk7EW7jtCLfL2uH1efuB9GtTfjfJ2hzoq,
gP4gwm2gA8JykLSY9DbAVdtvR8XmtQbrqsvXhBKsHm1,3py8w6WyJJNX7aBxjA7tGK8aTyUK7fr67BK4bFJJrCmt,syncspace
gCkzGqJ5f1C4e13q2LZoaVMwagr5chGQXwJ7FVzopGL,EFoQ9HxWhT1NCRetfe3pX2PS7H5rr9n8ubDeytJYexDs,
gA4sXug1N8iTWuxQ7hXNk2tkB6UpaSdQmb8fpwG9ywm,CiS1udKWfC9tQqMLE2pDCryHMUyoCaL7PNWY3hm5o49x,syncspace
g7UhqPP1pKWMRbGNaL5DencNJDTRx9N1pp72LidPt3A,Bzvofn4wN4z71UJvs1XVfqVmiXCcRNYnXSxKGZzUN8Gy,
g693wDQB1qYzLWh9CoAU7JRXwPaH27uy7XvuXrnuPoV,BKcNtNDJoaTKvTG9GqC4pq4ygyakT8bd7m61ck7m7Hgt,
fbEGv1DDFHQmtJcPDiMyhV6oBq7LdqUg8reiH3cKisX,6jW5RDxCtScHRAk9749NXaF2WEkKv5KpytRoAqCWCNad,syncspace
fXYpsgu2uNheKJrEgtHY1rtqB3VcVrcYrHc5aJ9Qm6i,Cz9ZSoCfQM37tzHPNCCqwohsU7pHexWPNBo3K7kcx3Sd,
fVguvoXoJB9uCyN6zMYk6ATQwJB5NCaSBPCwMCTann3,7miAR1J1EMZrPtmUVvzLm3NAK4QkEHntbauQXzX5SSwJ,
fFtdyfppiPCaiwi8xsipMcLfsK5ABGXrjHj5vpADKtV,9yruC1cumnyZDFu3kTosWG4seLmZgg7QVrdqLsXGXCup,syncspace
euhLXR5Xszuzkp9uFWnhADyoGLudDszwHiaqQFkLGD5,autfyCR5psTc85smVAcGQajFT4TC8xxPPH1wvJu2Grr,
eoRbymsLDP2Pf45EckurnA3sEC946nybbMiVFUAdfiz,2VQA3FT8tWRPgiwVPh2oKm1JTA44ocGspKn8yRZRvXiS,syncspace
ejp9bJs4PHZYPr56jKAPDJeR34AuqRpEr9wfChHBBpg,AkHTrLH3yCgXJh31Tb8UhQJxJKJFDpUND14ZfUzvsRG2,syncspace
ee2KDYwhczkzdoJo7gwG8681sCfTMpEycyi8UNyfjZz,CiS1udKWfC9tQqMLE2pDCryHMUyoCaL7PNWY3hm5o49x,syncspace
eYhCvsEcrwRuCRVTj7phEYnwdGzh5JiT2Mvu5KFWFyN,DXbWn8ZShNQDdxDhNW9PtnGP6VemRGj4ercfyEsAwxNE,syncspace
eEWoRGPD3kf5vDyxZHtACk8rqjJJEozE7D3NQGQJRCg,6BmnZ6VG8WX2QXzBasVEXqgXPutzxvwvHpUMg21Cpz5h,syncspace
e4Jkic7z3dsFZWbCi7FSdoptrguNQ57wKAj4S9NnVe6,88gNHWScPbq75QunYtRi84YqvKwJZ1cjmqrF7chp8VXo,syncspace
dyuiArv6eNF14VCS6RnevuAeNBb1ZnRKBFkUuzzn9t3,HTX9BkwYdwmH3xPVAyaiVC8pVusCp4gDWTqwLwzCM1bx,syncspace
dmUvBeYJgxEV5LmqVn8e5UMjxD6yNwAk6wjcnSBCZpF,2nh9mssvJZq2ipjaECCzRToXbb7mUfc537Xunjfpfd1n,
dk2nESNC15aTqKNHCoxFerCpSdkdaWAdHNTZ8UCC6hv,FA2xX9sWLw9K8WeU1Q4m82KoA7beJPWDEHX5JhkUzKWs,syncspace
dNNZQzPnhDDtJLG8BfecKwVyLeZJ9xJZujTaWvqscij,4U7tf3ChxC8mr3KHWnkV2bE2ogBJK6q8LHLvU1F9BhKa,
dKPFo3DTFs5sMCLCMZi3vitqwWLaF2jaAKU7CjTAoVh,5k15YfLg5TmTeVUAuxpQgK4r3Dzuu9ce6RwmKUdtDXYH,syncspace
dBNqsg3jWmp77wKu2nar8L1tRqhNKf2icAUsxREU8M3,DnkxUHYP9TTqNkEEjsz35VvZ3FfUg9tLEVicdBjmRMxk,syncspace
d7WciW7awU46ZUx1MVRFnyySxX9nwdSnZVXFw8BkYP7,88gNHWScPbq75QunYtRi84YqvKwJZ1cjmqrF7chp8VXo,syncspace
d64FxR7JQB9x3TEv6U6L8HK35hiv8fTYT8idGEMX44X,Hq23RE564UaA9WNxMmT9Rtpr8RFUwaYoh6XrGnkMoUAc,syncspace
cyz15W41bBaMjDSaoicP2AHt41yNxUrALKQrGgCWFyC,GKrmnzzcEVPAH2tEZvnRZqgpyEq6LrwziWqEFyQfgK7J,
ceUaay58wspk9cwVCdeexHSq5kr7a5MyU7QWCQPwmfX,Fzx2MEY6fuwjoL1g4Mh5D6dcxp24HEcdZ1QsrVxE5sfs,
cdpXC2oBBVhcvDpyfJox5F1nJivyPzg8Ca2XnMH3X3j,DvoiwM7RtAqC3GYFgoRctGkbUEjWXozhQ6jDHS5FCU5U,
cJwzkiZ4NZRN5QM7C9PUKsa3yp43TwjVdaUEgSNyu3k,GoZAbNWQDsWEqvmy8vZGtc13VVVsJbpg27ghQ3KBQJ69,syncspace
cFjPLWTp9m7NZRnuSqkRVW15v4tpDmkwtB9zi1823XF,6ZV8Z9J4LC6uU4K6RqSBij9uF35vfdWwzJoH8AdDQX2J,syncspace
bvNLQtPD6hs4mWrTJGdhrHSSRVj7EMut98AUYQ217WS,6Ewsa8gHBsXpELxiusp2n3Qo46RGUDfZmDcARNcGrM3J,syncspace
bcGvTi7SZrAgWvDQB2bBb1j34wNEWMfdd3uDAtMYxps,BpBA5UvVGZDdLhdEX7h5ZgU5DW3eEKCQRrPqXKaM4wNo,
bPK88ciSdWcRA1BmxvsjLLXG4BfyyfawiX8EfUAboU9,4qxpyTsoAzHUyaFMZBGtkMaiMKdZ6KNjaFRAusDnXuze,syncspace
bPJFT1xzGR9vdWmRb8qmjs3xBwQJEn45H83LjMkkyi5,FHbVUUSthmyFC1vt87pVcN51GSirxy2NAu2P3cQvUs5E,syncspace
bDGTAYjZotLUPtgM3vyCjpjaAuY5iL7usU1NYJBre5V,5sWsediccJMsGTayzXtKWKkAaYLN17KBa78otHRrFV2x,syncspace
b3Y5zvcuUxya4q7iNs7UgzTc6LAWBU2Bgk9CgLBx4hB,DcMsrqztdbWVhowqbm9iBPeb2Gj53WdPmQn3keuCvqWD,
b1F9mf7Nk7pqifpdVa6JGRCQ6W5WJyhzfFhMWdD4Xrb,2wzkeFsGkBngzTSHRpbVDc3oDSJ2SHxddnxWUeoLxHTo,
ayDYGDdeeS9sffuM6ykoeSGMwvVmjpEx4npt7k7Fqs8,H2CAfKakYfFuT5oEZJwtAmgy8ihPncv62iMYmQXFG3Y2,syncspace
as7PpENmxhT2Y8G8Wjxf4P4FHPjY7rALKwYQ1vpUTPB,3qC1TmKtdZcd9LCKLSm6JjCQhDgvB5uPC4zXHPNqUaoe,
ak9PVv9tDBwxvJ1R7LTADMGfY1Ns7fNoE7Kjn4jbauR,FRnFVoakjCChVX5DSSfoyKtTqod36uQyB7deXqNB7XYG,
agDcMFSD8n2NpqQbdFS4TKDvPLDD1kV9RsxbS8aR7VR,FY9NAS62iqRVkjSwzbWkSLammaLLa7WMduHkKd7oc6Te,syncspace
aerpv6jDijpPY9BhdjcgfhPnvnUhZi4GyCRWF6tReFF,6ve4CnRKMsLpPT5jDJ5hPMzi8yErKMe7c1HcnBtp1FgC,syncspace
aYJQQsEoxmvbXZiVip6fRBTYwFPm54TWrE1BxaD8WMH,auryHMdwKGnjU4ZBjtacvARm8DcAVgEzYDzzJvVFfE8,
aVj8j8RqAJBqZ9yMHvze34c8ECuTT9ucQJ4fVCKgyiJ,CJBza4gwyo36DkjcGgbZxssMnzXqhR2LtXuoEib9CRAK,syncspace
aSRkcngE9cShe9BdJBHqzhdJ3ypA3qgPM514SfQLyT5,C7cNHfEb8W9sTTPHVNMtzF1y2i4558AWYcNkBpvhp8py,
aQfvpnGsSdi39sbTRPNfpxqq4t94tVEu8hBt8uY68tJ,J6DzMfDZRDvRDigFxaNiD8UndovNBc1qD957RJsrS1r4,syncspace
a6BtSS4nrgroe5scdvZY9Gn3HZbzzdHgyTn1BTputfn,G43e2oSgeTEaxN3vc9iCKUg2AXaNhfs6KtRwoxgZ6qdP,
a6A5C2UF19yWZZbM4g9FVh8YBknQX1XDSxor1fYRb9V,4eVcByLcXGavuwEBzJuyPGH6mUzrJr4u6kcdhy6ZJEno,
a29vGFDKT8sBqxmawsPUEKifA5HhNxGJERfnGhJ8yx3,7D6fQU9GJSaQMFMUfa6bjNZyfgMZrY8h55ZgfRtt3hzG,syncspace
Zuk8DeewRW8kxSZhPQ2FshXvFW2WHg2bRVC1ibZP5J2,kh2nraLYWPsGp5e46APm6oh8QqvbFf6Q2kzJ8rcnXfS,
ZPBxDJ1HQ8FAA5FhScrqdZFAuAwjuTWQFZxtPPnv5RD,4AzJbQubLcgvUMGFfZ3p3RzrthXPz3F2WnvqXB1eK7m1,
ZMnHFbdriHnSQeaDDg8XnGaJzJRdGkMmnnsHs8vobu8,BGDhuov2JwZAKETBaNTjWien4m3Mas5R3r2y1Pv99VNd,
Z8PubxYGZRmXj6L6EMY5pUM3wt3eJ7T2c5WJfWbEmYm,8A2vh4YicVc9TPbzgvZz3hn95t4MkWTn8RshR2i1dsfB,syncspace
Yym28ZPjLnXWyuXuyZEGtXuCnfzr6pLZEUUTkRh1MQg,7iZFW4WFd9BWFjMFgmeTGsthV9PH7RcsXzVStvR7Z13N,
Yag4mMhZ3croazeMmxRh32Y7PDxUXrVjMLdwvKgfz3Y,67jjjntU8M5SKDZy5gW4w41EHeBj9beVr2i5uFqPnMVu,
YYipDRM7R1sM4cZzquK3aEd22B8HKSUg4TvdzuMeUDa,4CEjtQhEAnCs2LdrwrShoYHFMWsnK5224JQtbNTaxGAE,syncspace
YD96ptzbhSEScDbYyLSSWDX7aC66emLYnGeJGZaTs55,81MMZdtpDzevCJLcFLiSm61DFr8kqnrPVrwG9XGQnpqQ,
Y6C2PiGghpFd3Mj7xwTR6xUrCJb4DnGjTDrNRD9GQ78,5k15YfLg5TmTeVUAuxpQgK4r3Dzuu9ce6RwmKUdtDXYH,syncspace
Y5fekdacLNqYBBHP8gtaDV6gaXuMoXaJEtJPSF88Ewi,9T6bCVf7AshQP1NNbsF3eCdbChKbcfrFUPFWUXRijY5M,
XqD7rdxTSBQay584ctVG1dv5KR9ecMzth49irHPW7q5,EFRrTRCFgYsLXBgPabEYLkoiDEBpzNHy1j8QTFLC4JYw,listed:magic-eden
XjJRqb43QVRRMPrhC38AJqyVRWBjb7sujuKH4euRGun,81MMZdtpDzevCJLcFLiSm61DFr8kqnrPVrwG9XGQnpqQ,
XfTfkgNxqVEXPMP7YUBqt8RGjRo86LgZEjJTcbGtR9J,7LkwDvJJs1wFfVEr3dPcLuTax3uYmQwEvvzY1DYXecSp,syncspace
Xe6JsKdvqkGF88AfmAVrEqjsz2khYftkeinXRq9G6Go,DnkxUHYP9TTqNkEEjsz35VvZ3FfUg9tLEVicdBjmRMxk,syncspace
XZUoEyZGRAPdPPTcGEodFtwDqA23qxvuovwFKAKFnLd,CtyBYvDMWDq6xSr68Bg4TZCSkWwH4QdSZ7duoSkAj6jR,
XS2jYVrgnGYMF5RDR8g5EnHnP4GNkiR4i41mZMYwkfQ,6tMR8UKEPPcKDbLx5F1a7poY4JV3vhmKN8p9a4DtC7LJ,
XMMpGWiYVwWC42sVP3em5AVaBs4ex1znMuniBb3Qgpr,9FrL9aowUtsNQjQqCqMdwwyG4BwwMFMHXWus2fYPqK8X,
XGZ2BLUJydhVuwjii7yRoj5XhULYw31t9VcYkLw2uh8,88gNHWScPbq75QunYtRi84YqvKwJZ1cjmqrF7chp8VXo,syncspace
XAHuiugfFp3Z8NzMrxAEpcL2dhDMLP9GofxkrCTb7vg,sLYSShjbL2qwG3EJcP34ZMSJJBK4BAtMNG6G62npMwe,
X16F1FSY9Uqio7GQRtDTARWwFP113mSFT55NQ94R8Ri,PuBLJigEGVUmkyADgvdS9JeDYbN9jrtwNnEK3W9gHr7,
WzTd7NJ2guUzmSqEZHHu11gocXYJG7v6vNmD42SDMyS,D5NVo4BcTXhs5cTmvUruNsiKcd698c12iphy5MpSGFv9,syncspace
Wy5XJb4QdSqezDt2xyw1NfbZ9Jstgcyxr6U4xvazyYu,9yVbFMydZbXHWtUs4J78a1DzhW6cB8KAL9mQ1gv6Vc75,
WidxKeTzDKjqskwWJM9oE2Y4QW1DPueRHpAjX7JkBfx,9qj66zMkDdUBFw4GaAwKBgyyLfYRt1Ax5nmQGjhV7Lya,
Wdf2CskgVxzANvwjCKooR95cNiLL81TJJ1JNBRvouPa,4U7tf3ChxC8mr3KHWnkV2bE2ogBJK6q8LHLvU1F9BhKa,
WayN3gTAhQF3ikbrmBbMx49GS9cofx7CYvyhjGdH6pL,FY9NAS62iqRVkjSwzbWkSLammaLLa7WMduHkKd7oc6Te,syncspace
WXMyHwQgGzR617CuCmgEag4Lm9trMobh5EXWJYKY3c2,33sy3pzoSRgutLuCc7j735nkYX3qkRMRtooiP9VxzpVE,
WUU5LHMaNCzhwVsVogWBGaHZr5EDo1E2ySJ1KKJCdP2,9QJju2WPtLZLYy6uLZJy8qpzqa1viwSJaJBXuR1uTj7u,
WFJt41quzo2PkFjCN1ht7478L5YhWE4jSdRu1RkHQhH,2VQA3FT8tWRPgiwVPh2oKm1JTA44ocGspKn8yRZRvXiS,syncspace
W68hFC3SshHdN1h8YvRLJYTLEcqucJseqSRnBrx1ctA,8Kd9j4qhTeD686sCSR2tDPGpk5nPM4XQsjq4pDqN2Cdp,listed:magic-eden
VptDqt4BELiARc8FyqCwnHT7atnHkPDVQLpZA4HZDp9,8mdWvYHTwRdFL1af5RzzoFmp7Z3tXqRXFZrSY5GJXC3Z,
VpZHwfZJDQrKpSuP9nqSMw7jcP4Yo8rfs3A9HRDcbqM,aumuHzMdUFiFCvJ7kk1djU4CViSzxJk3FjXTXgvdNZn,
Vit3PbVNzck98tBJgAeXWjF9BadtnPeV8jzhvHKfjdn,Hw6VSxwAW5xhVYq3n38mBA9e9G9Wgf2zDXed6AGby47d,
VXipbDQeogv7imi5s9mJtmjhAyyhzQHPcjod9hT8pVQ,auryHMdwKGnjU4ZBjtacvARm8DcAVgEzYDzzJvVFfE8,
Up54BK68DouPvFR6P1A1ABbEGgRpGhSPnRz3xKdrYmW,3aMwUDGuxhWDfcB7hXmTAmNHiDgLRAFxfbFDmXgK5okX,
Uh9iiwdgrciV3MCB8m7E3VGgEua533N7iqDo82uCVSm,GX5RwoNCqaZY48qhCdYWJP9c2i2jouT24yw1dDtqZFmn,
UWKgNYKELiAy1hQJtP7SBNJzwD4VUijTmD2FA9DJcQk,8vpoFdmZ8eqM3qgr4impceaU1L18ivhEQW2DgJEmdj3V,
USvpVvk43Wa375xp9G2EmgpjYWidmaKwKWxzbwXQa1V,FTsVVPhf1vFFtA2pcnNPNmxh2STJkbBpz2r5PmF7dwLu,
TukhVCpfuNzBD9hLrPGsKpr5R763aXX4PWAwbV6Zhwu,bbC5Da7V9gyzg2Awydwy1ZYE4ir6Mm1DB2JoHXJH1sL,syncspace
TsRmLZYMdGgFEnYbUBPbKWF1X5dWojrRV61bvNmE5RH,4qYWqy7eVddKcykU7XtpLUrKYdF8VtPobn6tUuqKhWtv,syncspace
TirRWJYnfJV3wr9t3fL1saQDwweZrWzBh4tVvGAupdv,5ZmYXP27nRMkWM5B4BRMzWEzmLSZ8ETRKFcdJDsnBWr2,syncspace
TVokhvMsVWgZtr5SiMLCP9uJdBB8My6xsTPkNgUXkUa,B4vfpdFndv24Pjj3xpcyGHnNsxgN5XDtzLppVF8hehDf,
TTidf9g2iCn97tbZYfUB9qP9sDmkfFEaoGm6zuNm7mw,5gRdH35vSTh8bXCT76dzaojk4QiQL4gWntM8wdENr7iQ,
TTfQcYUuap9T1xQD3PSWHYg3MjNfhwZqrcz6ReNJRme,2T8MWSB8VyeweT41U7HG12bKVUHU4YKKZeagmy7YCUVe,syncspace
TPBPxuw3uuTGKBhkekcZSycH3nrgsmK1rW69tpt8XVq,4U7tf3ChxC8mr3KHWnkV2bE2ogBJK6q8LHLvU1F9BhKa,
T6odpWvWctvMotwCiRTToWSsVGEuM1WHJKqzgWzn974,Fa8TzVCkeQd7ZMcGNZEvC3kvSKtxMymdv1gCVZoPexuW,
T4SCnVtticrn7V5VH2xiiaYUY95TmzgrAoqBy3bbEH8,BcqMTR9UiRtdA658A68HqKpQV7npxZEcXwGzL4FVVZ9u,
T2AeAG3DCC9uJrpK7Nf9DEFuSfifvThJQM5iQhVV3j3,3VAgoXPhJ1QrJ19T8jxFVCbd6equEXZwLPDpW2CSh2XN,
SvxAtpdDZALRLVucTPEzJbpyuPHVP3mhFi1gzBW2AF4,a5iCop4mAKEHYMnkNzVmE9z2A9nhiZeSK3JD53gXVAV,syncspace
Suf3n5QTxQzzWhjURs85ebYPciZQmrUy9dceXk9dYxL,8Ht3fm2U9uzqYdCGiNNdxjeESQuRrUh4XackTggNh8WX,
SkX39kobboZbrGQxLNrgvrPAhhyypPK97e7bQf5MC3T,HUq39c1NYmrdyd17i3LXmjAqG71RvbSWkL7q12FWLoFK,syncspace
SdEVkj7CxP1x8dWjAxXDUBiWqtqN19Qdx6n1STDjhUv,2SHHJhDpVeYySrsm2UmGeQEW8iSq8ZgaNEEQd7sLG8fW,
SNrmoQZ4FnCZPvZhmgEna48nvgzZmngezJjct1jKzKA,auryHMdwKGnjU4ZBjtacvARm8DcAVgEzYDzzJvVFfE8,
SMbzRKoriKyvN7wyQXYM6ERx9bC5A3a1XxCFDD7nn8S,8HugKENNBxSwiCdvs93yMgCjRstB8s3a38RwKNTGKZXy,
Rx7eYAa377Js2gvLLJ8JS2fsrxhtjYy7KsrYhpGMDDy,4LDMZGZgKRRvtyfFBaZPouwKfcegdgHG2Jj7PujZmsTw,
RnHLFjB1hXerm2eXHq1n4tzavwbVaeR3Mf1anMgz4kY,6pQdG13E1YsgmMZ1b24JdZp2ECPQsNCLp67pD21o7i7y,
RemoCv6ogxy5ADm9JiNQAwRG6NvocCrKrhdHfr4oVGn,5FzqLqMJ1JESDqp1FdV79LmGrCk64VPBR1xobPvSkoBr,
RdQ2AfHu3DqQBDNHcMQFJkTftqGwE9AEd2Kt8KpXWYw,HnZe4n93Qx8y3S2eRJFYVMHsqtH6GLjT5zDuEjDfTkZR,
RYSf4Sp7btxQMewJTRxouQnRNNBFNhpSd49P12YYgBE,FRnFVoakjCChVX5DSSfoyKtTqod36uQyB7deXqNB7XYG,
RSefWmfPGEFbbM3NUqfvwWbLG8ndgNpE6S7tCkbjoSQ,4n4Sa2oyfeWocxcZZ9dgeMmujEosHCd5RZZEe6Tz5sYK,listed:magic-eden
R15kDrPYYgWtmRuTNQJ1tavTBVUvGMMjCEzDme2zYDc,GURzUPLm33v9XMJ25U8JMoZju26F6eT1E6YSVmUoGxkE,
QwoUq5UB6W21hPgVrYaafCWznHCNTj2TdrrwUgzwW8J,4eVcByLcXGavuwEBzJuyPGH6mUzrJr4u6kcdhy6ZJEno,
QkzHd7EPVoNRZAkaKFTvBkuv7Gh7DhpWUwDiTtiVZSd,auryHMdwKGnjU4ZBjtacvARm8DcAVgEzYDzzJvVFfE8,
QhsNYVrbCggTEPvgsabm1HSCEiW1FR7wGH1aio5A7Xn,HTX9BkwYdwmH3xPVAyaiVC8pVusCp4gDWTqwLwzCM1bx,syncspace
Qe9foXZNSfxNYRahVpPSWRySG2EkPtiBP4R9xVQDLwS,EzqqfWM2QV2gD8M2J3z3FAAB8ojTHC1bYeURbSbc8LiM,
QSew5wLmtGnzKm5RVboHKRJ7qP2izJy2YnKbLBNGYKD,92kR73fqSc9hqUsbF99mxieLQccChPR62ZdSHphyfgvq,syncspace
QSb4K5F38daJLM1aSnQiEypURziNG4r4RfSZewhbrEa,GLXdJF4QR5FTjjkL2LZttJ4nA9TtN2FdYS3PaGx73hfd,listed:tensor
QN7Ykn7CyNT4uCiX16Sjr3P5UEY6L5FoXzF9joPJB2z,FGTARWRFkeeTLuGwZmQx15Dj9xnkJaZpCowK3MtmicCi,
QDc9H9qzyrkw6exG3sBGU9p2XN7wA7upHvMEXvEXjbG,7taR5jfdLL1HBuztkJMcuEGgfYkJFC925YHfFjdq4Nv5,
Q52nfiyfByoUckkVkS63orsryjyZaDM832moepSbJLK,4qxpyTsoAzHUyaFMZBGtkMaiMKdZ6KNjaFRAusDnXuze,syncspace
Q4xzfiDtM5KDYKdzXCbQuexYxmwT9PbLLe1qTJcszBV,HxfeAUBSopqkCyNJ8mYxakQNMEfU9tJbmhq1fYkVN5bn,
Q2t4HnDwbzy7W8Lv8YEyq4ckXk2xLnAtSaTHk3quEaP,auryHMdwKGnjU4ZBjtacvARm8DcAVgEzYDzzJvVFfE8,
Q1vqUJNAWvVuonBDxQ7s21J5JFFXJJjiPhywZ6AwGDz,J1nEjunTT4NbyvWeurejmjRF1MBuL4RndJzHHzvGPkC5,
Pznv3FkbWo2GCJhTaehsAbb7Cmb1MYFExghQVGhQEbE,BApJjAgnZGWkuPaxiT9fgsJW3bGMKRtXWeSGnreMCXub,
PzWFuec1QsMHgdDYAfyCVwjpay5bquf53nSueKbFQPR,8eJUrzZnVgcrQVwYr48e9JqHZX6TRbE8WY4nzhBEmbW9,syncspace
Pu88iZSyDQutudK4MK4jETKy5zgRQ3hNLpnXUuLCMrx,5wceam6f3i2PNykKQkomeord2dhxsmyTEaEFxVLVaegM,syncspace
PpW5j5R83qw4ArZuYb1SNf2pjK35vZFvdApqFGoq6wB,CiS1udKWfC9tQqMLE2pDCryHMUyoCaL7PNWY3hm5o49x,syncspace
Pi5RURpgMgWmA1ptkoiLvZZWL6jS9yhnjNNLKhTcmMY,SeJ3rD99FjT5PtEbYcfHvbt1fJ6becwRaEqh6xxyQCC,syncspace
PgVE5c8vj9R2CDZEaA63LXwj3nHaxmbNJqaz9cB79r5,g6sfrrVoH3MqGc1VD2JyyVFeLn1umMbBqWRHBx6pzPo,
PgHrayRWMuDSwaVfECv96N27Gm5Hhw3N7phMrmV75ya,HXdVDQZS9Suy4aHJn1vwq1A7nhB7Eg6enjZ59MuxsVK,
PW4sh1WiN2dWixC36fFT6uWjADtMTWC8DtK7JMWPdMe,HTX9BkwYdwmH3xPVAyaiVC8pVusCp4gDWTqwLwzCM1bx,syncspace
PSryNF71snUmM2LtQjNHqfpYzKbqjTaxnicmhpMWgZ4,6QbNvgEQRSTRDHHxpt8Vwe1kUeNiatPYUsiWHrvP2Pf,syncspace
PP4d7caGjRtnjKbAoByhpUWBQsLYFJMKqtsQCCM7BY4,BtozKzZwR7BkeNbV4bjiafwsi1sq7M45KMu6kJbPhRSx,syncspace
PD6c8mw7cbbHb4Kze5AJaxMp8V2ztHnKy4ut9VYvw2U,25TqXN4ToREvj3CVYJcTP1MWbbi9Dd7uUeQ7uTW7pmnU,syncspace
PBVKFJLUEhytxoD9zcXndzm9RFnbYB4RCp2xTuVgJJm,A7b5JoSpdLjBiC8mnUrXtKmWfxFv3gPgB2E1Ys2PgwB9,syncspace
P6yKGtn6dRBEPxSNKSdR6acBGSZ4E99UdHuoJrrQ85o,HBvKBYH8pT9HgvhEV4V7nASvAECaQUpKiaUiumKrJnF2,
P2pDcJdNYBzJHkgRvDUse9yvD6gfWfajKgikrsWBfC9,FXMcgZ6DBjiEkwc2T47iAyCmKQocWuDfkURntMkQs25,syncspace
NZci98XwwFrqiadzkHQ3p81n6WA8NLKpFoa3Y6hAFoH,4MFX7nBc3Qc7ocrGaBTezuzBo1UC3SfGMLqMTA4JbAQQ,
NGLMDK7ZJH61dYKkwxzxzpSnJUkcYiJDicY3ypLGzBL,4qYWqy7eVddKcykU7XtpLUrKYdF8VtPobn6tUuqKhWtv,syncspace
N1ScjVeNLnQJyKy8kypodavMDYQV1xW9nKgFJzqaCXJ,6bNrsntbZdW2ctbovXpjSn2sZieEHW3h2431ZCmpRHJf,
MzFoHbFbaMuJ5sXxtNguuQnWuXwXb2j3qkDrdh6UQuT,CB8Pr9uzrrFw8BFnCqworH1wMa8DsmbSKgUNwVWnDGrL,
MwdezaJyUjaaoC8ejZUFEfsPt6HhF6wdqJUmre9Jjfq,9qj66zMkDdUBFw4GaAwKBgyyLfYRt1Ax5nmQGjhV7Lya,
MpY6ShZTZGr2bWQ3gaP83EmLrehMoeYuy2aQY33hyXy,5wceam6f3i2PNykKQkomeord2dhxsmyTEaEFxVLVaegM,syncspace
MdYQXpFhP24JZg1T7Ri7AEQxCpiisD4bDCPdqqoSh7n,89sVm3uCLDTEcobyjNNFAjBbrUbAUD6nP4yNGYYc2Evq,
MFSdeMg9Bf7UBmfhP3DfTrYMUCYk4bX8CPmpN876wo9,2BwGQ5rqWDXcZ2fnixaFa3aUUWZFo4AjPGof172wiprX,syncspace
M9zNYQuCNNJFZotq8mV9LS7XaJ9evXdVjhtztso4Dhg,6BmnZ6VG8WX2QXzBasVEXqgXPutzxvwvHpUMg21Cpz5h,syncspace
M4HYYTjBV3J9HXBVCpzMt1gvzVB1ZeEzYDVbMXb76Pz,HLQQovWxjd4XED8vzCUyyz72eaWW7NJd5MdE3iv1L2iL,syncspace
Lmw4R3Gvw32B4N8E4WTvQdJM1MHVxPTZK9EsibbJN3u,FNXmUoYirKfhgeD3s9yBupHdxnMKXtkisNUmD78rSiuq,syncspace
LiHT6j3GCmacP27au4JPQBWMQzohPaP7h183tGfWTtk,D3wLAB63xTZd2t8zQ2aSTHZ7GgJVvRtfRGEX4qWLr75W,
Lf5j1RdsjoyGxKiRHdy1DNDKjPx2tnrZrmEKNNdqLRb,2tTU5Xs2YTK7c5SRqgYRNRvjx5fAuw4hWzPdLRFckKrD,
LW3mJqTkhW8jB3BFCwzNkcG56iH3oYNNEB3SUEZcAh3,FHbVUUSthmyFC1vt87pVcN51GSirxy2NAu2P3cQvUs5E,syncspace
LPjEDhNReh7xdy2r4dLpxLwwwyNc6qZAFQjokTKJC7z,88gNHWScPbq75QunYtRi84YqvKwJZ1cjmqrF7chp8VXo,syncspace
LP79ampaRefxhTCuka2E3B7McbS98tHeMKrJayiTUs2,9qj66zMkDdUBFw4GaAwKBgyyLfYRt1Ax5nmQGjhV7Lya,
LE9roYsPsRLiibWLNmvnUyXEmG4VEpS1bxTqVDNJxWT,7UT4idzifbqQ7WRq1b3x1wbaouC5nWDAyqyqbzVRkGu9,
L8xiLRBgkDEdPaxgU9V98brjeKRTWmGWvTXP3YX14xQ,CB8Pr9uzrrFw8BFnCqworH1wMa8DsmbSKgUNwVWnDGrL,
L8uNekhsTYpoJEXAGSsPWeq2uHrwTzz7wpGDfReonR9,BP7tULuXQE1sbgpG5TX6wd48GN4U6vf6pNfLx3eKRmKL,
L2VEQLLeoUiQEgyfaDdZ3gvyV5nriH9rPRbdyoGsvDc,76eD5WhqRZghsXr4a9Lyko4NQzKazYL2TM47a4qSAYST,
KxKxtrvYFecGdokct6gbs5STrfezq4G9SQZJga3NsuT,88gNHWScPbq75QunYtRi84YqvKwJZ1cjmqrF7chp8VXo,syncspace
Kwa7Gcd6coiacJ4AQ8W9e9HJd9imhqqpCUdWPWkt3ab,C3MBuS14dMgyLw72jWKt3HXV7HGQiJcduVkzDs76A4eC,
KuydeFoQw7mbP9CWHNkEJZaqqhxg93HyL22t48BEfWV,BjvS43TNbMfknwXRePwiL2grDp7YctbFJfHscSa2qrrr,
KmD2hDvGNCn7HpTHPHcpo71SC5NsGyoKmFzQbxCop9j,FY9NAS62iqRVkjSwzbWkSLammaLLa7WMduHkKd7oc6Te,syncspace
Kiwm4eMtoWA5GDYMMKcqxbyjCgAPd7y8DS5SvMWt7o8,Fzx2MEY6fuwjoL1g4Mh5D6dcxp24HEcdZ1QsrVxE5sfs,
Kib7HV1n6wFdEnBJFxBJopmBAmR84NwmhmFXMMxuAxX,4nCYatXt27oqnmFHikLWiQBZN6V7ZAuUbXHGW1PkE8RR,
Ki6XqvnU5eL3zXTQWc9oFSJsrVpfoXNuXdNm8meavZk,2VQA3FT8tWRPgiwVPh2oKm1JTA44ocGspKn8yRZRvXiS,syncspace
Kamz9QgGz4EWYwd4YqBKuNQjQJqTzrrRGnVkoxgFf8k,FRnFVoakjCChVX5DSSfoyKtTqod36uQyB7deXqNB7XYG,
KZ2PHZLkotBVx7gSjPmeMDJQN9NrWvXXHjuinD67FS2,auryHMdwKGnjU4ZBjtacvARm8DcAVgEzYDzzJvVFfE8,
KG1M8PukCWo2CRrfkH1BaJz3zD76yCYRi9SGAj9z2vJ,8VWWhUBkn4DoqdqctW3Xtk3tmeV1JwvRs1u87MsJJAy1,
KFrZpUoW7C8nBmR83W3tAuGx4SN7MgX9vBVPhU9deXD,4U7tf3ChxC8mr3KHWnkV2bE2ogBJK6q8LHLvU1F9BhKa,
K7dCChxxzTBpinEytx2Q7c7EBfWpy5yjEGvoeSr8vsD,9qj66zMkDdUBFw4GaAwKBgyyLfYRt1Ax5nmQGjhV7Lya,
JwgEz9Ub3U9zTCuEKDNckoGNhKoAWeYfWU2rZNk1qLg,aumuHzMdUFiFCvJ7kk1djU4CViSzxJk3FjXTXgvdNZn,
JwT8EafzgAhczNpixA5cpx9wGmMJkRgpzb8SuD7LcSm,3R5yQyhgyCCHSKNcKPZvQYQzsyhywv3bXzg9hTN4g3LC,
Jr1wUXFpVCfdC7ekmAYj4GkRiaxmKRsnLxpMJTVdnMc,Fa8TzVCkeQd7ZMcGNZEvC3kvSKtxMymdv1gCVZoPexuW,
JhbcqfWzfupyMhw7db8L9xWW5ehSs889PZW7GCVjGEZ,Gz8kqBUFFo1diobyfwwaDwhsuAbjCE9iLCvHhVUJ6wVK,
JeBkpconxY9ey5cJYC843eW3h9H1qUjFU5NYFRKQbKJ,7WiZRgTN6ZvbUiSESFuRYEfT2NnHygbJvda11xDyhXPZ,
JWP2hzcZMv833yKFqtHpvBQtsSKTvU2gPfbhzaWv6Pd,5wceam6f3i2PNykKQkomeord2dhxsmyTEaEFxVLVaegM,syncspace
JSyNazsS1SFovDUvhKreUYnT9XYekCbqejh83MCe56r,6QAJZc6DRC2eej2DnMCuwSoZpoJgcXzS9KsLuAKyERYi,syncspace
JR8xjjD861pTw2j3fPPKjj2KfeQ3fbqfCSrg2wnxuCG,8BKUfBNKe7JtNzaAX6cVirKiVmVihV7yDF7tqoY9PW7o,syncspace
JR2m29KswKEikRZVpuEvnhcJzso71B3ZZAAzekFFoiu,JCE2GZJmkBwS8iS5HhCQrC5NqUai9UZoJytMNbTxc8pP,
JM16C3w4bbKFeqNT4M52FbNLEX8RZAjQSvaixgLHg2n,BxMJyY1EsNoWuPgfR3NEDZ8xxhYpn2eSERgWUjxcoztu,syncspace
J9VKv65MZf78YUJvmysC4df3kMGvs8FfLGMXnfdDtPW,3g2TUkrZf86bfGQXcfJ7xMCFSmnssdpeTxe5V7y5GDpb,
J3xVLtVWtRPYMYkVFjF4ia77Yi5DthDigPaE4zQJ32M,EjRNY2FQFAVNJufkxXgkUefgKry8dWt6htGg4Qpau761,
HmMgJ4mtRRkrefMnzyiy7wyUeCm7cYWqCmziCxJKfxg,6sepXzGfFVfZDWV9MZ7LcAZ5YJDL6HuyMrjZa1wcxMUd,syncspace
HjFxuzDvhse8rVCqKeQWo4TK2MhhMLdoWR4raTTuRNS,HTh7iDddknKAD7NZcik9nY8HWnnCq9BiQv9bMbtPcsZx,
HhsZZa2gHu9wgqQwFe2tL62nRY3WoJEHMMRVKyB2Ngr,DnkxUHYP9TTqNkEEjsz35VvZ3FfUg9tLEVicdBjmRMxk,
HfXWh52h6782Z97uwohmJHHsnTX6CtAazhHSyPYALiU,C9ApXw8ZoqzLqj3kJvLUu6zLmQURteRBGMUvuMP8vthb,
HZgnLQYN1tcUzDJJf1ZMrv9UzXAQrEmsX6dRiUehMgo,7DnqWV1732auGkzfKgNxzcEHJfapX2GbwZ1w3aqoAN4z,
HVbx6R9P3pBV1fExXaUtpGdUctsjmKbEXvvHpHtxLcU,9gURiUXwkHGpSP69JHckJC9nYWQd8NtERQunUkxpMm8T,
HU8hLLqAPnTYAivMcUg9M6z2E5fMLf6PRZKQBFuGZ1K,G43e2oSgeTEaxN3vc9iCKUg2AXaNhfs6KtRwoxgZ6qdP,
HRFGAkuR3c1y4xVDWuiT8KGUuwqcgzngJwYeZ4ytGTW,8AdNRKRsCMB5Y74qKuVkiPCoWytkQ4AMzi7jmmJmec6z,
HLiF4VyjjbGgn98Vwpy69aC2f2jE7TsPvw9rSo4oLpz,7L1CkFHENC75Z7ZfZFWwDwaxJKxYdeaJsQ4Kx9NK8L2X,syncspace
HK3t6Zqo6BsZUAAK9DMR5V8we7gFSZoekWa8EMVHWsx,Hq23RE564UaA9WNxMmT9Rtpr8RFUwaYoh6XrGnkMoUAc,syncspace
HFBmLDFCyeiBVoajyYaV82WSUPj2ndLiETgu6d188q6,2tTU5Xs2YTK7c5SRqgYRNRvjx5fAuw4hWzPdLRFckKrD,
HEXHGBisX4UnPfVUeoimFcnDd68weoXxcLpaNMvw65w,V7JTeWRVrU2HGuM3faY1WKDTEPcYvKvRv4AvsEstNak,syncspace
H5tfyrwXBufgXGVSNQvsLoeBvwShdeyd84jCYstkpYB,FVDXCVudHoytTFF5PmyVJaShBqHhvZX5XFSePnVtoyEq,syncspace
H43VfqcJEhtJtbC3xgB4gZXF5TywHaMkqZJ3enunWEm,GBQDZHHC2aHpgg4xvcxCxH6YeWP6dgZfWtGmqJMxgkqm,syncspace
GuRVqQLmSYkPYVqvZfUofJ5HXM4pgtQZd676fE4GaYu,739KpSziaS7naZx1A9CBPyvG5wJKDgnixBCSGBgwte51,
GqGQCZCdv94wdZC1pZNho38EjTH7GeweX1NewbPiQG6,FHbVUUSthmyFC1vt87pVcN51GSirxy2NAu2P3cQvUs5E,syncspace
GZoa9aUyqf5b7qaeoQw6RrXrnk1E2JjUEHqc4h3on1E,5wceam6f3i2PNykKQkomeord2dhxsmyTEaEFxVLVaegM,syncspace
GQjjaeBRKHSpnvBhY1GDbJUdc6sNkWTXbTnuuG9GACm,J4nP7TBWV1H5znPXX8Yx7BkU1cCGiV2gSAfbXqZ1Gn1u,syncspace
GK6ni69mPkPxMvTVNTiJTuSW7Skh46uuQaMJbvtSZW9,DpiC1CEcwDtTiU35WnhDe1NfVB1dG1Zzynwq6r2vyBYL,
GCdQzPPkf2C6jwshrfx8uSXywedXR1D5XZPVSQfD4Eu,3j55KjrSyyegk9r8gGNNr4Np7oQaktPr4wWh7DVu62Po,syncspace
G6bJtGSehmPzuDZPDQXnpg327RysongFp83nckm3nZn,9qj66zMkDdUBFw4GaAwKBgyyLfYRt1Ax5nmQGjhV7Lya,
G1Q3gep32MFGfpmmAYq7B6vvK9Pbwp9hcuzsnZZLfUV,CtyBYvDMWDq6xSr68Bg4TZCSkWwH4QdSZ7duoSkAj6jR,syncspace
FzpScREhudyYn7SnJ6oKY1sPh24imL2gGB7Kzgof9uJ,AbjRSshsj2Ke3tb96nMTfQBf17QiND6AbztU4jFnPJxr,syncspace
Fduuz2Kh9jMR6WsNM7xx2FekqY8nYcC4f5vVQgWeSNi,aumuHzMdUFiFCvJ7kk1djU4CViSzxJk3FjXTXgvdNZn,
Fce134Sb4wkvjhUtpWex3BdHFZnpWAMrEkT6eyDd2ZR,2Hm3dbAYBCSdoYnofVYpLrzETTQt613bpaQ3SxnKxZQc,
FQt7XefKXtD5hcrXq3ifTXQYtYq2gAN7xgT1XpjcnGD,J7SmMCEdXXRW82QDJkdeuuQsd723W3CQub2jKGMJx9pu,
FJGbocLgFBrFf2ZGqv7Tu2kGDLAGuYFg4biAr7RC9xY,CZpen5vzNgqaMtDZpYjWxHjk2UaZetoj6wCnSGmGjKD3,
Ejrfd7HnUhULL5qvV6XJ16exofes2QaJCTgPx65Cfws,6tMR8UKEPPcKDbLx5F1a7poY4JV3vhmKN8p9a4DtC7LJ,
EioVwEUZ5RAtU6Rt7CGoVXSfqvq2KQzdNcZTuZeV1oo,3j55KjrSyyegk9r8gGNNr4Np7oQaktPr4wWh7DVu62Po,syncspace
EfvWpMjNUf7rHzPFQT4XrEXxzZAHQvuzQtwPe5WN3s3,TeA1EhFbdoJPYnEBNL2fKBd27DwJBmYRCCQpvvNhUrM,
Ed8V7KbUnz276pbW7exLpcSzG1VfygVSF2J2y7zy7A9,8eUzZvcjbsbBjTFKbJWXRRDA2jVQcupbEmpmJX5W2Zvp,
EZtnAseyuw5QiGUHjeb8edFFbf8YuzYa7APBHQQ1JPe,5sWsediccJMsGTayzXtKWKkAaYLN17KBa78otHRrFV2x,syncspace
EViFVwRwHMiog1UjqmD6cjnaLkY17TudcF6eY7fztPq,FRnFVoakjCChVX5DSSfoyKtTqod36uQyB7deXqNB7XYG,
EUK9rrjX8ojNwxcTacRrE9E8nwYWSVa5t1LWMxxH7bm,Fa8TzVCkeQd7ZMcGNZEvC3kvSKtxMymdv1gCVZoPexuW,
EQpw1jL7m6vZ4oN8Bh36fMtyedqm2pwuQMTJ57bmHUU,E6MafktJ79ksKBG3uJDReR3pWNq3rLJTPQ3VpVs9UoTU,
EKoa6QmaAehSn7dxknvZWUErERvBoSPRekY6M9WRQfL,BN3JAXkpwoUwBSbusLS3hgomrwqCGq45QCo7wEgE6RC3,syncspace
EDdpZLP7qG1NvBQxuJsg1VjuhFYyfbrcssfnSRvuz5s,3LZhyofB2EhFSXDSuJShxj2Yit45noPdLLfAzbL56rMj,syncspace
Dx3NAVu3PMdGB7SfrU5JTab7ssh749EwJWoJHu7oCbf,3hDhDsJvC4ThuDunUzGuffCS7SbKDvD7KLDM91XqmhEw,syncspace
Dtbz2PhMUxjzK7fLtYdTwyufLNbjev2NC9QXSgzd5cA,GPg1UBnaqBjZS2XiMfEpgWn5YBJmNkVd11HXjYrDmVsr,syncspace
DqpbTNK4wS7GxweXLPsyUY8rHkDMmZAnMf89cLBC4px,GVPXoy7SbTPQ5AVrYQ2TY9GTjzdXrVRcdAQofSMtWZ6t,
Di9JjbFw9Kj5ZUvDvnW7Q9UVbaao78ryb36ezMJHqsA,GZCn9bLvGm9sYV9RLVi8gStnK7Vh9VnCb7G14ahjL6ge,
Dgd81rkpNWLZyLHk3Ccos8L1C4ViiZaqV6SakwftSd5,12dMeeLdhpvjJiaqTEwr5aBGdhUomiW9zZNsKhLakZak,
DcvbTGwbwyTZ59APghkFP9yak9dP1fF3hkG6FnR7CkS,HYfzNhjQpiqg6GF9U7uzhHaBY9rEQicgsH6PqFTVRmfA,
DXF22wyFviY6wQ1mQdVyD1CTNdDjpvHQrRJp3DEtkqe,Ag584egoZpHtyPcw2fBqQ2AYDHyzWiJonyD5Y1Fr6ggr,syncspace
DWWRr2Ttrb4Xbx9d2mT19HoW1YGYu7w2Ji7sJTiwKRf,CiS1udKWfC9tQqMLE2pDCryHMUyoCaL7PNWY3hm5o49x,syncspace
DUxH147bog95vAm81DGsH8LSt5njsPPBphipY7631eS,2VQA3FT8tWRPgiwVPh2oKm1JTA44ocGspKn8yRZRvXiS,syncspace
DQm595YRkw6dTnJDQjj9S5eu2YWNGU2pYFHqSvoicNR,autfyCR5psTc85smVAcGQajFT4TC8xxPPH1wvJu2Grr,
DD9VywVJvkqcyzNzbZeyPhATnGKhwfSgYFMTZCRBmPC,FY2qs9wYtUzARDJnqY1TXuGiFKBqS5b22jG1Aj9Rp6wb,
CzCr57hxov5MYU5L28LzbziAbpLHsx3XQMQS5TNc3rn,Hg2gqbjGgL8NZDmJk6jfqskafuK2pPqccSq5FqamaTX2,syncspace
CxQh4eV3weiEn4L9qSvBZVYi5ZRMrUJ8iY2zpXLztYU,5wceam6f3i2PNykKQkomeord2dhxsmyTEaEFxVLVaegM,syncspace
Ch88vpAk1ULx6ofa8yPAzwPcoue8DSuJUrZSknQuHLF,7TJTC3tgjVBohkNcQQXuHjpQNBFY4XQGV7WQcf7ZADbb,syncspace
Cf7i1fTaNsZ7N2YZzhAcsotayycFLF7vQYepD5UgMJb,J5gD5d4SWAgrVzcubVCDne6En9K668ay2obtVmApenKp,
CbjpDgu7pHNYcTkb5fN1Jsj2GED7FuWKd1Yim6M5uBs,CvnHrVNPZ8P8RbtDBKDPWZ2LbBMfk1vG1dx48whbNuU3,
CbLgDZ8NUz5LPwDmfcQHsWxTjFkiuMheX9k5s4BHrWo,Bc6sGepsMCinqAdbEMHuVPFmxjSswiHZ6ZTPCfjy1NP8,syncspace
Cb5787kRVtYHmdVxQKV5gQMA8hHs26vg93mvmpMVGWv,auryHMdwKGnjU4ZBjtacvARm8DcAVgEzYDzzJvVFfE8,
CRz2SWHpsmqwe7iXZ6AS39hVt4xtnTZ4fxKfwjD93tL,DJrqB3EzuUWxEbi28tnXFKbNpJBPHr9F7a9rig3HosAk,
BVskrKueJ9YrvVVz5gKJSu6KKn7BgpeGAoLaSUjVT35,2WzpJMhiJg8H7ib4eYLD6ibSiqCdjJNYQjkUsgp8FbBt,syncspace
BVoReMgEt2WsfNaMT3zEFTXXdxZPzuyPMcwJ7pGtpKC,EiHRBgNErDb9jmUBq4d9a8s5XWDGMUqKEP3m3n11k8pK,
BVGo1Nc2sdhXhpBjYN3wyfmxUc5zhbJ6yrYaV9FjTFo,A7VRDrUdkz9BZxEdU62JVDHdQHJQSTCNX4ykoxadZ37u,
BENZziDvSWF1G2XPQ5MsqnogGhmT6dVoh414JUYxYaz,GMeKsaRD8K5KHE7FXDboE4nqeuL13TPSxWkfrYLH2qEr,
B1eA4jN7WkxBAJvYSPcYvcAwNbGLJxkE8kAE6GBHFFe,jrsb1B8CkaDoPvEZ3seYnQbY4oG84kzyjkWVXTBKJPG,syncspace
Avkoyn4ve5t2seSLbeMzcxvontUdvrqjsonsBnVxHQP,4U7tf3ChxC8mr3KHWnkV2bE2ogBJK6q8LHLvU1F9BhKa,
Asdo4adp7XWwpmUMeseg4aqZRoyRkYFuEU6D4miPmxf,FPNMQhpGtXRdh4LcMBQs35KZsGpwQYJDRicPgD63gUj,listed:tensor
Ak2esYCyxMyZMQGN6vTAvKKnE53MtHkQuE7xZ4VVXrw,FRnFVoakjCChVX5DSSfoyKtTqod36uQyB7deXqNB7XYG,
AGS4yoEpHi3VmX2xjaM3i1nDFZkGheXaRtTo94FFaQL,8WwwQdMPvr9rXYJ4Ahb5717FLU39vs2JwfzWmqTNMjUJ,syncspace
A5n7mv48xpFLzJU1aEH5dT9MsmUCWrqFZ5NBLmzZr4o,D8iwNWsfRkg6oNy7AyTevRxNPGUKZZ2oixoqLiinSSor,
A4rKmhzWUKUVYsw9dGC9bGfEHELDjWGTjSA45hHZv15,auryHMdwKGnjU4ZBjtacvARm8DcAVgEzYDzzJvVFfE8,
A2hAzhrY3Wt8PNj2byQczC3oMVnkaPjgxhz628h1yc6,AUrox7sHx1L8mxEPrNqkVjHa16CXQ73UbgZtZTNPNLjx,
A2MTS6iv7rFt2YEFeQU3YMxWbdfD53wJLjoorhYdQiH,HxfeAUBSopqkCyNJ8mYxakQNMEfU9tJbmhq1fYkVN5bn,
9up4GjDa7wmf5PRo4g2J1aXrH1kWm5pqcTV8fUadTe1,9qj66zMkDdUBFw4GaAwKBgyyLfYRt1Ax5nmQGjhV7Lya,
9sRKjbHpT2S4mgRMwwCVn4NRoDvd7jergyfTJJfoNEY,3ZE4Z1nQVr4HBQNwwRKtMLZVQ6a1zadqtXmQZSpLb2fS,syncspace
9s38yFJdDKSVuqUvnjdAzk5RpmpF9X8677vmPfTLQeq,PFgSEevgXAm1vvgxPfs1erxuMiZTJkpXKQPLJvLFD18,syncspace
9mjsBb1L9KLHJzJStc3G38Tnwa3ySiX6g6e1EZzwFt7,9oGJwWzoWNUdsLq4SCHC3wMgzJ5vJQHnpqXnRbsLqxhd,syncspace
9hmRr63Kb89KnLtHmY4PGzZtV3K5cwwdX1sPeM63jyH,4eVcByLcXGavuwEBzJuyPGH6mUzrJr4u6kcdhy6ZJEno,
9b9scKsTbSKf88mPnSEsa3fc1bP1ruUCVNKPGxuswX3,FCe1QsCGAa9i5w9SuPabrazVic4VpiQdgZZxo6nyBPqG,
9ZttVyUTT3wxAgXgGk4H1xcWs37imqtxmEJq1nJUKPe,6F3Q2xhVMoQ6RzwjvWzqFc7PWCMNgq3iKzkbqMJjU2VV,
9XtCprLjad98N6bmGwGjHN44toEihnppU4RnH7WsJHY,3xfmPayAefmDToKruJNFrtEZWQwGLEWQSGJ2rBBb1xMV,
9VqPcejYeNN4YpmKxvNNbCtBZpY4wJiYue4UBb2DZbE,EyocHG3vukUg8tjserz7EypSavCZrNWwr2TNT4dNcdS6,
98GWCZqC2uNCDCZhfKEEaujsLs2jeWrza7PHsR9BBVm,2wjZdAbZCENsbu6xvvuWXcNrcEVFsdzyPxY2DX2TneyX,
94rEsmoiEsK2v2oUdcQo4wWCt2jbWjdnPZcjSJZvSYW,4So7zv8M2tihfJQGoCiRGh7yCCw9KLspR98FaKGwvY8u,syncspace
8z7hvWS8CC2Rbhe2UAcb95EwTDuqip5PQPQGwpyz6hv,83aiAHyRgBTKKQf6EKBUn6mwGR72K25qv43jbEdhoB8N,syncspace
8rJSFPh4WcFPNFGD9TGwqMURa9MBAi9eFLHHH6YXrPU,8A2vh4YicVc9TPbzgvZz3hn95t4MkWTn8RshR2i1dsfB,syncspace
8qYafWfog3hgbbDoiFX1qghibeDcfbTJcop1yPrXWfg,HTX9BkwYdwmH3xPVAyaiVC8pVusCp4gDWTqwLwzCM1bx,syncspace
8pX7Dt8jGjfzmy4MWQEmHXoiMAp4j78Tpu7zDEaMgmW,7maUyPUfYNHxJ681SRykYyA1yoAaYdRHChuUVmXiX3Ko,
8aMaqSitA2TfjiWC7GRn2voWf44RgERLyYBjvNTBZRK,5wceam6f3i2PNykKQkomeord2dhxsmyTEaEFxVLVaegM,syncspace
8GLWsj5aRBZuWBNY9RKuRxQad9qV2tjuHFvACsiAqvQ,CtAUZdeEPBDWazeqzAjcFn7S1wXSc5HibAHifiExEhY5,
8F2aVgBBHKaJW87BZBjSaPuNKUsw2TFbR2fjMSpzPGr,9S1birKfRJnijto4dseiN4omQNGV4iWKFfKZdH3FZDjt,
89HXZUMPnoezyH4Qfbhvv5h1UYzuH2uTm8DTFCVv2JT,6UCghWdK9DSVcTPWRzcCoXwDnjjWwPmLrJrRXLLMvey9,
884UBLw9K4fDBFSKJDWCCE1afEUte7ePEBwqA42AKGU,3wcuLnxQcrVUta1M1raxcD1jptwRwGxXAPBSZhdPnUSF,
7x6bMuUczTSYznZ85n6WMAVu6fYeQ6xYLfp7gHqV92X,HjsdGtcY2bhQ6ACAuJsPGGEk1AsHB9XKckpTSbQ1bwTV,
7t64L5CHVCiWqzGyQu7tqUj1V2AqkSbceB6hGsAcfkE,2Hm3dbAYBCSdoYnofVYpLrzETTQt613bpaQ3SxnKxZQc,
7qHziEiFu4Gsh5g89uygazLGkNdqRq7CEfoeiHhmzdK,aumuHzMdUFiFCvJ7kk1djU4CViSzxJk3FjXTXgvdNZn,
7mYw5pW4GYoLKiduUYYtTLhri5dnbC2xmwEZj2YcN77,CqA42zXaf5zXk7EW7jtCLfL2uH1efuB9GtTfjfJ2hzoq,
7Yb2jBPcD3zji459rd5mGtRd5otPW4UwT8PjsEK1MgJ,CB8Pr9uzrrFw8BFnCqworH1wMa8DsmbSKgUNwVWnDGrL,
7TaPLAnc1ZpMfGgqrCRMfHazYjsocqjsth8iKNXJNAm,auryHMdwKGnjU4ZBjtacvARm8DcAVgEzYDzzJvVFfE8,
7PQi6cgMHXdHs8Rjxu6YudFaeAP1Jf1Tb7ZEa4ZeBv1,J5gD5d4SWAgrVzcubVCDne6En9K668ay2obtVmApenKp,
7CWXBb4h6mnzxwyhUKvSi8cSUDvHRJCwJLPVj6u5t1o,G3hoRnAvXuAxqgRWeCqTEHufinZKMgPycYx6mhgTVMqM,syncspace
7Bp6sN6jTBvT16aFHZ4pzTr3hvVVCc46hrYwXsVgJA4,6jW5RDxCtScHRAk9749NXaF2WEkKv5KpytRoAqCWCNad,syncspace
6zjyK7jUJe5nuABKUr3wHjdo3n7BEr3RkoaShh5Jeyj,G7UfBYHd1ZoLuZuH6q3zvemujCSeYt7eSwD2u69hdAiN,
6ohfiD6DdwE2e2Hp8fexFNCaH7VGY8tzdAmG6E3haCh,HhCYB4ah7GcBxc7XS5BUQ6U3Fss2njRt3JY9ZXze6FKc,
6mSGtyPxwWv9Ua3qm8rLAY7XvTDRygomFSnbDw1SfVT,88gNHWScPbq75QunYtRi84YqvKwJZ1cjmqrF7chp8VXo,syncspace
6bxYYuZuhNozaibBPg4LcT3gqzkaVDiLrVQE5P5yZPY,9WRMYRgQDX9SLqoR1fCjxb2V82ygvDd2VwHY1Mq8tdp6,
6b283ck8T7MT28hkvLpAVbozKW47SGg1Jy8qVhrVoN8,88gNHWScPbq75QunYtRi84YqvKwJZ1cjmqrF7chp8VXo,syncspace
6aibXTMfeYtGoeNHDymArPqgu1UNSTUKMA4Bz1iZVAt,Gi4txvDxingESDeMfB29QxLM4ZGCVhDQGT7PAwqpRQe2,syncspace
6XMrFwnzMu8evrR6SgQbmxSnWKnP1ASMRv6qdWGVgZ7,auryHMdwKGnjU4ZBjtacvARm8DcAVgEzYDzzJvVFfE8,
6QzAoofk7QTAE1epSa7RJpaounV2SoGAkCbHyBBzvF6,6ZV8Z9J4LC6uU4K6RqSBij9uF35vfdWwzJoH8AdDQX2J,syncspace
6KJ1VGp3tHsk7wg7Q8LMvg5XFnSm3Dpk9YTE7pkTnEM,J1nEjunTT4NbyvWeurejmjRF1MBuL4RndJzHHzvGPkC5,
6D5VZk6Xv2zAt9Gqx3UebYDXCyP8qXtwnYALFBMVzNa,pkjQq3kUPhQXJozAiUCGr8MtUxMx1LDEdSQ5nJJs2ME,
6AM6SnUaKYqK32PxG9KugzN6MdP8BjnmW7KVVqnrTku,88gNHWScPbq75QunYtRi84YqvKwJZ1cjmqrF7chp8VXo,syncspace
5qGpwxXrrnXBynjqCCzZsWBJsVobuBqhT6VrMEoN6DJ,3ZFV9o61Jqy7mnSMVmyBKn7LQMfoKffxWLPrmakwbdtZ,
5pFzSf71q3hWbmfEpJrvccgcttZZdg9cbkCPPbJUTMc,AUrox7sHx1L8mxEPrNqkVjHa16CXQ73UbgZtZTNPNLjx,
5QJbUYSfxvLP3Ly6LswDLP6k5NQZLunkXY2srinqXUt,5AysHo5vYHYcqNaJ4zrKKf7aRFfWXCCtQ9gdPLfpudfA,
5JPHsuUPKC7a2F7RJNuM6kzHLjqErSersvv86z1DFwm,Fa8TzVCkeQd7ZMcGNZEvC3kvSKtxMymdv1gCVZoPexuW,
5De9NseiRHhsHmmYvQ7NtgvpLitwFSXi1u3pidxmdv7,9TGu2DP56SWhaeTuNHNPgtKW2tynAipADp6er9q57jAi,syncspace
5D2qf39QBZN8EFS84yRUhw7xAD6qiumvroLph2dHEMp,Ba8FKZK7TZgnXY929Wg5fdyjhNQXJmCHyi92xLubkzeC,
5A6vQjeUn6u5Dm2rsSWf41199JJzfBrKtycUPBx7V4J,auryHMdwKGnjU4ZBjtacvARm8DcAVgEzYDzzJvVFfE8,
54dPPeRDspa2cgZd4fN9K72NTKC5QNfuu9cebqwHJe9,HTX9BkwYdwmH3xPVAyaiVC8pVusCp4gDWTqwLwzCM1bx,syncspace
4zsLUaYYM2VaoKwSey9kbqVeinK4KaB49XaCnMF4TNx,BZ5fjb7xYenfwc12pVJV7A6aiot5SssKUHnxfx8SuBZa,
4yughCNbzad5snyBEs5MzpcQiujN2t4ErZX9DFwpYjv,4Yh5Ud7vYD8ugVxCK7A7625PXbL2UvVVHkzgsPMexL5D,
4ugEcPkBjd6W4Hxt8sXLJsW4C88LEep7gkvumWq5xXV,6ZV8Z9J4LC6uU4K6RqSBij9uF35vfdWwzJoH8AdDQX2J,syncspace
14smyFg67Q1jmvEZ2yEbcxB3tHh42n2p9uR1xL8E6ndq,C7cNHfEb8W9sTTPHVNMtzF1y2i4558AWYcNkBpvhp8py,
14mazFqmbTbscSZ7cLB63Gqh5sbz3WTDiiTpXa25b76L,auryHMdwKGnjU4ZBjtacvARm8DcAVgEzYDzzJvVFfE8,
14bSFzj45QTSJpSUvAxbv4K8Z9cN5ebfz6cMVVWwAtcN,FLKMwtAACZgNwoSy9asWHkkvyNdtXQs4ZKdUzJAbzm4g,syncspace
14TnAecVfimV5AmDyZti3ZYGzPpTcn4FHgvRJGtU86xp,E4V3rmCr38tmEgS7akwsHSUarGAMe55Gd7EUqUYVUqJz,
14QyxSfDWXsVhTa8Kcv7vZZzt5nDB2f3QtjWE1iANPTm,DPd73Qx71TT14VmYjtHteDKvoY61x1Ysa7CLccvkRfvV,
14CbsTbaYRB7Ppscw42RxjFmVxRNjzzZ2hqQk2t19i4V,25TqXN4ToREvj3CVYJcTP1MWbbi9Dd7uUeQ7uTW7pmnU,syncspace
14BH6KsogTDG1tgJV7k6Lvg5WY2LbCMqvgYCyZ39FXEr,Fzx2MEY6fuwjoL1g4Mh5D6dcxp24HEcdZ1QsrVxE5sfs,
14AFkPmFbjduiaUEruwSDpCtACc491hbWcbSQVPknxnJ,83aiAHyRgBTKKQf6EKBUn6mwGR72K25qv43jbEdhoB8N,syncspace
1435AAntDsjCVkeHzMv5d7vJ7hRLfgorJps2nsdoiugn,6sati1jAkvwa2L76oektm1QRtPYycrgzaffy1jJw3V4n,
13wop6XfbpF1dBJ32DMMr5CcJAR54LudZGjvWLfo4YQU,CHPLks1fR1egupWv6BPZTC2Mokr7n2Jt4AyEKd4wvkqL,
13vfvZprMM3TKBiCbDo8vRVVLuZZsnQUR9HnhF8YZevM,Fzx2MEY6fuwjoL1g4Mh5D6dcxp24HEcdZ1QsrVxE5sfs,
13p5vEKQxMgiEjPgeS13RYHJQu4tPGTzR8F38ifTAvMj,Fa8TzVCkeQd7ZMcGNZEvC3kvSKtxMymdv1gCVZoPexuW,
13oApnn94qXbUzhMipNBWmsQUx2Jdb9Gs2CVrKKzZTj1,EQp6Qks5AqdnAyDsbdQaymTwDDcC8qNEfKoS1F9ao55k,
13TcKcTjPh5yXmmkeQ67mQs1M2QEVSxFKpwM5zfR4ro6,88gNHWScPbq75QunYtRi84YqvKwJZ1cjmqrF7chp8VXo,syncspace
13KoLMzoHpboG27GUwdDGy9t35Tk5CZZgAtCEFoqCXNi,94CsCmPP55Uo6875tEwApx8E1nZUg6dyRihrRPMQD1iM,
13AgZMGX6WGd7mnvKksYNwWGfacoreZ59R88KTqBGxb4,Eac3cPDjGV5aVryeJvmf5nUo6SB4rjA9tqvmJqpGLmAf,
136NEHaC4xNNXCQ6wf2BiTEx9ZCGw9z426fap9hD5Ay9,3fqxQLh2LsiSoG4XAkN3snYkFzUuSxKbVhk8qEHvcZDE,
12v1DZjsKqeek1DGcGJFSdJKhYYBPL9LzuoYZe2h2wQA,AEaMxfnmSPNGCfvG26r7gbKiPVcBWdqoVth2AuYyLbry,syncspace
12qsjStrK7d2u4GC4fXYxk2jU9VubsfmJ25uUtUvBxJZ,8M2cKx7ZxpWUh9gVHonxESLHpj6W9hiXUyrMFpNBGgKh,syncspace
12mh6tGSnzTV2isDoB16FMLRMpwt938hZvxYpWMYKPRb,DZhVxDhoQ8cXLQm2GRAKTpLFNPvLY6DBUb22q8fkFwwL,
12jratqV1wsECTuhAGFHGxVGn1aaKes1E1UhV4NZMbGM,auryHMdwKGnjU4ZBjtacvARm8DcAVgEzYDzzJvVFfE8,
12ixmkWrY8QiAq4ZL9Np4SgVUoLRXTsENJHjsUbdhppm,FRcfhfbffT6qyHwQRWAJAK2PoiEQS9AEgURtXrbYexUB,
12Um9tKNafnVaYR9QHr3FGUyLzbt95eGVCqaFgd8B4xf,D8iwNWsfRkg6oNy7AyTevRxNPGUKZZ2oixoqLiinSSor,
121v4xRkxAac92r8braUuakyg4yWWUNrqCsPEgS8zD1q,5k15YfLg5TmTeVUAuxpQgK4r3Dzuu9ce6RwmKUdtDXYH,syncspace
1wntw7NEVbN1Pcu95RicCC8giFzSzuAQFsKR1mR8xpJ,3ijwbSGhaDDU5jusKYU8dbm7GW8Y8SjQ43xjxrPGgY6H,syncspace
1dsoZkv6N7d8oDRpGYfps4p4NmA5M7TcpGbnHBx2HjX,5wceam6f3i2PNykKQkomeord2dhxsmyTEaEFxVLVaegM,syncspace
1XAQDFVPWCUKpRKRyyvoQSPce2RZ1Y2Vbba3MKMpDx5,4CoPKtwg5zdhZA7tMLbFtzR6Auo3nSzf3P3gRJSiNnWy,
1WTeZMNnFdSwyfTyeL2Twz9c6qAQPiE5PwVh9iVTZKY,G43e2oSgeTEaxN3vc9iCKUg2AXaNhfs6KtRwoxgZ6qdP,
1Q97hhu6gSkvTJMzPApFn5yS4V1BB3YKnnprWV4oS8r,56SHFkDGHLJ8SZaT49FXkuecpZPkfPHRqkRdanxEf8R5,
1H51iyU7WWofkJEpXq33SU88QRJLPBRKVSaxx3c7EYW,6CEJhr1Z5GWxLsk5GermUfPc1511EH1S4WJAaazN2xWm,
1EhA4DsXfLD2jrhRjXvBuZqa8J4UZLQ8oM2SZj8BADm,i1bq7CVWTePL73CwYCL3AV6a1C6n5fg9Dqjp6SgTJJP,syncspace
1CoCdDeLyZri9634NNUMHDSUupivUA32SsFCArDWujJ,3doLabRydqompJA92udM7RuZbnLsfcFzqtpHRSDbDhQu,
1BZTvwk8kCZ8FMVVVQqnd6uWUjFCzdWgEUpmSomeTqK,2Ga6hzy12f7oFvS1zSYvUmvA5fLWiNP9ep5q4NdruTci,syncspace
1AfpxKPnNsLTsCtmqgaMvuxMD9y5yXjuREJPRKaKJQx,BZ5fjb7xYenfwc12pVJV7A6aiot5SssKUHnxfx8SuBZa,
16JMrvKwSAKa6oKwLdG8JL3DG2ng5puJvwKRZAXDc8y,6ZV8Z9J4LC6uU4K6RqSBij9uF35vfdWwzJoH8AdDQX2J,syncspace
14kkPTrRKSdbiYXxZConRhkgJhmfCznjz5xakJSTzW9,4iyU24kU8rxnZFggE8tLrEzBJmioCs2sj6nUBuD5F1nZ,
